{"fmd":[{"user":{"uid":1270,"userid":779,"name":"ANTICHEESEBOY","avatar":"https://cdn.discordapp.com/avatars/788835562660036619/9e77413648d54188e7bcdc62d7461a7a.png"},"point":8090},{"user":{"uid":1271,"userid":780,"name":"brazvo (Bruno)","avatar":"https://cdn.discordapp.com/avatars/823826275964682251/c28159cbabe58874bd1244a97d68d24b.png"},"point":3805},{"user":{"uid":1378,"userid":843,"name":"dandelion","avatar":"https://cdn.discordapp.com/avatars/924070723952209941/6d40e5aa69459181ef2bc03107156cc0.png"},"point":3639},{"user":{"uid":1097,"userid":670,"name":"Ramin Tanuwong [TH]","avatar":"https://static.truckersmp.com/avatarsN/3757199.1645214262.jpg"},"point":2735},{"user":{"uid":1061,"userid":656,"name":"Thy Night Owl","avatar":"https://cdn.discordapp.com/avatars/678366200312496154/7e3c44efb2393e0a9a4b593cb42f936d.png"},"point":2669},{"user":{"uid":1382,"userid":847,"name":"Aeroplane","avatar":"https://cdn.discordapp.com/avatars/919580354736705617/cd8c60e397730ab82e685faaf72d3c77.png"},"point":2668},{"user":{"uid":1386,"userid":850,"name":"Stringsly","avatar":"https://cdn.discordapp.com/avatars/524701453533708300/a_65c66e1b375c3a059df4d4d834ecddf1.gif"},"point":2629},{"user":{"uid":1399,"userid":860,"name":"TEA_K1NG","avatar":"https://cdn.discordapp.com/avatars/945052168287826030/94eed3b4af44fdf462ad35f0974091cf.png"},"point":2485},{"user":{"uid":1160,"userid":699,"name":"jodycc","avatar":"https://cdn.discordapp.com/avatars/623249122761375760/adc25e15fe96d56656319e2a159d9458.png"},"point":2450},{"user":{"uid":717,"userid":477,"name":"CrazyRussianCommrade","avatar":"https://static.truckersmp.com/avatarsN/defaultavatar.png"},"point":2186},{"user":{"uid":981,"userid":610,"name":"cleanwein44","avatar":"https://cdn.discordapp.com/avatars/372675857829068812/ab4326b52b09e80870f9f92688ee6487.png"},"point":1945},{"user":{"uid":682,"userid":456,"name":"stewyplayz","avatar":"https://cdn.discordapp.com/avatars/925392010599366696/016e129569a09f1a57eeab9db756539e.png"},"point":1897},{"user":{"uid":863,"userid":854,"name":"jelledude","avatar":"https://cdn.discordapp.com/avatars/503143884080021514/5647b53045a177f1d215d6dbcf415d10.png"},"point":1836},{"user":{"uid":29,"userid":79,"name":"Andrew B.","avatar":"https://cdn.discordapp.com/avatars/224307743073239040/820d5fa00cb1d416d2b00ca8c296d7bf.png"},"point":1771},{"user":{"uid":619,"userid":418,"name":"NumberHunter91","avatar":"https://cdn.discordapp.com/avatars/276407067223392256/c656134c8d2a712de1b2dbaf3856e995.png"},"point":1676},{"user":{"uid":1398,"userid":862,"name":"2222Y","avatar":"https://cdn.discordapp.com/avatars/702624334036074646/1b14cc6963653ea32a778ea6e4f23a4d.png"},"point":1613},{"user":{"uid":1300,"userid":797,"name":"Lucas","avatar":"https://cdn.discordapp.com/avatars/394462499342254091/1dcd14961b9d6bd7028b0ffafbfff29c.png"},"point":1566},{"user":{"uid":1325,"userid":816,"name":"Kian UK","avatar":"https://avatars.steamstatic.com/fef49e7fa7e1997310d705b2a6158ff8dc1cdfeb_full.jpg"},"point":1352},{"user":{"uid":1162,"userid":701,"name":"Will.","avatar":"https://cdn.discordapp.com/avatars/852685146884276264/a_c08a8ed6fb8a342066d346408c933751.gif"},"point":1077},{"user":{"uid":1348,"userid":827,"name":"Eco_Aviation","avatar":"https://cdn.discordapp.com/avatars/647421178301906964/012c4e813d633fdf72604cbea907e083.png"},"point":1031},{"user":{"uid":1316,"userid":807,"name":"Gota","avatar":"https://cdn.discordapp.com/avatars/167291299693723648/beb31f691ab4478e3268181a76f3a451.png"},"point":1018},{"user":{"uid":1253,"userid":769,"name":"Sunny","avatar":"https://cdn.discordapp.com/avatars/335148756653572098/00a5292662c6be574ce781717de8bfeb.png"},"point":949},{"user":{"uid":759,"userid":501,"name":"TheSkiller","avatar":"https://cdn.discordapp.com/avatars/665158641355325450/da6b6d4e62038b3f92dd42b7b34f7ec9.png"},"point":910},{"user":{"uid":104,"userid":853,"name":"Jeffy","avatar":"https://cdn.discordapp.com/avatars/1041473902293028864/fb7242df4b5ac08f2c78f06d721dbcae.png"},"point":863},{"user":{"uid":155,"userid":305,"name":"HighNinja52117","avatar":""},"point":776},{"user":{"uid":716,"userid":476,"name":"mwe2187","avatar":"https://cdn.discordapp.com/avatars/628250855899922448/93721c72d6dba299ffc43f2a9a13483b.png"},"point":760},{"user":{"uid":752,"userid":498,"name":"Zimmer25","avatar":"https://cdn.discordapp.com/avatars/712402480704782387/cdfd75e0a77634b8bda86cd1c851ac8b.png"},"point":721},{"user":{"uid":1244,"userid":767,"name":"Corvus #CHILLING #1 😊","avatar":"https://cdn.discordapp.com/avatars/1170949991548858411/a_f80111b5f83d3a0d16f815733a750e22.gif"},"point":696},{"user":{"uid":1105,"userid":675,"name":"Jack3D60","avatar":"https://cdn.discordapp.com/avatars/805496381754048572/bcf10ae824b274e1c532971dcb857977.png"},"point":605},{"user":{"uid":813,"userid":704,"name":"vJust_Josh","avatar":"https://cdn.discordapp.com/avatars/922265598837276732/8550d243f88aac839192a1be56335b93.png"},"point":514},{"user":{"uid":1171,"userid":706,"name":"Lofi","avatar":"https://cdn.discordapp.com/avatars/801871805694345227/3aeeea83561c1d40e73eddc7f79dd3b5.png"},"point":512},{"user":{"uid":858,"userid":547,"name":"scotty","avatar":"https://cdn.discordapp.com/avatars/857726076495331329/985c6b1bd38c5f93bc7b16f515502202.png"},"point":505},{"user":{"uid":1305,"userid":799,"name":"MinoRoss","avatar":"https://cdn.discordapp.com/avatars/707509306517487626/a86ee83a9e2c9f70a98714ae355e0ccc.png"},"point":405},{"user":{"uid":1266,"userid":775,"name":"Khan_X1","avatar":"https://static.truckersmp.com/avatarsN/5358897.1705606399.png"},"point":388},{"user":{"uid":1342,"userid":828,"name":"Daniel","avatar":"https://cdn.discordapp.com/avatars/541172246207791114/01e982def485c77665c5c254ab57ff73.png"},"point":359},{"user":{"uid":1408,"userid":865,"name":"R4","avatar":"https://cdn.discordapp.com/avatars/229936554896916481/bc055d1db5245677b5e67e2a0f3df2af.png"},"point":332},{"user":{"uid":1381,"userid":846,"name":"Cav.D","avatar":"https://cdn.discordapp.com/avatars/513622217083322371/55c850f612137f10d1f4a7800b567371.png"},"point":266},{"user":{"uid":1391,"userid":855,"name":"Den_Bruce_","avatar":"https://cdn.discordapp.com/avatars/760190579010830337/6ab1f6c6baee22e03ce68c6ca83f8c91.png"},"point":248},{"user":{"uid":980,"userid":609,"name":"DdoubleE","avatar":"https://cdn.discordapp.com/avatars/673140683619434496/acc8a409fb2fd279d3ff02d25a29abd7.png"},"point":217},{"user":{"uid":494,"userid":361,"name":"Alpha","avatar":"https://cdn.discordapp.com/avatars/1063397515149455423/371d081952e74ccdc6f23925074dd094.png"},"point":136},{"user":{"uid":1130,"userid":687,"name":"Ops Icy","avatar":"https://cdn.discordapp.com/avatars/530551773178626058/e5a0ac12d48b905869a6afda795b17f3.png"},"point":98},{"user":{"uid":1191,"userid":722,"name":"Tedo ☢","avatar":"https://cdn.discordapp.com/avatars/736941608167276555/845c97e52edbb176f8380c20c0b347ae.png"},"point":2},{"user":{"uid":6,"userid":11,"name":"Jack","avatar":"https://cdn.discordapp.com/avatars/755814132338524212/1533efb901ddc3b4d219c50b333430d4.png"},"point":0},{"user":{"uid":1147,"userid":695,"name":"Kirito21","avatar":"https://cdn.discordapp.com/avatars/925803382680215572/f01e1941088675bf780245f15eb81bc4.png"},"point":0}],"fma":[{"user":{"uid":1271,"userid":780,"name":"brazvo (Bruno)","avatar":"https://cdn.discordapp.com/avatars/823826275964682251/c28159cbabe58874bd1244a97d68d24b.png"},"point":39076},{"user":{"uid":1097,"userid":670,"name":"Ramin Tanuwong [TH]","avatar":"https://static.truckersmp.com/avatarsN/3757199.1645214262.jpg"},"point":37249},{"user":{"uid":1382,"userid":847,"name":"Aeroplane","avatar":"https://cdn.discordapp.com/avatars/919580354736705617/cd8c60e397730ab82e685faaf72d3c77.png"},"point":36235},{"user":{"uid":863,"userid":854,"name":"jelledude","avatar":"https://cdn.discordapp.com/avatars/503143884080021514/5647b53045a177f1d215d6dbcf415d10.png"},"point":34265},{"user":{"uid":1061,"userid":656,"name":"Thy Night Owl","avatar":"https://cdn.discordapp.com/avatars/678366200312496154/7e3c44efb2393e0a9a4b593cb42f936d.png"},"point":33030},{"user":{"uid":619,"userid":418,"name":"NumberHunter91","avatar":"https://cdn.discordapp.com/avatars/276407067223392256/c656134c8d2a712de1b2dbaf3856e995.png"},"point":32577},{"user":{"uid":1253,"userid":769,"name":"Sunny","avatar":"https://cdn.discordapp.com/avatars/335148756653572098/00a5292662c6be574ce781717de8bfeb.png"},"point":31937},{"user":{"uid":1105,"userid":675,"name":"Jack3D60","avatar":"https://cdn.discordapp.com/avatars/805496381754048572/bcf10ae824b274e1c532971dcb857977.png"},"point":31732},{"user":{"uid":1316,"userid":807,"name":"Gota","avatar":"https://cdn.discordapp.com/avatars/167291299693723648/beb31f691ab4478e3268181a76f3a451.png"},"point":31727},{"user":{"uid":1325,"userid":816,"name":"Kian UK","avatar":"https://avatars.steamstatic.com/fef49e7fa7e1997310d705b2a6158ff8dc1cdfeb_full.jpg"},"point":31385},{"user":{"uid":1348,"userid":827,"name":"Eco_Aviation","avatar":"https://cdn.discordapp.com/avatars/647421178301906964/012c4e813d633fdf72604cbea907e083.png"},"point":31067},{"user":{"uid":87,"userid":203,"name":"pvfcmatt1","avatar":"https://cdn.discordapp.com/avatars/668822602806198278/eb4c4684efc13d2a58ddeae555edc5a7.png"},"point":30569},{"user":{"uid":6,"userid":11,"name":"Jack","avatar":"https://cdn.discordapp.com/avatars/755814132338524212/1533efb901ddc3b4d219c50b333430d4.png"},"point":30000},{"user":{"uid":119,"userid":258,"name":"LordLegend","avatar":"https://cdn.discordapp.com/avatars/507573290995417108/294e2517c647c3c8703945fbc200afcd.png"},"point":30000},{"user":{"uid":1401,"userid":863,"name":"Chris","avatar":"https://cdn.discordapp.com/avatars/415560774283427860/4f7b8d964bad29469a9d70cddb9cfadc.png"},"point":30000},{"user":{"uid":1270,"userid":779,"name":"ANTICHEESEBOY","avatar":"https://cdn.discordapp.com/avatars/788835562660036619/9e77413648d54188e7bcdc62d7461a7a.png"},"point":8561},{"user":{"uid":1378,"userid":843,"name":"dandelion","avatar":"https://cdn.discordapp.com/avatars/924070723952209941/6d40e5aa69459181ef2bc03107156cc0.png"},"point":5412},{"user":{"uid":1399,"userid":860,"name":"TEA_K1NG","avatar":"https://cdn.discordapp.com/avatars/945052168287826030/94eed3b4af44fdf462ad35f0974091cf.png"},"point":3754},{"user":{"uid":1386,"userid":850,"name":"Stringsly","avatar":"https://cdn.discordapp.com/avatars/524701453533708300/a_65c66e1b375c3a059df4d4d834ecddf1.gif"},"point":3398},{"user":{"uid":1160,"userid":699,"name":"jodycc","avatar":"https://cdn.discordapp.com/avatars/623249122761375760/adc25e15fe96d56656319e2a159d9458.png"},"point":2725},{"user":{"uid":717,"userid":477,"name":"CrazyRussianCommrade","avatar":"https://static.truckersmp.com/avatarsN/defaultavatar.png"},"point":2350},{"user":{"uid":924,"userid":576,"name":"🌈Hearty_Laces🌈They/Them","avatar":"https://cdn.discordapp.com/avatars/461978281906929675/9128b3d5991d797b2e4060e71c4c5f41.png"},"point":2030},{"user":{"uid":682,"userid":456,"name":"stewyplayz","avatar":"https://cdn.discordapp.com/avatars/925392010599366696/016e129569a09f1a57eeab9db756539e.png"},"point":2002},{"user":{"uid":981,"userid":610,"name":"cleanwein44","avatar":"https://cdn.discordapp.com/avatars/372675857829068812/ab4326b52b09e80870f9f92688ee6487.png"},"point":1976},{"user":{"uid":29,"userid":79,"name":"Andrew B.","avatar":"https://cdn.discordapp.com/avatars/224307743073239040/820d5fa00cb1d416d2b00ca8c296d7bf.png"},"point":1957},{"user":{"uid":1398,"userid":862,"name":"2222Y","avatar":"https://cdn.discordapp.com/avatars/702624334036074646/1b14cc6963653ea32a778ea6e4f23a4d.png"},"point":1702},{"user":{"uid":1300,"userid":797,"name":"Lucas","avatar":"https://cdn.discordapp.com/avatars/394462499342254091/1dcd14961b9d6bd7028b0ffafbfff29c.png"},"point":1628},{"user":{"uid":858,"userid":547,"name":"scotty","avatar":"https://cdn.discordapp.com/avatars/857726076495331329/985c6b1bd38c5f93bc7b16f515502202.png"},"point":1505},{"user":{"uid":1162,"userid":701,"name":"Will.","avatar":"https://cdn.discordapp.com/avatars/852685146884276264/a_c08a8ed6fb8a342066d346408c933751.gif"},"point":1195},{"user":{"uid":1391,"userid":855,"name":"Den_Bruce_","avatar":"https://cdn.discordapp.com/avatars/760190579010830337/6ab1f6c6baee22e03ce68c6ca83f8c91.png"},"point":1076},{"user":{"uid":759,"userid":501,"name":"TheSkiller","avatar":"https://cdn.discordapp.com/avatars/665158641355325450/da6b6d4e62038b3f92dd42b7b34f7ec9.png"},"point":987},{"user":{"uid":1305,"userid":799,"name":"MinoRoss","avatar":"https://cdn.discordapp.com/avatars/707509306517487626/a86ee83a9e2c9f70a98714ae355e0ccc.png"},"point":905},{"user":{"uid":104,"userid":853,"name":"Jeffy","avatar":"https://cdn.discordapp.com/avatars/1041473902293028864/fb7242df4b5ac08f2c78f06d721dbcae.png"},"point":893},{"user":{"uid":716,"userid":476,"name":"mwe2187","avatar":"https://cdn.discordapp.com/avatars/628250855899922448/93721c72d6dba299ffc43f2a9a13483b.png"},"point":802},{"user":{"uid":155,"userid":305,"name":"HighNinja52117","avatar":""},"point":776},{"user":{"uid":752,"userid":498,"name":"Zimmer25","avatar":"https://cdn.discordapp.com/avatars/712402480704782387/cdfd75e0a77634b8bda86cd1c851ac8b.png"},"point":721},{"user":{"uid":1244,"userid":767,"name":"Corvus #CHILLING #1 😊","avatar":"https://cdn.discordapp.com/avatars/1170949991548858411/a_f80111b5f83d3a0d16f815733a750e22.gif"},"point":696},{"user":{"uid":1171,"userid":706,"name":"Lofi","avatar":"https://cdn.discordapp.com/avatars/801871805694345227/3aeeea83561c1d40e73eddc7f79dd3b5.png"},"point":535},{"user":{"uid":813,"userid":704,"name":"vJust_Josh","avatar":"https://cdn.discordapp.com/avatars/922265598837276732/8550d243f88aac839192a1be56335b93.png"},"point":532},{"user":{"uid":1266,"userid":775,"name":"Khan_X1","avatar":"https://static.truckersmp.com/avatarsN/5358897.1705606399.png"},"point":388},{"user":{"uid":1342,"userid":828,"name":"Daniel","avatar":"https://cdn.discordapp.com/avatars/541172246207791114/01e982def485c77665c5c254ab57ff73.png"},"point":359},{"user":{"uid":1408,"userid":865,"name":"R4","avatar":"https://cdn.discordapp.com/avatars/229936554896916481/bc055d1db5245677b5e67e2a0f3df2af.png"},"point":332},{"user":{"uid":1381,"userid":846,"name":"Cav.D","avatar":"https://cdn.discordapp.com/avatars/513622217083322371/55c850f612137f10d1f4a7800b567371.png"},"point":266},{"user":{"uid":3,"userid":2,"name":"[Lurking] Hive 🤡","avatar":"https://cdn.discordapp.com/avatars/710535657650651157/79e041f024cba14b0636a6dcdeb59600.png"},"point":250},{"user":{"uid":870,"userid":553,"name":"evilzocken","avatar":"https://cdn.discordapp.com/avatars/665665436678881280/bbf25d8e76ff45868d6e0a2e9b4f189b.png"},"point":226},{"user":{"uid":980,"userid":609,"name":"DdoubleE","avatar":"https://cdn.discordapp.com/avatars/673140683619434496/acc8a409fb2fd279d3ff02d25a29abd7.png"},"point":217},{"user":{"uid":494,"userid":361,"name":"Alpha","avatar":"https://cdn.discordapp.com/avatars/1063397515149455423/371d081952e74ccdc6f23925074dd094.png"},"point":136},{"user":{"uid":1130,"userid":687,"name":"Ops Icy","avatar":"https://cdn.discordapp.com/avatars/530551773178626058/e5a0ac12d48b905869a6afda795b17f3.png"},"point":98},{"user":{"uid":1191,"userid":722,"name":"Tedo ☢","avatar":"https://cdn.discordapp.com/avatars/736941608167276555/845c97e52edbb176f8380c20c0b347ae.png"},"point":2},{"user":{"uid":1147,"userid":695,"name":"Kirito21","avatar":"https://cdn.discordapp.com/avatars/925803382680215572/f01e1941088675bf780245f15eb81bc4.png"},"point":0}]}