{"fmd":[{"user":{"uid":3,"userid":3,"name":"benny","avatar":"https://avatars.steamstatic.com/5af091236431c90dfbf6bf6f49d753c372cbebf1_full.jpg"},"point":16739},{"user":{"uid":1,"userid":1,"name":"condor1409","avatar":"https://cdn.discordapp.com/avatars/154934938347634689/881ca89acb4eb64ceabf02a5e11e6f2d.png"},"point":4}],"fma":[{"user":{"uid":3,"userid":3,"name":"benny","avatar":"https://avatars.steamstatic.com/5af091236431c90dfbf6bf6f49d753c372cbebf1_full.jpg"},"point":17731},{"user":{"uid":1,"userid":1,"name":"condor1409","avatar":"https://cdn.discordapp.com/avatars/154934938347634689/881ca89acb4eb64ceabf02a5e11e6f2d.png"},"point":4}]}