{"fmd":[{"user":{"uid":337,"userid":208,"name":"Dr. Stevo","avatar":"https://cdn.discordapp.com/avatars/603859936434323456/a_8fb3ef826c61fa9bc1445843af78a75f.gif"},"point":18866},{"user":{"uid":178,"userid":142,"name":"Kai'Sa☆UnSyn Amagiri","avatar":"https://cdn.discordapp.com/avatars/234026448229367809/a_3e769a6aef362f7e3f4ea09b2d3f5367.gif"},"point":9067},{"user":{"uid":360,"userid":213,"name":"[MCG] KAYJAY [MY]","avatar":"https://static.truckersmp.com/avatarsN/5131980.1702095350.png"},"point":4780},{"user":{"uid":364,"userid":215,"name":"[MCG] Danish_v8","avatar":"https://static.truckersmp.com/avatarsN/3882826.1651322428.jpg"},"point":4778},{"user":{"uid":96,"userid":120,"name":"Pattarapon","avatar":"https://cdn.discordapp.com/avatars/687263407417720832/a_c8f593c66e5dce0aeea7d8e0dc04e0cc.gif"},"point":4573},{"user":{"uid":100,"userid":124,"name":"Nexusover","avatar":"https://cdn.discordapp.com/avatars/531793623331635201/260ded5291ac81d0908d5750e2af59ca.png"},"point":2995},{"user":{"uid":300,"userid":197,"name":"zoop","avatar":"https://cdn.discordapp.com/avatars/221167310986149888/834a0f2ed8b4aacbb621e04069eba462.png"},"point":2856},{"user":{"uid":16,"userid":19,"name":"Tom","avatar":"https://cdn.discordapp.com/avatars/306758358092742657/76a57e65deac4cc1b58e729073cc45bf.png"},"point":2249},{"user":{"uid":82,"userid":99,"name":"PepyNox 🤖","avatar":"https://cdn.discordapp.com/avatars/261473263752839168/a_32058670e7fcdb9136bb159147e62d09.gif"},"point":2045},{"user":{"uid":19,"userid":22,"name":"Garmy","avatar":"https://cdn.discordapp.com/avatars/537294435617341451/513dcf25a48a7f737f1643ad3c103e65.png"},"point":1952},{"user":{"uid":479,"userid":252,"name":"ST1G","avatar":"https://cdn.discordapp.com/avatars/515890400494616608/f4bac7aef316082f7bad4fcbb6b39570.png"},"point":1402},{"user":{"uid":30,"userid":34,"name":"abechan JPN","avatar":"https://avatars.steamstatic.com/bc878d45e30f82fb5a07e770016a340e206da593_full.jpg"},"point":1341},{"user":{"uid":64,"userid":71,"name":"naltor34","avatar":"https://cdn.discordapp.com/avatars/302866656214908928/8e62aec24f7f18698b443ba03ffdf48d.png"},"point":1167},{"user":{"uid":409,"userid":226,"name":"𝙽𝙴𝚆𝚃𝚈𝙿𝙴𝚂","avatar":"https://cdn.discordapp.com/avatars/624501922531115019/720e6c9072e99985cd234df4183376af.png"},"point":1152},{"user":{"uid":460,"userid":245,"name":"[Prime] Malinois","avatar":"https://cdn.discordapp.com/avatars/674758857154887710/9984f9f4d45a58816391042a4ec4d2da.png"},"point":1084},{"user":{"uid":211,"userid":160,"name":"human?","avatar":"https://cdn.discordapp.com/avatars/698752151073194015/e626fce336d1295ab98959c084394e8b.png"},"point":838},{"user":{"uid":433,"userid":239,"name":"Azite","avatar":"https://cdn.discordapp.com/avatars/501695966315806720/fe76c9c80b39ba13953cd2defb6b451f.png"},"point":777},{"user":{"uid":470,"userid":253,"name":"[MCG] Lucasg4329 [FR]","avatar":"https://static.truckersmp.com/avatarsN/defaultavatar.png"},"point":635},{"user":{"uid":104,"userid":128,"name":"Jablko 47","avatar":"https://cdn.discordapp.com/avatars/496659970696282112/c598da5e3493f03048d4831a1b806273.png"},"point":0},{"user":{"uid":275,"userid":187,"name":"th3br1t1shon3","avatar":"https://cdn.discordapp.com/avatars/670477855129337869/64c4c05f7d62855fa27c080577f3157b.png"},"point":0}],"fma":[{"user":{"uid":337,"userid":208,"name":"Dr. Stevo","avatar":"https://cdn.discordapp.com/avatars/603859936434323456/a_8fb3ef826c61fa9bc1445843af78a75f.gif"},"point":18866},{"user":{"uid":178,"userid":142,"name":"Kai'Sa☆UnSyn Amagiri","avatar":"https://cdn.discordapp.com/avatars/234026448229367809/a_3e769a6aef362f7e3f4ea09b2d3f5367.gif"},"point":9067},{"user":{"uid":360,"userid":213,"name":"[MCG] KAYJAY [MY]","avatar":"https://static.truckersmp.com/avatarsN/5131980.1702095350.png"},"point":4780},{"user":{"uid":364,"userid":215,"name":"[MCG] Danish_v8","avatar":"https://static.truckersmp.com/avatarsN/3882826.1651322428.jpg"},"point":4778},{"user":{"uid":96,"userid":120,"name":"Pattarapon","avatar":"https://cdn.discordapp.com/avatars/687263407417720832/a_c8f593c66e5dce0aeea7d8e0dc04e0cc.gif"},"point":4573},{"user":{"uid":100,"userid":124,"name":"Nexusover","avatar":"https://cdn.discordapp.com/avatars/531793623331635201/260ded5291ac81d0908d5750e2af59ca.png"},"point":2995},{"user":{"uid":300,"userid":197,"name":"zoop","avatar":"https://cdn.discordapp.com/avatars/221167310986149888/834a0f2ed8b4aacbb621e04069eba462.png"},"point":2856},{"user":{"uid":16,"userid":19,"name":"Tom","avatar":"https://cdn.discordapp.com/avatars/306758358092742657/76a57e65deac4cc1b58e729073cc45bf.png"},"point":2249},{"user":{"uid":82,"userid":99,"name":"PepyNox 🤖","avatar":"https://cdn.discordapp.com/avatars/261473263752839168/a_32058670e7fcdb9136bb159147e62d09.gif"},"point":2045},{"user":{"uid":19,"userid":22,"name":"Garmy","avatar":"https://cdn.discordapp.com/avatars/537294435617341451/513dcf25a48a7f737f1643ad3c103e65.png"},"point":1952},{"user":{"uid":479,"userid":252,"name":"ST1G","avatar":"https://cdn.discordapp.com/avatars/515890400494616608/f4bac7aef316082f7bad4fcbb6b39570.png"},"point":1402},{"user":{"uid":30,"userid":34,"name":"abechan JPN","avatar":"https://avatars.steamstatic.com/bc878d45e30f82fb5a07e770016a340e206da593_full.jpg"},"point":1341},{"user":{"uid":64,"userid":71,"name":"naltor34","avatar":"https://cdn.discordapp.com/avatars/302866656214908928/8e62aec24f7f18698b443ba03ffdf48d.png"},"point":1167},{"user":{"uid":409,"userid":226,"name":"𝙽𝙴𝚆𝚃𝚈𝙿𝙴𝚂","avatar":"https://cdn.discordapp.com/avatars/624501922531115019/720e6c9072e99985cd234df4183376af.png"},"point":1152},{"user":{"uid":460,"userid":245,"name":"[Prime] Malinois","avatar":"https://cdn.discordapp.com/avatars/674758857154887710/9984f9f4d45a58816391042a4ec4d2da.png"},"point":1084},{"user":{"uid":211,"userid":160,"name":"human?","avatar":"https://cdn.discordapp.com/avatars/698752151073194015/e626fce336d1295ab98959c084394e8b.png"},"point":838},{"user":{"uid":433,"userid":239,"name":"Azite","avatar":"https://cdn.discordapp.com/avatars/501695966315806720/fe76c9c80b39ba13953cd2defb6b451f.png"},"point":777},{"user":{"uid":470,"userid":253,"name":"[MCG] Lucasg4329 [FR]","avatar":"https://static.truckersmp.com/avatarsN/defaultavatar.png"},"point":635},{"user":{"uid":104,"userid":128,"name":"Jablko 47","avatar":"https://cdn.discordapp.com/avatars/496659970696282112/c598da5e3493f03048d4831a1b806273.png"},"point":0},{"user":{"uid":275,"userid":187,"name":"th3br1t1shon3","avatar":"https://cdn.discordapp.com/avatars/670477855129337869/64c4c05f7d62855fa27c080577f3157b.png"},"point":0}]}