{"fmd":[{"user":{"uid":36,"userid":82,"name":"SchakalGER","avatar":"https://cdn.discordapp.com/avatars/328243784703803413/0815cbf6b00e890a8030cd7d0042d596.png"},"point":11239},{"user":{"uid":71,"userid":60,"name":"geronimo8815","avatar":"https://static.truckersmp.com/avatarsN/5294261.1711913743.png"},"point":6959},{"user":{"uid":75,"userid":59,"name":"Storm05_","avatar":"https://cdn.discordapp.com/avatars/206094648236572672/8e00adf8bda4a32ef10eccef3d46830c.png"},"point":4774},{"user":{"uid":194,"userid":188,"name":"[FLG] derMicha","avatar":"https://cdn.discordapp.com/avatars/951482086072660018/6f6fb9e5f328bec8c769d872bed5109a.png"},"point":3199},{"user":{"uid":4,"userid":3,"name":"KamikazeFlo","avatar":"https://static.truckersmp.com/avatarsN/1855094.1645649823.png"},"point":3106},{"user":{"uid":43,"userid":31,"name":"[GER]Christian","avatar":"https://static.truckersmp.com/avatarsN/196694.1705792859.png"},"point":2584},{"user":{"uid":68,"userid":57,"name":"Anthonyaski","avatar":"https://cdn.discordapp.com/avatars/334780188703588362/4af94601e420a28c570fce2b038e0b23.png"},"point":2296},{"user":{"uid":85,"userid":76,"name":"BratPfanne","avatar":"https://cdn.discordapp.com/avatars/280066593428340739/935c5dc2cac4ab6850284f71bacf7134.png"},"point":2244},{"user":{"uid":272,"userid":227,"name":"Pfindus","avatar":"https://static.truckersmp.com/avatarsN/4311053.1710660288.png"},"point":2198},{"user":{"uid":21,"userid":18,"name":"Gregory","avatar":"https://cdn.discordapp.com/avatars/650421299323338762/dae0258c1a7c95a73bdcbd75db3db5d4.png"},"point":2172},{"user":{"uid":12,"userid":10,"name":"Tchabalala/Axel","avatar":"https://cdn.discordapp.com/avatars/336794680454938624/c949fc0ae2a0b67356a833b7f2dfb640.png"},"point":2139},{"user":{"uid":50,"userid":41,"name":"Schnitzel.","avatar":"https://cdn.discordapp.com/avatars/690570896557211658/ae7d3f32a78a923191f8d72c0cf40ce3.png"},"point":1985},{"user":{"uid":157,"userid":141,"name":"DerBackfisch","avatar":"https://cdn.discordapp.com/avatars/838683261244407809/237604f013fdfa84b60f5246e2249e04.png"},"point":1712},{"user":{"uid":286,"userid":238,"name":"Cortain","avatar":"https://cdn.discordapp.com/avatars/264756755932774400/b92bddec4543c8b93a6922a31c7f40e4.png"},"point":1531},{"user":{"uid":51,"userid":71,"name":"Joerg45701","avatar":"https://static.truckersmp.com/avatarsN/defaultavatar.png"},"point":1446},{"user":{"uid":56,"userid":42,"name":"Glaceon","avatar":"https://cdn.discordapp.com/avatars/348428309018705930/f1b68bf1b8a5121559e1b782c8941327.png"},"point":1437},{"user":{"uid":1,"userid":1,"name":"Feyfar","avatar":"https://cdn.discordapp.com/avatars/513424125239230466/e720ef1e3ff385e1c8577fdf1754b7d3.png"},"point":1050},{"user":{"uid":13,"userid":11,"name":"Dignity.","avatar":"https://static.truckersmp.com/avatarsN/4603971.1691867837.png"},"point":1034},{"user":{"uid":18,"userid":16,"name":"teufelsfrucht","avatar":"https://static.truckersmp.com/avatarsN/4047213.1699434878.png"},"point":1034},{"user":{"uid":61,"userid":75,"name":"𝕲𝖍𝖔𝖘𝖙𝖕𝖆𝖚𝖑𝖔𝖔","avatar":"https://cdn.discordapp.com/avatars/964420212864741376/e8283a2f908472c913999fda7149c790.png"},"point":1034},{"user":{"uid":66,"userid":54,"name":"Valtra130","avatar":"https://cdn.discordapp.com/avatars/555051812265263114/5d81abc9b63b652047489bfb6f236f59.png"},"point":1025},{"user":{"uid":285,"userid":237,"name":"🍁ᒪᑘᖽᓰᘿᘿ🍁","avatar":"https://cdn.discordapp.com/avatars/928165214036295710/a_285655aa499263c1588029f5597d829e.gif"},"point":996},{"user":{"uid":238,"userid":194,"name":"Tomsa","avatar":"https://cdn.discordapp.com/avatars/626488024850628691/fc01298a60d20a9e244093488294bea5.png"},"point":930},{"user":{"uid":133,"userid":121,"name":"FerdeAndy","avatar":"https://static.truckersmp.com/avatarsN/defaultavatar.png"},"point":892},{"user":{"uid":95,"userid":195,"name":"CptSNASA","avatar":"https://cdn.discordapp.com/avatars/294121947170734082/6e3ce4491dff4e05075983f63d051eaa.png"},"point":844},{"user":{"uid":271,"userid":226,"name":"HUNDabc","avatar":"https://cdn.discordapp.com/avatars/1217559937761415349/5cd1c0be937399ad7c92aad2cdf437ab.png"},"point":697},{"user":{"uid":258,"userid":210,"name":"Mr_Wassermelone","avatar":"https://cdn.discordapp.com/avatars/660115165819437097/62f2b0a155b5fb9b62b9d65db6690d46.png"},"point":658},{"user":{"uid":159,"userid":142,"name":"FlorianMeixner","avatar":"https://static.truckersmp.com/avatarsN/2384998.1706452577.png"},"point":642},{"user":{"uid":172,"userid":151,"name":"Jack Hodgins","avatar":"https://cdn.discordapp.com/avatars/826723576928272385/02b5821703017d0c5c78d23394e5af33.png"},"point":550},{"user":{"uid":161,"userid":143,"name":"Mikazu","avatar":"https://cdn.discordapp.com/avatars/705875203997302805/f4c1333cc4ccef01fedcb199ed314627.png"},"point":498},{"user":{"uid":130,"userid":187,"name":"Peter235","avatar":"https://static.truckersmp.com/avatarsN/defaultavatar.png"},"point":443},{"user":{"uid":19,"userid":17,"name":"Tim13","avatar":"https://cdn.discordapp.com/avatars/932250744386617376/dba03c47053a9fb2a07ede96971bc97a.png"},"point":382},{"user":{"uid":186,"userid":161,"name":"zOfficialPablo","avatar":"https://static.truckersmp.com/avatarsN/defaultavatar.png"},"point":340},{"user":{"uid":141,"userid":196,"name":"MAX294","avatar":"https://cdn.discordapp.com/avatars/488323894831349760/f0ffd3875b74459d0656375b17aa0e6d.png"},"point":299},{"user":{"uid":87,"userid":90,"name":"Carolus","avatar":"https://cdn.discordapp.com/avatars/1018500971095142471/7020d4b60e743ddab1f546f20958df7e.png"},"point":269},{"user":{"uid":73,"userid":65,"name":"Ersque","avatar":"https://cdn.discordapp.com/avatars/219183521711915008/d8224c427b6d0b5f9a2b151734d67e76.png"},"point":184},{"user":{"uid":176,"userid":157,"name":"Identity","avatar":"https://cdn.discordapp.com/avatars/383724197744214016/092d4968871fb432b7129173b5c1dc78.png"},"point":31},{"user":{"uid":154,"userid":137,"name":"gamezocker300","avatar":"https://cdn.discordapp.com/avatars/571059962831437860/3e7f16a5afefd61b70d4bf5711255b89.png"},"point":1},{"user":{"uid":152,"userid":135,"name":"manu7432","avatar":"https://cdn.discordapp.com/avatars/1024735246249373777/5f18f9e373e000269bae1ae973e2cfd0.png"},"point":0}],"fma":[{"user":{"uid":36,"userid":82,"name":"SchakalGER","avatar":"https://cdn.discordapp.com/avatars/328243784703803413/0815cbf6b00e890a8030cd7d0042d596.png"},"point":11239},{"user":{"uid":71,"userid":60,"name":"geronimo8815","avatar":"https://static.truckersmp.com/avatarsN/5294261.1711913743.png"},"point":6959},{"user":{"uid":75,"userid":59,"name":"Storm05_","avatar":"https://cdn.discordapp.com/avatars/206094648236572672/8e00adf8bda4a32ef10eccef3d46830c.png"},"point":4774},{"user":{"uid":194,"userid":188,"name":"[FLG] derMicha","avatar":"https://cdn.discordapp.com/avatars/951482086072660018/6f6fb9e5f328bec8c769d872bed5109a.png"},"point":3199},{"user":{"uid":4,"userid":3,"name":"KamikazeFlo","avatar":"https://static.truckersmp.com/avatarsN/1855094.1645649823.png"},"point":3106},{"user":{"uid":43,"userid":31,"name":"[GER]Christian","avatar":"https://static.truckersmp.com/avatarsN/196694.1705792859.png"},"point":2584},{"user":{"uid":68,"userid":57,"name":"Anthonyaski","avatar":"https://cdn.discordapp.com/avatars/334780188703588362/4af94601e420a28c570fce2b038e0b23.png"},"point":2296},{"user":{"uid":85,"userid":76,"name":"BratPfanne","avatar":"https://cdn.discordapp.com/avatars/280066593428340739/935c5dc2cac4ab6850284f71bacf7134.png"},"point":2244},{"user":{"uid":272,"userid":227,"name":"Pfindus","avatar":"https://static.truckersmp.com/avatarsN/4311053.1710660288.png"},"point":2198},{"user":{"uid":21,"userid":18,"name":"Gregory","avatar":"https://cdn.discordapp.com/avatars/650421299323338762/dae0258c1a7c95a73bdcbd75db3db5d4.png"},"point":2172},{"user":{"uid":12,"userid":10,"name":"Tchabalala/Axel","avatar":"https://cdn.discordapp.com/avatars/336794680454938624/c949fc0ae2a0b67356a833b7f2dfb640.png"},"point":2139},{"user":{"uid":50,"userid":41,"name":"Schnitzel.","avatar":"https://cdn.discordapp.com/avatars/690570896557211658/ae7d3f32a78a923191f8d72c0cf40ce3.png"},"point":1985},{"user":{"uid":157,"userid":141,"name":"DerBackfisch","avatar":"https://cdn.discordapp.com/avatars/838683261244407809/237604f013fdfa84b60f5246e2249e04.png"},"point":1712},{"user":{"uid":286,"userid":238,"name":"Cortain","avatar":"https://cdn.discordapp.com/avatars/264756755932774400/b92bddec4543c8b93a6922a31c7f40e4.png"},"point":1531},{"user":{"uid":51,"userid":71,"name":"Joerg45701","avatar":"https://static.truckersmp.com/avatarsN/defaultavatar.png"},"point":1446},{"user":{"uid":56,"userid":42,"name":"Glaceon","avatar":"https://cdn.discordapp.com/avatars/348428309018705930/f1b68bf1b8a5121559e1b782c8941327.png"},"point":1437},{"user":{"uid":152,"userid":135,"name":"manu7432","avatar":"https://cdn.discordapp.com/avatars/1024735246249373777/5f18f9e373e000269bae1ae973e2cfd0.png"},"point":1174},{"user":{"uid":1,"userid":1,"name":"Feyfar","avatar":"https://cdn.discordapp.com/avatars/513424125239230466/e720ef1e3ff385e1c8577fdf1754b7d3.png"},"point":1050},{"user":{"uid":13,"userid":11,"name":"Dignity.","avatar":"https://static.truckersmp.com/avatarsN/4603971.1691867837.png"},"point":1034},{"user":{"uid":18,"userid":16,"name":"teufelsfrucht","avatar":"https://static.truckersmp.com/avatarsN/4047213.1699434878.png"},"point":1034},{"user":{"uid":61,"userid":75,"name":"𝕲𝖍𝖔𝖘𝖙𝖕𝖆𝖚𝖑𝖔𝖔","avatar":"https://cdn.discordapp.com/avatars/964420212864741376/e8283a2f908472c913999fda7149c790.png"},"point":1034},{"user":{"uid":66,"userid":54,"name":"Valtra130","avatar":"https://cdn.discordapp.com/avatars/555051812265263114/5d81abc9b63b652047489bfb6f236f59.png"},"point":1025},{"user":{"uid":285,"userid":237,"name":"🍁ᒪᑘᖽᓰᘿᘿ🍁","avatar":"https://cdn.discordapp.com/avatars/928165214036295710/a_285655aa499263c1588029f5597d829e.gif"},"point":996},{"user":{"uid":238,"userid":194,"name":"Tomsa","avatar":"https://cdn.discordapp.com/avatars/626488024850628691/fc01298a60d20a9e244093488294bea5.png"},"point":930},{"user":{"uid":133,"userid":121,"name":"FerdeAndy","avatar":"https://static.truckersmp.com/avatarsN/defaultavatar.png"},"point":892},{"user":{"uid":95,"userid":195,"name":"CptSNASA","avatar":"https://cdn.discordapp.com/avatars/294121947170734082/6e3ce4491dff4e05075983f63d051eaa.png"},"point":844},{"user":{"uid":271,"userid":226,"name":"HUNDabc","avatar":"https://cdn.discordapp.com/avatars/1217559937761415349/5cd1c0be937399ad7c92aad2cdf437ab.png"},"point":697},{"user":{"uid":258,"userid":210,"name":"Mr_Wassermelone","avatar":"https://cdn.discordapp.com/avatars/660115165819437097/62f2b0a155b5fb9b62b9d65db6690d46.png"},"point":658},{"user":{"uid":159,"userid":142,"name":"FlorianMeixner","avatar":"https://static.truckersmp.com/avatarsN/2384998.1706452577.png"},"point":642},{"user":{"uid":172,"userid":151,"name":"Jack Hodgins","avatar":"https://cdn.discordapp.com/avatars/826723576928272385/02b5821703017d0c5c78d23394e5af33.png"},"point":550},{"user":{"uid":161,"userid":143,"name":"Mikazu","avatar":"https://cdn.discordapp.com/avatars/705875203997302805/f4c1333cc4ccef01fedcb199ed314627.png"},"point":498},{"user":{"uid":130,"userid":187,"name":"Peter235","avatar":"https://static.truckersmp.com/avatarsN/defaultavatar.png"},"point":443},{"user":{"uid":19,"userid":17,"name":"Tim13","avatar":"https://cdn.discordapp.com/avatars/932250744386617376/dba03c47053a9fb2a07ede96971bc97a.png"},"point":382},{"user":{"uid":186,"userid":161,"name":"zOfficialPablo","avatar":"https://static.truckersmp.com/avatarsN/defaultavatar.png"},"point":340},{"user":{"uid":141,"userid":196,"name":"MAX294","avatar":"https://cdn.discordapp.com/avatars/488323894831349760/f0ffd3875b74459d0656375b17aa0e6d.png"},"point":299},{"user":{"uid":87,"userid":90,"name":"Carolus","avatar":"https://cdn.discordapp.com/avatars/1018500971095142471/7020d4b60e743ddab1f546f20958df7e.png"},"point":269},{"user":{"uid":73,"userid":65,"name":"Ersque","avatar":"https://cdn.discordapp.com/avatars/219183521711915008/d8224c427b6d0b5f9a2b151734d67e76.png"},"point":184},{"user":{"uid":44,"userid":37,"name":"Chaz","avatar":"https://cdn.discordapp.com/avatars/195616243791691777/736984f2893effafb372b7ba85767067.png"},"point":165},{"user":{"uid":176,"userid":157,"name":"Identity","avatar":"https://cdn.discordapp.com/avatars/383724197744214016/092d4968871fb432b7129173b5c1dc78.png"},"point":31},{"user":{"uid":154,"userid":137,"name":"gamezocker300","avatar":"https://cdn.discordapp.com/avatars/571059962831437860/3e7f16a5afefd61b70d4bf5711255b89.png"},"point":1}]}