{"fmd":[{"user":{"uid":636,"userid":513,"name":"MementoMori [ LT ]","avatar":"https://static.truckersmp.com/avatarsN/3834590.1713037068.png"},"point":11222},{"user":{"uid":622,"userid":500,"name":"Yinmei","avatar":"https://cdn.discordapp.com/avatars/1152484045549211749/3487bb42c54b1cae8115bbba55ab7617.png"},"point":2766},{"user":{"uid":635,"userid":512,"name":"ruthlessducky","avatar":"https://cdn.discordapp.com/avatars/586356271343599623/630a34ace8f201030d7d0f1c81cf8257.png"},"point":2269},{"user":{"uid":501,"userid":408,"name":"StrongHunter","avatar":"https://static.truckersmp.com/avatarsN/5291373.1701634237.jpg"},"point":2103},{"user":{"uid":458,"userid":377,"name":"LordCancer420","avatar":"https://cdn.discordapp.com/avatars/412529924805492756/38365841d4eaa1db7d73bc11bc478124.png"},"point":1569},{"user":{"uid":578,"userid":465,"name":"indowes","avatar":"https://cdn.discordapp.com/avatars/556782581626961920/4f21483bc72236511d1bd929721efbdc.png"},"point":1554},{"user":{"uid":603,"userid":484,"name":"VJvijey","avatar":"https://cdn.discordapp.com/avatars/501001074782502912/25abb23bf0c24c97bf14a72fc880b1da.png"},"point":1499},{"user":{"uid":579,"userid":466,"name":"pieter.64","avatar":"https://cdn.discordapp.com/avatars/324877891852828683/00632119b31752fcb8171bbb4279d1f8.png"},"point":1495},{"user":{"uid":25,"userid":96,"name":"[G-T-R]GrayWolf","avatar":"https://cdn.discordapp.com/avatars/463049453067173888/93e0f855de1c1bcdf6924d45b1789338.png"},"point":1388},{"user":{"uid":631,"userid":508,"name":"A$h1Ma$h1","avatar":"https://cdn.discordapp.com/avatars/801452708547657739/bf3266b67299389596b4b5ecd7c627ce.png"},"point":1380},{"user":{"uid":634,"userid":511,"name":"Ern","avatar":"https://cdn.discordapp.com/avatars/238745312296960011/d189f4a3dc567d70350715ae35634bec.png"},"point":1311},{"user":{"uid":595,"userid":479,"name":"Championrub","avatar":"https://cdn.discordapp.com/avatars/811982277474123786/57632d6c13f4de8235b03acd0aba016e.png"},"point":1132},{"user":{"uid":629,"userid":506,"name":"Bin_Tyler","avatar":"https://cdn.discordapp.com/avatars/778660332570804325/c854253e1f12ab7a70384535a84fae7d.png"},"point":1060},{"user":{"uid":427,"userid":353,"name":"Versthappening","avatar":"https://cdn.discordapp.com/avatars/851032564801077258/b6762130b06d88078b10d519887e731b.png"},"point":900},{"user":{"uid":341,"userid":285,"name":"Bestpadawan","avatar":"https://cdn.discordapp.com/avatars/116954631346716680/7d9007d6c735cb957ef368c03280281f.png"},"point":773},{"user":{"uid":454,"userid":375,"name":"🍹Adam🍹","avatar":"https://cdn.discordapp.com/avatars/1050839535904362506/5a8db3156b6bcb1056659951e1189380.png"},"point":770},{"user":{"uid":637,"userid":514,"name":"superprogamer147","avatar":"https://cdn.discordapp.com/avatars/541531402731126806/e3c7841e49b35b7b6025cef486b99ef6.png"},"point":629},{"user":{"uid":593,"userid":478,"name":"AZV9","avatar":"https://cdn.discordapp.com/avatars/379023177214590986/5dd1975bdc9d6b3ab0b192d2903aefc4.png"},"point":343},{"user":{"uid":640,"userid":515,"name":"Raresix","avatar":"https://cdn.discordapp.com/avatars/275267995159494657/eb10633a5e41fbede4d68e8fa0cf482d.png"},"point":257},{"user":{"uid":599,"userid":482,"name":"dood51","avatar":"https://cdn.discordapp.com/avatars/1215977765778489364/e2e4afccd7e82bb48dc1b4e183cb9feb.png"},"point":64},{"user":{"uid":385,"userid":325,"name":"ladbur2000xx","avatar":"https://cdn.discordapp.com/avatars/971245090267881474/b9b9c6d735bc88afabe74203e5481492.png"},"point":0},{"user":{"uid":391,"userid":329,"name":"Джеспер","avatar":"https://cdn.discordapp.com/avatars/632239961994821680/d4a0d65db94bed39bb7ee26b80fc9ddd.png"},"point":0},{"user":{"uid":402,"userid":337,"name":"viriusek","avatar":"https://cdn.discordapp.com/avatars/814466964918370305/4491219e03ffb01a401aa3b5d09ad470.png"},"point":0},{"user":{"uid":483,"userid":394,"name":"Xikxzy","avatar":"https://cdn.discordapp.com/avatars/960949402191683595/1270700e622dfb0e702498378ecf1317.png"},"point":0},{"user":{"uid":610,"userid":491,"name":"zaytoven","avatar":"https://cdn.discordapp.com/avatars/386555958685335563/fbeb103a96e2b3811c54d70f59a6ea9d.png"},"point":0}],"fma":[{"user":{"uid":636,"userid":513,"name":"MementoMori [ LT ]","avatar":"https://static.truckersmp.com/avatarsN/3834590.1713037068.png"},"point":11272},{"user":{"uid":622,"userid":500,"name":"Yinmei","avatar":"https://cdn.discordapp.com/avatars/1152484045549211749/3487bb42c54b1cae8115bbba55ab7617.png"},"point":2766},{"user":{"uid":635,"userid":512,"name":"ruthlessducky","avatar":"https://cdn.discordapp.com/avatars/586356271343599623/630a34ace8f201030d7d0f1c81cf8257.png"},"point":2269},{"user":{"uid":501,"userid":408,"name":"StrongHunter","avatar":"https://static.truckersmp.com/avatarsN/5291373.1701634237.jpg"},"point":2203},{"user":{"uid":595,"userid":479,"name":"Championrub","avatar":"https://cdn.discordapp.com/avatars/811982277474123786/57632d6c13f4de8235b03acd0aba016e.png"},"point":2073},{"user":{"uid":458,"userid":377,"name":"LordCancer420","avatar":"https://cdn.discordapp.com/avatars/412529924805492756/38365841d4eaa1db7d73bc11bc478124.png"},"point":1569},{"user":{"uid":578,"userid":465,"name":"indowes","avatar":"https://cdn.discordapp.com/avatars/556782581626961920/4f21483bc72236511d1bd929721efbdc.png"},"point":1554},{"user":{"uid":603,"userid":484,"name":"VJvijey","avatar":"https://cdn.discordapp.com/avatars/501001074782502912/25abb23bf0c24c97bf14a72fc880b1da.png"},"point":1499},{"user":{"uid":25,"userid":96,"name":"[G-T-R]GrayWolf","avatar":"https://cdn.discordapp.com/avatars/463049453067173888/93e0f855de1c1bcdf6924d45b1789338.png"},"point":1495},{"user":{"uid":579,"userid":466,"name":"pieter.64","avatar":"https://cdn.discordapp.com/avatars/324877891852828683/00632119b31752fcb8171bbb4279d1f8.png"},"point":1495},{"user":{"uid":631,"userid":508,"name":"A$h1Ma$h1","avatar":"https://cdn.discordapp.com/avatars/801452708547657739/bf3266b67299389596b4b5ecd7c627ce.png"},"point":1380},{"user":{"uid":634,"userid":511,"name":"Ern","avatar":"https://cdn.discordapp.com/avatars/238745312296960011/d189f4a3dc567d70350715ae35634bec.png"},"point":1311},{"user":{"uid":629,"userid":506,"name":"Bin_Tyler","avatar":"https://cdn.discordapp.com/avatars/778660332570804325/c854253e1f12ab7a70384535a84fae7d.png"},"point":1060},{"user":{"uid":427,"userid":353,"name":"Versthappening","avatar":"https://cdn.discordapp.com/avatars/851032564801077258/b6762130b06d88078b10d519887e731b.png"},"point":900},{"user":{"uid":341,"userid":285,"name":"Bestpadawan","avatar":"https://cdn.discordapp.com/avatars/116954631346716680/7d9007d6c735cb957ef368c03280281f.png"},"point":773},{"user":{"uid":454,"userid":375,"name":"🍹Adam🍹","avatar":"https://cdn.discordapp.com/avatars/1050839535904362506/5a8db3156b6bcb1056659951e1189380.png"},"point":770},{"user":{"uid":637,"userid":514,"name":"superprogamer147","avatar":"https://cdn.discordapp.com/avatars/541531402731126806/e3c7841e49b35b7b6025cef486b99ef6.png"},"point":629},{"user":{"uid":593,"userid":478,"name":"AZV9","avatar":"https://cdn.discordapp.com/avatars/379023177214590986/5dd1975bdc9d6b3ab0b192d2903aefc4.png"},"point":343},{"user":{"uid":640,"userid":515,"name":"Raresix","avatar":"https://cdn.discordapp.com/avatars/275267995159494657/eb10633a5e41fbede4d68e8fa0cf482d.png"},"point":257},{"user":{"uid":516,"userid":417,"name":"Ravsh1k","avatar":"https://cdn.discordapp.com/avatars/901846074740858890/775a54f0f101fa2eb9b9fb54ad87ce55.png"},"point":149},{"user":{"uid":480,"userid":395,"name":"Sh0tBlow","avatar":"https://cdn.discordapp.com/avatars/462991116279611392/87bf1e3b76d220025f3fb4b0029427f8.png"},"point":111},{"user":{"uid":599,"userid":482,"name":"dood51","avatar":"https://cdn.discordapp.com/avatars/1215977765778489364/e2e4afccd7e82bb48dc1b4e183cb9feb.png"},"point":64},{"user":{"uid":385,"userid":325,"name":"ladbur2000xx","avatar":"https://cdn.discordapp.com/avatars/971245090267881474/b9b9c6d735bc88afabe74203e5481492.png"},"point":0},{"user":{"uid":391,"userid":329,"name":"Джеспер","avatar":"https://cdn.discordapp.com/avatars/632239961994821680/d4a0d65db94bed39bb7ee26b80fc9ddd.png"},"point":0},{"user":{"uid":402,"userid":337,"name":"viriusek","avatar":"https://cdn.discordapp.com/avatars/814466964918370305/4491219e03ffb01a401aa3b5d09ad470.png"},"point":0},{"user":{"uid":483,"userid":394,"name":"Xikxzy","avatar":"https://cdn.discordapp.com/avatars/960949402191683595/1270700e622dfb0e702498378ecf1317.png"},"point":0},{"user":{"uid":610,"userid":491,"name":"zaytoven","avatar":"https://cdn.discordapp.com/avatars/386555958685335563/fbeb103a96e2b3811c54d70f59a6ea9d.png"},"point":0}]}