{"fmd":[{"user":{"uid":181,"userid":153,"name":"(DR) Valis__","avatar":"https://cdn.discordapp.com/avatars/234744539003355146/4da0e3c52afa03968509d0d17c8dde46.png"},"point":3909},{"user":{"uid":172,"userid":145,"name":"(DR) JortGlobe","avatar":"https://cdn.discordapp.com/avatars/821749276706734110/7962c232c2fcc443a70792b6c9d5979b.png"},"point":2096},{"user":{"uid":199,"userid":169,"name":"(DRT) User5029","avatar":"https://cdn.discordapp.com/avatars/721416593166303352/afa8c7025775e1fe06693b6d84c2c407.png"},"point":1256},{"user":{"uid":159,"userid":132,"name":"(DR) JMCGPHOTGRAPHY","avatar":"https://cdn.discordapp.com/avatars/909849031100989450/175672eb7ba5131485de4f8dc0a52d17.png"},"point":1131},{"user":{"uid":137,"userid":111,"name":"[LOA] (DR) The Fallen","avatar":"https://cdn.discordapp.com/avatars/365176026872938506/e3a0fb6fc3e046f79a25a0bee6311616.png"},"point":409},{"user":{"uid":42,"userid":35,"name":"(DR) Aggyg","avatar":"https://cdn.discordapp.com/avatars/1117791762124115968/ef168e1f36b49018b55b049355120a02.png"},"point":407},{"user":{"uid":147,"userid":121,"name":"(DR) Bait","avatar":"https://cdn.discordapp.com/avatars/784933468768305152/bd96fdb7307124edc59dac71d429f36d.png"},"point":325}],"fma":[{"user":{"uid":181,"userid":153,"name":"(DR) Valis__","avatar":"https://cdn.discordapp.com/avatars/234744539003355146/4da0e3c52afa03968509d0d17c8dde46.png"},"point":3909},{"user":{"uid":172,"userid":145,"name":"(DR) JortGlobe","avatar":"https://cdn.discordapp.com/avatars/821749276706734110/7962c232c2fcc443a70792b6c9d5979b.png"},"point":2096},{"user":{"uid":199,"userid":169,"name":"(DRT) User5029","avatar":"https://cdn.discordapp.com/avatars/721416593166303352/afa8c7025775e1fe06693b6d84c2c407.png"},"point":1256},{"user":{"uid":159,"userid":132,"name":"(DR) JMCGPHOTGRAPHY","avatar":"https://cdn.discordapp.com/avatars/909849031100989450/175672eb7ba5131485de4f8dc0a52d17.png"},"point":1131},{"user":{"uid":137,"userid":111,"name":"[LOA] (DR) The Fallen","avatar":"https://cdn.discordapp.com/avatars/365176026872938506/e3a0fb6fc3e046f79a25a0bee6311616.png"},"point":409},{"user":{"uid":42,"userid":35,"name":"(DR) Aggyg","avatar":"https://cdn.discordapp.com/avatars/1117791762124115968/ef168e1f36b49018b55b049355120a02.png"},"point":407},{"user":{"uid":147,"userid":121,"name":"(DR) Bait","avatar":"https://cdn.discordapp.com/avatars/784933468768305152/bd96fdb7307124edc59dac71d429f36d.png"},"point":325},{"user":{"uid":1,"userid":0,"name":"(Owner) Essex","avatar":"https://cdn.discordapp.com/avatars/986728515892285461/a_c4301bd78f1d1d60c25f66672af89a9a.gif"},"point":201}]}