{"fmd":[{"user":{"uid":1,"userid":0,"name":"Brad","avatar":"https://cdn.discordapp.com/avatars/507570358782525451/0f8d2ac0cb4d5df4b45d8529b6efe809.png"},"point":3416},{"user":{"uid":358,"userid":258,"name":"KARAMITROS","avatar":"https://cdn.discordapp.com/avatars/884473658884649011/3527b044612c65be1a2e46dcec9693e4.png"},"point":2227},{"user":{"uid":351,"userid":254,"name":"nini","avatar":"https://cdn.discordapp.com/avatars/288301509396135938/f02d103af07193e5fa4452628f6d749a.png"},"point":721},{"user":{"uid":361,"userid":260,"name":"Infedible","avatar":"https://cdn.discordapp.com/avatars/155733160364212225/be55b965ff9090c011a37c8ad72f4ecf.png"},"point":547},{"user":{"uid":350,"userid":251,"name":"Charon IV","avatar":"https://cdn.discordapp.com/avatars/336964513033093130/da18a1808802bdf3485f3b885a65072c.png"},"point":447},{"user":{"uid":153,"userid":186,"name":"LeoM","avatar":"https://cdn.discordapp.com/avatars/337951742475894786/980a1f3ff23017ee6d2dcd0ce57dbe03.png"},"point":0},{"user":{"uid":356,"userid":257,"name":"prince","avatar":"https://cdn.discordapp.com/avatars/561960385750761472/baa8187f57979991d38812e415d41191.png"},"point":0}],"fma":[{"user":{"uid":360,"userid":259,"name":"EisenWolf","avatar":"https://static.truckersmp.com/avatarsN/4112608.1704752368.jpg"},"point":186250},{"user":{"uid":1,"userid":0,"name":"Brad","avatar":"https://cdn.discordapp.com/avatars/507570358782525451/0f8d2ac0cb4d5df4b45d8529b6efe809.png"},"point":89666},{"user":{"uid":358,"userid":258,"name":"KARAMITROS","avatar":"https://cdn.discordapp.com/avatars/884473658884649011/3527b044612c65be1a2e46dcec9693e4.png"},"point":38477},{"user":{"uid":351,"userid":254,"name":"nini","avatar":"https://cdn.discordapp.com/avatars/288301509396135938/f02d103af07193e5fa4452628f6d749a.png"},"point":36971},{"user":{"uid":312,"userid":239,"name":"Two Trappy","avatar":"https://cdn.discordapp.com/avatars/460444257250181120/e1fe6b34c1ce8b3d86f89e7e210ca57e.png"},"point":25000},{"user":{"uid":284,"userid":243,"name":"Dent","avatar":"https://cdn.discordapp.com/avatars/803273884904325135/200c3f7ecc9b2621b1dd5d21ad51cb13.png"},"point":25000},{"user":{"uid":361,"userid":260,"name":"Infedible","avatar":"https://cdn.discordapp.com/avatars/155733160364212225/be55b965ff9090c011a37c8ad72f4ecf.png"},"point":547},{"user":{"uid":350,"userid":251,"name":"Charon IV","avatar":"https://cdn.discordapp.com/avatars/336964513033093130/da18a1808802bdf3485f3b885a65072c.png"},"point":447},{"user":{"uid":153,"userid":186,"name":"LeoM","avatar":"https://cdn.discordapp.com/avatars/337951742475894786/980a1f3ff23017ee6d2dcd0ce57dbe03.png"},"point":0},{"user":{"uid":356,"userid":257,"name":"prince","avatar":"https://cdn.discordapp.com/avatars/561960385750761472/baa8187f57979991d38812e415d41191.png"},"point":0}]}