{"fmd":[{"user":{"uid":3,"userid":2,"name":"Orlynsky","avatar":"https://avatars.steamstatic.com/63a4ac3dfc7c22d71119e814f4f124bde3149941_full.jpg"},"point":8662},{"user":{"uid":10,"userid":7,"name":"stanimir103","avatar":"https://avatars.steamstatic.com/83d87adbf692b7c38710922c890830ce1ae74376_full.jpg"},"point":1521}],"fma":[{"user":{"uid":3,"userid":2,"name":"Orlynsky","avatar":"https://avatars.steamstatic.com/63a4ac3dfc7c22d71119e814f4f124bde3149941_full.jpg"},"point":8662},{"user":{"uid":10,"userid":7,"name":"stanimir103","avatar":"https://avatars.steamstatic.com/83d87adbf692b7c38710922c890830ce1ae74376_full.jpg"},"point":1521}]}