{"fmd":[{"user":{"uid":194,"userid":150,"name":"_W0LFIE_","avatar":"https://cdn.discordapp.com/avatars/1153533912254009377/a5cd0bb93f2d7e40729a9cec032b1e6f.png"},"point":6978},{"user":{"uid":8,"userid":6,"name":"ll iScuf ll","avatar":"https://cdn.discordapp.com/avatars/321795006178525186/a_b79d3e9a2be03b5fc4d9c795da893874.gif"},"point":5827},{"user":{"uid":173,"userid":133,"name":"LizzyM#290199","avatar":""},"point":5043},{"user":{"uid":1,"userid":1,"name":"!itsPeanutttt","avatar":"https://cdn.discordapp.com/avatars/208757218013609985/a_b8fae2196be237eb9612f9daed82c1e3.gif"},"point":3593},{"user":{"uid":241,"userid":184,"name":"F_I_S_T","avatar":"https://cdn.discordapp.com/avatars/540017955413557258/525e165ce9fb3db253ba3e03ac9b58e3.png"},"point":3564},{"user":{"uid":222,"userid":171,"name":"DRAKNESS","avatar":"https://cdn.discordapp.com/avatars/191435261777936384/cde25647f4a18c5f7427ee26497adb09.png"},"point":2696},{"user":{"uid":289,"userid":214,"name":"realjetro007","avatar":"https://cdn.discordapp.com/avatars/390698464775766016/aa9c91b254c0493d00065ac5e9d31d05.png"},"point":1550},{"user":{"uid":76,"userid":60,"name":"V8 Gaming","avatar":"https://cdn.discordapp.com/avatars/793808849404559452/3ad45fe419c80a0cc727643ff48b4a6c.png"},"point":1531},{"user":{"uid":144,"userid":110,"name":"Fizzi_","avatar":"https://cdn.discordapp.com/avatars/414719910422380554/622dfe5da93fb665169d69c65f113bd8.png"},"point":1520},{"user":{"uid":109,"userid":84,"name":"bigboytrains","avatar":"https://static.truckersmp.com/avatarsN/defaultavatar.png"},"point":1512},{"user":{"uid":277,"userid":208,"name":"SCOTTISH truckerharry","avatar":"https://cdn.discordapp.com/avatars/1165638896974049290/a4dfd80509ae0b6182b178949ec66486.png"},"point":1042},{"user":{"uid":213,"userid":163,"name":"Little Meow","avatar":"https://cdn.discordapp.com/avatars/1019561099177234442/ddd644a232498d08379163bd4797740e.png"},"point":1026},{"user":{"uid":29,"userid":18,"name":"Wesjet","avatar":"https://cdn.discordapp.com/avatars/680834715388870687/a_b96031e2cba9196dacc295bf0c52b280.gif"},"point":1021},{"user":{"uid":266,"userid":202,"name":"asupra","avatar":"https://cdn.discordapp.com/avatars/678640648089370645/0364d6b3ff1b03ad126f0df700b015cc.png"},"point":987},{"user":{"uid":214,"userid":164,"name":"hamez","avatar":""},"point":656},{"user":{"uid":146,"userid":112,"name":"JENNAS JUGS","avatar":"https://cdn.discordapp.com/avatars/697145117458301013/8fc3d9c9fcb32f3b81c47ef234d1a62f.png"},"point":564},{"user":{"uid":54,"userid":44,"name":"BDaken","avatar":"https://cdn.discordapp.com/avatars/216786480088088577/2b6f81c3727a628c4806c5a0ece25fcd.png"},"point":519},{"user":{"uid":32,"userid":21,"name":"NateNZ","avatar":"https://cdn.discordapp.com/avatars/263779798327885834/54adfd241b87dc24073b7cc175209ad7.png"},"point":517},{"user":{"uid":140,"userid":107,"name":"Ata35","avatar":"https://cdn.discordapp.com/avatars/320518548046741505/67114a1cf7e0397b1e94fc8af83fd158.png"},"point":506},{"user":{"uid":234,"userid":178,"name":"Saga Virtanen","avatar":"https://static.truckersmp.com/avatarsN/343160.1685564872.png"},"point":491},{"user":{"uid":262,"userid":200,"name":"iDrxpYTツ","avatar":"https://cdn.discordapp.com/avatars/811986924767019008/96ba427a21e357cebd5b315bd897c793.png"},"point":413},{"user":{"uid":28,"userid":17,"name":"Mistyっ ゛","avatar":"https://cdn.discordapp.com/avatars/451086562617327616/3a7355e38c7bc476a871faee38e8f1c0.png"},"point":322},{"user":{"uid":15,"userid":10,"name":"MarlonSkills","avatar":"https://cdn.discordapp.com/avatars/315956778884005890/9a3d00de17d4e51023e4dc7542353ce7.png"},"point":200},{"user":{"uid":163,"userid":124,"name":"N1CK904","avatar":"https://cdn.discordapp.com/avatars/1056467542824206346/382880aa0ba504228fe5c5478bda93b2.png"},"point":174},{"user":{"uid":174,"userid":134,"name":"Scottish Crowbar","avatar":"https://cdn.discordapp.com/avatars/797519024707600384/65cfe00c851aa9d7219c1b45d1862ffe.png"},"point":0},{"user":{"uid":285,"userid":212,"name":"Tezza4182","avatar":"https://cdn.discordapp.com/avatars/847917571759276104/7a3c2c45a40f20eaf892c5ce1fb5f891.png"},"point":0}],"fma":[{"user":{"uid":1,"userid":1,"name":"!itsPeanutttt","avatar":"https://cdn.discordapp.com/avatars/208757218013609985/a_b8fae2196be237eb9612f9daed82c1e3.gif"},"point":19345},{"user":{"uid":241,"userid":184,"name":"F_I_S_T","avatar":"https://cdn.discordapp.com/avatars/540017955413557258/525e165ce9fb3db253ba3e03ac9b58e3.png"},"point":19126},{"user":{"uid":109,"userid":84,"name":"bigboytrains","avatar":"https://static.truckersmp.com/avatarsN/defaultavatar.png"},"point":16877},{"user":{"uid":76,"userid":60,"name":"V8 Gaming","avatar":"https://cdn.discordapp.com/avatars/793808849404559452/3ad45fe419c80a0cc727643ff48b4a6c.png"},"point":16837},{"user":{"uid":29,"userid":18,"name":"Wesjet","avatar":"https://cdn.discordapp.com/avatars/680834715388870687/a_b96031e2cba9196dacc295bf0c52b280.gif"},"point":16696},{"user":{"uid":277,"userid":208,"name":"SCOTTISH truckerharry","avatar":"https://cdn.discordapp.com/avatars/1165638896974049290/a4dfd80509ae0b6182b178949ec66486.png"},"point":16042},{"user":{"uid":234,"userid":178,"name":"Saga Virtanen","avatar":"https://static.truckersmp.com/avatarsN/343160.1685564872.png"},"point":15754},{"user":{"uid":146,"userid":112,"name":"JENNAS JUGS","avatar":"https://cdn.discordapp.com/avatars/697145117458301013/8fc3d9c9fcb32f3b81c47ef234d1a62f.png"},"point":15564},{"user":{"uid":194,"userid":150,"name":"_W0LFIE_","avatar":"https://cdn.discordapp.com/avatars/1153533912254009377/a5cd0bb93f2d7e40729a9cec032b1e6f.png"},"point":8823},{"user":{"uid":8,"userid":6,"name":"ll iScuf ll","avatar":"https://cdn.discordapp.com/avatars/321795006178525186/a_b79d3e9a2be03b5fc4d9c795da893874.gif"},"point":6313},{"user":{"uid":173,"userid":133,"name":"LizzyM#290199","avatar":""},"point":6219},{"user":{"uid":222,"userid":171,"name":"DRAKNESS","avatar":"https://cdn.discordapp.com/avatars/191435261777936384/cde25647f4a18c5f7427ee26497adb09.png"},"point":3802},{"user":{"uid":32,"userid":21,"name":"NateNZ","avatar":"https://cdn.discordapp.com/avatars/263779798327885834/54adfd241b87dc24073b7cc175209ad7.png"},"point":2592},{"user":{"uid":289,"userid":214,"name":"realjetro007","avatar":"https://cdn.discordapp.com/avatars/390698464775766016/aa9c91b254c0493d00065ac5e9d31d05.png"},"point":1720},{"user":{"uid":144,"userid":110,"name":"Fizzi_","avatar":"https://cdn.discordapp.com/avatars/414719910422380554/622dfe5da93fb665169d69c65f113bd8.png"},"point":1520},{"user":{"uid":134,"userid":104,"name":"Freshmuscl3","avatar":"https://static.truckersmp.com/avatarsN/5222182.1706276666.png"},"point":1475},{"user":{"uid":266,"userid":202,"name":"asupra","avatar":"https://cdn.discordapp.com/avatars/678640648089370645/0364d6b3ff1b03ad126f0df700b015cc.png"},"point":1460},{"user":{"uid":213,"userid":163,"name":"Little Meow","avatar":"https://cdn.discordapp.com/avatars/1019561099177234442/ddd644a232498d08379163bd4797740e.png"},"point":1026},{"user":{"uid":262,"userid":200,"name":"iDrxpYTツ","avatar":"https://cdn.discordapp.com/avatars/811986924767019008/96ba427a21e357cebd5b315bd897c793.png"},"point":834},{"user":{"uid":28,"userid":17,"name":"Mistyっ ゛","avatar":"https://cdn.discordapp.com/avatars/451086562617327616/3a7355e38c7bc476a871faee38e8f1c0.png"},"point":720},{"user":{"uid":214,"userid":164,"name":"hamez","avatar":""},"point":656},{"user":{"uid":108,"userid":83,"name":"mth.","avatar":"https://cdn.discordapp.com/avatars/1048895539606978651/a_ed23bd3b02d03ccafa443faf15ff38ca.gif"},"point":650},{"user":{"uid":15,"userid":10,"name":"MarlonSkills","avatar":"https://cdn.discordapp.com/avatars/315956778884005890/9a3d00de17d4e51023e4dc7542353ce7.png"},"point":555},{"user":{"uid":100,"userid":75,"name":"I am KingHeet","avatar":"https://static.truckersmp.com/avatarsN/3141865.1659238151.jpeg"},"point":550},{"user":{"uid":163,"userid":124,"name":"N1CK904","avatar":"https://cdn.discordapp.com/avatars/1056467542824206346/382880aa0ba504228fe5c5478bda93b2.png"},"point":545},{"user":{"uid":54,"userid":44,"name":"BDaken","avatar":"https://cdn.discordapp.com/avatars/216786480088088577/2b6f81c3727a628c4806c5a0ece25fcd.png"},"point":519},{"user":{"uid":140,"userid":107,"name":"Ata35","avatar":"https://cdn.discordapp.com/avatars/320518548046741505/67114a1cf7e0397b1e94fc8af83fd158.png"},"point":506},{"user":{"uid":174,"userid":134,"name":"Scottish Crowbar","avatar":"https://cdn.discordapp.com/avatars/797519024707600384/65cfe00c851aa9d7219c1b45d1862ffe.png"},"point":0},{"user":{"uid":285,"userid":212,"name":"Tezza4182","avatar":"https://cdn.discordapp.com/avatars/847917571759276104/7a3c2c45a40f20eaf892c5ce1fb5f891.png"},"point":0}]}