{"fmd":[{"user":{"uid":147,"userid":132,"name":"Der  Opa","avatar":"https://cdn.discordapp.com/avatars/390841934358249482/5182d95c0600108142ddbca2b09a1bb4.png"},"point":5451},{"user":{"uid":136,"userid":121,"name":"Fuzzi_One","avatar":"https://avatars.steamstatic.com/80dc5c843904a69c82033fa7600d24e61dc9b370_full.jpg"},"point":4346},{"user":{"uid":3,"userid":3,"name":"Yglo233","avatar":"https://avatars.steamstatic.com/31b7c52f47bfc7fdf48a7793bcc63254fbb4d4e0_full.jpg"},"point":4047},{"user":{"uid":190,"userid":168,"name":"DWELLER23","avatar":"https://avatars.steamstatic.com/415e39cd7b3cbe49442ef90b37c5e367980f8124_full.jpg"},"point":4040},{"user":{"uid":104,"userid":92,"name":"Mario","avatar":""},"point":3344},{"user":{"uid":72,"userid":64,"name":"BoucBrutal","avatar":"https://avatars.steamstatic.com/3b0d8bbe6bc98d9e4405baafe0d341663e8d5bf1_full.jpg"},"point":3310},{"user":{"uid":7,"userid":7,"name":"lordyee41","avatar":"https://avatars.steamstatic.com/0ae81ca7c6209a3391ea86d2da7ff019658732e0_full.jpg"},"point":3303},{"user":{"uid":176,"userid":157,"name":"SKELETOR96","avatar":"https://avatars.steamstatic.com/e2de94aa5b303690fc34a2784287b2ea576b1250_full.jpg"},"point":3111},{"user":{"uid":48,"userid":44,"name":"DeeBee","avatar":"https://avatars.steamstatic.com/dce158ba0978775e46796f95ac009ded8d52693f_full.jpg"},"point":2926},{"user":{"uid":201,"userid":177,"name":"Alexander","avatar":"https://avatars.steamstatic.com/2bf8d638de1cfc5daa528b34f1cc50e720746fb2_full.jpg"},"point":2676},{"user":{"uid":32,"userid":35,"name":"ChrisHB","avatar":"https://static.truckersmp.com/avatarsN/1701744.1706334814.jpg"},"point":2541},{"user":{"uid":157,"userid":149,"name":"[RSL] SlapVEVO","avatar":"https://cdn.discordapp.com/avatars/263769453165019148/9bbe47d6a17fa7b410126bcb9a98e7e5.png"},"point":2342},{"user":{"uid":166,"userid":148,"name":"Mr. Flamerbob","avatar":"https://avatars.steamstatic.com/f09c6f0a5e09fe9c72513549759e782358641670_full.jpg"},"point":1561},{"user":{"uid":75,"userid":67,"name":"GunGamerTV","avatar":"https://avatars.steamstatic.com/64ae1da41a9c51a5ab44c29f0b054b14123aabe4_full.jpg"},"point":1424},{"user":{"uid":114,"userid":99,"name":"melox030","avatar":"https://avatars.steamstatic.com/fef49e7fa7e1997310d705b2a6158ff8dc1cdfeb_full.jpg"},"point":1242},{"user":{"uid":171,"userid":154,"name":"dom_binda","avatar":"https://avatars.steamstatic.com/850c742b99f1bd3b7e51baab91a51db1ac4e08c8_full.jpg"},"point":1226},{"user":{"uid":202,"userid":176,"name":"Husky-Wolf","avatar":"https://avatars.steamstatic.com/b331eecb5a6494dedce1f093aa6e3ab82b9b0794_full.jpg"},"point":1199},{"user":{"uid":50,"userid":43,"name":"Tarial","avatar":"https://avatars.steamstatic.com/852cd2da47222f03895ad2c285d0980e4f003168_full.jpg"},"point":1141},{"user":{"uid":68,"userid":60,"name":"JoBro","avatar":"https://avatars.steamstatic.com/b1b8c9839ebbf8e0d885f64d1366a1ff95b0d0d5_full.jpg"},"point":1119},{"user":{"uid":64,"userid":57,"name":"captainbubatz","avatar":"https://avatars.steamstatic.com/05e287bb68b9dd3798bae459b8e7d4cc59c5e9a5_full.jpg"},"point":1078},{"user":{"uid":118,"userid":103,"name":"EinfachnurWolf","avatar":"https://avatars.steamstatic.com/dcddc28153a03ef589ba9b54c11a1edc4384acdf_full.jpg"},"point":1075},{"user":{"uid":134,"userid":119,"name":"Elżbieta Bosak","avatar":"https://avatars.steamstatic.com/3fa0cc4cf07503e4ee7542b46195aae10b7ec6e7_full.jpg"},"point":1069},{"user":{"uid":1,"userid":1,"name":"[RSL] Reamonn","avatar":"https://cdn.discordapp.com/avatars/208630023626817536/d6b5a101ffa2655e917e9e2ca950025a.png"},"point":1035},{"user":{"uid":31,"userid":22,"name":"[RSL] Fun_irrenanstalt","avatar":""},"point":1034},{"user":{"uid":38,"userid":27,"name":"elmundo1992","avatar":"https://avatars.steamstatic.com/54be38c13d0e7792de2af9a76c4e376766cf697a_full.jpg"},"point":1025},{"user":{"uid":131,"userid":116,"name":"DnS","avatar":"https://avatars.steamstatic.com/76b7a1118346ddac8e32198f37f89bdd31a1a9c7_full.jpg"},"point":870},{"user":{"uid":153,"userid":138,"name":"anvo97","avatar":"https://avatars.steamstatic.com/cb20d4b269536a4a6a6b5ee95d21a8bdc6587639_full.jpg"},"point":803},{"user":{"uid":180,"userid":159,"name":"HEFTI / Heiko","avatar":"https://avatars.steamstatic.com/377878dfc35ee55e1eac69a197f1347d78f35066_full.jpg"},"point":753},{"user":{"uid":139,"userid":124,"name":"felix-menzler","avatar":"https://avatars.steamstatic.com/92f23da5d9678dfe7c3d530a1c449c98331a0cca_full.jpg"},"point":709},{"user":{"uid":164,"userid":146,"name":"RecordingBadass","avatar":"https://avatars.steamstatic.com/60a08004ab4caf17dee67aeabda1d156d08dff11_full.jpg"},"point":707},{"user":{"uid":25,"userid":19,"name":"Razoraptor","avatar":"https://avatars.steamstatic.com/411f0a1d08563b0dcd648c344b113688287bfb1f_full.jpg"},"point":611},{"user":{"uid":86,"userid":77,"name":"Hryni","avatar":"https://avatars.steamstatic.com/0c8f01b7d411a479d2220fc9cae760ccb6ca7fa4_full.jpg"},"point":610},{"user":{"uid":98,"userid":88,"name":"2710150","avatar":"https://avatars.steamstatic.com/8b06c487bb6e3cf74c5ac6803b77ba8a7d9de45d_full.jpg"},"point":249},{"user":{"uid":28,"userid":21,"name":"Lenkradgreifer / Peter","avatar":"https://avatars.steamstatic.com/acf67207768cdc5be5f09aca6a9f7830bf27d6f7_full.jpg"},"point":2},{"user":{"uid":119,"userid":104,"name":"hansenluca06","avatar":"https://avatars.steamstatic.com/cc744d1a1b593d1fcbda3c00a975f994662815ff_full.jpg"},"point":0},{"user":{"uid":154,"userid":139,"name":"diedubblebres","avatar":"https://avatars.steamstatic.com/708b6fa271f19f23714dc247683d820bad1aa579_full.jpg"},"point":0},{"user":{"uid":168,"userid":151,"name":"LordMiLu","avatar":"https://avatars.steamstatic.com/90281bcb08a9d28ef4c343c5f6b8b75f093e4a9b_full.jpg"},"point":0},{"user":{"uid":177,"userid":158,"name":"Kloppster","avatar":"https://avatars.steamstatic.com/32e721501b65adb28b8fe6c8cfd103215969ae49_full.jpg"},"point":0}],"fma":[{"user":{"uid":147,"userid":132,"name":"Der  Opa","avatar":"https://cdn.discordapp.com/avatars/390841934358249482/5182d95c0600108142ddbca2b09a1bb4.png"},"point":5451},{"user":{"uid":136,"userid":121,"name":"Fuzzi_One","avatar":"https://avatars.steamstatic.com/80dc5c843904a69c82033fa7600d24e61dc9b370_full.jpg"},"point":4346},{"user":{"uid":3,"userid":3,"name":"Yglo233","avatar":"https://avatars.steamstatic.com/31b7c52f47bfc7fdf48a7793bcc63254fbb4d4e0_full.jpg"},"point":4047},{"user":{"uid":190,"userid":168,"name":"DWELLER23","avatar":"https://avatars.steamstatic.com/415e39cd7b3cbe49442ef90b37c5e367980f8124_full.jpg"},"point":4040},{"user":{"uid":104,"userid":92,"name":"Mario","avatar":""},"point":3344},{"user":{"uid":72,"userid":64,"name":"BoucBrutal","avatar":"https://avatars.steamstatic.com/3b0d8bbe6bc98d9e4405baafe0d341663e8d5bf1_full.jpg"},"point":3310},{"user":{"uid":7,"userid":7,"name":"lordyee41","avatar":"https://avatars.steamstatic.com/0ae81ca7c6209a3391ea86d2da7ff019658732e0_full.jpg"},"point":3303},{"user":{"uid":176,"userid":157,"name":"SKELETOR96","avatar":"https://avatars.steamstatic.com/e2de94aa5b303690fc34a2784287b2ea576b1250_full.jpg"},"point":3111},{"user":{"uid":48,"userid":44,"name":"DeeBee","avatar":"https://avatars.steamstatic.com/dce158ba0978775e46796f95ac009ded8d52693f_full.jpg"},"point":2926},{"user":{"uid":201,"userid":177,"name":"Alexander","avatar":"https://avatars.steamstatic.com/2bf8d638de1cfc5daa528b34f1cc50e720746fb2_full.jpg"},"point":2676},{"user":{"uid":32,"userid":35,"name":"ChrisHB","avatar":"https://static.truckersmp.com/avatarsN/1701744.1706334814.jpg"},"point":2541},{"user":{"uid":157,"userid":149,"name":"[RSL] SlapVEVO","avatar":"https://cdn.discordapp.com/avatars/263769453165019148/9bbe47d6a17fa7b410126bcb9a98e7e5.png"},"point":2342},{"user":{"uid":166,"userid":148,"name":"Mr. Flamerbob","avatar":"https://avatars.steamstatic.com/f09c6f0a5e09fe9c72513549759e782358641670_full.jpg"},"point":1561},{"user":{"uid":75,"userid":67,"name":"GunGamerTV","avatar":"https://avatars.steamstatic.com/64ae1da41a9c51a5ab44c29f0b054b14123aabe4_full.jpg"},"point":1424},{"user":{"uid":114,"userid":99,"name":"melox030","avatar":"https://avatars.steamstatic.com/fef49e7fa7e1997310d705b2a6158ff8dc1cdfeb_full.jpg"},"point":1242},{"user":{"uid":171,"userid":154,"name":"dom_binda","avatar":"https://avatars.steamstatic.com/850c742b99f1bd3b7e51baab91a51db1ac4e08c8_full.jpg"},"point":1226},{"user":{"uid":202,"userid":176,"name":"Husky-Wolf","avatar":"https://avatars.steamstatic.com/b331eecb5a6494dedce1f093aa6e3ab82b9b0794_full.jpg"},"point":1199},{"user":{"uid":50,"userid":43,"name":"Tarial","avatar":"https://avatars.steamstatic.com/852cd2da47222f03895ad2c285d0980e4f003168_full.jpg"},"point":1141},{"user":{"uid":68,"userid":60,"name":"JoBro","avatar":"https://avatars.steamstatic.com/b1b8c9839ebbf8e0d885f64d1366a1ff95b0d0d5_full.jpg"},"point":1119},{"user":{"uid":64,"userid":57,"name":"captainbubatz","avatar":"https://avatars.steamstatic.com/05e287bb68b9dd3798bae459b8e7d4cc59c5e9a5_full.jpg"},"point":1078},{"user":{"uid":118,"userid":103,"name":"EinfachnurWolf","avatar":"https://avatars.steamstatic.com/dcddc28153a03ef589ba9b54c11a1edc4384acdf_full.jpg"},"point":1075},{"user":{"uid":134,"userid":119,"name":"Elżbieta Bosak","avatar":"https://avatars.steamstatic.com/3fa0cc4cf07503e4ee7542b46195aae10b7ec6e7_full.jpg"},"point":1069},{"user":{"uid":1,"userid":1,"name":"[RSL] Reamonn","avatar":"https://cdn.discordapp.com/avatars/208630023626817536/d6b5a101ffa2655e917e9e2ca950025a.png"},"point":1035},{"user":{"uid":31,"userid":22,"name":"[RSL] Fun_irrenanstalt","avatar":""},"point":1034},{"user":{"uid":38,"userid":27,"name":"elmundo1992","avatar":"https://avatars.steamstatic.com/54be38c13d0e7792de2af9a76c4e376766cf697a_full.jpg"},"point":1025},{"user":{"uid":131,"userid":116,"name":"DnS","avatar":"https://avatars.steamstatic.com/76b7a1118346ddac8e32198f37f89bdd31a1a9c7_full.jpg"},"point":870},{"user":{"uid":153,"userid":138,"name":"anvo97","avatar":"https://avatars.steamstatic.com/cb20d4b269536a4a6a6b5ee95d21a8bdc6587639_full.jpg"},"point":803},{"user":{"uid":180,"userid":159,"name":"HEFTI / Heiko","avatar":"https://avatars.steamstatic.com/377878dfc35ee55e1eac69a197f1347d78f35066_full.jpg"},"point":753},{"user":{"uid":139,"userid":124,"name":"felix-menzler","avatar":"https://avatars.steamstatic.com/92f23da5d9678dfe7c3d530a1c449c98331a0cca_full.jpg"},"point":709},{"user":{"uid":164,"userid":146,"name":"RecordingBadass","avatar":"https://avatars.steamstatic.com/60a08004ab4caf17dee67aeabda1d156d08dff11_full.jpg"},"point":707},{"user":{"uid":25,"userid":19,"name":"Razoraptor","avatar":"https://avatars.steamstatic.com/411f0a1d08563b0dcd648c344b113688287bfb1f_full.jpg"},"point":611},{"user":{"uid":86,"userid":77,"name":"Hryni","avatar":"https://avatars.steamstatic.com/0c8f01b7d411a479d2220fc9cae760ccb6ca7fa4_full.jpg"},"point":610},{"user":{"uid":98,"userid":88,"name":"2710150","avatar":"https://avatars.steamstatic.com/8b06c487bb6e3cf74c5ac6803b77ba8a7d9de45d_full.jpg"},"point":249},{"user":{"uid":99,"userid":110,"name":"[RSL]Albanr.9","avatar":"https://avatars.steamstatic.com/b3773af8338e7a36b55ec298e6dee7f4e0cd9aa0_full.jpg"},"point":200},{"user":{"uid":28,"userid":21,"name":"Lenkradgreifer / Peter","avatar":"https://avatars.steamstatic.com/acf67207768cdc5be5f09aca6a9f7830bf27d6f7_full.jpg"},"point":2},{"user":{"uid":119,"userid":104,"name":"hansenluca06","avatar":"https://avatars.steamstatic.com/cc744d1a1b593d1fcbda3c00a975f994662815ff_full.jpg"},"point":0},{"user":{"uid":154,"userid":139,"name":"diedubblebres","avatar":"https://avatars.steamstatic.com/708b6fa271f19f23714dc247683d820bad1aa579_full.jpg"},"point":0},{"user":{"uid":168,"userid":151,"name":"LordMiLu","avatar":"https://avatars.steamstatic.com/90281bcb08a9d28ef4c343c5f6b8b75f093e4a9b_full.jpg"},"point":0},{"user":{"uid":177,"userid":158,"name":"Kloppster","avatar":"https://avatars.steamstatic.com/32e721501b65adb28b8fe6c8cfd103215969ae49_full.jpg"},"point":0}]}