{"fmd":[{"user":{"uid":7,"userid":4,"name":"Dinomad17","avatar":"https://cdn.discordapp.com/avatars/820628417946845225/4c082ff2ded723cca8c5a8e93c74db25.png"},"point":3062},{"user":{"uid":3,"userid":8,"name":"STA | Founder lcplgibling5","avatar":"https://cdn.discordapp.com/avatars/1097971085900795914/b179948fbb20ea74fc77a22d4b134fa2.png"},"point":2913},{"user":{"uid":1,"userid":1,"name":"STA | SM | Just Tanging Along","avatar":"https://cdn.discordapp.com/avatars/1213697116950765690/7e4efadd617d2daa05e5774b408d3f56.png"},"point":870},{"user":{"uid":10,"userid":7,"name":"riley.mcmurtry2008","avatar":"https://avatars.steamstatic.com/14c2819613ca3a59e5cd902c5c3ff8ae66ff7a81_full.jpg"},"point":853},{"user":{"uid":8,"userid":5,"name":"Smash","avatar":"https://avatars.steamstatic.com/1e07a7a864a0d4e3261d49407b758877521e92da_full.jpg"},"point":233}],"fma":[{"user":{"uid":7,"userid":4,"name":"Dinomad17","avatar":"https://cdn.discordapp.com/avatars/820628417946845225/4c082ff2ded723cca8c5a8e93c74db25.png"},"point":4697},{"user":{"uid":3,"userid":8,"name":"STA | Founder lcplgibling5","avatar":"https://cdn.discordapp.com/avatars/1097971085900795914/b179948fbb20ea74fc77a22d4b134fa2.png"},"point":3913},{"user":{"uid":1,"userid":1,"name":"STA | SM | Just Tanging Along","avatar":"https://cdn.discordapp.com/avatars/1213697116950765690/7e4efadd617d2daa05e5774b408d3f56.png"},"point":1389},{"user":{"uid":10,"userid":7,"name":"riley.mcmurtry2008","avatar":"https://avatars.steamstatic.com/14c2819613ca3a59e5cd902c5c3ff8ae66ff7a81_full.jpg"},"point":1353},{"user":{"uid":8,"userid":5,"name":"Smash","avatar":"https://avatars.steamstatic.com/1e07a7a864a0d4e3261d49407b758877521e92da_full.jpg"},"point":733}]}