{"fmd":[{"user":{"uid":3,"userid":3,"name":"Exotic","avatar":"https://cdn.discordapp.com/avatars/700374237877239900/a_21e1ff939d6a4f746de039650ff02a1d.gif"},"point":2167},{"user":{"uid":1,"userid":1,"name":"RageDev","avatar":"https://cdn.discordapp.com/avatars/461836521335685120/dda93fcefdcfe9188fdda0adc2a5b012.png"},"point":237},{"user":{"uid":8,"userid":6,"name":"𝐒kyHεadεя","avatar":"https://cdn.discordapp.com/avatars/368478030504525825/0e043adf10e519ea7205a27fc0f2bf23.png"},"point":119}],"fma":[{"user":{"uid":3,"userid":3,"name":"Exotic","avatar":"https://cdn.discordapp.com/avatars/700374237877239900/a_21e1ff939d6a4f746de039650ff02a1d.gif"},"point":2167},{"user":{"uid":1,"userid":1,"name":"RageDev","avatar":"https://cdn.discordapp.com/avatars/461836521335685120/dda93fcefdcfe9188fdda0adc2a5b012.png"},"point":337},{"user":{"uid":8,"userid":6,"name":"𝐒kyHεadεя","avatar":"https://cdn.discordapp.com/avatars/368478030504525825/0e043adf10e519ea7205a27fc0f2bf23.png"},"point":119}]}