{"fmd":[{"user":{"uid":8,"userid":8,"name":"I Love Chlorine","avatar":"https://cdn.discordapp.com/avatars/313259967195119618/262ec9e36ebbca8c8fc859e56bb4e0ab.png"},"point":2334},{"user":{"uid":6,"userid":6,"name":"Turnerr","avatar":"https://cdn.discordapp.com/avatars/312631180811960323/c949424f0736baed8a5224440edd7a6f.png"},"point":2215},{"user":{"uid":29,"userid":23,"name":"Tyler23","avatar":"https://cdn.discordapp.com/avatars/376484356820303872/ac68e90848524f7fdba22362300a9b63.png"},"point":1323},{"user":{"uid":27,"userid":22,"name":"Ryan 1","avatar":"https://cdn.discordapp.com/avatars/801393155512860683/f1010ed26cc6153adc64a3d164862dca.png"},"point":382}],"fma":[{"user":{"uid":8,"userid":8,"name":"I Love Chlorine","avatar":"https://cdn.discordapp.com/avatars/313259967195119618/262ec9e36ebbca8c8fc859e56bb4e0ab.png"},"point":2334},{"user":{"uid":6,"userid":6,"name":"Turnerr","avatar":"https://cdn.discordapp.com/avatars/312631180811960323/c949424f0736baed8a5224440edd7a6f.png"},"point":2233},{"user":{"uid":29,"userid":23,"name":"Tyler23","avatar":"https://cdn.discordapp.com/avatars/376484356820303872/ac68e90848524f7fdba22362300a9b63.png"},"point":1423},{"user":{"uid":27,"userid":22,"name":"Ryan 1","avatar":"https://cdn.discordapp.com/avatars/801393155512860683/f1010ed26cc6153adc64a3d164862dca.png"},"point":482}]}