{"fmd":[{"user":{"uid":5,"userid":3,"name":"{Wild Hogz} Dennisthe8th","avatar":"https://cdn.discordapp.com/avatars/575015095894016014/69fc086441725970662f0b9ba9bf5e32.png"},"point":12662},{"user":{"uid":64,"userid":53,"name":"{Wild Hogz} Lango2K","avatar":"https://cdn.discordapp.com/avatars/155344631628824586/23ae01fa02a7351bf040e2ffcceedb95.png"},"point":8286},{"user":{"uid":42,"userid":35,"name":"{Wild Hogz} Kazuhira","avatar":"https://cdn.discordapp.com/avatars/225785171977175051/48c9493c48aa2f43ad6a6c4fd44812e1.png"},"point":7175},{"user":{"uid":46,"userid":37,"name":"{Wild Hogz} MysticalKief","avatar":"https://cdn.discordapp.com/avatars/498659512081973248/15c947ebb3b550bee883b0c47337c7ac.png"},"point":7014},{"user":{"uid":6,"userid":4,"name":"{Wild Hogz} xBoss Hogx","avatar":"https://cdn.discordapp.com/avatars/395641245973741570/1d2f3aa509dfa1d50abcd99dc298bcf2.png"},"point":6561},{"user":{"uid":11,"userid":9,"name":"{Wild Hogz} Maciek","avatar":"https://cdn.discordapp.com/avatars/282728597209481216/cc91713475ae575649772cee951992ba.png"},"point":5668},{"user":{"uid":56,"userid":45,"name":"{Wild Hogz} jbica","avatar":"https://cdn.discordapp.com/avatars/394272398930739212/488d03490a2359e57a3622544f8bbba2.png"},"point":5622},{"user":{"uid":1,"userid":1,"name":"{Wild Hogz} Chappy1225","avatar":"https://cdn.discordapp.com/avatars/480244047311667201/b51db2fc9e7e314933519021bee4ae3e.png"},"point":3686},{"user":{"uid":68,"userid":57,"name":"{Wild Hogz} ethansick101","avatar":"https://cdn.discordapp.com/avatars/536776529565319179/07d66746a195f5fc4c5d5de87274e9f2.png"},"point":2743},{"user":{"uid":18,"userid":14,"name":"{Wild Hogz} Gamerman","avatar":"https://cdn.discordapp.com/avatars/573630780778086410/a_674628635bbdee5ef172597209a914dd.gif"},"point":2583},{"user":{"uid":8,"userid":6,"name":"{Wild Hogz} Murdernova256","avatar":"https://cdn.discordapp.com/avatars/549931745584349185/9647aabac5de7bc6ca63f26696871246.png"},"point":2536},{"user":{"uid":62,"userid":51,"name":"{Wild Hogz} Quietly","avatar":"https://cdn.discordapp.com/avatars/868245424748789780/8a1ab23c30376d3abf61f312883016ee.png"},"point":2290},{"user":{"uid":12,"userid":10,"name":"{Wild Hogz} soulsmasher6666","avatar":"https://cdn.discordapp.com/avatars/1158045973369593856/b2645d6cde0a401682204bea2d404c0d.png"},"point":1736},{"user":{"uid":7,"userid":5,"name":"{Wild Hogz} Jacket","avatar":"https://cdn.discordapp.com/avatars/111638504500408320/880678f246665808c2165f5f693b72cd.png"},"point":854}],"fma":[{"user":{"uid":5,"userid":3,"name":"{Wild Hogz} Dennisthe8th","avatar":"https://cdn.discordapp.com/avatars/575015095894016014/69fc086441725970662f0b9ba9bf5e32.png"},"point":12885},{"user":{"uid":64,"userid":53,"name":"{Wild Hogz} Lango2K","avatar":"https://cdn.discordapp.com/avatars/155344631628824586/23ae01fa02a7351bf040e2ffcceedb95.png"},"point":8286},{"user":{"uid":42,"userid":35,"name":"{Wild Hogz} Kazuhira","avatar":"https://cdn.discordapp.com/avatars/225785171977175051/48c9493c48aa2f43ad6a6c4fd44812e1.png"},"point":8175},{"user":{"uid":46,"userid":37,"name":"{Wild Hogz} MysticalKief","avatar":"https://cdn.discordapp.com/avatars/498659512081973248/15c947ebb3b550bee883b0c47337c7ac.png"},"point":8014},{"user":{"uid":6,"userid":4,"name":"{Wild Hogz} xBoss Hogx","avatar":"https://cdn.discordapp.com/avatars/395641245973741570/1d2f3aa509dfa1d50abcd99dc298bcf2.png"},"point":7210},{"user":{"uid":11,"userid":9,"name":"{Wild Hogz} Maciek","avatar":"https://cdn.discordapp.com/avatars/282728597209481216/cc91713475ae575649772cee951992ba.png"},"point":6668},{"user":{"uid":56,"userid":45,"name":"{Wild Hogz} jbica","avatar":"https://cdn.discordapp.com/avatars/394272398930739212/488d03490a2359e57a3622544f8bbba2.png"},"point":6205},{"user":{"uid":1,"userid":1,"name":"{Wild Hogz} Chappy1225","avatar":"https://cdn.discordapp.com/avatars/480244047311667201/b51db2fc9e7e314933519021bee4ae3e.png"},"point":3686},{"user":{"uid":18,"userid":14,"name":"{Wild Hogz} Gamerman","avatar":"https://cdn.discordapp.com/avatars/573630780778086410/a_674628635bbdee5ef172597209a914dd.gif"},"point":3083},{"user":{"uid":68,"userid":57,"name":"{Wild Hogz} ethansick101","avatar":"https://cdn.discordapp.com/avatars/536776529565319179/07d66746a195f5fc4c5d5de87274e9f2.png"},"point":2813},{"user":{"uid":62,"userid":51,"name":"{Wild Hogz} Quietly","avatar":"https://cdn.discordapp.com/avatars/868245424748789780/8a1ab23c30376d3abf61f312883016ee.png"},"point":2790},{"user":{"uid":8,"userid":6,"name":"{Wild Hogz} Murdernova256","avatar":"https://cdn.discordapp.com/avatars/549931745584349185/9647aabac5de7bc6ca63f26696871246.png"},"point":2536},{"user":{"uid":12,"userid":10,"name":"{Wild Hogz} soulsmasher6666","avatar":"https://cdn.discordapp.com/avatars/1158045973369593856/b2645d6cde0a401682204bea2d404c0d.png"},"point":1736},{"user":{"uid":7,"userid":5,"name":"{Wild Hogz} Jacket","avatar":"https://cdn.discordapp.com/avatars/111638504500408320/880678f246665808c2165f5f693b72cd.png"},"point":864}]}