{"fmd":[{"user":{"uid":1061,"userid":656,"name":"Thy Night Owl","avatar":"https://cdn.discordapp.com/avatars/678366200312496154/7e3c44efb2393e0a9a4b593cb42f936d.png"},"point":4303},{"user":{"uid":1411,"userid":867,"name":"Coolengineer","avatar":"https://cdn.discordapp.com/avatars/247159248272752640/59e18cf589e2aaee61edb8d0a62b6b48.png"},"point":3751},{"user":{"uid":87,"userid":203,"name":"pvfcmatt1","avatar":"https://cdn.discordapp.com/avatars/668822602806198278/eb4c4684efc13d2a58ddeae555edc5a7.png"},"point":3726},{"user":{"uid":793,"userid":516,"name":"Yeltta","avatar":"https://cdn.discordapp.com/avatars/1091420988115259442/e754a9767deffcf8b01f23c55dd3da46.png"},"point":3088},{"user":{"uid":1034,"userid":635,"name":"fox_bot","avatar":"https://cdn.discordapp.com/avatars/673289306424475659/6760c43d2e087fd99eeef160473251a3.png"},"point":2838},{"user":{"uid":717,"userid":477,"name":"Turnt","avatar":"https://cdn.discordapp.com/avatars/417130736848470039/a_af2f73ff3f0bf8c460edc1b1f02192f9.gif"},"point":2581},{"user":{"uid":1448,"userid":894,"name":"jason","avatar":"https://cdn.discordapp.com/avatars/853206258512298024/0fef9b881357560e340b10568c517402.png"},"point":2476},{"user":{"uid":1187,"userid":726,"name":"afrikandionysus","avatar":"https://cdn.discordapp.com/avatars/759714918177177670/661f5840a2c808aa6c88959f5a379f8d.png"},"point":2474},{"user":{"uid":1039,"userid":637,"name":"Dutchman6149","avatar":"https://cdn.discordapp.com/avatars/1089970918169776317/518899061d0c7aa71638cf2a46dfa547.png"},"point":2382},{"user":{"uid":3,"userid":2,"name":"Delta","avatar":"https://cdn.discordapp.com/avatars/710535657650651157/e21a44412b740e2e3bba4f4cc015a9e8.png"},"point":2375},{"user":{"uid":1438,"userid":890,"name":"DonDrix","avatar":"https://cdn.discordapp.com/avatars/334372720789815308/fd5ba77e32c2f1e611be6342843fa544.png"},"point":1856},{"user":{"uid":811,"userid":524,"name":"GroMan","avatar":"https://cdn.discordapp.com/avatars/765968204350095370/f4920ff9d510740ba6007f9a278e1002.png"},"point":1687},{"user":{"uid":1382,"userid":847,"name":"Aeroplane","avatar":"https://cdn.discordapp.com/avatars/919580354736705617/cd8c60e397730ab82e685faaf72d3c77.png"},"point":1649},{"user":{"uid":1291,"userid":792,"name":"Zachey","avatar":"https://cdn.discordapp.com/avatars/612403127517315072/47ce0b865674b635f44d43634494d755.png"},"point":1573},{"user":{"uid":1271,"userid":780,"name":"brazvo (Bruno)","avatar":"https://cdn.discordapp.com/avatars/823826275964682251/c28159cbabe58874bd1244a97d68d24b.png"},"point":1490},{"user":{"uid":971,"userid":604,"name":"patriotic clone trooper","avatar":"https://cdn.discordapp.com/avatars/577748827470168075/3f3c57f906d80e80dff8ed6e54c70d25.png"},"point":1449},{"user":{"uid":1378,"userid":843,"name":"dandelion","avatar":"https://cdn.discordapp.com/avatars/924070723952209941/6d40e5aa69459181ef2bc03107156cc0.png"},"point":1165},{"user":{"uid":1419,"userid":880,"name":"Mister E","avatar":"https://cdn.discordapp.com/avatars/519617154782461991/4a0616a32ffc7f7ee6eeeeab8c9952e5.png"},"point":1113},{"user":{"uid":1373,"userid":841,"name":"gille9216","avatar":""},"point":1020},{"user":{"uid":1430,"userid":886,"name":"Maddypat","avatar":"https://cdn.discordapp.com/avatars/685159646977327231/4e57d31d0a98f9d98d1cd070848451e3.png"},"point":1016},{"user":{"uid":872,"userid":555,"name":"Chris","avatar":"https://cdn.discordapp.com/avatars/741351957083717673/6f29d9d878b4b6e616e47fb64d9fc2e4.png"},"point":939},{"user":{"uid":119,"userid":258,"name":"LordLegend","avatar":"https://cdn.discordapp.com/avatars/507573290995417108/294e2517c647c3c8703945fbc200afcd.png"},"point":884},{"user":{"uid":619,"userid":418,"name":"LOA | NumberHunter91","avatar":"https://cdn.discordapp.com/avatars/276407067223392256/c656134c8d2a712de1b2dbaf3856e995.png"},"point":858},{"user":{"uid":1414,"userid":870,"name":"Azure Phantom","avatar":"https://avatars.steamstatic.com/8a78a24d3ae3031caf2695bc4dede2d6eb7af7cf_full.jpg"},"point":858},{"user":{"uid":1266,"userid":775,"name":"Khan_X1","avatar":"https://static.truckersmp.com/avatarsN/5358897.1705606399.png"},"point":857},{"user":{"uid":159,"userid":312,"name":"SugarFr33","avatar":"https://cdn.discordapp.com/avatars/201772157087383553/f9067034f4df1893aef1e1bf739998d1.png"},"point":809},{"user":{"uid":29,"userid":79,"name":"Andrew B.","avatar":"https://cdn.discordapp.com/avatars/224307743073239040/820d5fa00cb1d416d2b00ca8c296d7bf.png"},"point":757},{"user":{"uid":112,"userid":657,"name":"zatrisss","avatar":"https://cdn.discordapp.com/avatars/270114281280765956/4dc89eaaac37811ab06058499942981b.png"},"point":740},{"user":{"uid":1253,"userid":769,"name":"Sunny","avatar":"https://cdn.discordapp.com/avatars/335148756653572098/00a5292662c6be574ce781717de8bfeb.png"},"point":722},{"user":{"uid":1097,"userid":670,"name":"Ramin Tanuwong [TH]","avatar":"https://static.truckersmp.com/avatarsN/3757199.1645214262.jpg"},"point":672},{"user":{"uid":716,"userid":476,"name":"mwe2187","avatar":"https://cdn.discordapp.com/avatars/628250855899922448/93721c72d6dba299ffc43f2a9a13483b.png"},"point":468},{"user":{"uid":156,"userid":308,"name":"Finley Fennacs","avatar":"https://cdn.discordapp.com/avatars/177493036031410176/3f47a89be0eb84e8ad989ba76e78b620.png"},"point":421},{"user":{"uid":1316,"userid":807,"name":"Gota","avatar":"https://cdn.discordapp.com/avatars/167291299693723648/beb31f691ab4478e3268181a76f3a451.png"},"point":408},{"user":{"uid":41,"userid":820,"name":"Jack","avatar":"https://cdn.discordapp.com/avatars/555074609544822795/d3665ab7e4604312949fcceb877b56b0.png"},"point":200},{"user":{"uid":968,"userid":602,"name":"Svampen Bob","avatar":"https://cdn.discordapp.com/avatars/323528455209877505/bd28ff6f721d0a3c44f06e7301bb8ff4.png"},"point":0}],"fma":[{"user":{"uid":1061,"userid":656,"name":"Thy Night Owl","avatar":"https://cdn.discordapp.com/avatars/678366200312496154/7e3c44efb2393e0a9a4b593cb42f936d.png"},"point":6298},{"user":{"uid":87,"userid":203,"name":"pvfcmatt1","avatar":"https://cdn.discordapp.com/avatars/668822602806198278/eb4c4684efc13d2a58ddeae555edc5a7.png"},"point":5926},{"user":{"uid":119,"userid":258,"name":"LordLegend","avatar":"https://cdn.discordapp.com/avatars/507573290995417108/294e2517c647c3c8703945fbc200afcd.png"},"point":4161},{"user":{"uid":1411,"userid":867,"name":"Coolengineer","avatar":"https://cdn.discordapp.com/avatars/247159248272752640/59e18cf589e2aaee61edb8d0a62b6b48.png"},"point":4128},{"user":{"uid":1187,"userid":726,"name":"afrikandionysus","avatar":"https://cdn.discordapp.com/avatars/759714918177177670/661f5840a2c808aa6c88959f5a379f8d.png"},"point":3684},{"user":{"uid":3,"userid":2,"name":"Delta","avatar":"https://cdn.discordapp.com/avatars/710535657650651157/e21a44412b740e2e3bba4f4cc015a9e8.png"},"point":3651},{"user":{"uid":793,"userid":516,"name":"Yeltta","avatar":"https://cdn.discordapp.com/avatars/1091420988115259442/e754a9767deffcf8b01f23c55dd3da46.png"},"point":3280},{"user":{"uid":1034,"userid":635,"name":"fox_bot","avatar":"https://cdn.discordapp.com/avatars/673289306424475659/6760c43d2e087fd99eeef160473251a3.png"},"point":3225},{"user":{"uid":717,"userid":477,"name":"Turnt","avatar":"https://cdn.discordapp.com/avatars/417130736848470039/a_af2f73ff3f0bf8c460edc1b1f02192f9.gif"},"point":2764},{"user":{"uid":1291,"userid":792,"name":"Zachey","avatar":"https://cdn.discordapp.com/avatars/612403127517315072/47ce0b865674b635f44d43634494d755.png"},"point":2701},{"user":{"uid":1039,"userid":637,"name":"Dutchman6149","avatar":"https://cdn.discordapp.com/avatars/1089970918169776317/518899061d0c7aa71638cf2a46dfa547.png"},"point":2680},{"user":{"uid":1382,"userid":847,"name":"Aeroplane","avatar":"https://cdn.discordapp.com/avatars/919580354736705617/cd8c60e397730ab82e685faaf72d3c77.png"},"point":2624},{"user":{"uid":1448,"userid":894,"name":"jason","avatar":"https://cdn.discordapp.com/avatars/853206258512298024/0fef9b881357560e340b10568c517402.png"},"point":2624},{"user":{"uid":1271,"userid":780,"name":"brazvo (Bruno)","avatar":"https://cdn.discordapp.com/avatars/823826275964682251/c28159cbabe58874bd1244a97d68d24b.png"},"point":2415},{"user":{"uid":1438,"userid":890,"name":"DonDrix","avatar":"https://cdn.discordapp.com/avatars/334372720789815308/fd5ba77e32c2f1e611be6342843fa544.png"},"point":1888},{"user":{"uid":811,"userid":524,"name":"GroMan","avatar":"https://cdn.discordapp.com/avatars/765968204350095370/f4920ff9d510740ba6007f9a278e1002.png"},"point":1870},{"user":{"uid":1097,"userid":670,"name":"Ramin Tanuwong [TH]","avatar":"https://static.truckersmp.com/avatarsN/3757199.1645214262.jpg"},"point":1797},{"user":{"uid":1378,"userid":843,"name":"dandelion","avatar":"https://cdn.discordapp.com/avatars/924070723952209941/6d40e5aa69459181ef2bc03107156cc0.png"},"point":1768},{"user":{"uid":112,"userid":657,"name":"zatrisss","avatar":"https://cdn.discordapp.com/avatars/270114281280765956/4dc89eaaac37811ab06058499942981b.png"},"point":1733},{"user":{"uid":971,"userid":604,"name":"patriotic clone trooper","avatar":"https://cdn.discordapp.com/avatars/577748827470168075/3f3c57f906d80e80dff8ed6e54c70d25.png"},"point":1531},{"user":{"uid":924,"userid":576,"name":"🌈Hearty_Laces🌈They/Them","avatar":"https://cdn.discordapp.com/avatars/461978281906929675/9128b3d5991d797b2e4060e71c4c5f41.png"},"point":1517},{"user":{"uid":1105,"userid":675,"name":"Jack3D60","avatar":"https://cdn.discordapp.com/avatars/805496381754048572/bcf10ae824b274e1c532971dcb857977.png"},"point":1238},{"user":{"uid":1419,"userid":880,"name":"Mister E","avatar":"https://cdn.discordapp.com/avatars/519617154782461991/4a0616a32ffc7f7ee6eeeeab8c9952e5.png"},"point":1208},{"user":{"uid":872,"userid":555,"name":"Chris","avatar":"https://cdn.discordapp.com/avatars/741351957083717673/6f29d9d878b4b6e616e47fb64d9fc2e4.png"},"point":1075},{"user":{"uid":1373,"userid":841,"name":"gille9216","avatar":""},"point":1048},{"user":{"uid":1430,"userid":886,"name":"Maddypat","avatar":"https://cdn.discordapp.com/avatars/685159646977327231/4e57d31d0a98f9d98d1cd070848451e3.png"},"point":1036},{"user":{"uid":159,"userid":312,"name":"SugarFr33","avatar":"https://cdn.discordapp.com/avatars/201772157087383553/f9067034f4df1893aef1e1bf739998d1.png"},"point":902},{"user":{"uid":1266,"userid":775,"name":"Khan_X1","avatar":"https://static.truckersmp.com/avatarsN/5358897.1705606399.png"},"point":899},{"user":{"uid":1414,"userid":870,"name":"Azure Phantom","avatar":"https://avatars.steamstatic.com/8a78a24d3ae3031caf2695bc4dede2d6eb7af7cf_full.jpg"},"point":888},{"user":{"uid":1253,"userid":769,"name":"Sunny","avatar":"https://cdn.discordapp.com/avatars/335148756653572098/00a5292662c6be574ce781717de8bfeb.png"},"point":870},{"user":{"uid":619,"userid":418,"name":"LOA | NumberHunter91","avatar":"https://cdn.discordapp.com/avatars/276407067223392256/c656134c8d2a712de1b2dbaf3856e995.png"},"point":858},{"user":{"uid":29,"userid":79,"name":"Andrew B.","avatar":"https://cdn.discordapp.com/avatars/224307743073239040/820d5fa00cb1d416d2b00ca8c296d7bf.png"},"point":836},{"user":{"uid":716,"userid":476,"name":"mwe2187","avatar":"https://cdn.discordapp.com/avatars/628250855899922448/93721c72d6dba299ffc43f2a9a13483b.png"},"point":468},{"user":{"uid":156,"userid":308,"name":"Finley Fennacs","avatar":"https://cdn.discordapp.com/avatars/177493036031410176/3f47a89be0eb84e8ad989ba76e78b620.png"},"point":421},{"user":{"uid":1316,"userid":807,"name":"Gota","avatar":"https://cdn.discordapp.com/avatars/167291299693723648/beb31f691ab4478e3268181a76f3a451.png"},"point":408},{"user":{"uid":41,"userid":820,"name":"Jack","avatar":"https://cdn.discordapp.com/avatars/555074609544822795/d3665ab7e4604312949fcceb877b56b0.png"},"point":200},{"user":{"uid":968,"userid":602,"name":"Svampen Bob","avatar":"https://cdn.discordapp.com/avatars/323528455209877505/bd28ff6f721d0a3c44f06e7301bb8ff4.png"},"point":0}]}