{"fmd":[{"user":{"uid":96,"userid":120,"name":"Pattarapon","avatar":"https://cdn.discordapp.com/avatars/687263407417720832/a_c8f593c66e5dce0aeea7d8e0dc04e0cc.gif"},"point":10399},{"user":{"uid":460,"userid":245,"name":"Malinois","avatar":"https://cdn.discordapp.com/avatars/674758857154887710/9984f9f4d45a58816391042a4ec4d2da.png"},"point":6268},{"user":{"uid":178,"userid":142,"name":"Kai'Sa☆UnSyn Amagiri","avatar":"https://cdn.discordapp.com/avatars/234026448229367809/3e769a6aef362f7e3f4ea09b2d3f5367.png"},"point":6044},{"user":{"uid":100,"userid":124,"name":"Nexusover","avatar":"https://cdn.discordapp.com/avatars/531793623331635201/a_200acad6bb16f43fd5eda378ea422f0e.gif"},"point":1934},{"user":{"uid":479,"userid":252,"name":"ST1G","avatar":"https://cdn.discordapp.com/avatars/515890400494616608/f4bac7aef316082f7bad4fcbb6b39570.png"},"point":1511},{"user":{"uid":364,"userid":215,"name":"[MCG] Danish_v8","avatar":"https://static.truckersmp.com/avatarsN/3882826.1651322428.jpg"},"point":846},{"user":{"uid":470,"userid":253,"name":"[MCG] Lucasg4329 [FR]","avatar":"https://static.truckersmp.com/avatarsN/defaultavatar.png"},"point":136},{"user":{"uid":300,"userid":197,"name":"zoop","avatar":"https://cdn.discordapp.com/avatars/221167310986149888/834a0f2ed8b4aacbb621e04069eba462.png"},"point":0}],"fma":[{"user":{"uid":96,"userid":120,"name":"Pattarapon","avatar":"https://cdn.discordapp.com/avatars/687263407417720832/a_c8f593c66e5dce0aeea7d8e0dc04e0cc.gif"},"point":10399},{"user":{"uid":460,"userid":245,"name":"Malinois","avatar":"https://cdn.discordapp.com/avatars/674758857154887710/9984f9f4d45a58816391042a4ec4d2da.png"},"point":6268},{"user":{"uid":178,"userid":142,"name":"Kai'Sa☆UnSyn Amagiri","avatar":"https://cdn.discordapp.com/avatars/234026448229367809/3e769a6aef362f7e3f4ea09b2d3f5367.png"},"point":6044},{"user":{"uid":100,"userid":124,"name":"Nexusover","avatar":"https://cdn.discordapp.com/avatars/531793623331635201/a_200acad6bb16f43fd5eda378ea422f0e.gif"},"point":1934},{"user":{"uid":479,"userid":252,"name":"ST1G","avatar":"https://cdn.discordapp.com/avatars/515890400494616608/f4bac7aef316082f7bad4fcbb6b39570.png"},"point":1511},{"user":{"uid":364,"userid":215,"name":"[MCG] Danish_v8","avatar":"https://static.truckersmp.com/avatarsN/3882826.1651322428.jpg"},"point":846},{"user":{"uid":470,"userid":253,"name":"[MCG] Lucasg4329 [FR]","avatar":"https://static.truckersmp.com/avatarsN/defaultavatar.png"},"point":136},{"user":{"uid":300,"userid":197,"name":"zoop","avatar":"https://cdn.discordapp.com/avatars/221167310986149888/834a0f2ed8b4aacbb621e04069eba462.png"},"point":0}]}