{"fmd":[{"user":{"uid":71,"userid":60,"name":"geronimo8815","avatar":"https://static.truckersmp.com/avatarsN/5294261.1711913743.png"},"point":6534},{"user":{"uid":152,"userid":135,"name":"manu7432","avatar":"https://cdn.discordapp.com/avatars/1024735246249373777/2d7e240ada7e8d3f41e4150fb6b1d0aa.png"},"point":5600},{"user":{"uid":43,"userid":31,"name":"[GER]Christian","avatar":"https://static.truckersmp.com/avatarsN/196694.1705792859.png"},"point":4529},{"user":{"uid":68,"userid":57,"name":"Anthonyaski","avatar":"https://cdn.discordapp.com/avatars/334780188703588362/4af94601e420a28c570fce2b038e0b23.png"},"point":4210},{"user":{"uid":295,"userid":246,"name":"Tiberius","avatar":"https://cdn.discordapp.com/avatars/305385843428950026/6c00ebb9bf00d5c68028e29af849b1ad.png"},"point":3771},{"user":{"uid":93,"userid":79,"name":"Starvin Marvin","avatar":"https://cdn.discordapp.com/avatars/616564166379044893/597930cdaf15fb1a0044037d135a7ceb.png"},"point":3513},{"user":{"uid":46,"userid":44,"name":"Linus14_trucker","avatar":"https://cdn.discordapp.com/avatars/973298563750719518/f8077addf056d9aaf51c748928a4a6d2.png"},"point":3111},{"user":{"uid":194,"userid":188,"name":"[FLG] derMicha","avatar":"https://cdn.discordapp.com/avatars/951482086072660018/6f6fb9e5f328bec8c769d872bed5109a.png"},"point":3093},{"user":{"uid":19,"userid":17,"name":"Tim13","avatar":"https://cdn.discordapp.com/avatars/932250744386617376/dba03c47053a9fb2a07ede96971bc97a.png"},"point":2857},{"user":{"uid":18,"userid":16,"name":"teufelsfrucht","avatar":"https://static.truckersmp.com/avatarsN/4047213.1699434878.png"},"point":2330},{"user":{"uid":316,"userid":256,"name":"TheRedFox3D","avatar":"https://cdn.discordapp.com/avatars/424908259397468161/a_a56e6550cf624d0dc25a91a73f9b8f16.gif"},"point":2036},{"user":{"uid":56,"userid":42,"name":"Glaceon","avatar":"https://cdn.discordapp.com/avatars/348428309018705930/f1b68bf1b8a5121559e1b782c8941327.png"},"point":2003},{"user":{"uid":205,"userid":207,"name":"Taro Kun","avatar":"https://cdn.discordapp.com/avatars/690602863499673660/10ac8850e6c3c5362c1dc110ef01d051.png"},"point":1918},{"user":{"uid":272,"userid":227,"name":"Pfindus","avatar":"https://static.truckersmp.com/avatarsN/4311053.1710660288.png"},"point":1595},{"user":{"uid":61,"userid":75,"name":"𝕲𝖍𝖔𝖘𝖙𝖕𝖆𝖚𝖑𝖔𝖔","avatar":"https://cdn.discordapp.com/avatars/964420212864741376/e8283a2f908472c913999fda7149c790.png"},"point":1573},{"user":{"uid":341,"userid":278,"name":"Joschi83","avatar":"https://cdn.discordapp.com/avatars/251453206599696384/41d5c1e1d5fbbbff3de8808bdd3805d1.png"},"point":1564},{"user":{"uid":59,"userid":48,"name":"Patrick","avatar":"https://cdn.discordapp.com/avatars/408688712223031306/0cfcbf6ba2fb06d7f4ef39a9d5f8f496.png"},"point":1524},{"user":{"uid":148,"userid":145,"name":"weisserkreuzer","avatar":"https://cdn.discordapp.com/avatars/303094283752308737/651be3b81b2b904cd1112f8501fd2e49.png"},"point":1252},{"user":{"uid":309,"userid":255,"name":"Guny69","avatar":"https://static.truckersmp.com/avatarsN/3695120.1713478510.jpg"},"point":1232},{"user":{"uid":21,"userid":18,"name":"Gregory","avatar":"https://cdn.discordapp.com/avatars/650421299323338762/dae0258c1a7c95a73bdcbd75db3db5d4.png"},"point":1172},{"user":{"uid":52,"userid":83,"name":"einBulldog","avatar":"https://cdn.discordapp.com/avatars/709137463179870340/93686299097cbd934e49af0c878dcb25.png"},"point":1145},{"user":{"uid":276,"userid":230,"name":"BVG Joker","avatar":"https://cdn.discordapp.com/avatars/632654863821439016/4aa4e3726e3edc2c26b9288cd0b0e1c5.png"},"point":1057},{"user":{"uid":342,"userid":279,"name":"Nadine97","avatar":"https://static.truckersmp.com/avatarsN/5464335.1715126595.jpg"},"point":1020},{"user":{"uid":26,"userid":23,"name":"sneakyypython","avatar":"https://cdn.discordapp.com/avatars/358364284834545665/53da365e6ddc9f1b59064dc8035214e6.png"},"point":1018},{"user":{"uid":13,"userid":11,"name":"Dignity.","avatar":"https://static.truckersmp.com/avatarsN/4603971.1714464337.jpg"},"point":1017},{"user":{"uid":65,"userid":234,"name":"MarkusLooft","avatar":"https://cdn.discordapp.com/avatars/693807523031023678/39b531e683fa0fa0446204e783f00820.png"},"point":936},{"user":{"uid":310,"userid":253,"name":"Pascal","avatar":"https://cdn.discordapp.com/avatars/677543668973830215/e67068b6cf29eb6aaa8ea1cdec299abe.png"},"point":932},{"user":{"uid":117,"userid":109,"name":"DerDampfer78","avatar":"https://cdn.discordapp.com/avatars/324522906505707520/2584364ff258ba22916b1c0c369b0893.png"},"point":787},{"user":{"uid":325,"userid":265,"name":"[GER] Sääm","avatar":"https://static.truckersmp.com/avatarsN/2524791.1714481709.jpg"},"point":731},{"user":{"uid":318,"userid":259,"name":"Theusios","avatar":"https://cdn.discordapp.com/avatars/294602089739452426/74d1468f7e577c89f2a37dbe4a8ec0fc.png"},"point":718},{"user":{"uid":51,"userid":71,"name":"Joerg45701","avatar":"https://static.truckersmp.com/avatarsN/defaultavatar.png"},"point":689},{"user":{"uid":39,"userid":34,"name":"[GER] Chrissy1968","avatar":"https://static.truckersmp.com/avatarsN/defaultavatar.png"},"point":679},{"user":{"uid":328,"userid":268,"name":"PhantomGhost702","avatar":"https://static.truckersmp.com/avatarsN/defaultavatar.png"},"point":631},{"user":{"uid":9,"userid":5,"name":"Fast-rider","avatar":"https://static.truckersmp.com/avatarsN/4041389.1709222265.png"},"point":599},{"user":{"uid":344,"userid":280,"name":"Jestful","avatar":"https://cdn.discordapp.com/avatars/633121275430174762/1a5cd468e1dce02e330bcf3bc075a75e.png"},"point":566},{"user":{"uid":326,"userid":266,"name":"Maurice19","avatar":"https://cdn.discordapp.com/avatars/1206036847852257352/492ccf7623f8bb21d7676148fcf3daae.png"},"point":516},{"user":{"uid":288,"userid":240,"name":"Dark_Leon184","avatar":"https://cdn.discordapp.com/avatars/977581665675259955/facb6115d9fe87fca318e2a719ddf463.png"},"point":511},{"user":{"uid":143,"userid":128,"name":"SchnellerFuchs","avatar":"https://static.truckersmp.com/avatarsN/1121622.1706114410.png"},"point":446},{"user":{"uid":278,"userid":231,"name":"Euroachi","avatar":"https://cdn.discordapp.com/avatars/1054431223541399562/b2fb77788b7cb88d88699ed50b0e7bc6.png"},"point":361},{"user":{"uid":91,"userid":85,"name":"Chris94","avatar":"https://cdn.discordapp.com/avatars/618891974765838336/d2fa711dddd045b14969332972ba64b3.png"},"point":109},{"user":{"uid":78,"userid":67,"name":"amugosch","avatar":"https://cdn.discordapp.com/avatars/518693794372124672/5949205b8e72fb2bbec984f551835583.png"},"point":0},{"user":{"uid":338,"userid":277,"name":"Anzusz5","avatar":"https://cdn.discordapp.com/avatars/1141070153874935870/4cccfc4553de4675b25ab253ce9c676c.png"},"point":0}],"fma":[{"user":{"uid":71,"userid":60,"name":"geronimo8815","avatar":"https://static.truckersmp.com/avatarsN/5294261.1711913743.png"},"point":6534},{"user":{"uid":152,"userid":135,"name":"manu7432","avatar":"https://cdn.discordapp.com/avatars/1024735246249373777/2d7e240ada7e8d3f41e4150fb6b1d0aa.png"},"point":5600},{"user":{"uid":43,"userid":31,"name":"[GER]Christian","avatar":"https://static.truckersmp.com/avatarsN/196694.1705792859.png"},"point":4529},{"user":{"uid":68,"userid":57,"name":"Anthonyaski","avatar":"https://cdn.discordapp.com/avatars/334780188703588362/4af94601e420a28c570fce2b038e0b23.png"},"point":4210},{"user":{"uid":295,"userid":246,"name":"Tiberius","avatar":"https://cdn.discordapp.com/avatars/305385843428950026/6c00ebb9bf00d5c68028e29af849b1ad.png"},"point":3771},{"user":{"uid":93,"userid":79,"name":"Starvin Marvin","avatar":"https://cdn.discordapp.com/avatars/616564166379044893/597930cdaf15fb1a0044037d135a7ceb.png"},"point":3513},{"user":{"uid":46,"userid":44,"name":"Linus14_trucker","avatar":"https://cdn.discordapp.com/avatars/973298563750719518/f8077addf056d9aaf51c748928a4a6d2.png"},"point":3111},{"user":{"uid":194,"userid":188,"name":"[FLG] derMicha","avatar":"https://cdn.discordapp.com/avatars/951482086072660018/6f6fb9e5f328bec8c769d872bed5109a.png"},"point":3093},{"user":{"uid":19,"userid":17,"name":"Tim13","avatar":"https://cdn.discordapp.com/avatars/932250744386617376/dba03c47053a9fb2a07ede96971bc97a.png"},"point":2857},{"user":{"uid":18,"userid":16,"name":"teufelsfrucht","avatar":"https://static.truckersmp.com/avatarsN/4047213.1699434878.png"},"point":2330},{"user":{"uid":316,"userid":256,"name":"TheRedFox3D","avatar":"https://cdn.discordapp.com/avatars/424908259397468161/a_a56e6550cf624d0dc25a91a73f9b8f16.gif"},"point":2036},{"user":{"uid":56,"userid":42,"name":"Glaceon","avatar":"https://cdn.discordapp.com/avatars/348428309018705930/f1b68bf1b8a5121559e1b782c8941327.png"},"point":2003},{"user":{"uid":205,"userid":207,"name":"Taro Kun","avatar":"https://cdn.discordapp.com/avatars/690602863499673660/10ac8850e6c3c5362c1dc110ef01d051.png"},"point":1918},{"user":{"uid":272,"userid":227,"name":"Pfindus","avatar":"https://static.truckersmp.com/avatarsN/4311053.1710660288.png"},"point":1595},{"user":{"uid":61,"userid":75,"name":"𝕲𝖍𝖔𝖘𝖙𝖕𝖆𝖚𝖑𝖔𝖔","avatar":"https://cdn.discordapp.com/avatars/964420212864741376/e8283a2f908472c913999fda7149c790.png"},"point":1573},{"user":{"uid":341,"userid":278,"name":"Joschi83","avatar":"https://cdn.discordapp.com/avatars/251453206599696384/41d5c1e1d5fbbbff3de8808bdd3805d1.png"},"point":1564},{"user":{"uid":13,"userid":11,"name":"Dignity.","avatar":"https://static.truckersmp.com/avatarsN/4603971.1714464337.jpg"},"point":1527},{"user":{"uid":59,"userid":48,"name":"Patrick","avatar":"https://cdn.discordapp.com/avatars/408688712223031306/0cfcbf6ba2fb06d7f4ef39a9d5f8f496.png"},"point":1524},{"user":{"uid":148,"userid":145,"name":"weisserkreuzer","avatar":"https://cdn.discordapp.com/avatars/303094283752308737/651be3b81b2b904cd1112f8501fd2e49.png"},"point":1252},{"user":{"uid":309,"userid":255,"name":"Guny69","avatar":"https://static.truckersmp.com/avatarsN/3695120.1713478510.jpg"},"point":1232},{"user":{"uid":21,"userid":18,"name":"Gregory","avatar":"https://cdn.discordapp.com/avatars/650421299323338762/dae0258c1a7c95a73bdcbd75db3db5d4.png"},"point":1172},{"user":{"uid":52,"userid":83,"name":"einBulldog","avatar":"https://cdn.discordapp.com/avatars/709137463179870340/93686299097cbd934e49af0c878dcb25.png"},"point":1145},{"user":{"uid":276,"userid":230,"name":"BVG Joker","avatar":"https://cdn.discordapp.com/avatars/632654863821439016/4aa4e3726e3edc2c26b9288cd0b0e1c5.png"},"point":1057},{"user":{"uid":342,"userid":279,"name":"Nadine97","avatar":"https://static.truckersmp.com/avatarsN/5464335.1715126595.jpg"},"point":1020},{"user":{"uid":26,"userid":23,"name":"sneakyypython","avatar":"https://cdn.discordapp.com/avatars/358364284834545665/53da365e6ddc9f1b59064dc8035214e6.png"},"point":1018},{"user":{"uid":65,"userid":234,"name":"MarkusLooft","avatar":"https://cdn.discordapp.com/avatars/693807523031023678/39b531e683fa0fa0446204e783f00820.png"},"point":936},{"user":{"uid":310,"userid":253,"name":"Pascal","avatar":"https://cdn.discordapp.com/avatars/677543668973830215/e67068b6cf29eb6aaa8ea1cdec299abe.png"},"point":932},{"user":{"uid":117,"userid":109,"name":"DerDampfer78","avatar":"https://cdn.discordapp.com/avatars/324522906505707520/2584364ff258ba22916b1c0c369b0893.png"},"point":787},{"user":{"uid":325,"userid":265,"name":"[GER] Sääm","avatar":"https://static.truckersmp.com/avatarsN/2524791.1714481709.jpg"},"point":731},{"user":{"uid":318,"userid":259,"name":"Theusios","avatar":"https://cdn.discordapp.com/avatars/294602089739452426/74d1468f7e577c89f2a37dbe4a8ec0fc.png"},"point":718},{"user":{"uid":51,"userid":71,"name":"Joerg45701","avatar":"https://static.truckersmp.com/avatarsN/defaultavatar.png"},"point":689},{"user":{"uid":39,"userid":34,"name":"[GER] Chrissy1968","avatar":"https://static.truckersmp.com/avatarsN/defaultavatar.png"},"point":679},{"user":{"uid":328,"userid":268,"name":"PhantomGhost702","avatar":"https://static.truckersmp.com/avatarsN/defaultavatar.png"},"point":631},{"user":{"uid":9,"userid":5,"name":"Fast-rider","avatar":"https://static.truckersmp.com/avatarsN/4041389.1709222265.png"},"point":599},{"user":{"uid":344,"userid":280,"name":"Jestful","avatar":"https://cdn.discordapp.com/avatars/633121275430174762/1a5cd468e1dce02e330bcf3bc075a75e.png"},"point":566},{"user":{"uid":326,"userid":266,"name":"Maurice19","avatar":"https://cdn.discordapp.com/avatars/1206036847852257352/492ccf7623f8bb21d7676148fcf3daae.png"},"point":516},{"user":{"uid":288,"userid":240,"name":"Dark_Leon184","avatar":"https://cdn.discordapp.com/avatars/977581665675259955/facb6115d9fe87fca318e2a719ddf463.png"},"point":511},{"user":{"uid":143,"userid":128,"name":"SchnellerFuchs","avatar":"https://static.truckersmp.com/avatarsN/1121622.1706114410.png"},"point":446},{"user":{"uid":278,"userid":231,"name":"Euroachi","avatar":"https://cdn.discordapp.com/avatars/1054431223541399562/b2fb77788b7cb88d88699ed50b0e7bc6.png"},"point":361},{"user":{"uid":91,"userid":85,"name":"Chris94","avatar":"https://cdn.discordapp.com/avatars/618891974765838336/d2fa711dddd045b14969332972ba64b3.png"},"point":109},{"user":{"uid":78,"userid":67,"name":"amugosch","avatar":"https://cdn.discordapp.com/avatars/518693794372124672/5949205b8e72fb2bbec984f551835583.png"},"point":0},{"user":{"uid":338,"userid":277,"name":"Anzusz5","avatar":"https://cdn.discordapp.com/avatars/1141070153874935870/4cccfc4553de4675b25ab253ce9c676c.png"},"point":0}]}