{"fmd":[{"user":{"uid":636,"userid":513,"name":"MementoMori","avatar":"https://cdn.discordapp.com/avatars/978142750681731182/884e73c1f41e29c7cc3518441545a1f8.png"},"point":4683},{"user":{"uid":551,"userid":448,"name":"Capt_Tom","avatar":"https://cdn.discordapp.com/avatars/1189926623739400235/76a1784b7640fe89bfca945587db07e3.png"},"point":3156},{"user":{"uid":658,"userid":528,"name":"SINIST3R","avatar":"https://cdn.discordapp.com/avatars/269558565180538882/61dd08030cb3986506544afe22066c8a.png"},"point":2156},{"user":{"uid":609,"userid":490,"name":"ralkinvx","avatar":"https://cdn.discordapp.com/avatars/626276063609225221/cdf27d657698337dc22e9a4ba4736900.png"},"point":1776},{"user":{"uid":664,"userid":533,"name":"Oscar","avatar":"https://cdn.discordapp.com/avatars/753279277679640647/469bd493af1db8a90fc0fe5b999147a1.png"},"point":1698},{"user":{"uid":672,"userid":540,"name":"Gatinhos Fofinhos","avatar":"https://avatars.akamai.steamstatic.com/4fb3eaefab4a3aee5c631b7a44b3617946734423_full.jpg"},"point":1679},{"user":{"uid":427,"userid":353,"name":"Versthappening","avatar":"https://cdn.discordapp.com/avatars/851032564801077258/b6762130b06d88078b10d519887e731b.png"},"point":1624},{"user":{"uid":25,"userid":96,"name":"[G-T-R]GrayWolf","avatar":"https://cdn.discordapp.com/avatars/463049453067173888/93e0f855de1c1bcdf6924d45b1789338.png"},"point":1599},{"user":{"uid":675,"userid":539,"name":"gamer2dk","avatar":"https://cdn.discordapp.com/avatars/888475573284925461/02a35533764a55b05b0d49a7155adad3.png"},"point":1355},{"user":{"uid":676,"userid":541,"name":"Scythe","avatar":"https://cdn.discordapp.com/avatars/881824302868090941/31b234d0315d5e93f2a840a780a82ffe.png"},"point":1131},{"user":{"uid":402,"userid":337,"name":"viriusek","avatar":"https://cdn.discordapp.com/avatars/814466964918370305/78f995b4dea90ade36a4984506d67d5b.png"},"point":873},{"user":{"uid":458,"userid":377,"name":"LordCancer420","avatar":"https://cdn.discordapp.com/avatars/412529924805492756/38365841d4eaa1db7d73bc11bc478124.png"},"point":873},{"user":{"uid":620,"userid":498,"name":"Antoine","avatar":"https://cdn.discordapp.com/avatars/1204501042063081514/79ee349b6511e2000af8a32fb8a6974e.png"},"point":839},{"user":{"uid":579,"userid":466,"name":"pieter.64","avatar":"https://cdn.discordapp.com/avatars/324877891852828683/00632119b31752fcb8171bbb4279d1f8.png"},"point":777},{"user":{"uid":561,"userid":453,"name":"phevos","avatar":"https://cdn.discordapp.com/avatars/622325492716011561/7de674db261521ac520b656f5089d908.png"},"point":741},{"user":{"uid":578,"userid":465,"name":"indowes","avatar":"https://cdn.discordapp.com/avatars/556782581626961920/4f21483bc72236511d1bd929721efbdc.png"},"point":584},{"user":{"uid":482,"userid":392,"name":"Wet Noodle","avatar":"https://cdn.discordapp.com/avatars/824403778845147176/682f6dbf68952ce1dcdb8a34833920cf.png"},"point":350},{"user":{"uid":607,"userid":488,"name":"Alfie W.","avatar":"https://cdn.discordapp.com/avatars/1211337860096196668/caad57f8ef0c2bca1497699fb3e21b8c.png"},"point":341},{"user":{"uid":516,"userid":417,"name":"Ravsh1k","avatar":"https://cdn.discordapp.com/avatars/901846074740858890/d8ce555a273409259cad27c86b082469.png"},"point":257},{"user":{"uid":667,"userid":535,"name":"cxramic","avatar":"https://cdn.discordapp.com/avatars/1157288014599426050/54f13430863655d4235702c6473518e0.png"},"point":0}],"fma":[{"user":{"uid":636,"userid":513,"name":"MementoMori","avatar":"https://cdn.discordapp.com/avatars/978142750681731182/884e73c1f41e29c7cc3518441545a1f8.png"},"point":5808},{"user":{"uid":551,"userid":448,"name":"Capt_Tom","avatar":"https://cdn.discordapp.com/avatars/1189926623739400235/76a1784b7640fe89bfca945587db07e3.png"},"point":3281},{"user":{"uid":25,"userid":96,"name":"[G-T-R]GrayWolf","avatar":"https://cdn.discordapp.com/avatars/463049453067173888/93e0f855de1c1bcdf6924d45b1789338.png"},"point":2579},{"user":{"uid":658,"userid":528,"name":"SINIST3R","avatar":"https://cdn.discordapp.com/avatars/269558565180538882/61dd08030cb3986506544afe22066c8a.png"},"point":2156},{"user":{"uid":609,"userid":490,"name":"ralkinvx","avatar":"https://cdn.discordapp.com/avatars/626276063609225221/cdf27d657698337dc22e9a4ba4736900.png"},"point":1776},{"user":{"uid":664,"userid":533,"name":"Oscar","avatar":"https://cdn.discordapp.com/avatars/753279277679640647/469bd493af1db8a90fc0fe5b999147a1.png"},"point":1698},{"user":{"uid":672,"userid":540,"name":"Gatinhos Fofinhos","avatar":"https://avatars.akamai.steamstatic.com/4fb3eaefab4a3aee5c631b7a44b3617946734423_full.jpg"},"point":1679},{"user":{"uid":427,"userid":353,"name":"Versthappening","avatar":"https://cdn.discordapp.com/avatars/851032564801077258/b6762130b06d88078b10d519887e731b.png"},"point":1624},{"user":{"uid":675,"userid":539,"name":"gamer2dk","avatar":"https://cdn.discordapp.com/avatars/888475573284925461/02a35533764a55b05b0d49a7155adad3.png"},"point":1355},{"user":{"uid":676,"userid":541,"name":"Scythe","avatar":"https://cdn.discordapp.com/avatars/881824302868090941/31b234d0315d5e93f2a840a780a82ffe.png"},"point":1131},{"user":{"uid":402,"userid":337,"name":"viriusek","avatar":"https://cdn.discordapp.com/avatars/814466964918370305/78f995b4dea90ade36a4984506d67d5b.png"},"point":873},{"user":{"uid":458,"userid":377,"name":"LordCancer420","avatar":"https://cdn.discordapp.com/avatars/412529924805492756/38365841d4eaa1db7d73bc11bc478124.png"},"point":873},{"user":{"uid":620,"userid":498,"name":"Antoine","avatar":"https://cdn.discordapp.com/avatars/1204501042063081514/79ee349b6511e2000af8a32fb8a6974e.png"},"point":839},{"user":{"uid":579,"userid":466,"name":"pieter.64","avatar":"https://cdn.discordapp.com/avatars/324877891852828683/00632119b31752fcb8171bbb4279d1f8.png"},"point":777},{"user":{"uid":561,"userid":453,"name":"phevos","avatar":"https://cdn.discordapp.com/avatars/622325492716011561/7de674db261521ac520b656f5089d908.png"},"point":741},{"user":{"uid":578,"userid":465,"name":"indowes","avatar":"https://cdn.discordapp.com/avatars/556782581626961920/4f21483bc72236511d1bd929721efbdc.png"},"point":584},{"user":{"uid":516,"userid":417,"name":"Ravsh1k","avatar":"https://cdn.discordapp.com/avatars/901846074740858890/d8ce555a273409259cad27c86b082469.png"},"point":357},{"user":{"uid":482,"userid":392,"name":"Wet Noodle","avatar":"https://cdn.discordapp.com/avatars/824403778845147176/682f6dbf68952ce1dcdb8a34833920cf.png"},"point":350},{"user":{"uid":607,"userid":488,"name":"Alfie W.","avatar":"https://cdn.discordapp.com/avatars/1211337860096196668/caad57f8ef0c2bca1497699fb3e21b8c.png"},"point":341},{"user":{"uid":480,"userid":395,"name":"Sh0tBlow","avatar":"https://cdn.discordapp.com/avatars/462991116279611392/87bf1e3b76d220025f3fb4b0029427f8.png"},"point":205},{"user":{"uid":260,"userid":221,"name":"NotPika","avatar":"https://cdn.discordapp.com/avatars/1067827165556650024/47c9f5f730ebb99916f6373cf7ec75ef.png"},"point":97},{"user":{"uid":651,"userid":523,"name":"Elfik","avatar":"https://cdn.discordapp.com/avatars/648958483185795083/8f18b7e6f4570233b30ed904712c00da.png"},"point":56},{"user":{"uid":667,"userid":535,"name":"cxramic","avatar":"https://cdn.discordapp.com/avatars/1157288014599426050/54f13430863655d4235702c6473518e0.png"},"point":0}]}