{"fmd":[{"user":{"uid":14,"userid":11,"name":"ELCARLOS","avatar":""},"point":6742},{"user":{"uid":3,"userid":2,"name":"twitch.tv/ el_uruguayop","avatar":"https://avatars.steamstatic.com/f559eb3f2353a53b1056d03c2968037b59fec846_full.jpg"},"point":3616},{"user":{"uid":1,"userid":1,"name":"Chinchulines","avatar":"https://static.truckersmp.com/avatarsN/5157719.1708998904.png"},"point":2967},{"user":{"uid":9,"userid":5,"name":"Gabrox300","avatar":"https://avatars.steamstatic.com/c07fb8ee13cbcf4f88c3f7f9b1d112538ad4c2aa_full.jpg"},"point":793},{"user":{"uid":17,"userid":13,"name":"XxxDestinxxX","avatar":"https://avatars.steamstatic.com/fb13c981f47d8ffe3baecc5e0a1d6ac5d927973c_full.jpg"},"point":530},{"user":{"uid":8,"userid":4,"name":"fruttinicolas","avatar":"https://avatars.steamstatic.com/3023e43df6a37e11e2792ef1e5456000bffc3394_full.jpg"},"point":0}],"fma":[{"user":{"uid":14,"userid":11,"name":"ELCARLOS","avatar":""},"point":6942},{"user":{"uid":3,"userid":2,"name":"twitch.tv/ el_uruguayop","avatar":"https://avatars.steamstatic.com/f559eb3f2353a53b1056d03c2968037b59fec846_full.jpg"},"point":6548},{"user":{"uid":1,"userid":1,"name":"Chinchulines","avatar":"https://static.truckersmp.com/avatarsN/5157719.1708998904.png"},"point":4564},{"user":{"uid":9,"userid":5,"name":"Gabrox300","avatar":"https://avatars.steamstatic.com/c07fb8ee13cbcf4f88c3f7f9b1d112538ad4c2aa_full.jpg"},"point":793},{"user":{"uid":8,"userid":4,"name":"fruttinicolas","avatar":"https://avatars.steamstatic.com/3023e43df6a37e11e2792ef1e5456000bffc3394_full.jpg"},"point":600},{"user":{"uid":17,"userid":13,"name":"XxxDestinxxX","avatar":"https://avatars.steamstatic.com/fb13c981f47d8ffe3baecc5e0a1d6ac5d927973c_full.jpg"},"point":530}]}