{"fmd":[{"user":{"uid":72,"userid":71,"name":"MexicanRolex","avatar":"https://avatars.steamstatic.com/ebf693345528eedeba24efca9cde46658e5dbf3e_full.jpg"},"point":1771},{"user":{"uid":93,"userid":90,"name":"/:\\Matty_00 TMP/:\\","avatar":"https://cdn.discordapp.com/avatars/966721841068666940/81aedf3e29d962b479f0f35b5d4caa87.png"},"point":1651},{"user":{"uid":38,"userid":34,"name":"BGwarrior_49","avatar":"https://cdn.discordapp.com/avatars/588444287843172363/2ed83c8492581aa1c2555ecaa5180e82.png"},"point":1628},{"user":{"uid":86,"userid":84,"name":"мσρρу_тмρ","avatar":"https://static.truckersmp.com/avatarsN/3916396.1690030869.png"},"point":1575},{"user":{"uid":98,"userid":94,"name":"ℕ𝕠𝕒𝕙𝕋","avatar":"https://cdn.discordapp.com/avatars/274290854049611776/0e2702edbd4e1083270d25cdee39014a.png"},"point":1432},{"user":{"uid":94,"userid":91,"name":"J A N N E S","avatar":"https://cdn.discordapp.com/avatars/1123967274680856697/caf131b96d413aa3f8d2341a14399f3b.png"},"point":1421},{"user":{"uid":52,"userid":50,"name":"spanchikus","avatar":"https://cdn.discordapp.com/avatars/693884881419108432/2e5d58f8fe552e4d7cd49f3f1350966e.png"},"point":1418},{"user":{"uid":30,"userid":24,"name":"User_2636041","avatar":"https://static.truckersmp.com/avatarsN/2636041.1713489251.png"},"point":1026},{"user":{"uid":37,"userid":33,"name":"TTDTheo","avatar":"https://cdn.discordapp.com/avatars/1145683091176833114/b5db924ff0fe5de313fb1f3d6c2526cd.png"},"point":824},{"user":{"uid":16,"userid":13,"name":"chad vectron","avatar":"https://cdn.discordapp.com/avatars/657613617906057247/81f8851d92f3ac1f80da82575197921f.png"},"point":771},{"user":{"uid":53,"userid":62,"name":"Black_Dragon33","avatar":"https://avatars.steamstatic.com/7a98d429d9fb61bb6065773f2005fce7257463a8_full.jpg"},"point":578},{"user":{"uid":87,"userid":85,"name":"ExtaZzZ","avatar":"https://cdn.discordapp.com/avatars/433657630364532737/f747bb2e4dd39bef2a6dd4ce6fc711db.png"},"point":531},{"user":{"uid":14,"userid":11,"name":"L O R E N Z","avatar":"https://static.truckersmp.com/avatarsN/4486749.1715514352.png"},"point":528},{"user":{"uid":47,"userid":44,"name":"FilleeSWE","avatar":"https://cdn.discordapp.com/avatars/457245258325950494/cbbc432d0792314c51aa7e41d5c5f1eb.png"},"point":524},{"user":{"uid":3,"userid":3,"name":"Exotic","avatar":"https://cdn.discordapp.com/avatars/700374237877239900/a_21e1ff939d6a4f746de039650ff02a1d.gif"},"point":523},{"user":{"uid":45,"userid":43,"name":"idk.philipp","avatar":"https://static.truckersmp.com/avatarsN/4018160.1671645702.png"},"point":511},{"user":{"uid":71,"userid":70,"name":"-imag3","avatar":"https://avatars.steamstatic.com/f7218ab2ca998d360f7c89cb32587a99f729344b_full.jpg"},"point":438},{"user":{"uid":85,"userid":83,"name":"SzoferDavid","avatar":"https://avatars.steamstatic.com/058afec257679c5da35b9f830aa73358028a110a_full.jpg"},"point":29},{"user":{"uid":8,"userid":6,"name":"𝐒kyHεadεя","avatar":"https://cdn.discordapp.com/avatars/368478030504525825/0e043adf10e519ea7205a27fc0f2bf23.png"},"point":1},{"user":{"uid":24,"userid":23,"name":"Gnurken","avatar":"https://static.truckersmp.com/avatarsN/1166949.1704562524.png"},"point":0}],"fma":[{"user":{"uid":72,"userid":71,"name":"MexicanRolex","avatar":"https://avatars.steamstatic.com/ebf693345528eedeba24efca9cde46658e5dbf3e_full.jpg"},"point":1771},{"user":{"uid":93,"userid":90,"name":"/:\\Matty_00 TMP/:\\","avatar":"https://cdn.discordapp.com/avatars/966721841068666940/81aedf3e29d962b479f0f35b5d4caa87.png"},"point":1651},{"user":{"uid":38,"userid":34,"name":"BGwarrior_49","avatar":"https://cdn.discordapp.com/avatars/588444287843172363/2ed83c8492581aa1c2555ecaa5180e82.png"},"point":1628},{"user":{"uid":86,"userid":84,"name":"мσρρу_тмρ","avatar":"https://static.truckersmp.com/avatarsN/3916396.1690030869.png"},"point":1575},{"user":{"uid":98,"userid":94,"name":"ℕ𝕠𝕒𝕙𝕋","avatar":"https://cdn.discordapp.com/avatars/274290854049611776/0e2702edbd4e1083270d25cdee39014a.png"},"point":1432},{"user":{"uid":94,"userid":91,"name":"J A N N E S","avatar":"https://cdn.discordapp.com/avatars/1123967274680856697/caf131b96d413aa3f8d2341a14399f3b.png"},"point":1421},{"user":{"uid":52,"userid":50,"name":"spanchikus","avatar":"https://cdn.discordapp.com/avatars/693884881419108432/2e5d58f8fe552e4d7cd49f3f1350966e.png"},"point":1418},{"user":{"uid":30,"userid":24,"name":"User_2636041","avatar":"https://static.truckersmp.com/avatarsN/2636041.1713489251.png"},"point":1026},{"user":{"uid":37,"userid":33,"name":"TTDTheo","avatar":"https://cdn.discordapp.com/avatars/1145683091176833114/b5db924ff0fe5de313fb1f3d6c2526cd.png"},"point":824},{"user":{"uid":16,"userid":13,"name":"chad vectron","avatar":"https://cdn.discordapp.com/avatars/657613617906057247/81f8851d92f3ac1f80da82575197921f.png"},"point":771},{"user":{"uid":53,"userid":62,"name":"Black_Dragon33","avatar":"https://avatars.steamstatic.com/7a98d429d9fb61bb6065773f2005fce7257463a8_full.jpg"},"point":578},{"user":{"uid":87,"userid":85,"name":"ExtaZzZ","avatar":"https://cdn.discordapp.com/avatars/433657630364532737/f747bb2e4dd39bef2a6dd4ce6fc711db.png"},"point":531},{"user":{"uid":14,"userid":11,"name":"L O R E N Z","avatar":"https://static.truckersmp.com/avatarsN/4486749.1715514352.png"},"point":528},{"user":{"uid":47,"userid":44,"name":"FilleeSWE","avatar":"https://cdn.discordapp.com/avatars/457245258325950494/cbbc432d0792314c51aa7e41d5c5f1eb.png"},"point":524},{"user":{"uid":3,"userid":3,"name":"Exotic","avatar":"https://cdn.discordapp.com/avatars/700374237877239900/a_21e1ff939d6a4f746de039650ff02a1d.gif"},"point":523},{"user":{"uid":45,"userid":43,"name":"idk.philipp","avatar":"https://static.truckersmp.com/avatarsN/4018160.1671645702.png"},"point":511},{"user":{"uid":71,"userid":70,"name":"-imag3","avatar":"https://avatars.steamstatic.com/f7218ab2ca998d360f7c89cb32587a99f729344b_full.jpg"},"point":438},{"user":{"uid":85,"userid":83,"name":"SzoferDavid","avatar":"https://avatars.steamstatic.com/058afec257679c5da35b9f830aa73358028a110a_full.jpg"},"point":29},{"user":{"uid":8,"userid":6,"name":"𝐒kyHεadεя","avatar":"https://cdn.discordapp.com/avatars/368478030504525825/0e043adf10e519ea7205a27fc0f2bf23.png"},"point":1},{"user":{"uid":24,"userid":23,"name":"Gnurken","avatar":"https://static.truckersmp.com/avatarsN/1166949.1704562524.png"},"point":0}]}