{"fmd":[{"user":{"uid":46,"userid":37,"name":"WHT Dir HR | MysticalKief","avatar":"https://cdn.discordapp.com/avatars/498659512081973248/15c947ebb3b550bee883b0c47337c7ac.png"},"point":3105},{"user":{"uid":73,"userid":60,"name":"WH | ONDAROAD2","avatar":"https://cdn.discordapp.com/avatars/383806148010049557/1962b816d972b64542031cc025361b36.png"},"point":3026},{"user":{"uid":38,"userid":31,"name":"WH | chronic gaming","avatar":"https://cdn.discordapp.com/avatars/670035018197893130/624b6243ea981dd691772d9105160de3.png"},"point":2904},{"user":{"uid":8,"userid":6,"name":"WHT Dir Recruiter| Murdernova256","avatar":"https://cdn.discordapp.com/avatars/549931745584349185/9647aabac5de7bc6ca63f26696871246.png"},"point":2502},{"user":{"uid":1,"userid":1,"name":"WHT CEO | Chappy1225","avatar":"https://cdn.discordapp.com/avatars/480244047311667201/b51db2fc9e7e314933519021bee4ae3e.png"},"point":2091},{"user":{"uid":18,"userid":14,"name":"WH | Gamerman","avatar":"https://cdn.discordapp.com/avatars/573630780778086410/a_674628635bbdee5ef172597209a914dd.gif"},"point":1842},{"user":{"uid":69,"userid":58,"name":"WH | Cougar","avatar":""},"point":1308},{"user":{"uid":32,"userid":26,"name":"WH | Chiswick","avatar":"https://cdn.discordapp.com/avatars/521497748118437890/71010943e064ff3f787cf2964aeca2ea.png"},"point":826},{"user":{"uid":5,"userid":3,"name":"WH | Dennisthe8th","avatar":"https://cdn.discordapp.com/avatars/575015095894016014/f82a49a712115c380af8ff8f7fbb32cb.png"},"point":712},{"user":{"uid":11,"userid":9,"name":"WH | Maciek","avatar":"https://cdn.discordapp.com/avatars/282728597209481216/cc91713475ae575649772cee951992ba.png"},"point":515}],"fma":[{"user":{"uid":46,"userid":37,"name":"WHT Dir HR | MysticalKief","avatar":"https://cdn.discordapp.com/avatars/498659512081973248/15c947ebb3b550bee883b0c47337c7ac.png"},"point":3155},{"user":{"uid":73,"userid":60,"name":"WH | ONDAROAD2","avatar":"https://cdn.discordapp.com/avatars/383806148010049557/1962b816d972b64542031cc025361b36.png"},"point":3026},{"user":{"uid":38,"userid":31,"name":"WH | chronic gaming","avatar":"https://cdn.discordapp.com/avatars/670035018197893130/624b6243ea981dd691772d9105160de3.png"},"point":2904},{"user":{"uid":8,"userid":6,"name":"WHT Dir Recruiter| Murdernova256","avatar":"https://cdn.discordapp.com/avatars/549931745584349185/9647aabac5de7bc6ca63f26696871246.png"},"point":2633},{"user":{"uid":1,"userid":1,"name":"WHT CEO | Chappy1225","avatar":"https://cdn.discordapp.com/avatars/480244047311667201/b51db2fc9e7e314933519021bee4ae3e.png"},"point":2091},{"user":{"uid":18,"userid":14,"name":"WH | Gamerman","avatar":"https://cdn.discordapp.com/avatars/573630780778086410/a_674628635bbdee5ef172597209a914dd.gif"},"point":1842},{"user":{"uid":69,"userid":58,"name":"WH | Cougar","avatar":""},"point":1308},{"user":{"uid":5,"userid":3,"name":"WH | Dennisthe8th","avatar":"https://cdn.discordapp.com/avatars/575015095894016014/f82a49a712115c380af8ff8f7fbb32cb.png"},"point":918},{"user":{"uid":32,"userid":26,"name":"WH | Chiswick","avatar":"https://cdn.discordapp.com/avatars/521497748118437890/71010943e064ff3f787cf2964aeca2ea.png"},"point":826},{"user":{"uid":11,"userid":9,"name":"WH | Maciek","avatar":"https://cdn.discordapp.com/avatars/282728597209481216/cc91713475ae575649772cee951992ba.png"},"point":515},{"user":{"uid":7,"userid":5,"name":"WHT FOUNDER Jacket","avatar":"https://cdn.discordapp.com/avatars/111638504500408320/880678f246665808c2165f5f693b72cd.png"},"point":50}]}