{"fmd":[{"user":{"uid":1061,"userid":656,"name":"Thy Night Owl","avatar":"https://cdn.discordapp.com/avatars/678366200312496154/7e3c44efb2393e0a9a4b593cb42f936d.png"},"point":11859},{"user":{"uid":1271,"userid":780,"name":"brazvo (Bruno)","avatar":"https://cdn.discordapp.com/avatars/823826275964682251/c28159cbabe58874bd1244a97d68d24b.png"},"point":3222},{"user":{"uid":1316,"userid":807,"name":"Gota","avatar":"https://cdn.discordapp.com/avatars/167291299693723648/beb31f691ab4478e3268181a76f3a451.png"},"point":2991},{"user":{"uid":1382,"userid":847,"name":"Aeroplane","avatar":"https://cdn.discordapp.com/avatars/919580354736705617/cd8c60e397730ab82e685faaf72d3c77.png"},"point":2858},{"user":{"uid":1192,"userid":724,"name":"Koskee","avatar":"https://cdn.discordapp.com/avatars/836575095664410654/34bd5b395ebc17c4ca0d51b982cb0a7b.png"},"point":2525},{"user":{"uid":811,"userid":524,"name":"GroMan","avatar":"https://cdn.discordapp.com/avatars/765968204350095370/f4920ff9d510740ba6007f9a278e1002.png"},"point":1806},{"user":{"uid":1039,"userid":637,"name":"Dutchman6149","avatar":"https://cdn.discordapp.com/avatars/1089970918169776317/518899061d0c7aa71638cf2a46dfa547.png"},"point":1744},{"user":{"uid":41,"userid":820,"name":"Jack","avatar":"https://cdn.discordapp.com/avatars/555074609544822795/26630357aa77583972fdf8ef8dc632af.png"},"point":1169},{"user":{"uid":1398,"userid":862,"name":"2222Y","avatar":"https://cdn.discordapp.com/avatars/702624334036074646/1b14cc6963653ea32a778ea6e4f23a4d.png"},"point":1075},{"user":{"uid":1291,"userid":792,"name":"Zachey","avatar":"https://cdn.discordapp.com/avatars/612403127517315072/47ce0b865674b635f44d43634494d755.png"},"point":1032},{"user":{"uid":866,"userid":550,"name":"RoudeLéiw","avatar":"https://cdn.discordapp.com/avatars/497412687257534464/53a76d2cc11ce4a0171c5d1f84df139a.png"},"point":1001},{"user":{"uid":1378,"userid":843,"name":"dandelion","avatar":"https://cdn.discordapp.com/avatars/924070723952209941/6d40e5aa69459181ef2bc03107156cc0.png"},"point":938},{"user":{"uid":1438,"userid":890,"name":"DonDrix","avatar":"https://cdn.discordapp.com/avatars/334372720789815308/fd5ba77e32c2f1e611be6342843fa544.png"},"point":928},{"user":{"uid":845,"userid":542,"name":"_Orli","avatar":"https://cdn.discordapp.com/avatars/490473509219467284/3e9781d57cb7e4ec01ba07091b5024b9.png"},"point":854},{"user":{"uid":1430,"userid":886,"name":"Maddypat","avatar":"https://cdn.discordapp.com/avatars/685159646977327231/4e57d31d0a98f9d98d1cd070848451e3.png"},"point":781},{"user":{"uid":1433,"userid":888,"name":"Max Nightly","avatar":"https://cdn.discordapp.com/avatars/210135075516448769/b2bb70de46df75ef8c5464cd9653539b.png"},"point":742},{"user":{"uid":87,"userid":203,"name":"pvfcmatt1","avatar":"https://cdn.discordapp.com/avatars/668822602806198278/eb4c4684efc13d2a58ddeae555edc5a7.png"},"point":672},{"user":{"uid":29,"userid":79,"name":"Andrew B.","avatar":"https://cdn.discordapp.com/avatars/224307743073239040/820d5fa00cb1d416d2b00ca8c296d7bf.png"},"point":613},{"user":{"uid":1160,"userid":699,"name":"jodycc","avatar":"https://cdn.discordapp.com/avatars/623249122761375760/adc25e15fe96d56656319e2a159d9458.png"},"point":570},{"user":{"uid":112,"userid":657,"name":"zatrisss","avatar":"https://cdn.discordapp.com/avatars/270114281280765956/4dc89eaaac37811ab06058499942981b.png"},"point":567},{"user":{"uid":1325,"userid":816,"name":"Kian UK","avatar":"https://avatars.steamstatic.com/fef49e7fa7e1997310d705b2a6158ff8dc1cdfeb_full.jpg"},"point":478},{"user":{"uid":1444,"userid":893,"name":"Бѳцпcёя","avatar":"https://cdn.discordapp.com/avatars/439872956739354625/a582fc3e498c341cd8e8309f4aea73b6.png"},"point":348},{"user":{"uid":32,"userid":87,"name":"MartinWolf","avatar":"https://cdn.discordapp.com/avatars/693618494071373824/0b22a83d6bc13d4db0c60b60aba7fef7.png"},"point":335},{"user":{"uid":1419,"userid":880,"name":"Mister E","avatar":"https://cdn.discordapp.com/avatars/519617154782461991/4a0616a32ffc7f7ee6eeeeab8c9952e5.png"},"point":209},{"user":{"uid":1441,"userid":892,"name":"Ryan","avatar":"https://cdn.discordapp.com/avatars/951736940573630494/c2590486f4d529b99aabbf15c42d4229.png"},"point":207},{"user":{"uid":1401,"userid":863,"name":"Chris A","avatar":"https://cdn.discordapp.com/avatars/415560774283427860/4f7b8d964bad29469a9d70cddb9cfadc.png"},"point":0}],"fma":[{"user":{"uid":1382,"userid":847,"name":"Aeroplane","avatar":"https://cdn.discordapp.com/avatars/919580354736705617/cd8c60e397730ab82e685faaf72d3c77.png"},"point":23234},{"user":{"uid":1061,"userid":656,"name":"Thy Night Owl","avatar":"https://cdn.discordapp.com/avatars/678366200312496154/7e3c44efb2393e0a9a4b593cb42f936d.png"},"point":19513},{"user":{"uid":1401,"userid":863,"name":"Chris A","avatar":"https://cdn.discordapp.com/avatars/415560774283427860/4f7b8d964bad29469a9d70cddb9cfadc.png"},"point":15000},{"user":{"uid":1271,"userid":780,"name":"brazvo (Bruno)","avatar":"https://cdn.discordapp.com/avatars/823826275964682251/c28159cbabe58874bd1244a97d68d24b.png"},"point":5809},{"user":{"uid":1316,"userid":807,"name":"Gota","avatar":"https://cdn.discordapp.com/avatars/167291299693723648/beb31f691ab4478e3268181a76f3a451.png"},"point":4822},{"user":{"uid":119,"userid":258,"name":"LordLegend","avatar":"https://cdn.discordapp.com/avatars/507573290995417108/294e2517c647c3c8703945fbc200afcd.png"},"point":3024},{"user":{"uid":1192,"userid":724,"name":"Koskee","avatar":"https://cdn.discordapp.com/avatars/836575095664410654/34bd5b395ebc17c4ca0d51b982cb0a7b.png"},"point":2708},{"user":{"uid":87,"userid":203,"name":"pvfcmatt1","avatar":"https://cdn.discordapp.com/avatars/668822602806198278/eb4c4684efc13d2a58ddeae555edc5a7.png"},"point":2427},{"user":{"uid":811,"userid":524,"name":"GroMan","avatar":"https://cdn.discordapp.com/avatars/765968204350095370/f4920ff9d510740ba6007f9a278e1002.png"},"point":2050},{"user":{"uid":1039,"userid":637,"name":"Dutchman6149","avatar":"https://cdn.discordapp.com/avatars/1089970918169776317/518899061d0c7aa71638cf2a46dfa547.png"},"point":1962},{"user":{"uid":924,"userid":576,"name":"🌈Hearty_Laces🌈They/Them","avatar":"https://cdn.discordapp.com/avatars/461978281906929675/9128b3d5991d797b2e4060e71c4c5f41.png"},"point":1445},{"user":{"uid":1105,"userid":675,"name":"Jack3D60","avatar":"https://cdn.discordapp.com/avatars/805496381754048572/bcf10ae824b274e1c532971dcb857977.png"},"point":1205},{"user":{"uid":41,"userid":820,"name":"Jack","avatar":"https://cdn.discordapp.com/avatars/555074609544822795/26630357aa77583972fdf8ef8dc632af.png"},"point":1193},{"user":{"uid":1398,"userid":862,"name":"2222Y","avatar":"https://cdn.discordapp.com/avatars/702624334036074646/1b14cc6963653ea32a778ea6e4f23a4d.png"},"point":1145},{"user":{"uid":866,"userid":550,"name":"RoudeLéiw","avatar":"https://cdn.discordapp.com/avatars/497412687257534464/53a76d2cc11ce4a0171c5d1f84df139a.png"},"point":1104},{"user":{"uid":1378,"userid":843,"name":"dandelion","avatar":"https://cdn.discordapp.com/avatars/924070723952209941/6d40e5aa69459181ef2bc03107156cc0.png"},"point":1055},{"user":{"uid":1291,"userid":792,"name":"Zachey","avatar":"https://cdn.discordapp.com/avatars/612403127517315072/47ce0b865674b635f44d43634494d755.png"},"point":1032},{"user":{"uid":112,"userid":657,"name":"zatrisss","avatar":"https://cdn.discordapp.com/avatars/270114281280765956/4dc89eaaac37811ab06058499942981b.png"},"point":985},{"user":{"uid":1438,"userid":890,"name":"DonDrix","avatar":"https://cdn.discordapp.com/avatars/334372720789815308/fd5ba77e32c2f1e611be6342843fa544.png"},"point":928},{"user":{"uid":845,"userid":542,"name":"_Orli","avatar":"https://cdn.discordapp.com/avatars/490473509219467284/3e9781d57cb7e4ec01ba07091b5024b9.png"},"point":854},{"user":{"uid":32,"userid":87,"name":"MartinWolf","avatar":"https://cdn.discordapp.com/avatars/693618494071373824/0b22a83d6bc13d4db0c60b60aba7fef7.png"},"point":835},{"user":{"uid":1430,"userid":886,"name":"Maddypat","avatar":"https://cdn.discordapp.com/avatars/685159646977327231/4e57d31d0a98f9d98d1cd070848451e3.png"},"point":801},{"user":{"uid":1433,"userid":888,"name":"Max Nightly","avatar":"https://cdn.discordapp.com/avatars/210135075516448769/b2bb70de46df75ef8c5464cd9653539b.png"},"point":766},{"user":{"uid":3,"userid":2,"name":"Delta","avatar":"https://cdn.discordapp.com/avatars/710535657650651157/e21a44412b740e2e3bba4f4cc015a9e8.png"},"point":760},{"user":{"uid":1419,"userid":880,"name":"Mister E","avatar":"https://cdn.discordapp.com/avatars/519617154782461991/4a0616a32ffc7f7ee6eeeeab8c9952e5.png"},"point":709},{"user":{"uid":29,"userid":79,"name":"Andrew B.","avatar":"https://cdn.discordapp.com/avatars/224307743073239040/820d5fa00cb1d416d2b00ca8c296d7bf.png"},"point":677},{"user":{"uid":619,"userid":418,"name":"NumberHunter91","avatar":"https://cdn.discordapp.com/avatars/276407067223392256/c656134c8d2a712de1b2dbaf3856e995.png"},"point":631},{"user":{"uid":1160,"userid":699,"name":"jodycc","avatar":"https://cdn.discordapp.com/avatars/623249122761375760/adc25e15fe96d56656319e2a159d9458.png"},"point":570},{"user":{"uid":1325,"userid":816,"name":"Kian UK","avatar":"https://avatars.steamstatic.com/fef49e7fa7e1997310d705b2a6158ff8dc1cdfeb_full.jpg"},"point":478},{"user":{"uid":870,"userid":553,"name":"evilzocken","avatar":"https://cdn.discordapp.com/avatars/665665436678881280/25d7fd2d1432b799ac4b37a8d7592c6a.png"},"point":410},{"user":{"uid":1444,"userid":893,"name":"Бѳцпcёя","avatar":"https://cdn.discordapp.com/avatars/439872956739354625/a582fc3e498c341cd8e8309f4aea73b6.png"},"point":348},{"user":{"uid":1441,"userid":892,"name":"Ryan","avatar":"https://cdn.discordapp.com/avatars/951736940573630494/c2590486f4d529b99aabbf15c42d4229.png"},"point":207}]}