{"fmd":[{"user":{"uid":300,"userid":197,"name":"zoop","avatar":"https://cdn.discordapp.com/avatars/221167310986149888/834a0f2ed8b4aacbb621e04069eba462.png"},"point":3014},{"user":{"uid":376,"userid":217,"name":"im_tibo","avatar":"https://cdn.discordapp.com/avatars/677523358773936159/4701cf2e052934cb803f95ac1f17c941.png"},"point":2565},{"user":{"uid":75,"userid":87,"name":"Divaice","avatar":"https://cdn.discordapp.com/avatars/442566760277868546/036f730b9f21ac80ae369dbbaa692664.png"},"point":2440},{"user":{"uid":219,"userid":162,"name":"Unlined","avatar":"https://cdn.discordapp.com/avatars/805174902566682644/ebc23285318adf34b6840ae2d324a959.png"},"point":1690},{"user":{"uid":15,"userid":17,"name":"Aashraye","avatar":"https://cdn.discordapp.com/avatars/514799622510739456/a_9fa635cb53a66b5da365a010bbced50e.gif"},"point":1288},{"user":{"uid":286,"userid":190,"name":"[MCG] NarBREAD (SVK)","avatar":"https://cdn.discordapp.com/attachments/1058844743582363859/1162360746752090153/SmartSelect_20231013-140626_Gallery.jpg?ex=653ba7cd&is=652932cd&hm=909f43b4b9783fd00a00fed9e0690b8a674b513d16c085eb132e237ea763d8ca&"},"point":1220},{"user":{"uid":479,"userid":252,"name":"ST1G","avatar":"https://cdn.discordapp.com/avatars/515890400494616608/f4bac7aef316082f7bad4fcbb6b39570.png"},"point":790},{"user":{"uid":19,"userid":22,"name":"Garmy","avatar":"https://cdn.discordapp.com/avatars/537294435617341451/513dcf25a48a7f737f1643ad3c103e65.png"},"point":746},{"user":{"uid":364,"userid":215,"name":"[MCG] Danish_v8","avatar":"https://static.truckersmp.com/avatarsN/3882826.1651322428.jpg"},"point":323},{"user":{"uid":470,"userid":253,"name":"[MCG] Lucasg4329 [FR]","avatar":"https://static.truckersmp.com/avatarsN/defaultavatar.png"},"point":154},{"user":{"uid":275,"userid":187,"name":"TH3BR1T1SHON3","avatar":"https://cdn.discordapp.com/avatars/670477855129337869/36ea5ee7ba36961649de048c79c7a40a.png"},"point":2}],"fma":[{"user":{"uid":300,"userid":197,"name":"zoop","avatar":"https://cdn.discordapp.com/avatars/221167310986149888/834a0f2ed8b4aacbb621e04069eba462.png"},"point":3014},{"user":{"uid":376,"userid":217,"name":"im_tibo","avatar":"https://cdn.discordapp.com/avatars/677523358773936159/4701cf2e052934cb803f95ac1f17c941.png"},"point":2565},{"user":{"uid":75,"userid":87,"name":"Divaice","avatar":"https://cdn.discordapp.com/avatars/442566760277868546/036f730b9f21ac80ae369dbbaa692664.png"},"point":2440},{"user":{"uid":219,"userid":162,"name":"Unlined","avatar":"https://cdn.discordapp.com/avatars/805174902566682644/ebc23285318adf34b6840ae2d324a959.png"},"point":1690},{"user":{"uid":15,"userid":17,"name":"Aashraye","avatar":"https://cdn.discordapp.com/avatars/514799622510739456/a_9fa635cb53a66b5da365a010bbced50e.gif"},"point":1288},{"user":{"uid":286,"userid":190,"name":"[MCG] NarBREAD (SVK)","avatar":"https://cdn.discordapp.com/attachments/1058844743582363859/1162360746752090153/SmartSelect_20231013-140626_Gallery.jpg?ex=653ba7cd&is=652932cd&hm=909f43b4b9783fd00a00fed9e0690b8a674b513d16c085eb132e237ea763d8ca&"},"point":1220},{"user":{"uid":479,"userid":252,"name":"ST1G","avatar":"https://cdn.discordapp.com/avatars/515890400494616608/f4bac7aef316082f7bad4fcbb6b39570.png"},"point":790},{"user":{"uid":19,"userid":22,"name":"Garmy","avatar":"https://cdn.discordapp.com/avatars/537294435617341451/513dcf25a48a7f737f1643ad3c103e65.png"},"point":746},{"user":{"uid":364,"userid":215,"name":"[MCG] Danish_v8","avatar":"https://static.truckersmp.com/avatarsN/3882826.1651322428.jpg"},"point":323},{"user":{"uid":470,"userid":253,"name":"[MCG] Lucasg4329 [FR]","avatar":"https://static.truckersmp.com/avatarsN/defaultavatar.png"},"point":154},{"user":{"uid":275,"userid":187,"name":"TH3BR1T1SHON3","avatar":"https://cdn.discordapp.com/avatars/670477855129337869/36ea5ee7ba36961649de048c79c7a40a.png"},"point":2}]}