{"fmd":[{"user":{"uid":648,"userid":521,"name":"Sandro","avatar":"https://cdn.discordapp.com/avatars/221992990275534848/5502ab9ba51414716bca672635e36ccc.png"},"point":3835},{"user":{"uid":636,"userid":513,"name":"MementoMori","avatar":"https://cdn.discordapp.com/avatars/978142750681731182/21fe43da5d69da6ce55d794c5c9c9e17.png"},"point":3675},{"user":{"uid":458,"userid":377,"name":"LordCancer420","avatar":"https://cdn.discordapp.com/avatars/412529924805492756/38365841d4eaa1db7d73bc11bc478124.png"},"point":2248},{"user":{"uid":663,"userid":532,"name":"Cardigaso","avatar":"https://cdn.discordapp.com/avatars/1125047721863163974/cc9a8c66b569f73b2dd8c694988747df.png"},"point":1525},{"user":{"uid":609,"userid":490,"name":"ralkinvx","avatar":"https://cdn.discordapp.com/avatars/626276063609225221/cdf27d657698337dc22e9a4ba4736900.png"},"point":856},{"user":{"uid":608,"userid":489,"name":"Dylan aka Scott","avatar":"https://cdn.discordapp.com/avatars/287978186732732416/269da0519b0fb3b455df1752ceec3171.png"},"point":586},{"user":{"uid":25,"userid":96,"name":"[G-T-R]GrayWolf","avatar":"https://cdn.discordapp.com/avatars/463049453067173888/93e0f855de1c1bcdf6924d45b1789338.png"},"point":573},{"user":{"uid":408,"userid":341,"name":"mcomplex","avatar":"https://cdn.discordapp.com/avatars/437616213145812992/9fb536e5f0080630e86228776cb7f85d.png"},"point":546},{"user":{"uid":617,"userid":494,"name":"wivson","avatar":"https://cdn.discordapp.com/avatars/952247435185496164/fbd4b45d1f0c777e36db54cf256dafba.png"},"point":373},{"user":{"uid":595,"userid":479,"name":"Championrub","avatar":"https://cdn.discordapp.com/avatars/811982277474123786/57632d6c13f4de8235b03acd0aba016e.png"},"point":297},{"user":{"uid":664,"userid":533,"name":"Oscar","avatar":"https://cdn.discordapp.com/avatars/753279277679640647/469bd493af1db8a90fc0fe5b999147a1.png"},"point":242},{"user":{"uid":658,"userid":528,"name":"SINIST3R","avatar":"https://cdn.discordapp.com/avatars/269558565180538882/61dd08030cb3986506544afe22066c8a.png"},"point":130},{"user":{"uid":561,"userid":453,"name":"phevos","avatar":"https://cdn.discordapp.com/avatars/622325492716011561/7de674db261521ac520b656f5089d908.png"},"point":0}],"fma":[{"user":{"uid":648,"userid":521,"name":"Sandro","avatar":"https://cdn.discordapp.com/avatars/221992990275534848/5502ab9ba51414716bca672635e36ccc.png"},"point":3835},{"user":{"uid":636,"userid":513,"name":"MementoMori","avatar":"https://cdn.discordapp.com/avatars/978142750681731182/21fe43da5d69da6ce55d794c5c9c9e17.png"},"point":3800},{"user":{"uid":458,"userid":377,"name":"LordCancer420","avatar":"https://cdn.discordapp.com/avatars/412529924805492756/38365841d4eaa1db7d73bc11bc478124.png"},"point":2248},{"user":{"uid":663,"userid":532,"name":"Cardigaso","avatar":"https://cdn.discordapp.com/avatars/1125047721863163974/cc9a8c66b569f73b2dd8c694988747df.png"},"point":1525},{"user":{"uid":609,"userid":490,"name":"ralkinvx","avatar":"https://cdn.discordapp.com/avatars/626276063609225221/cdf27d657698337dc22e9a4ba4736900.png"},"point":856},{"user":{"uid":608,"userid":489,"name":"Dylan aka Scott","avatar":"https://cdn.discordapp.com/avatars/287978186732732416/269da0519b0fb3b455df1752ceec3171.png"},"point":586},{"user":{"uid":25,"userid":96,"name":"[G-T-R]GrayWolf","avatar":"https://cdn.discordapp.com/avatars/463049453067173888/93e0f855de1c1bcdf6924d45b1789338.png"},"point":573},{"user":{"uid":408,"userid":341,"name":"mcomplex","avatar":"https://cdn.discordapp.com/avatars/437616213145812992/9fb536e5f0080630e86228776cb7f85d.png"},"point":546},{"user":{"uid":617,"userid":494,"name":"wivson","avatar":"https://cdn.discordapp.com/avatars/952247435185496164/fbd4b45d1f0c777e36db54cf256dafba.png"},"point":373},{"user":{"uid":595,"userid":479,"name":"Championrub","avatar":"https://cdn.discordapp.com/avatars/811982277474123786/57632d6c13f4de8235b03acd0aba016e.png"},"point":297},{"user":{"uid":664,"userid":533,"name":"Oscar","avatar":"https://cdn.discordapp.com/avatars/753279277679640647/469bd493af1db8a90fc0fe5b999147a1.png"},"point":242},{"user":{"uid":480,"userid":395,"name":"Sh0tBlow","avatar":"https://cdn.discordapp.com/avatars/462991116279611392/87bf1e3b76d220025f3fb4b0029427f8.png"},"point":195},{"user":{"uid":658,"userid":528,"name":"SINIST3R","avatar":"https://cdn.discordapp.com/avatars/269558565180538882/61dd08030cb3986506544afe22066c8a.png"},"point":130},{"user":{"uid":260,"userid":221,"name":"NotPika","avatar":"https://cdn.discordapp.com/avatars/1067827165556650024/47c9f5f730ebb99916f6373cf7ec75ef.png"},"point":80},{"user":{"uid":561,"userid":453,"name":"phevos","avatar":"https://cdn.discordapp.com/avatars/622325492716011561/7de674db261521ac520b656f5089d908.png"},"point":0}]}