{"fmd":[{"user":{"uid":14,"userid":11,"name":"ELCARLOS","avatar":""},"point":7194},{"user":{"uid":3,"userid":2,"name":"twitch.tv/ el_uruguayooooo","avatar":"https://avatars.steamstatic.com/f559eb3f2353a53b1056d03c2968037b59fec846_full.jpg"},"point":3383},{"user":{"uid":8,"userid":4,"name":"fruttinicolas","avatar":"https://avatars.steamstatic.com/3023e43df6a37e11e2792ef1e5456000bffc3394_full.jpg"},"point":1313},{"user":{"uid":9,"userid":5,"name":"Gabrox300","avatar":"https://avatars.steamstatic.com/c07fb8ee13cbcf4f88c3f7f9b1d112538ad4c2aa_full.jpg"},"point":454},{"user":{"uid":1,"userid":1,"name":"Chinchulines","avatar":"https://static.truckersmp.com/avatarsN/5157719.1708998904.png"},"point":337},{"user":{"uid":15,"userid":12,"name":"🔥LeandroG🔥","avatar":"https://cdn.discordapp.com/avatars/582745971557924864/af9c115fb3aeef08e20222fd441d1ae8.png"},"point":336},{"user":{"uid":12,"userid":9,"name":"Rakterion","avatar":"https://avatars.steamstatic.com/c3c2be1c64ebbb22961b3639239f7ce18fccdfac_full.jpg"},"point":116},{"user":{"uid":5,"userid":7,"name":"H. Salamanca","avatar":"https://avatars.steamstatic.com/13327a4e2eb8f0b61f58ef98f8904599b1d7b16b_full.jpg"},"point":69}],"fma":[{"user":{"uid":14,"userid":11,"name":"ELCARLOS","avatar":""},"point":7194},{"user":{"uid":8,"userid":4,"name":"fruttinicolas","avatar":"https://avatars.steamstatic.com/3023e43df6a37e11e2792ef1e5456000bffc3394_full.jpg"},"point":4513},{"user":{"uid":3,"userid":2,"name":"twitch.tv/ el_uruguayooooo","avatar":"https://avatars.steamstatic.com/f559eb3f2353a53b1056d03c2968037b59fec846_full.jpg"},"point":4021},{"user":{"uid":1,"userid":1,"name":"Chinchulines","avatar":"https://static.truckersmp.com/avatarsN/5157719.1708998904.png"},"point":784},{"user":{"uid":9,"userid":5,"name":"Gabrox300","avatar":"https://avatars.steamstatic.com/c07fb8ee13cbcf4f88c3f7f9b1d112538ad4c2aa_full.jpg"},"point":454},{"user":{"uid":15,"userid":12,"name":"🔥LeandroG🔥","avatar":"https://cdn.discordapp.com/avatars/582745971557924864/af9c115fb3aeef08e20222fd441d1ae8.png"},"point":336},{"user":{"uid":12,"userid":9,"name":"Rakterion","avatar":"https://avatars.steamstatic.com/c3c2be1c64ebbb22961b3639239f7ce18fccdfac_full.jpg"},"point":116},{"user":{"uid":5,"userid":7,"name":"H. Salamanca","avatar":"https://avatars.steamstatic.com/13327a4e2eb8f0b61f58ef98f8904599b1d7b16b_full.jpg"},"point":69}]}