{"fmd":[{"user":{"uid":203,"userid":173,"name":"(DR) Billy1bob","avatar":""},"point":8286},{"user":{"uid":6,"userid":3,"name":"(Co Owner) Angry Raptor","avatar":"https://cdn.discordapp.com/avatars/474484979548815360/6347a182410a674dfb6f831275c1b803.png"},"point":8161},{"user":{"uid":210,"userid":180,"name":"(DRT) Dark_age_gamer (Stuart)","avatar":"https://cdn.discordapp.com/avatars/952110105028079668/925f4268ce0ee99d5da863af64fba716.png"},"point":5443},{"user":{"uid":28,"userid":23,"name":"(CEO) Pete (DND)","avatar":"https://cdn.discordapp.com/avatars/316660255872516106/8a2dca3b679afae90df18edc44b1584c.png"},"point":4481},{"user":{"uid":1,"userid":0,"name":"(Owner) Essex","avatar":"https://cdn.discordapp.com/avatars/986728515892285461/a_c4301bd78f1d1d60c25f66672af89a9a.gif"},"point":4299},{"user":{"uid":13,"userid":9,"name":"(Co Owner) BRDYVPR","avatar":"https://cdn.discordapp.com/avatars/760196239022489633/e52474f8d25af8ac2dbffaddb6943c37.png"},"point":3439},{"user":{"uid":202,"userid":172,"name":"(DR) WeeMenace06","avatar":"https://cdn.discordapp.com/avatars/970355206590181376/76a0b6ef3a5eca2c11e5ca399efa3a52.png"},"point":1297},{"user":{"uid":173,"userid":146,"name":"(DR) Liam","avatar":"https://cdn.discordapp.com/avatars/851490830840889354/5573f1564aacc140704ae8b24f22b114.png"},"point":1194},{"user":{"uid":205,"userid":175,"name":"(DR) Magnusw001","avatar":"https://cdn.discordapp.com/avatars/813730694869811211/820e80ec325b3958169fe25811a8c668.png"},"point":1193},{"user":{"uid":137,"userid":111,"name":"[LOA] (DR) The Fallen","avatar":"https://cdn.discordapp.com/avatars/365176026872938506/e3a0fb6fc3e046f79a25a0bee6311616.png"},"point":1172},{"user":{"uid":209,"userid":179,"name":"(DRT) celticcarrots","avatar":"https://cdn.discordapp.com/avatars/387561475709075466/8a663c0e4edf64e2828bb3ed0de97bf4.png"},"point":1135},{"user":{"uid":30,"userid":25,"name":"(DR) joey1984","avatar":"https://cdn.discordapp.com/avatars/687774792102838354/a_98a5677a253f92bb94481089c846e36e.gif"},"point":565},{"user":{"uid":63,"userid":50,"name":"(DR) Rubie","avatar":"https://cdn.discordapp.com/avatars/768527805549641729/35552f09af2efc91cea70391485bb7e2.png"},"point":152}],"fma":[{"user":{"uid":6,"userid":3,"name":"(Co Owner) Angry Raptor","avatar":"https://cdn.discordapp.com/avatars/474484979548815360/6347a182410a674dfb6f831275c1b803.png"},"point":8981},{"user":{"uid":203,"userid":173,"name":"(DR) Billy1bob","avatar":""},"point":8286},{"user":{"uid":210,"userid":180,"name":"(DRT) Dark_age_gamer (Stuart)","avatar":"https://cdn.discordapp.com/avatars/952110105028079668/925f4268ce0ee99d5da863af64fba716.png"},"point":5443},{"user":{"uid":1,"userid":0,"name":"(Owner) Essex","avatar":"https://cdn.discordapp.com/avatars/986728515892285461/a_c4301bd78f1d1d60c25f66672af89a9a.gif"},"point":4629},{"user":{"uid":28,"userid":23,"name":"(CEO) Pete (DND)","avatar":"https://cdn.discordapp.com/avatars/316660255872516106/8a2dca3b679afae90df18edc44b1584c.png"},"point":4501},{"user":{"uid":13,"userid":9,"name":"(Co Owner) BRDYVPR","avatar":"https://cdn.discordapp.com/avatars/760196239022489633/e52474f8d25af8ac2dbffaddb6943c37.png"},"point":3639},{"user":{"uid":202,"userid":172,"name":"(DR) WeeMenace06","avatar":"https://cdn.discordapp.com/avatars/970355206590181376/76a0b6ef3a5eca2c11e5ca399efa3a52.png"},"point":1297},{"user":{"uid":205,"userid":175,"name":"(DR) Magnusw001","avatar":"https://cdn.discordapp.com/avatars/813730694869811211/820e80ec325b3958169fe25811a8c668.png"},"point":1213},{"user":{"uid":173,"userid":146,"name":"(DR) Liam","avatar":"https://cdn.discordapp.com/avatars/851490830840889354/5573f1564aacc140704ae8b24f22b114.png"},"point":1194},{"user":{"uid":137,"userid":111,"name":"[LOA] (DR) The Fallen","avatar":"https://cdn.discordapp.com/avatars/365176026872938506/e3a0fb6fc3e046f79a25a0bee6311616.png"},"point":1172},{"user":{"uid":209,"userid":179,"name":"(DRT) celticcarrots","avatar":"https://cdn.discordapp.com/avatars/387561475709075466/8a663c0e4edf64e2828bb3ed0de97bf4.png"},"point":1135},{"user":{"uid":30,"userid":25,"name":"(DR) joey1984","avatar":"https://cdn.discordapp.com/avatars/687774792102838354/a_98a5677a253f92bb94481089c846e36e.gif"},"point":565},{"user":{"uid":63,"userid":50,"name":"(DR) Rubie","avatar":"https://cdn.discordapp.com/avatars/768527805549641729/35552f09af2efc91cea70391485bb7e2.png"},"point":152}]}