{"fmd":[{"user":{"uid":367,"userid":265,"name":"xXBlazieXx","avatar":"https://cdn.discordapp.com/avatars/118134703143387143/a_0c9c8f10bf9b081401d4b68f2e0948fd.gif"},"point":3146},{"user":{"uid":350,"userid":251,"name":"Charon IV","avatar":"https://cdn.discordapp.com/avatars/336964513033093130/da18a1808802bdf3485f3b885a65072c.png"},"point":983},{"user":{"uid":352,"userid":255,"name":"Deilia","avatar":"https://static.truckersmp.com/avatarsN/5164534.1711935146.png"},"point":955},{"user":{"uid":360,"userid":259,"name":"EisenWolf","avatar":"https://static.truckersmp.com/avatarsN/4112608.1704752368.jpg"},"point":650},{"user":{"uid":363,"userid":261,"name":"Hen_Saf","avatar":"https://cdn.discordapp.com/avatars/767735764599439360/7dafddaf3752db3fc0d05dfe2a6ba8cb.png"},"point":648},{"user":{"uid":12,"userid":253,"name":"Arcon_","avatar":"https://cdn.discordapp.com/avatars/590425598552440833/a0d20b550a1002cce1119d41d50775fd.png"},"point":609},{"user":{"uid":358,"userid":258,"name":"KARAMITROS","avatar":"https://cdn.discordapp.com/avatars/884473658884649011/3527b044612c65be1a2e46dcec9693e4.png"},"point":528},{"user":{"uid":369,"userid":266,"name":"KRNBR4N","avatar":"https://static.truckersmp.com/avatarsN/5311993.1702834926.jpg"},"point":50},{"user":{"uid":1,"userid":0,"name":"Brad","avatar":"https://cdn.discordapp.com/avatars/507570358782525451/0f8d2ac0cb4d5df4b45d8529b6efe809.png"},"point":0},{"user":{"uid":351,"userid":254,"name":"nini","avatar":"https://cdn.discordapp.com/avatars/288301509396135938/5a66cfa9d77fa21a889e7c0a90733334.png"},"point":0}],"fma":[{"user":{"uid":367,"userid":265,"name":"xXBlazieXx","avatar":"https://cdn.discordapp.com/avatars/118134703143387143/a_0c9c8f10bf9b081401d4b68f2e0948fd.gif"},"point":28146},{"user":{"uid":1,"userid":0,"name":"Brad","avatar":"https://cdn.discordapp.com/avatars/507570358782525451/0f8d2ac0cb4d5df4b45d8529b6efe809.png"},"point":25000},{"user":{"uid":312,"userid":239,"name":"Two Trappy","avatar":"https://cdn.discordapp.com/avatars/460444257250181120/e1fe6b34c1ce8b3d86f89e7e210ca57e.png"},"point":25000},{"user":{"uid":365,"userid":262,"name":"Nino","avatar":"https://cdn.discordapp.com/avatars/400694856827011073/ec52f8c6645244614e85a449413b0b89.png"},"point":25000},{"user":{"uid":350,"userid":251,"name":"Charon IV","avatar":"https://cdn.discordapp.com/avatars/336964513033093130/da18a1808802bdf3485f3b885a65072c.png"},"point":983},{"user":{"uid":352,"userid":255,"name":"Deilia","avatar":"https://static.truckersmp.com/avatarsN/5164534.1711935146.png"},"point":955},{"user":{"uid":360,"userid":259,"name":"EisenWolf","avatar":"https://static.truckersmp.com/avatarsN/4112608.1704752368.jpg"},"point":650},{"user":{"uid":363,"userid":261,"name":"Hen_Saf","avatar":"https://cdn.discordapp.com/avatars/767735764599439360/7dafddaf3752db3fc0d05dfe2a6ba8cb.png"},"point":648},{"user":{"uid":12,"userid":253,"name":"Arcon_","avatar":"https://cdn.discordapp.com/avatars/590425598552440833/a0d20b550a1002cce1119d41d50775fd.png"},"point":609},{"user":{"uid":358,"userid":258,"name":"KARAMITROS","avatar":"https://cdn.discordapp.com/avatars/884473658884649011/3527b044612c65be1a2e46dcec9693e4.png"},"point":528},{"user":{"uid":369,"userid":266,"name":"KRNBR4N","avatar":"https://static.truckersmp.com/avatarsN/5311993.1702834926.jpg"},"point":50},{"user":{"uid":351,"userid":254,"name":"nini","avatar":"https://cdn.discordapp.com/avatars/288301509396135938/5a66cfa9d77fa21a889e7c0a90733334.png"},"point":0}]}