{"fmd":[{"user":{"uid":30,"userid":24,"name":"ԼƛMƠ[ƝԼ]","avatar":"https://static.truckersmp.com/avatarsN/2636041.1713489251.png"},"point":6109},{"user":{"uid":48,"userid":46,"name":"TommyNL","avatar":"https://avatars.steamstatic.com/566ece5c0f63be2634d91a038b57b1e369f28983_full.jpg"},"point":4173},{"user":{"uid":62,"userid":61,"name":"Thomas.","avatar":"https://cdn.discordapp.com/avatars/1000353949620117514/b42831995cac9fc332f49722a7656a19.png"},"point":3429},{"user":{"uid":14,"userid":11,"name":"L O R E N Z","avatar":"https://static.truckersmp.com/avatarsN/4486749.1691828789.png"},"point":2132},{"user":{"uid":50,"userid":48,"name":"Strandhult/JackJax","avatar":"https://cdn.discordapp.com/avatars/422386875597062145/5388b933f0bc01057ab8ae9086dcdd63.png"},"point":1503},{"user":{"uid":24,"userid":23,"name":"Gnurken","avatar":"https://static.truckersmp.com/avatarsN/1166949.1704562524.png"},"point":1424},{"user":{"uid":86,"userid":84,"name":"мσρρу_тмρ","avatar":"https://static.truckersmp.com/avatarsN/3916396.1690030869.png"},"point":1377},{"user":{"uid":54,"userid":53,"name":"nikosenos","avatar":"https://cdn.discordapp.com/avatars/385849670578077709/89afaee0019e2114289578582d6e7773.png"},"point":1179},{"user":{"uid":37,"userid":33,"name":"TTDTheo","avatar":"https://cdn.discordapp.com/avatars/1145683091176833114/b5db924ff0fe5de313fb1f3d6c2526cd.png"},"point":1052},{"user":{"uid":28,"userid":27,"name":"reissverschlussverfahren","avatar":"https://avatars.steamstatic.com/7b74c751b8e0bb519b02aa069a2d74d24c2356ae_full.jpg"},"point":1049},{"user":{"uid":3,"userid":3,"name":"Exotic","avatar":"https://cdn.discordapp.com/avatars/700374237877239900/a_21e1ff939d6a4f746de039650ff02a1d.gif"},"point":902},{"user":{"uid":12,"userid":15,"name":"hαllєlujαh","avatar":"https://cdn.discordapp.com/avatars/489787824397352970/31db3cd9b4e9374d6965e0cbe8f2ebe9.png"},"point":805},{"user":{"uid":57,"userid":55,"name":"Skyzees","avatar":"https://avatars.steamstatic.com/35f2458727fbc2f433c713925324455b2dff6656_full.jpg"},"point":767},{"user":{"uid":16,"userid":13,"name":"chad vectron","avatar":"https://cdn.discordapp.com/avatars/657613617906057247/81f8851d92f3ac1f80da82575197921f.png"},"point":741},{"user":{"uid":49,"userid":47,"name":"90s_s","avatar":"https://avatars.steamstatic.com/4a0e9b42f2229b905fb58255d76001d0f262d117_full.jpg"},"point":570},{"user":{"uid":52,"userid":50,"name":"spanchikus","avatar":"https://cdn.discordapp.com/avatars/693884881419108432/2e5d58f8fe552e4d7cd49f3f1350966e.png"},"point":442},{"user":{"uid":15,"userid":12,"name":"Lorenzo br","avatar":"https://cdn.discordapp.com/avatars/635968015371862082/8ca41d930d87fb4266f4c1666828d3f3.png"},"point":0},{"user":{"uid":84,"userid":82,"name":"! 𝑮𝒆𝒏0𝒘𝒘 🌊","avatar":"https://cdn.discordapp.com/avatars/827503076797186060/734173d4aed3b382c070c60045e3fac7.png"},"point":0},{"user":{"uid":87,"userid":85,"name":"ExtaZzZ","avatar":"https://cdn.discordapp.com/avatars/433657630364532737/4688c5a60be8b1e1af4c3e966dc2da7b.png"},"point":0}],"fma":[{"user":{"uid":30,"userid":24,"name":"ԼƛMƠ[ƝԼ]","avatar":"https://static.truckersmp.com/avatarsN/2636041.1713489251.png"},"point":6109},{"user":{"uid":48,"userid":46,"name":"TommyNL","avatar":"https://avatars.steamstatic.com/566ece5c0f63be2634d91a038b57b1e369f28983_full.jpg"},"point":4173},{"user":{"uid":62,"userid":61,"name":"Thomas.","avatar":"https://cdn.discordapp.com/avatars/1000353949620117514/b42831995cac9fc332f49722a7656a19.png"},"point":3429},{"user":{"uid":14,"userid":11,"name":"L O R E N Z","avatar":"https://static.truckersmp.com/avatarsN/4486749.1691828789.png"},"point":2132},{"user":{"uid":50,"userid":48,"name":"Strandhult/JackJax","avatar":"https://cdn.discordapp.com/avatars/422386875597062145/5388b933f0bc01057ab8ae9086dcdd63.png"},"point":1503},{"user":{"uid":24,"userid":23,"name":"Gnurken","avatar":"https://static.truckersmp.com/avatarsN/1166949.1704562524.png"},"point":1424},{"user":{"uid":86,"userid":84,"name":"мσρρу_тмρ","avatar":"https://static.truckersmp.com/avatarsN/3916396.1690030869.png"},"point":1377},{"user":{"uid":54,"userid":53,"name":"nikosenos","avatar":"https://cdn.discordapp.com/avatars/385849670578077709/89afaee0019e2114289578582d6e7773.png"},"point":1179},{"user":{"uid":28,"userid":27,"name":"reissverschlussverfahren","avatar":"https://avatars.steamstatic.com/7b74c751b8e0bb519b02aa069a2d74d24c2356ae_full.jpg"},"point":1149},{"user":{"uid":37,"userid":33,"name":"TTDTheo","avatar":"https://cdn.discordapp.com/avatars/1145683091176833114/b5db924ff0fe5de313fb1f3d6c2526cd.png"},"point":1052},{"user":{"uid":3,"userid":3,"name":"Exotic","avatar":"https://cdn.discordapp.com/avatars/700374237877239900/a_21e1ff939d6a4f746de039650ff02a1d.gif"},"point":902},{"user":{"uid":12,"userid":15,"name":"hαllєlujαh","avatar":"https://cdn.discordapp.com/avatars/489787824397352970/31db3cd9b4e9374d6965e0cbe8f2ebe9.png"},"point":805},{"user":{"uid":57,"userid":55,"name":"Skyzees","avatar":"https://avatars.steamstatic.com/35f2458727fbc2f433c713925324455b2dff6656_full.jpg"},"point":767},{"user":{"uid":16,"userid":13,"name":"chad vectron","avatar":"https://cdn.discordapp.com/avatars/657613617906057247/81f8851d92f3ac1f80da82575197921f.png"},"point":741},{"user":{"uid":49,"userid":47,"name":"90s_s","avatar":"https://avatars.steamstatic.com/4a0e9b42f2229b905fb58255d76001d0f262d117_full.jpg"},"point":570},{"user":{"uid":52,"userid":50,"name":"spanchikus","avatar":"https://cdn.discordapp.com/avatars/693884881419108432/2e5d58f8fe552e4d7cd49f3f1350966e.png"},"point":442},{"user":{"uid":15,"userid":12,"name":"Lorenzo br","avatar":"https://cdn.discordapp.com/avatars/635968015371862082/8ca41d930d87fb4266f4c1666828d3f3.png"},"point":0},{"user":{"uid":84,"userid":82,"name":"! 𝑮𝒆𝒏0𝒘𝒘 🌊","avatar":"https://cdn.discordapp.com/avatars/827503076797186060/734173d4aed3b382c070c60045e3fac7.png"},"point":0},{"user":{"uid":87,"userid":85,"name":"ExtaZzZ","avatar":"https://cdn.discordapp.com/avatars/433657630364532737/4688c5a60be8b1e1af4c3e966dc2da7b.png"},"point":0}]}