{"fmd":[{"user":{"uid":1382,"userid":847,"name":"Aeroplane","avatar":"https://cdn.discordapp.com/avatars/919580354736705617/cd8c60e397730ab82e685faaf72d3c77.png"},"point":4729},{"user":{"uid":1448,"userid":894,"name":"jason","avatar":"https://cdn.discordapp.com/avatars/853206258512298024/0fef9b881357560e340b10568c517402.png"},"point":4067},{"user":{"uid":1061,"userid":656,"name":"Thy Night Owl","avatar":"https://cdn.discordapp.com/avatars/678366200312496154/7e3c44efb2393e0a9a4b593cb42f936d.png"},"point":3237},{"user":{"uid":1039,"userid":637,"name":"Dutchman6149","avatar":"https://cdn.discordapp.com/avatars/1089970918169776317/518899061d0c7aa71638cf2a46dfa547.png"},"point":2745},{"user":{"uid":892,"userid":567,"name":"KuroSerpent","avatar":"https://cdn.discordapp.com/avatars/249645812726890497/a_21c0489bbb0c99be7db8bbbfb1ed5e85.gif"},"point":2304},{"user":{"uid":1097,"userid":670,"name":"Ramin Tanuwong [TH]","avatar":"https://static.truckersmp.com/avatarsN/3757199.1645214262.jpg"},"point":2134},{"user":{"uid":1244,"userid":767,"name":"cutiehrts #ATM3Y","avatar":"https://cdn.discordapp.com/avatars/1170949991548858411/fb8331fe2f18503ffc00edb998ec7738.png"},"point":1857},{"user":{"uid":717,"userid":477,"name":"Turnt","avatar":"https://cdn.discordapp.com/avatars/417130736848470039/a_af2f73ff3f0bf8c460edc1b1f02192f9.gif"},"point":1823},{"user":{"uid":1245,"userid":764,"name":"Eiffel Tower Owner","avatar":"https://cdn.discordapp.com/avatars/909015760347734036/c8847952f95c26f402e44d41e997c8cd.png"},"point":1735},{"user":{"uid":652,"userid":434,"name":"Niftte","avatar":"https://cdn.discordapp.com/avatars/270025583801532416/27aa281cc801fa5c9a22e30502eb6233.png"},"point":996},{"user":{"uid":1430,"userid":886,"name":"Maddypat","avatar":"https://cdn.discordapp.com/avatars/685159646977327231/4e57d31d0a98f9d98d1cd070848451e3.png"},"point":962},{"user":{"uid":619,"userid":418,"name":"LOA | NumberHunter91","avatar":"https://cdn.discordapp.com/avatars/276407067223392256/c656134c8d2a712de1b2dbaf3856e995.png"},"point":946},{"user":{"uid":793,"userid":516,"name":"Yeltta","avatar":"https://cdn.discordapp.com/avatars/1091420988115259442/e754a9767deffcf8b01f23c55dd3da46.png"},"point":939},{"user":{"uid":1414,"userid":870,"name":"Azure Phantom","avatar":"https://avatars.steamstatic.com/8a78a24d3ae3031caf2695bc4dede2d6eb7af7cf_full.jpg"},"point":888},{"user":{"uid":851,"userid":765,"name":"A_Bold_One","avatar":"https://cdn.discordapp.com/avatars/724063574565322762/96cc2952ae7b5b1f5e6dfe520b727adc.png"},"point":866},{"user":{"uid":561,"userid":386,"name":"richhscm","avatar":""},"point":839},{"user":{"uid":159,"userid":312,"name":"SugarFr33","avatar":"https://cdn.discordapp.com/avatars/201772157087383553/f9067034f4df1893aef1e1bf739998d1.png"},"point":816},{"user":{"uid":1455,"userid":897,"name":"pootis01","avatar":"https://cdn.discordapp.com/avatars/423002528184139790/a_c1ed9e7807b03c2eab019d4340d72e5b.gif"},"point":720},{"user":{"uid":671,"userid":448,"name":"Rocky","avatar":"https://cdn.discordapp.com/avatars/508226509744635904/6696b0bd9167804479c233924b375fa1.png"},"point":703},{"user":{"uid":1034,"userid":635,"name":"fox_bot","avatar":"https://cdn.discordapp.com/avatars/673289306424475659/6760c43d2e087fd99eeef160473251a3.png"},"point":592},{"user":{"uid":1271,"userid":780,"name":"brazvo (Bruno)","avatar":"https://cdn.discordapp.com/avatars/823826275964682251/c28159cbabe58874bd1244a97d68d24b.png"},"point":558},{"user":{"uid":1187,"userid":726,"name":"afrikandionysus","avatar":"https://cdn.discordapp.com/avatars/759714918177177670/661f5840a2c808aa6c88959f5a379f8d.png"},"point":346},{"user":{"uid":716,"userid":476,"name":"mwe2187","avatar":"https://cdn.discordapp.com/avatars/628250855899922448/93721c72d6dba299ffc43f2a9a13483b.png"},"point":334},{"user":{"uid":1444,"userid":893,"name":"Бѳцпcёя","avatar":"https://cdn.discordapp.com/avatars/439872956739354625/a582fc3e498c341cd8e8309f4aea73b6.png"},"point":329},{"user":{"uid":184,"userid":345,"name":"NFLD","avatar":"https://cdn.discordapp.com/avatars/538772758461677578/5f1d024574ed37a8cbaf69c186d93cb1.png"},"point":267},{"user":{"uid":1284,"userid":787,"name":"T.Mckenzie","avatar":"https://cdn.discordapp.com/avatars/478766743930667038/b5df8290803a59cd8771bd94ed013644.png"},"point":193},{"user":{"uid":1009,"userid":623,"name":"Hexx","avatar":"https://cdn.discordapp.com/avatars/304988513479426049/c2548221c78c83f54855cb03edd6f6d0.png"},"point":13},{"user":{"uid":968,"userid":602,"name":"Svampen Bob","avatar":"https://cdn.discordapp.com/avatars/323528455209877505/bd28ff6f721d0a3c44f06e7301bb8ff4.png"},"point":1},{"user":{"uid":41,"userid":820,"name":"Jack","avatar":"https://cdn.discordapp.com/avatars/555074609544822795/d3665ab7e4604312949fcceb877b56b0.png"},"point":0}],"fma":[{"user":{"uid":1061,"userid":656,"name":"Thy Night Owl","avatar":"https://cdn.discordapp.com/avatars/678366200312496154/7e3c44efb2393e0a9a4b593cb42f936d.png"},"point":8346},{"user":{"uid":1382,"userid":847,"name":"Aeroplane","avatar":"https://cdn.discordapp.com/avatars/919580354736705617/cd8c60e397730ab82e685faaf72d3c77.png"},"point":5795},{"user":{"uid":1097,"userid":670,"name":"Ramin Tanuwong [TH]","avatar":"https://static.truckersmp.com/avatarsN/3757199.1645214262.jpg"},"point":4676},{"user":{"uid":1448,"userid":894,"name":"jason","avatar":"https://cdn.discordapp.com/avatars/853206258512298024/0fef9b881357560e340b10568c517402.png"},"point":4349},{"user":{"uid":1316,"userid":807,"name":"Gota","avatar":"https://cdn.discordapp.com/avatars/167291299693723648/beb31f691ab4478e3268181a76f3a451.png"},"point":3406},{"user":{"uid":1244,"userid":767,"name":"cutiehrts #ATM3Y","avatar":"https://cdn.discordapp.com/avatars/1170949991548858411/fb8331fe2f18503ffc00edb998ec7738.png"},"point":3112},{"user":{"uid":1039,"userid":637,"name":"Dutchman6149","avatar":"https://cdn.discordapp.com/avatars/1089970918169776317/518899061d0c7aa71638cf2a46dfa547.png"},"point":3088},{"user":{"uid":119,"userid":258,"name":"LordLegend","avatar":"https://cdn.discordapp.com/avatars/507573290995417108/294e2517c647c3c8703945fbc200afcd.png"},"point":3038},{"user":{"uid":892,"userid":567,"name":"KuroSerpent","avatar":"https://cdn.discordapp.com/avatars/249645812726890497/a_21c0489bbb0c99be7db8bbbfb1ed5e85.gif"},"point":2372},{"user":{"uid":619,"userid":418,"name":"LOA | NumberHunter91","avatar":"https://cdn.discordapp.com/avatars/276407067223392256/c656134c8d2a712de1b2dbaf3856e995.png"},"point":2175},{"user":{"uid":652,"userid":434,"name":"Niftte","avatar":"https://cdn.discordapp.com/avatars/270025583801532416/27aa281cc801fa5c9a22e30502eb6233.png"},"point":2061},{"user":{"uid":717,"userid":477,"name":"Turnt","avatar":"https://cdn.discordapp.com/avatars/417130736848470039/a_af2f73ff3f0bf8c460edc1b1f02192f9.gif"},"point":1996},{"user":{"uid":1245,"userid":764,"name":"Eiffel Tower Owner","avatar":"https://cdn.discordapp.com/avatars/909015760347734036/c8847952f95c26f402e44d41e997c8cd.png"},"point":1865},{"user":{"uid":924,"userid":576,"name":"🌈Hearty_Laces🌈They/Them","avatar":"https://cdn.discordapp.com/avatars/461978281906929675/9128b3d5991d797b2e4060e71c4c5f41.png"},"point":1550},{"user":{"uid":1105,"userid":675,"name":"Jack3D60","avatar":"https://cdn.discordapp.com/avatars/805496381754048572/bcf10ae824b274e1c532971dcb857977.png"},"point":1253},{"user":{"uid":671,"userid":448,"name":"Rocky","avatar":"https://cdn.discordapp.com/avatars/508226509744635904/6696b0bd9167804479c233924b375fa1.png"},"point":1078},{"user":{"uid":793,"userid":516,"name":"Yeltta","avatar":"https://cdn.discordapp.com/avatars/1091420988115259442/e754a9767deffcf8b01f23c55dd3da46.png"},"point":1000},{"user":{"uid":1430,"userid":886,"name":"Maddypat","avatar":"https://cdn.discordapp.com/avatars/685159646977327231/4e57d31d0a98f9d98d1cd070848451e3.png"},"point":996},{"user":{"uid":1414,"userid":870,"name":"Azure Phantom","avatar":"https://avatars.steamstatic.com/8a78a24d3ae3031caf2695bc4dede2d6eb7af7cf_full.jpg"},"point":907},{"user":{"uid":851,"userid":765,"name":"A_Bold_One","avatar":"https://cdn.discordapp.com/avatars/724063574565322762/96cc2952ae7b5b1f5e6dfe520b727adc.png"},"point":905},{"user":{"uid":561,"userid":386,"name":"richhscm","avatar":""},"point":839},{"user":{"uid":159,"userid":312,"name":"SugarFr33","avatar":"https://cdn.discordapp.com/avatars/201772157087383553/f9067034f4df1893aef1e1bf739998d1.png"},"point":816},{"user":{"uid":1455,"userid":897,"name":"pootis01","avatar":"https://cdn.discordapp.com/avatars/423002528184139790/a_c1ed9e7807b03c2eab019d4340d72e5b.gif"},"point":738},{"user":{"uid":1034,"userid":635,"name":"fox_bot","avatar":"https://cdn.discordapp.com/avatars/673289306424475659/6760c43d2e087fd99eeef160473251a3.png"},"point":713},{"user":{"uid":1271,"userid":780,"name":"brazvo (Bruno)","avatar":"https://cdn.discordapp.com/avatars/823826275964682251/c28159cbabe58874bd1244a97d68d24b.png"},"point":689},{"user":{"uid":1187,"userid":726,"name":"afrikandionysus","avatar":"https://cdn.discordapp.com/avatars/759714918177177670/661f5840a2c808aa6c88959f5a379f8d.png"},"point":346},{"user":{"uid":716,"userid":476,"name":"mwe2187","avatar":"https://cdn.discordapp.com/avatars/628250855899922448/93721c72d6dba299ffc43f2a9a13483b.png"},"point":334},{"user":{"uid":1444,"userid":893,"name":"Бѳцпcёя","avatar":"https://cdn.discordapp.com/avatars/439872956739354625/a582fc3e498c341cd8e8309f4aea73b6.png"},"point":329},{"user":{"uid":184,"userid":345,"name":"NFLD","avatar":"https://cdn.discordapp.com/avatars/538772758461677578/5f1d024574ed37a8cbaf69c186d93cb1.png"},"point":267},{"user":{"uid":870,"userid":553,"name":"evilzocken","avatar":"https://cdn.discordapp.com/avatars/665665436678881280/25d7fd2d1432b799ac4b37a8d7592c6a.png"},"point":225},{"user":{"uid":1284,"userid":787,"name":"T.Mckenzie","avatar":"https://cdn.discordapp.com/avatars/478766743930667038/b5df8290803a59cd8771bd94ed013644.png"},"point":193},{"user":{"uid":1009,"userid":623,"name":"Hexx","avatar":"https://cdn.discordapp.com/avatars/304988513479426049/c2548221c78c83f54855cb03edd6f6d0.png"},"point":13},{"user":{"uid":968,"userid":602,"name":"Svampen Bob","avatar":"https://cdn.discordapp.com/avatars/323528455209877505/bd28ff6f721d0a3c44f06e7301bb8ff4.png"},"point":1},{"user":{"uid":41,"userid":820,"name":"Jack","avatar":"https://cdn.discordapp.com/avatars/555074609544822795/d3665ab7e4604312949fcceb877b56b0.png"},"point":0}]}