{"fmd":[{"user":{"uid":85,"userid":76,"name":"BratPfanne","avatar":"https://cdn.discordapp.com/avatars/280066593428340739/935c5dc2cac4ab6850284f71bacf7134.png"},"point":7449},{"user":{"uid":152,"userid":135,"name":"manu7432","avatar":"https://cdn.discordapp.com/avatars/1024735246249373777/2d7e240ada7e8d3f41e4150fb6b1d0aa.png"},"point":4610},{"user":{"uid":194,"userid":188,"name":"[FLG] derMicha","avatar":"https://cdn.discordapp.com/avatars/951482086072660018/6f6fb9e5f328bec8c769d872bed5109a.png"},"point":4493},{"user":{"uid":71,"userid":60,"name":"geronimo8815","avatar":"https://static.truckersmp.com/avatarsN/5294261.1711913743.png"},"point":3008},{"user":{"uid":38,"userid":33,"name":"[FLG] derDome","avatar":"https://cdn.discordapp.com/avatars/847551771249344564/0ae2aee9871db467f88aa78addecffa6.png"},"point":2722},{"user":{"uid":269,"userid":225,"name":"Lord_Kevo22","avatar":"https://cdn.discordapp.com/avatars/705330452508049408/61c39c05ae5ed99170b76303b795d9c0.png"},"point":2549},{"user":{"uid":46,"userid":44,"name":"Linus14_trucker","avatar":"https://cdn.discordapp.com/avatars/973298563750719518/f8077addf056d9aaf51c748928a4a6d2.png"},"point":2503},{"user":{"uid":79,"userid":68,"name":"kevinnartor","avatar":"https://cdn.discordapp.com/avatars/332536235765530624/7dd1743f062994a98d58768e967065da.png"},"point":2394},{"user":{"uid":272,"userid":227,"name":"Pfindus","avatar":"https://static.truckersmp.com/avatarsN/4311053.1710660288.png"},"point":1730},{"user":{"uid":10,"userid":7,"name":"Michi.","avatar":"https://cdn.discordapp.com/avatars/450646550998286336/cecb7757e1697a4ebde655c679ae60d1.png"},"point":1527},{"user":{"uid":61,"userid":75,"name":"𝕲𝖍𝖔𝖘𝖙𝖕𝖆𝖚𝖑𝖔𝖔","avatar":"https://cdn.discordapp.com/avatars/964420212864741376/e8283a2f908472c913999fda7149c790.png"},"point":1524},{"user":{"uid":295,"userid":246,"name":"Tiberius","avatar":"https://cdn.discordapp.com/avatars/305385843428950026/6c00ebb9bf00d5c68028e29af849b1ad.png"},"point":1475},{"user":{"uid":176,"userid":157,"name":"Identity","avatar":"https://cdn.discordapp.com/avatars/383724197744214016/092d4968871fb432b7129173b5c1dc78.png"},"point":1394},{"user":{"uid":117,"userid":109,"name":"DerDampfer78","avatar":"https://cdn.discordapp.com/avatars/324522906505707520/2584364ff258ba22916b1c0c369b0893.png"},"point":1218},{"user":{"uid":198,"userid":172,"name":"Just-in-Time","avatar":"https://cdn.discordapp.com/avatars/305770257576886272/4fed1f17f230110efe229fd280e1045a.png"},"point":1059},{"user":{"uid":318,"userid":259,"name":"Theusios","avatar":"https://cdn.discordapp.com/avatars/294602089739452426/74d1468f7e577c89f2a37dbe4a8ec0fc.png"},"point":1002},{"user":{"uid":13,"userid":11,"name":"Dignity.","avatar":"https://static.truckersmp.com/avatarsN/4603971.1714464337.jpg"},"point":981},{"user":{"uid":12,"userid":10,"name":"Tchabalala/Axel","avatar":"https://cdn.discordapp.com/avatars/336794680454938624/c949fc0ae2a0b67356a833b7f2dfb640.png"},"point":971},{"user":{"uid":325,"userid":265,"name":"[GER] Sääm","avatar":"https://static.truckersmp.com/avatarsN/2524791.1714481709.jpg"},"point":936},{"user":{"uid":239,"userid":212,"name":"[FLG] Martin","avatar":"https://cdn.discordapp.com/avatars/983797646219178004/eeb3d1c948b12e0140cc622748e0dc8a.png"},"point":915},{"user":{"uid":284,"userid":236,"name":"Jxn-_-R","avatar":"https://cdn.discordapp.com/avatars/523139889143742465/3db04443daf44dfb7c3a3db7e8765d00.png"},"point":886},{"user":{"uid":90,"userid":92,"name":"Truck Driver(GER)","avatar":"https://cdn.discordapp.com/avatars/697753575450738759/7fd627982dc1053d0feca23ee052e524.png"},"point":671},{"user":{"uid":68,"userid":57,"name":"Anthonyaski","avatar":"https://cdn.discordapp.com/avatars/334780188703588362/4af94601e420a28c570fce2b038e0b23.png"},"point":592},{"user":{"uid":51,"userid":71,"name":"Joerg45701","avatar":"https://static.truckersmp.com/avatarsN/defaultavatar.png"},"point":533},{"user":{"uid":310,"userid":253,"name":"Pascal","avatar":"https://cdn.discordapp.com/avatars/677543668973830215/e67068b6cf29eb6aaa8ea1cdec299abe.png"},"point":489},{"user":{"uid":124,"userid":113,"name":"Terrase","avatar":"https://cdn.discordapp.com/avatars/625396497911119882/364fbbd9cf4c0c505f8784af01f4dc2e.png"},"point":330},{"user":{"uid":39,"userid":34,"name":"[GER] Chrissy1968","avatar":"https://static.truckersmp.com/avatarsN/defaultavatar.png"},"point":242},{"user":{"uid":344,"userid":280,"name":"Jestful","avatar":"https://cdn.discordapp.com/avatars/633121275430174762/1a5cd468e1dce02e330bcf3bc075a75e.png"},"point":236},{"user":{"uid":18,"userid":16,"name":"teufelsfrucht","avatar":"https://static.truckersmp.com/avatarsN/4047213.1699434878.png"},"point":29},{"user":{"uid":143,"userid":128,"name":"SchnellerFuchs","avatar":"https://static.truckersmp.com/avatarsN/1121622.1706114410.png"},"point":0},{"user":{"uid":338,"userid":277,"name":"Anzusz5","avatar":"https://cdn.discordapp.com/avatars/1141070153874935870/4cccfc4553de4675b25ab253ce9c676c.png"},"point":0}],"fma":[{"user":{"uid":85,"userid":76,"name":"BratPfanne","avatar":"https://cdn.discordapp.com/avatars/280066593428340739/935c5dc2cac4ab6850284f71bacf7134.png"},"point":7449},{"user":{"uid":152,"userid":135,"name":"manu7432","avatar":"https://cdn.discordapp.com/avatars/1024735246249373777/2d7e240ada7e8d3f41e4150fb6b1d0aa.png"},"point":4610},{"user":{"uid":194,"userid":188,"name":"[FLG] derMicha","avatar":"https://cdn.discordapp.com/avatars/951482086072660018/6f6fb9e5f328bec8c769d872bed5109a.png"},"point":4493},{"user":{"uid":71,"userid":60,"name":"geronimo8815","avatar":"https://static.truckersmp.com/avatarsN/5294261.1711913743.png"},"point":3008},{"user":{"uid":38,"userid":33,"name":"[FLG] derDome","avatar":"https://cdn.discordapp.com/avatars/847551771249344564/0ae2aee9871db467f88aa78addecffa6.png"},"point":2722},{"user":{"uid":269,"userid":225,"name":"Lord_Kevo22","avatar":"https://cdn.discordapp.com/avatars/705330452508049408/61c39c05ae5ed99170b76303b795d9c0.png"},"point":2549},{"user":{"uid":46,"userid":44,"name":"Linus14_trucker","avatar":"https://cdn.discordapp.com/avatars/973298563750719518/f8077addf056d9aaf51c748928a4a6d2.png"},"point":2503},{"user":{"uid":79,"userid":68,"name":"kevinnartor","avatar":"https://cdn.discordapp.com/avatars/332536235765530624/7dd1743f062994a98d58768e967065da.png"},"point":2394},{"user":{"uid":272,"userid":227,"name":"Pfindus","avatar":"https://static.truckersmp.com/avatarsN/4311053.1710660288.png"},"point":1730},{"user":{"uid":10,"userid":7,"name":"Michi.","avatar":"https://cdn.discordapp.com/avatars/450646550998286336/cecb7757e1697a4ebde655c679ae60d1.png"},"point":1527},{"user":{"uid":61,"userid":75,"name":"𝕲𝖍𝖔𝖘𝖙𝖕𝖆𝖚𝖑𝖔𝖔","avatar":"https://cdn.discordapp.com/avatars/964420212864741376/e8283a2f908472c913999fda7149c790.png"},"point":1524},{"user":{"uid":295,"userid":246,"name":"Tiberius","avatar":"https://cdn.discordapp.com/avatars/305385843428950026/6c00ebb9bf00d5c68028e29af849b1ad.png"},"point":1475},{"user":{"uid":176,"userid":157,"name":"Identity","avatar":"https://cdn.discordapp.com/avatars/383724197744214016/092d4968871fb432b7129173b5c1dc78.png"},"point":1394},{"user":{"uid":117,"userid":109,"name":"DerDampfer78","avatar":"https://cdn.discordapp.com/avatars/324522906505707520/2584364ff258ba22916b1c0c369b0893.png"},"point":1218},{"user":{"uid":198,"userid":172,"name":"Just-in-Time","avatar":"https://cdn.discordapp.com/avatars/305770257576886272/4fed1f17f230110efe229fd280e1045a.png"},"point":1059},{"user":{"uid":318,"userid":259,"name":"Theusios","avatar":"https://cdn.discordapp.com/avatars/294602089739452426/74d1468f7e577c89f2a37dbe4a8ec0fc.png"},"point":1002},{"user":{"uid":13,"userid":11,"name":"Dignity.","avatar":"https://static.truckersmp.com/avatarsN/4603971.1714464337.jpg"},"point":981},{"user":{"uid":12,"userid":10,"name":"Tchabalala/Axel","avatar":"https://cdn.discordapp.com/avatars/336794680454938624/c949fc0ae2a0b67356a833b7f2dfb640.png"},"point":971},{"user":{"uid":325,"userid":265,"name":"[GER] Sääm","avatar":"https://static.truckersmp.com/avatarsN/2524791.1714481709.jpg"},"point":936},{"user":{"uid":239,"userid":212,"name":"[FLG] Martin","avatar":"https://cdn.discordapp.com/avatars/983797646219178004/eeb3d1c948b12e0140cc622748e0dc8a.png"},"point":915},{"user":{"uid":284,"userid":236,"name":"Jxn-_-R","avatar":"https://cdn.discordapp.com/avatars/523139889143742465/3db04443daf44dfb7c3a3db7e8765d00.png"},"point":886},{"user":{"uid":90,"userid":92,"name":"Truck Driver(GER)","avatar":"https://cdn.discordapp.com/avatars/697753575450738759/7fd627982dc1053d0feca23ee052e524.png"},"point":671},{"user":{"uid":68,"userid":57,"name":"Anthonyaski","avatar":"https://cdn.discordapp.com/avatars/334780188703588362/4af94601e420a28c570fce2b038e0b23.png"},"point":592},{"user":{"uid":51,"userid":71,"name":"Joerg45701","avatar":"https://static.truckersmp.com/avatarsN/defaultavatar.png"},"point":533},{"user":{"uid":310,"userid":253,"name":"Pascal","avatar":"https://cdn.discordapp.com/avatars/677543668973830215/e67068b6cf29eb6aaa8ea1cdec299abe.png"},"point":489},{"user":{"uid":124,"userid":113,"name":"Terrase","avatar":"https://cdn.discordapp.com/avatars/625396497911119882/364fbbd9cf4c0c505f8784af01f4dc2e.png"},"point":330},{"user":{"uid":39,"userid":34,"name":"[GER] Chrissy1968","avatar":"https://static.truckersmp.com/avatarsN/defaultavatar.png"},"point":242},{"user":{"uid":344,"userid":280,"name":"Jestful","avatar":"https://cdn.discordapp.com/avatars/633121275430174762/1a5cd468e1dce02e330bcf3bc075a75e.png"},"point":236},{"user":{"uid":18,"userid":16,"name":"teufelsfrucht","avatar":"https://static.truckersmp.com/avatarsN/4047213.1699434878.png"},"point":29},{"user":{"uid":143,"userid":128,"name":"SchnellerFuchs","avatar":"https://static.truckersmp.com/avatarsN/1121622.1706114410.png"},"point":0},{"user":{"uid":338,"userid":277,"name":"Anzusz5","avatar":"https://cdn.discordapp.com/avatars/1141070153874935870/4cccfc4553de4675b25ab253ce9c676c.png"},"point":0}]}