{"fmd":[{"user":{"uid":551,"userid":448,"name":"Capt_Tom","avatar":"https://cdn.discordapp.com/avatars/1189926623739400235/76a1784b7640fe89bfca945587db07e3.png"},"point":7359},{"user":{"uid":678,"userid":543,"name":"Poco","avatar":"https://cdn.discordapp.com/avatars/396291126002188298/26e461e154bf9db4d6fc492c395aaa65.png"},"point":4981},{"user":{"uid":636,"userid":513,"name":"MementoMori","avatar":"https://cdn.discordapp.com/avatars/978142750681731182/884e73c1f41e29c7cc3518441545a1f8.png"},"point":2891},{"user":{"uid":648,"userid":521,"name":"Sandro","avatar":"https://cdn.discordapp.com/avatars/221992990275534848/5502ab9ba51414716bca672635e36ccc.png"},"point":2779},{"user":{"uid":538,"userid":542,"name":"Mesiacik32","avatar":"https://cdn.discordapp.com/avatars/1037005200151547934/2f9bf8ec8ef0881f633a5be6113eecf4.png"},"point":1340},{"user":{"uid":454,"userid":375,"name":"🍹Adam🍹","avatar":"https://cdn.discordapp.com/avatars/1050839535904362506/5a8db3156b6bcb1056659951e1189380.png"},"point":1288},{"user":{"uid":578,"userid":465,"name":"indowes","avatar":"https://cdn.discordapp.com/avatars/556782581626961920/4f21483bc72236511d1bd929721efbdc.png"},"point":1052},{"user":{"uid":664,"userid":533,"name":"Oscar","avatar":"https://cdn.discordapp.com/avatars/753279277679640647/469bd493af1db8a90fc0fe5b999147a1.png"},"point":1000},{"user":{"uid":651,"userid":523,"name":"Elfik","avatar":"https://cdn.discordapp.com/avatars/648958483185795083/8f18b7e6f4570233b30ed904712c00da.png"},"point":931},{"user":{"uid":620,"userid":498,"name":"Antoine","avatar":"https://cdn.discordapp.com/avatars/1204501042063081514/79ee349b6511e2000af8a32fb8a6974e.png"},"point":798},{"user":{"uid":579,"userid":466,"name":"pieter.64","avatar":"https://cdn.discordapp.com/avatars/324877891852828683/00632119b31752fcb8171bbb4279d1f8.png"},"point":554},{"user":{"uid":663,"userid":532,"name":"Cardigaso","avatar":"https://cdn.discordapp.com/avatars/1125047721863163974/cc9a8c66b569f73b2dd8c694988747df.png"},"point":546},{"user":{"uid":672,"userid":540,"name":"Gatinhos Fofinhos","avatar":"https://avatars.akamai.steamstatic.com/4fb3eaefab4a3aee5c631b7a44b3617946734423_full.jpg"},"point":489},{"user":{"uid":660,"userid":530,"name":"Rauel","avatar":"https://cdn.discordapp.com/avatars/313128032317472768/031312c709f076e11fb4af16bd03dc0b.png"},"point":460},{"user":{"uid":50,"userid":156,"name":"Marshallvet","avatar":"https://cdn.discordapp.com/avatars/365295813187862568/2dc1aabcc7382486a66d1dc8f514dd2e.png"},"point":423},{"user":{"uid":658,"userid":528,"name":"SINIST3R","avatar":"https://cdn.discordapp.com/avatars/269558565180538882/61dd08030cb3986506544afe22066c8a.png"},"point":371},{"user":{"uid":669,"userid":537,"name":"toast","avatar":"https://cdn.discordapp.com/avatars/504369205454307332/5b5bd5a16f5d7eeaf6de4b5ae2851c76.png"},"point":356},{"user":{"uid":480,"userid":395,"name":"Sh0tBlow","avatar":"https://cdn.discordapp.com/avatars/462991116279611392/87bf1e3b76d220025f3fb4b0029427f8.png"},"point":288},{"user":{"uid":483,"userid":394,"name":"Xikxzy","avatar":"https://cdn.discordapp.com/avatars/960949402191683595/1270700e622dfb0e702498378ecf1317.png"},"point":0},{"user":{"uid":608,"userid":489,"name":"Dylan aka Scott","avatar":"https://cdn.discordapp.com/avatars/287978186732732416/269da0519b0fb3b455df1752ceec3171.png"},"point":0},{"user":{"uid":667,"userid":535,"name":"cxramic","avatar":"https://cdn.discordapp.com/avatars/1157288014599426050/54f13430863655d4235702c6473518e0.png"},"point":0}],"fma":[{"user":{"uid":551,"userid":448,"name":"Capt_Tom","avatar":"https://cdn.discordapp.com/avatars/1189926623739400235/76a1784b7640fe89bfca945587db07e3.png"},"point":9939},{"user":{"uid":678,"userid":543,"name":"Poco","avatar":"https://cdn.discordapp.com/avatars/396291126002188298/26e461e154bf9db4d6fc492c395aaa65.png"},"point":4981},{"user":{"uid":636,"userid":513,"name":"MementoMori","avatar":"https://cdn.discordapp.com/avatars/978142750681731182/884e73c1f41e29c7cc3518441545a1f8.png"},"point":3538},{"user":{"uid":648,"userid":521,"name":"Sandro","avatar":"https://cdn.discordapp.com/avatars/221992990275534848/5502ab9ba51414716bca672635e36ccc.png"},"point":2779},{"user":{"uid":538,"userid":542,"name":"Mesiacik32","avatar":"https://cdn.discordapp.com/avatars/1037005200151547934/2f9bf8ec8ef0881f633a5be6113eecf4.png"},"point":1340},{"user":{"uid":454,"userid":375,"name":"🍹Adam🍹","avatar":"https://cdn.discordapp.com/avatars/1050839535904362506/5a8db3156b6bcb1056659951e1189380.png"},"point":1288},{"user":{"uid":578,"userid":465,"name":"indowes","avatar":"https://cdn.discordapp.com/avatars/556782581626961920/4f21483bc72236511d1bd929721efbdc.png"},"point":1052},{"user":{"uid":579,"userid":466,"name":"pieter.64","avatar":"https://cdn.discordapp.com/avatars/324877891852828683/00632119b31752fcb8171bbb4279d1f8.png"},"point":1044},{"user":{"uid":664,"userid":533,"name":"Oscar","avatar":"https://cdn.discordapp.com/avatars/753279277679640647/469bd493af1db8a90fc0fe5b999147a1.png"},"point":1000},{"user":{"uid":651,"userid":523,"name":"Elfik","avatar":"https://cdn.discordapp.com/avatars/648958483185795083/8f18b7e6f4570233b30ed904712c00da.png"},"point":993},{"user":{"uid":620,"userid":498,"name":"Antoine","avatar":"https://cdn.discordapp.com/avatars/1204501042063081514/79ee349b6511e2000af8a32fb8a6974e.png"},"point":798},{"user":{"uid":663,"userid":532,"name":"Cardigaso","avatar":"https://cdn.discordapp.com/avatars/1125047721863163974/cc9a8c66b569f73b2dd8c694988747df.png"},"point":546},{"user":{"uid":480,"userid":395,"name":"Sh0tBlow","avatar":"https://cdn.discordapp.com/avatars/462991116279611392/87bf1e3b76d220025f3fb4b0029427f8.png"},"point":498},{"user":{"uid":672,"userid":540,"name":"Gatinhos Fofinhos","avatar":"https://avatars.akamai.steamstatic.com/4fb3eaefab4a3aee5c631b7a44b3617946734423_full.jpg"},"point":489},{"user":{"uid":660,"userid":530,"name":"Rauel","avatar":"https://cdn.discordapp.com/avatars/313128032317472768/031312c709f076e11fb4af16bd03dc0b.png"},"point":460},{"user":{"uid":50,"userid":156,"name":"Marshallvet","avatar":"https://cdn.discordapp.com/avatars/365295813187862568/2dc1aabcc7382486a66d1dc8f514dd2e.png"},"point":423},{"user":{"uid":658,"userid":528,"name":"SINIST3R","avatar":"https://cdn.discordapp.com/avatars/269558565180538882/61dd08030cb3986506544afe22066c8a.png"},"point":371},{"user":{"uid":669,"userid":537,"name":"toast","avatar":"https://cdn.discordapp.com/avatars/504369205454307332/5b5bd5a16f5d7eeaf6de4b5ae2851c76.png"},"point":356},{"user":{"uid":516,"userid":417,"name":"Ravsh1k","avatar":"https://cdn.discordapp.com/avatars/901846074740858890/d8ce555a273409259cad27c86b082469.png"},"point":113},{"user":{"uid":260,"userid":221,"name":"NotPika","avatar":"https://cdn.discordapp.com/avatars/1067827165556650024/47c9f5f730ebb99916f6373cf7ec75ef.png"},"point":104},{"user":{"uid":483,"userid":394,"name":"Xikxzy","avatar":"https://cdn.discordapp.com/avatars/960949402191683595/1270700e622dfb0e702498378ecf1317.png"},"point":0},{"user":{"uid":608,"userid":489,"name":"Dylan aka Scott","avatar":"https://cdn.discordapp.com/avatars/287978186732732416/269da0519b0fb3b455df1752ceec3171.png"},"point":0},{"user":{"uid":667,"userid":535,"name":"cxramic","avatar":"https://cdn.discordapp.com/avatars/1157288014599426050/54f13430863655d4235702c6473518e0.png"},"point":0}]}