{"fmd":[{"user":{"uid":8,"userid":6,"name":"ll iScuf ll","avatar":"https://cdn.discordapp.com/avatars/321795006178525186/a_b79d3e9a2be03b5fc4d9c795da893874.gif"},"point":1992},{"user":{"uid":173,"userid":133,"name":"LizzyM#290199","avatar":""},"point":1245},{"user":{"uid":273,"userid":206,"name":"TootsGaming","avatar":"https://cdn.discordapp.com/avatars/822199520846282793/b0470670f15d8600df10133eee7a2156.png"},"point":1142},{"user":{"uid":285,"userid":212,"name":"Tezza","avatar":"https://cdn.discordapp.com/avatars/847917571759276104/7a3c2c45a40f20eaf892c5ce1fb5f891.png"},"point":1087},{"user":{"uid":43,"userid":34,"name":"TigerPlayz302","avatar":"https://cdn.discordapp.com/avatars/925072966021152798/efc0896809722ff397dd18e15ee8afc3.png"},"point":771},{"user":{"uid":76,"userid":60,"name":"V8 Gaming","avatar":"https://cdn.discordapp.com/avatars/793808849404559452/e782ec658aad4569bdf5267052741c37.png"},"point":545},{"user":{"uid":160,"userid":125,"name":"mu han","avatar":"https://cdn.discordapp.com/avatars/1121405880924123219/4fa32749d7c53cc30aa99181c81f851f.png"},"point":506},{"user":{"uid":204,"userid":155,"name":"Scarry","avatar":"https://cdn.discordapp.com/avatars/844243311656304640/34337f2ae0ca3d703181973aea9b9aac.png"},"point":500},{"user":{"uid":100,"userid":75,"name":"I am KingHeet","avatar":"https://static.truckersmp.com/avatarsN/3141865.1659238151.jpeg"},"point":348},{"user":{"uid":148,"userid":114,"name":"olieatspringles","avatar":"https://cdn.discordapp.com/avatars/262621686929686540/8250778c986f58e084aac164b12242e7.png"},"point":348},{"user":{"uid":180,"userid":144,"name":"berokose","avatar":"https://static.truckersmp.com/avatarsN/defaultavatar.png"},"point":265},{"user":{"uid":112,"userid":86,"name":"PistonFace08","avatar":"https://cdn.discordapp.com/avatars/562334030612135968/a2f83155381251c95dc78b28c3ae46c6.png"},"point":207},{"user":{"uid":146,"userid":112,"name":"maxr","avatar":"https://cdn.discordapp.com/avatars/697145117458301013/8fc3d9c9fcb32f3b81c47ef234d1a62f.png"},"point":68}],"fma":[{"user":{"uid":32,"userid":21,"name":"NateNZ","avatar":"https://cdn.discordapp.com/avatars/263779798327885834/54adfd241b87dc24073b7cc175209ad7.png"},"point":3100},{"user":{"uid":8,"userid":6,"name":"ll iScuf ll","avatar":"https://cdn.discordapp.com/avatars/321795006178525186/a_b79d3e9a2be03b5fc4d9c795da893874.gif"},"point":1992},{"user":{"uid":285,"userid":212,"name":"Tezza","avatar":"https://cdn.discordapp.com/avatars/847917571759276104/7a3c2c45a40f20eaf892c5ce1fb5f891.png"},"point":1929},{"user":{"uid":273,"userid":206,"name":"TootsGaming","avatar":"https://cdn.discordapp.com/avatars/822199520846282793/b0470670f15d8600df10133eee7a2156.png"},"point":1900},{"user":{"uid":43,"userid":34,"name":"TigerPlayz302","avatar":"https://cdn.discordapp.com/avatars/925072966021152798/efc0896809722ff397dd18e15ee8afc3.png"},"point":1288},{"user":{"uid":173,"userid":133,"name":"LizzyM#290199","avatar":""},"point":1245},{"user":{"uid":100,"userid":75,"name":"I am KingHeet","avatar":"https://static.truckersmp.com/avatarsN/3141865.1659238151.jpeg"},"point":1023},{"user":{"uid":160,"userid":125,"name":"mu han","avatar":"https://cdn.discordapp.com/avatars/1121405880924123219/4fa32749d7c53cc30aa99181c81f851f.png"},"point":971},{"user":{"uid":134,"userid":104,"name":"Freshmuscl3","avatar":"https://static.truckersmp.com/avatarsN/5222182.1706276666.png"},"point":825},{"user":{"uid":76,"userid":60,"name":"V8 Gaming","avatar":"https://cdn.discordapp.com/avatars/793808849404559452/e782ec658aad4569bdf5267052741c37.png"},"point":545},{"user":{"uid":148,"userid":114,"name":"olieatspringles","avatar":"https://cdn.discordapp.com/avatars/262621686929686540/8250778c986f58e084aac164b12242e7.png"},"point":507},{"user":{"uid":204,"userid":155,"name":"Scarry","avatar":"https://cdn.discordapp.com/avatars/844243311656304640/34337f2ae0ca3d703181973aea9b9aac.png"},"point":500},{"user":{"uid":180,"userid":144,"name":"berokose","avatar":"https://static.truckersmp.com/avatarsN/defaultavatar.png"},"point":379},{"user":{"uid":112,"userid":86,"name":"PistonFace08","avatar":"https://cdn.discordapp.com/avatars/562334030612135968/a2f83155381251c95dc78b28c3ae46c6.png"},"point":207},{"user":{"uid":146,"userid":112,"name":"maxr","avatar":"https://cdn.discordapp.com/avatars/697145117458301013/8fc3d9c9fcb32f3b81c47ef234d1a62f.png"},"point":68}]}