{"fmd":[{"user":{"uid":102,"userid":97,"name":"αуууѕσ","avatar":"https://static.truckersmp.com/avatarsN/5298691.1715900183.png"},"point":3808},{"user":{"uid":38,"userid":34,"name":"BGwarrior_49","avatar":"https://cdn.discordapp.com/avatars/588444287843172363/2ed83c8492581aa1c2555ecaa5180e82.png"},"point":3061},{"user":{"uid":104,"userid":99,"name":"Orlygurmk301","avatar":"https://static.truckersmp.com/avatarsN/4625306.1674823616.jpeg"},"point":2372},{"user":{"uid":28,"userid":27,"name":"reissverschlussverfahren","avatar":"https://avatars.steamstatic.com/7b74c751b8e0bb519b02aa069a2d74d24c2356ae_full.jpg"},"point":2248},{"user":{"uid":98,"userid":94,"name":"ℕ𝕠𝕒𝕙𝕋","avatar":"https://cdn.discordapp.com/avatars/274290854049611776/0e2702edbd4e1083270d25cdee39014a.png"},"point":1567},{"user":{"uid":101,"userid":96,"name":"maddydawnn","avatar":"https://avatars.steamstatic.com/cb950d079dbda00801b96b6281a2752605514acc_full.jpg"},"point":1421},{"user":{"uid":87,"userid":85,"name":"ExtaZzZ","avatar":"https://cdn.discordapp.com/avatars/433657630364532737/f747bb2e4dd39bef2a6dd4ce6fc711db.png"},"point":1292},{"user":{"uid":94,"userid":91,"name":"J A N N E S","avatar":"https://cdn.discordapp.com/avatars/1123967274680856697/caf131b96d413aa3f8d2341a14399f3b.png"},"point":1279},{"user":{"uid":3,"userid":3,"name":"Exotic","avatar":"https://cdn.discordapp.com/avatars/700374237877239900/a_21e1ff939d6a4f746de039650ff02a1d.gif"},"point":1058},{"user":{"uid":47,"userid":44,"name":"FilleeSWE","avatar":"https://cdn.discordapp.com/avatars/457245258325950494/cbbc432d0792314c51aa7e41d5c5f1eb.png"},"point":1052},{"user":{"uid":75,"userid":73,"name":"Bαnks","avatar":"https://static.truckersmp.com/avatarsN/3536412.1716194375.jpg"},"point":1052},{"user":{"uid":53,"userid":62,"name":"Black_Dragon33","avatar":"https://avatars.steamstatic.com/7a98d429d9fb61bb6065773f2005fce7257463a8_full.jpg"},"point":578},{"user":{"uid":58,"userid":58,"name":"yoro","avatar":"https://cdn.discordapp.com/avatars/294435902447550464/e402845af66680c7f9285e8fecd5e47b.png"},"point":574},{"user":{"uid":24,"userid":23,"name":"Gnurken","avatar":"https://static.truckersmp.com/avatarsN/1166949.1704562524.png"},"point":527},{"user":{"uid":48,"userid":46,"name":"TommyNL","avatar":"https://avatars.steamstatic.com/566ece5c0f63be2634d91a038b57b1e369f28983_full.jpg"},"point":527},{"user":{"uid":14,"userid":11,"name":"L O R E N Z","avatar":"https://static.truckersmp.com/avatarsN/4486749.1715514352.png"},"point":520},{"user":{"uid":85,"userid":83,"name":"SzoferDavid","avatar":"https://avatars.steamstatic.com/058afec257679c5da35b9f830aa73358028a110a_full.jpg"},"point":392},{"user":{"uid":15,"userid":12,"name":"Lorenzo br","avatar":"https://cdn.discordapp.com/avatars/635968015371862082/8ca41d930d87fb4266f4c1666828d3f3.png"},"point":0}],"fma":[{"user":{"uid":102,"userid":97,"name":"αуууѕσ","avatar":"https://static.truckersmp.com/avatarsN/5298691.1715900183.png"},"point":3808},{"user":{"uid":38,"userid":34,"name":"BGwarrior_49","avatar":"https://cdn.discordapp.com/avatars/588444287843172363/2ed83c8492581aa1c2555ecaa5180e82.png"},"point":3161},{"user":{"uid":104,"userid":99,"name":"Orlygurmk301","avatar":"https://static.truckersmp.com/avatarsN/4625306.1674823616.jpeg"},"point":2372},{"user":{"uid":28,"userid":27,"name":"reissverschlussverfahren","avatar":"https://avatars.steamstatic.com/7b74c751b8e0bb519b02aa069a2d74d24c2356ae_full.jpg"},"point":2348},{"user":{"uid":98,"userid":94,"name":"ℕ𝕠𝕒𝕙𝕋","avatar":"https://cdn.discordapp.com/avatars/274290854049611776/0e2702edbd4e1083270d25cdee39014a.png"},"point":1567},{"user":{"uid":101,"userid":96,"name":"maddydawnn","avatar":"https://avatars.steamstatic.com/cb950d079dbda00801b96b6281a2752605514acc_full.jpg"},"point":1421},{"user":{"uid":87,"userid":85,"name":"ExtaZzZ","avatar":"https://cdn.discordapp.com/avatars/433657630364532737/f747bb2e4dd39bef2a6dd4ce6fc711db.png"},"point":1292},{"user":{"uid":94,"userid":91,"name":"J A N N E S","avatar":"https://cdn.discordapp.com/avatars/1123967274680856697/caf131b96d413aa3f8d2341a14399f3b.png"},"point":1279},{"user":{"uid":3,"userid":3,"name":"Exotic","avatar":"https://cdn.discordapp.com/avatars/700374237877239900/a_21e1ff939d6a4f746de039650ff02a1d.gif"},"point":1058},{"user":{"uid":47,"userid":44,"name":"FilleeSWE","avatar":"https://cdn.discordapp.com/avatars/457245258325950494/cbbc432d0792314c51aa7e41d5c5f1eb.png"},"point":1052},{"user":{"uid":75,"userid":73,"name":"Bαnks","avatar":"https://static.truckersmp.com/avatarsN/3536412.1716194375.jpg"},"point":1052},{"user":{"uid":53,"userid":62,"name":"Black_Dragon33","avatar":"https://avatars.steamstatic.com/7a98d429d9fb61bb6065773f2005fce7257463a8_full.jpg"},"point":578},{"user":{"uid":58,"userid":58,"name":"yoro","avatar":"https://cdn.discordapp.com/avatars/294435902447550464/e402845af66680c7f9285e8fecd5e47b.png"},"point":574},{"user":{"uid":24,"userid":23,"name":"Gnurken","avatar":"https://static.truckersmp.com/avatarsN/1166949.1704562524.png"},"point":527},{"user":{"uid":48,"userid":46,"name":"TommyNL","avatar":"https://avatars.steamstatic.com/566ece5c0f63be2634d91a038b57b1e369f28983_full.jpg"},"point":527},{"user":{"uid":14,"userid":11,"name":"L O R E N Z","avatar":"https://static.truckersmp.com/avatarsN/4486749.1715514352.png"},"point":520},{"user":{"uid":85,"userid":83,"name":"SzoferDavid","avatar":"https://avatars.steamstatic.com/058afec257679c5da35b9f830aa73358028a110a_full.jpg"},"point":392},{"user":{"uid":15,"userid":12,"name":"Lorenzo br","avatar":"https://cdn.discordapp.com/avatars/635968015371862082/8ca41d930d87fb4266f4c1666828d3f3.png"},"point":0}]}