{"fmd":[{"user":{"uid":73,"userid":60,"name":"WH | ONDAROAD2","avatar":"https://cdn.discordapp.com/avatars/383806148010049557/1962b816d972b64542031cc025361b36.png"},"point":6343},{"user":{"uid":76,"userid":62,"name":"WH | KaiDarkmoon","avatar":"https://cdn.discordapp.com/avatars/315297650641731584/5c864015c3ed86cf32302fb0adac5796.png"},"point":3188},{"user":{"uid":46,"userid":37,"name":"WHT Dir HR | MysticalKief","avatar":"https://cdn.discordapp.com/avatars/498659512081973248/15c947ebb3b550bee883b0c47337c7ac.png"},"point":1930},{"user":{"uid":8,"userid":6,"name":"WHT Dir Recruiter| Murdernova256","avatar":"https://cdn.discordapp.com/avatars/549931745584349185/9647aabac5de7bc6ca63f26696871246.png"},"point":1031},{"user":{"uid":38,"userid":31,"name":"WH | chronic gaming","avatar":"https://cdn.discordapp.com/avatars/670035018197893130/624b6243ea981dd691772d9105160de3.png"},"point":955},{"user":{"uid":57,"userid":46,"name":"WH | Brick","avatar":"https://cdn.discordapp.com/avatars/190198403420913674/d24dcb5b9b430174de2be0ce99c595e6.png"},"point":878}],"fma":[{"user":{"uid":73,"userid":60,"name":"WH | ONDAROAD2","avatar":"https://cdn.discordapp.com/avatars/383806148010049557/1962b816d972b64542031cc025361b36.png"},"point":6843},{"user":{"uid":76,"userid":62,"name":"WH | KaiDarkmoon","avatar":"https://cdn.discordapp.com/avatars/315297650641731584/5c864015c3ed86cf32302fb0adac5796.png"},"point":3688},{"user":{"uid":46,"userid":37,"name":"WHT Dir HR | MysticalKief","avatar":"https://cdn.discordapp.com/avatars/498659512081973248/15c947ebb3b550bee883b0c47337c7ac.png"},"point":1930},{"user":{"uid":8,"userid":6,"name":"WHT Dir Recruiter| Murdernova256","avatar":"https://cdn.discordapp.com/avatars/549931745584349185/9647aabac5de7bc6ca63f26696871246.png"},"point":1031},{"user":{"uid":57,"userid":46,"name":"WH | Brick","avatar":"https://cdn.discordapp.com/avatars/190198403420913674/d24dcb5b9b430174de2be0ce99c595e6.png"},"point":1009},{"user":{"uid":38,"userid":31,"name":"WH | chronic gaming","avatar":"https://cdn.discordapp.com/avatars/670035018197893130/624b6243ea981dd691772d9105160de3.png"},"point":955},{"user":{"uid":5,"userid":3,"name":"WH | Dennisthe8th","avatar":"https://cdn.discordapp.com/avatars/575015095894016014/f82a49a712115c380af8ff8f7fbb32cb.png"},"point":345},{"user":{"uid":7,"userid":5,"name":"WHT FOUNDER Jacket","avatar":"https://cdn.discordapp.com/avatars/111638504500408320/880678f246665808c2165f5f693b72cd.png"},"point":206}]}