{"fmd":[{"user":{"uid":1316,"userid":807,"name":"Gota","avatar":"https://cdn.discordapp.com/avatars/167291299693723648/beb31f691ab4478e3268181a76f3a451.png"},"point":8237},{"user":{"uid":1382,"userid":847,"name":"Aeroplane","avatar":"https://cdn.discordapp.com/avatars/919580354736705617/cd8c60e397730ab82e685faaf72d3c77.png"},"point":5939},{"user":{"uid":1192,"userid":724,"name":"Koskee","avatar":"https://cdn.discordapp.com/avatars/836575095664410654/2bbf7b28df277943d911b4ca67a9ac9e.png"},"point":4172},{"user":{"uid":1391,"userid":855,"name":"Den_Bruce_","avatar":"https://cdn.discordapp.com/avatars/760190579010830337/6ab1f6c6baee22e03ce68c6ca83f8c91.png"},"point":3929},{"user":{"uid":863,"userid":854,"name":"jelledude","avatar":"https://cdn.discordapp.com/avatars/503143884080021514/5647b53045a177f1d215d6dbcf415d10.png"},"point":3922},{"user":{"uid":1105,"userid":675,"name":"Jack3D60","avatar":"https://cdn.discordapp.com/avatars/805496381754048572/bcf10ae824b274e1c532971dcb857977.png"},"point":3206},{"user":{"uid":1271,"userid":780,"name":"brazvo (Bruno)","avatar":"https://cdn.discordapp.com/avatars/823826275964682251/c28159cbabe58874bd1244a97d68d24b.png"},"point":3121},{"user":{"uid":1378,"userid":843,"name":"dandelion","avatar":"https://cdn.discordapp.com/avatars/924070723952209941/6d40e5aa69459181ef2bc03107156cc0.png"},"point":3024},{"user":{"uid":892,"userid":567,"name":"KuroSerpent","avatar":"https://cdn.discordapp.com/avatars/249645812726890497/a_21c0489bbb0c99be7db8bbbfb1ed5e85.gif"},"point":2993},{"user":{"uid":1398,"userid":862,"name":"2222Y","avatar":"https://cdn.discordapp.com/avatars/702624334036074646/1b14cc6963653ea32a778ea6e4f23a4d.png"},"point":2628},{"user":{"uid":1253,"userid":769,"name":"Sunny","avatar":"https://cdn.discordapp.com/avatars/335148756653572098/00a5292662c6be574ce781717de8bfeb.png"},"point":1580},{"user":{"uid":1399,"userid":860,"name":"TEA_K1NG","avatar":"https://cdn.discordapp.com/avatars/945052168287826030/94eed3b4af44fdf462ad35f0974091cf.png"},"point":1452},{"user":{"uid":1162,"userid":701,"name":"Will.","avatar":"https://cdn.discordapp.com/avatars/852685146884276264/a_c08a8ed6fb8a342066d346408c933751.gif"},"point":1407},{"user":{"uid":716,"userid":476,"name":"mwe2187","avatar":"https://cdn.discordapp.com/avatars/628250855899922448/93721c72d6dba299ffc43f2a9a13483b.png"},"point":1346},{"user":{"uid":1097,"userid":670,"name":"Ramin Tanuwong [TH]","avatar":"https://static.truckersmp.com/avatarsN/3757199.1645214262.jpg"},"point":1240},{"user":{"uid":1160,"userid":699,"name":"jodycc","avatar":"https://cdn.discordapp.com/avatars/623249122761375760/adc25e15fe96d56656319e2a159d9458.png"},"point":861},{"user":{"uid":1325,"userid":816,"name":"Kian UK","avatar":"https://avatars.steamstatic.com/fef49e7fa7e1997310d705b2a6158ff8dc1cdfeb_full.jpg"},"point":738},{"user":{"uid":1317,"userid":809,"name":"ČSD EM 475.0","avatar":"https://cdn.discordapp.com/avatars/844934750427021342/d4f0e7fadf0849da515733072d9f5748.png"},"point":705},{"user":{"uid":717,"userid":477,"name":"CrazyRussianCommrade","avatar":"https://static.truckersmp.com/avatarsN/defaultavatar.png"},"point":673},{"user":{"uid":1386,"userid":850,"name":"Stringsly","avatar":"https://cdn.discordapp.com/avatars/524701453533708300/a_65c66e1b375c3a059df4d4d834ecddf1.gif"},"point":630},{"user":{"uid":671,"userid":448,"name":"Rocky","avatar":"https://cdn.discordapp.com/avatars/508226509744635904/e3369089ffd246d81926fb1e43aa91d1.png"},"point":582},{"user":{"uid":682,"userid":456,"name":"stewyplayz","avatar":"https://cdn.discordapp.com/avatars/925392010599366696/016e129569a09f1a57eeab9db756539e.png"},"point":567},{"user":{"uid":858,"userid":547,"name":"scotty","avatar":"https://cdn.discordapp.com/avatars/857726076495331329/985c6b1bd38c5f93bc7b16f515502202.png"},"point":523},{"user":{"uid":87,"userid":203,"name":"pvfcmatt1","avatar":"https://cdn.discordapp.com/avatars/668822602806198278/eb4c4684efc13d2a58ddeae555edc5a7.png"},"point":495},{"user":{"uid":171,"userid":858,"name":"Jean #1 Renault Trucks fan","avatar":"https://cdn.discordapp.com/avatars/729830742418260028/532c688a0a373a5f36342f13030652be.png"},"point":469},{"user":{"uid":1227,"userid":751,"name":"Arctee","avatar":"https://avatars.steamstatic.com/1c420d178f66d4691b32a82a49ec20a7825e74d9_full.jpg"},"point":336},{"user":{"uid":761,"userid":502,"name":"Stkedy","avatar":"https://cdn.discordapp.com/avatars/238351864507269122/a_b13dea0894a3cdec216f56a426c559e8.gif"},"point":306},{"user":{"uid":1245,"userid":764,"name":"Eiffel Tower Owner","avatar":"https://cdn.discordapp.com/avatars/909015760347734036/c8847952f95c26f402e44d41e997c8cd.png"},"point":303},{"user":{"uid":1244,"userid":767,"name":"Corvus #CHILLING #1 😊","avatar":"https://cdn.discordapp.com/avatars/1170949991548858411/a_f80111b5f83d3a0d16f815733a750e22.gif"},"point":230},{"user":{"uid":494,"userid":361,"name":"Alpha","avatar":"https://cdn.discordapp.com/avatars/1063397515149455423/371d081952e74ccdc6f23925074dd094.png"},"point":211},{"user":{"uid":1348,"userid":827,"name":"Eco_Aviation","avatar":"https://cdn.discordapp.com/avatars/647421178301906964/012c4e813d633fdf72604cbea907e083.png"},"point":207},{"user":{"uid":1390,"userid":856,"name":"LJFundzz","avatar":"https://cdn.discordapp.com/avatars/1164197661897937026/a96645fb3e8cb223bba5d871e140e917.png"},"point":86},{"user":{"uid":866,"userid":550,"name":"RoudeLéiw","avatar":"https://cdn.discordapp.com/avatars/497412687257534464/53a76d2cc11ce4a0171c5d1f84df139a.png"},"point":0},{"user":{"uid":959,"userid":597,"name":"m4tt","avatar":"https://cdn.discordapp.com/avatars/655781677364281344/239e7e54003a4debc1fb5107d326dc46.png"},"point":0},{"user":{"uid":1313,"userid":806,"name":"Kizule","avatar":"https://cdn.discordapp.com/avatars/897576249466167377/4b225f923b6e3e5347b9a87db5e6876e.png"},"point":0}],"fma":[{"user":{"uid":1316,"userid":807,"name":"Gota","avatar":"https://cdn.discordapp.com/avatars/167291299693723648/beb31f691ab4478e3268181a76f3a451.png"},"point":17217},{"user":{"uid":1382,"userid":847,"name":"Aeroplane","avatar":"https://cdn.discordapp.com/avatars/919580354736705617/cd8c60e397730ab82e685faaf72d3c77.png"},"point":14847},{"user":{"uid":1391,"userid":855,"name":"Den_Bruce_","avatar":"https://cdn.discordapp.com/avatars/760190579010830337/6ab1f6c6baee22e03ce68c6ca83f8c91.png"},"point":10352},{"user":{"uid":863,"userid":854,"name":"jelledude","avatar":"https://cdn.discordapp.com/avatars/503143884080021514/5647b53045a177f1d215d6dbcf415d10.png"},"point":9546},{"user":{"uid":1253,"userid":769,"name":"Sunny","avatar":"https://cdn.discordapp.com/avatars/335148756653572098/00a5292662c6be574ce781717de8bfeb.png"},"point":8045},{"user":{"uid":1271,"userid":780,"name":"brazvo (Bruno)","avatar":"https://cdn.discordapp.com/avatars/823826275964682251/c28159cbabe58874bd1244a97d68d24b.png"},"point":7729},{"user":{"uid":1105,"userid":675,"name":"Jack3D60","avatar":"https://cdn.discordapp.com/avatars/805496381754048572/bcf10ae824b274e1c532971dcb857977.png"},"point":4746},{"user":{"uid":1192,"userid":724,"name":"Koskee","avatar":"https://cdn.discordapp.com/avatars/836575095664410654/2bbf7b28df277943d911b4ca67a9ac9e.png"},"point":4305},{"user":{"uid":1378,"userid":843,"name":"dandelion","avatar":"https://cdn.discordapp.com/avatars/924070723952209941/6d40e5aa69459181ef2bc03107156cc0.png"},"point":3720},{"user":{"uid":892,"userid":567,"name":"KuroSerpent","avatar":"https://cdn.discordapp.com/avatars/249645812726890497/a_21c0489bbb0c99be7db8bbbfb1ed5e85.gif"},"point":3558},{"user":{"uid":1097,"userid":670,"name":"Ramin Tanuwong [TH]","avatar":"https://static.truckersmp.com/avatarsN/3757199.1645214262.jpg"},"point":3240},{"user":{"uid":119,"userid":258,"name":"LordLegend","avatar":"https://cdn.discordapp.com/avatars/507573290995417108/294e2517c647c3c8703945fbc200afcd.png"},"point":2936},{"user":{"uid":1398,"userid":862,"name":"2222Y","avatar":"https://cdn.discordapp.com/avatars/702624334036074646/1b14cc6963653ea32a778ea6e4f23a4d.png"},"point":2773},{"user":{"uid":924,"userid":576,"name":"🌈Hearty_Laces🌈They/Them","avatar":"https://cdn.discordapp.com/avatars/461978281906929675/9128b3d5991d797b2e4060e71c4c5f41.png"},"point":2013},{"user":{"uid":858,"userid":547,"name":"scotty","avatar":"https://cdn.discordapp.com/avatars/857726076495331329/985c6b1bd38c5f93bc7b16f515502202.png"},"point":1523},{"user":{"uid":1399,"userid":860,"name":"TEA_K1NG","avatar":"https://cdn.discordapp.com/avatars/945052168287826030/94eed3b4af44fdf462ad35f0974091cf.png"},"point":1517},{"user":{"uid":1162,"userid":701,"name":"Will.","avatar":"https://cdn.discordapp.com/avatars/852685146884276264/a_c08a8ed6fb8a342066d346408c933751.gif"},"point":1407},{"user":{"uid":716,"userid":476,"name":"mwe2187","avatar":"https://cdn.discordapp.com/avatars/628250855899922448/93721c72d6dba299ffc43f2a9a13483b.png"},"point":1382},{"user":{"uid":1386,"userid":850,"name":"Stringsly","avatar":"https://cdn.discordapp.com/avatars/524701453533708300/a_65c66e1b375c3a059df4d4d834ecddf1.gif"},"point":1290},{"user":{"uid":87,"userid":203,"name":"pvfcmatt1","avatar":"https://cdn.discordapp.com/avatars/668822602806198278/eb4c4684efc13d2a58ddeae555edc5a7.png"},"point":995},{"user":{"uid":1160,"userid":699,"name":"jodycc","avatar":"https://cdn.discordapp.com/avatars/623249122761375760/adc25e15fe96d56656319e2a159d9458.png"},"point":933},{"user":{"uid":1227,"userid":751,"name":"Arctee","avatar":"https://avatars.steamstatic.com/1c420d178f66d4691b32a82a49ec20a7825e74d9_full.jpg"},"point":836},{"user":{"uid":1325,"userid":816,"name":"Kian UK","avatar":"https://avatars.steamstatic.com/fef49e7fa7e1997310d705b2a6158ff8dc1cdfeb_full.jpg"},"point":738},{"user":{"uid":717,"userid":477,"name":"CrazyRussianCommrade","avatar":"https://static.truckersmp.com/avatarsN/defaultavatar.png"},"point":723},{"user":{"uid":1317,"userid":809,"name":"ČSD EM 475.0","avatar":"https://cdn.discordapp.com/avatars/844934750427021342/d4f0e7fadf0849da515733072d9f5748.png"},"point":723},{"user":{"uid":671,"userid":448,"name":"Rocky","avatar":"https://cdn.discordapp.com/avatars/508226509744635904/e3369089ffd246d81926fb1e43aa91d1.png"},"point":649},{"user":{"uid":1026,"userid":630,"name":"Sehi hazmat #1, #1 Volvo fan","avatar":"https://cdn.discordapp.com/avatars/644522714916192275/eccb7f2838b4e97903f71767e9250f3f.png"},"point":600},{"user":{"uid":682,"userid":456,"name":"stewyplayz","avatar":"https://cdn.discordapp.com/avatars/925392010599366696/016e129569a09f1a57eeab9db756539e.png"},"point":598},{"user":{"uid":619,"userid":418,"name":"NumberHunter91","avatar":"https://cdn.discordapp.com/avatars/276407067223392256/c656134c8d2a712de1b2dbaf3856e995.png"},"point":539},{"user":{"uid":1244,"userid":767,"name":"Corvus #CHILLING #1 😊","avatar":"https://cdn.discordapp.com/avatars/1170949991548858411/a_f80111b5f83d3a0d16f815733a750e22.gif"},"point":488},{"user":{"uid":171,"userid":858,"name":"Jean #1 Renault Trucks fan","avatar":"https://cdn.discordapp.com/avatars/729830742418260028/532c688a0a373a5f36342f13030652be.png"},"point":469},{"user":{"uid":761,"userid":502,"name":"Stkedy","avatar":"https://cdn.discordapp.com/avatars/238351864507269122/a_b13dea0894a3cdec216f56a426c559e8.gif"},"point":306},{"user":{"uid":1245,"userid":764,"name":"Eiffel Tower Owner","avatar":"https://cdn.discordapp.com/avatars/909015760347734036/c8847952f95c26f402e44d41e997c8cd.png"},"point":303},{"user":{"uid":3,"userid":2,"name":"[Lurking] Hive 🤡","avatar":"https://cdn.discordapp.com/avatars/710535657650651157/79e041f024cba14b0636a6dcdeb59600.png"},"point":283},{"user":{"uid":494,"userid":361,"name":"Alpha","avatar":"https://cdn.discordapp.com/avatars/1063397515149455423/371d081952e74ccdc6f23925074dd094.png"},"point":211},{"user":{"uid":1348,"userid":827,"name":"Eco_Aviation","avatar":"https://cdn.discordapp.com/avatars/647421178301906964/012c4e813d633fdf72604cbea907e083.png"},"point":207},{"user":{"uid":870,"userid":553,"name":"evilzocken","avatar":"https://cdn.discordapp.com/avatars/665665436678881280/bbf25d8e76ff45868d6e0a2e9b4f189b.png"},"point":200},{"user":{"uid":1390,"userid":856,"name":"LJFundzz","avatar":"https://cdn.discordapp.com/avatars/1164197661897937026/a96645fb3e8cb223bba5d871e140e917.png"},"point":86},{"user":{"uid":866,"userid":550,"name":"RoudeLéiw","avatar":"https://cdn.discordapp.com/avatars/497412687257534464/53a76d2cc11ce4a0171c5d1f84df139a.png"},"point":0},{"user":{"uid":959,"userid":597,"name":"m4tt","avatar":"https://cdn.discordapp.com/avatars/655781677364281344/239e7e54003a4debc1fb5107d326dc46.png"},"point":0},{"user":{"uid":1313,"userid":806,"name":"Kizule","avatar":"https://cdn.discordapp.com/avatars/897576249466167377/4b225f923b6e3e5347b9a87db5e6876e.png"},"point":0}]}