{"fmd":[{"user":{"uid":96,"userid":120,"name":"Pattarapon","avatar":"https://cdn.discordapp.com/avatars/687263407417720832/a_c8f593c66e5dce0aeea7d8e0dc04e0cc.gif"},"point":6914},{"user":{"uid":300,"userid":197,"name":"zoop","avatar":"https://cdn.discordapp.com/avatars/221167310986149888/834a0f2ed8b4aacbb621e04069eba462.png"},"point":2553},{"user":{"uid":474,"userid":251,"name":"ItzzCurly","avatar":"https://cdn.discordapp.com/avatars/1110006667879387136/f2230d44f93261488b44b6f5ce64be26.png"},"point":2221},{"user":{"uid":364,"userid":215,"name":"[MCG] Danish_v8","avatar":"https://static.truckersmp.com/avatarsN/3882826.1651322428.jpg"},"point":1735},{"user":{"uid":81,"userid":98,"name":"jardi81","avatar":""},"point":1569},{"user":{"uid":399,"userid":223,"name":"kailum88866","avatar":"https://cdn.discordapp.com/avatars/793857518538719253/ff32b32b881efbf3dce9751c3a55588f.png"},"point":1493},{"user":{"uid":400,"userid":222,"name":"prbkk","avatar":"https://cdn.discordapp.com/avatars/882076408308989952/bd00d6503d087db05af20d86f3f6681e.png"},"point":1472},{"user":{"uid":409,"userid":226,"name":"𝙽𝙴𝚆𝚃𝚈𝙿𝙴𝚂","avatar":"https://cdn.discordapp.com/avatars/624501922531115019/720e6c9072e99985cd234df4183376af.png"},"point":1098},{"user":{"uid":14,"userid":15,"name":"Cel","avatar":"https://cdn.discordapp.com/avatars/388906563043065861/ea2e630b6ace3b5676e334f4f61e039f.png"},"point":1096},{"user":{"uid":82,"userid":99,"name":"PepyNox 🤖","avatar":"https://cdn.discordapp.com/avatars/261473263752839168/a_32058670e7fcdb9136bb159147e62d09.gif"},"point":1025},{"user":{"uid":418,"userid":231,"name":"Raďas","avatar":"https://cdn.discordapp.com/avatars/797569994698260530/f477fc21e7339e15597635242b2e6702.png"},"point":639},{"user":{"uid":478,"userid":250,"name":"MCG ElChapo","avatar":"https://avatars.steamstatic.com/44b65fa70c3df3819aa00d7b9cb13a40ac7cc2dc_full.jpg"},"point":626},{"user":{"uid":8,"userid":9,"name":"Fitri10","avatar":"https://cdn.discordapp.com/avatars/537228046948892683/c88172513c19d6145de568e720da3b0a.png"},"point":564},{"user":{"uid":460,"userid":245,"name":"[Prime] Malinois","avatar":"https://cdn.discordapp.com/avatars/674758857154887710/9984f9f4d45a58816391042a4ec4d2da.png"},"point":511},{"user":{"uid":360,"userid":213,"name":"[MCG] KAYJAY [MY]","avatar":"https://static.truckersmp.com/avatarsN/5131980.1702095350.png"},"point":490},{"user":{"uid":423,"userid":234,"name":"airilxx","avatar":"https://cdn.discordapp.com/avatars/410461489011490817/d1d300ee9fe0a2746ef91643f057c9f4.png"},"point":433},{"user":{"uid":64,"userid":71,"name":"naltor34","avatar":"https://cdn.discordapp.com/avatars/302866656214908928/8e62aec24f7f18698b443ba03ffdf48d.png"},"point":70}],"fma":[{"user":{"uid":96,"userid":120,"name":"Pattarapon","avatar":"https://cdn.discordapp.com/avatars/687263407417720832/a_c8f593c66e5dce0aeea7d8e0dc04e0cc.gif"},"point":6914},{"user":{"uid":300,"userid":197,"name":"zoop","avatar":"https://cdn.discordapp.com/avatars/221167310986149888/834a0f2ed8b4aacbb621e04069eba462.png"},"point":2553},{"user":{"uid":474,"userid":251,"name":"ItzzCurly","avatar":"https://cdn.discordapp.com/avatars/1110006667879387136/f2230d44f93261488b44b6f5ce64be26.png"},"point":2221},{"user":{"uid":364,"userid":215,"name":"[MCG] Danish_v8","avatar":"https://static.truckersmp.com/avatarsN/3882826.1651322428.jpg"},"point":1735},{"user":{"uid":81,"userid":98,"name":"jardi81","avatar":""},"point":1569},{"user":{"uid":399,"userid":223,"name":"kailum88866","avatar":"https://cdn.discordapp.com/avatars/793857518538719253/ff32b32b881efbf3dce9751c3a55588f.png"},"point":1493},{"user":{"uid":400,"userid":222,"name":"prbkk","avatar":"https://cdn.discordapp.com/avatars/882076408308989952/bd00d6503d087db05af20d86f3f6681e.png"},"point":1472},{"user":{"uid":409,"userid":226,"name":"𝙽𝙴𝚆𝚃𝚈𝙿𝙴𝚂","avatar":"https://cdn.discordapp.com/avatars/624501922531115019/720e6c9072e99985cd234df4183376af.png"},"point":1098},{"user":{"uid":14,"userid":15,"name":"Cel","avatar":"https://cdn.discordapp.com/avatars/388906563043065861/ea2e630b6ace3b5676e334f4f61e039f.png"},"point":1096},{"user":{"uid":82,"userid":99,"name":"PepyNox 🤖","avatar":"https://cdn.discordapp.com/avatars/261473263752839168/a_32058670e7fcdb9136bb159147e62d09.gif"},"point":1025},{"user":{"uid":418,"userid":231,"name":"Raďas","avatar":"https://cdn.discordapp.com/avatars/797569994698260530/f477fc21e7339e15597635242b2e6702.png"},"point":639},{"user":{"uid":478,"userid":250,"name":"MCG ElChapo","avatar":"https://avatars.steamstatic.com/44b65fa70c3df3819aa00d7b9cb13a40ac7cc2dc_full.jpg"},"point":626},{"user":{"uid":8,"userid":9,"name":"Fitri10","avatar":"https://cdn.discordapp.com/avatars/537228046948892683/c88172513c19d6145de568e720da3b0a.png"},"point":564},{"user":{"uid":460,"userid":245,"name":"[Prime] Malinois","avatar":"https://cdn.discordapp.com/avatars/674758857154887710/9984f9f4d45a58816391042a4ec4d2da.png"},"point":511},{"user":{"uid":360,"userid":213,"name":"[MCG] KAYJAY [MY]","avatar":"https://static.truckersmp.com/avatarsN/5131980.1702095350.png"},"point":490},{"user":{"uid":423,"userid":234,"name":"airilxx","avatar":"https://cdn.discordapp.com/avatars/410461489011490817/d1d300ee9fe0a2746ef91643f057c9f4.png"},"point":433},{"user":{"uid":64,"userid":71,"name":"naltor34","avatar":"https://cdn.discordapp.com/avatars/302866656214908928/8e62aec24f7f18698b443ba03ffdf48d.png"},"point":70}]}