{"fmd":[{"user":{"uid":18,"userid":16,"name":"teufelsfrucht","avatar":"https://static.truckersmp.com/avatarsN/4047213.1699434878.png"},"point":7030},{"user":{"uid":148,"userid":145,"name":"weisserkreuzer","avatar":"https://cdn.discordapp.com/avatars/303094283752308737/651be3b81b2b904cd1112f8501fd2e49.png"},"point":4729},{"user":{"uid":272,"userid":227,"name":"Pfindus","avatar":"https://static.truckersmp.com/avatarsN/4311053.1710660288.png"},"point":4645},{"user":{"uid":36,"userid":82,"name":"SchakalGER","avatar":"https://cdn.discordapp.com/avatars/328243784703803413/0815cbf6b00e890a8030cd7d0042d596.png"},"point":4565},{"user":{"uid":152,"userid":135,"name":"manu7432","avatar":"https://cdn.discordapp.com/avatars/1024735246249373777/cef1115e757e0b8944a70bcd74e63455.png"},"point":3912},{"user":{"uid":286,"userid":238,"name":"Cortain","avatar":"https://cdn.discordapp.com/avatars/264756755932774400/b92bddec4543c8b93a6922a31c7f40e4.png"},"point":3631},{"user":{"uid":71,"userid":60,"name":"geronimo8815","avatar":"https://static.truckersmp.com/avatarsN/5294261.1711913743.png"},"point":3229},{"user":{"uid":140,"userid":129,"name":"Bechelor|Hallp","avatar":"https://cdn.discordapp.com/avatars/692741281381875794/f63a5f2731b40367daf298b1bab2fe5f.png"},"point":2896},{"user":{"uid":123,"userid":111,"name":"1806alex","avatar":"https://cdn.discordapp.com/avatars/433634921274277923/fbfc635d097a9736d8f3ace25ed11857.png"},"point":2863},{"user":{"uid":68,"userid":57,"name":"Anthonyaski","avatar":"https://cdn.discordapp.com/avatars/334780188703588362/4af94601e420a28c570fce2b038e0b23.png"},"point":2819},{"user":{"uid":9,"userid":5,"name":"Fast-rider","avatar":"https://static.truckersmp.com/avatarsN/4041389.1709222265.png"},"point":2720},{"user":{"uid":79,"userid":68,"name":"kevinnartor","avatar":"https://cdn.discordapp.com/avatars/332536235765530624/8b55e50924dd510472f9c32a0afc5d09.png"},"point":2564},{"user":{"uid":194,"userid":188,"name":"[FLG] derMicha","avatar":"https://cdn.discordapp.com/avatars/951482086072660018/6f6fb9e5f328bec8c769d872bed5109a.png"},"point":2544},{"user":{"uid":157,"userid":141,"name":"DerBackfisch","avatar":"https://cdn.discordapp.com/avatars/838683261244407809/237604f013fdfa84b60f5246e2249e04.png"},"point":2519},{"user":{"uid":119,"userid":105,"name":"annoxz","avatar":"https://cdn.discordapp.com/avatars/584497248767967263/dc4e3f991aba525ca4839013723063de.png"},"point":1861},{"user":{"uid":90,"userid":92,"name":"Truck Driver(GER)","avatar":"https://cdn.discordapp.com/avatars/697753575450738759/7fd627982dc1053d0feca23ee052e524.png"},"point":1756},{"user":{"uid":282,"userid":235,"name":"cyberstorm","avatar":""},"point":1618},{"user":{"uid":12,"userid":10,"name":"Tchabalala/Axel","avatar":"https://cdn.discordapp.com/avatars/336794680454938624/c949fc0ae2a0b67356a833b7f2dfb640.png"},"point":1177},{"user":{"uid":291,"userid":243,"name":"Javeex","avatar":"https://cdn.discordapp.com/avatars/449671195273723904/f437023536c004b981b1f09339448ad8.png"},"point":1019},{"user":{"uid":275,"userid":229,"name":"ByEnderman_HD","avatar":"https://cdn.discordapp.com/avatars/664529284043636767/6b9fb4edd1d2c073428b956ede3c7228.png"},"point":698},{"user":{"uid":159,"userid":142,"name":"FlorianMeixner","avatar":"https://static.truckersmp.com/avatarsN/2384998.1706452577.png"},"point":697},{"user":{"uid":17,"userid":15,"name":"Henrix [GER/SWE]","avatar":"https://cdn.discordapp.com/avatars/445963051842273290/bf82a52a3a101f2b795f8baa92feecbf.png"},"point":494},{"user":{"uid":73,"userid":65,"name":"Ersque","avatar":"https://cdn.discordapp.com/avatars/219183521711915008/d8224c427b6d0b5f9a2b151734d67e76.png"},"point":468},{"user":{"uid":199,"userid":185,"name":"Silica Karun","avatar":"https://cdn.discordapp.com/avatars/1007238293844414485/079f1c62caf0da0b3896a4cdf474c896.png"},"point":384},{"user":{"uid":300,"userid":249,"name":"EinfachLukas®©","avatar":"https://cdn.discordapp.com/avatars/588335286296248330/08cd535940f062cabfc2a866e76f5929.png"},"point":330},{"user":{"uid":141,"userid":196,"name":"MAX294","avatar":"https://cdn.discordapp.com/avatars/488323894831349760/f0ffd3875b74459d0656375b17aa0e6d.png"},"point":320},{"user":{"uid":264,"userid":219,"name":"muc_gamingTV","avatar":"https://cdn.discordapp.com/avatars/1144727814604591235/50ab7e6ec3243b4bebaef4b184502e77.png"},"point":198},{"user":{"uid":289,"userid":241,"name":"Kurzgesagt","avatar":"https://cdn.discordapp.com/avatars/934509069555867758/0ead5ce9eb98586b14dcc50c0efb224c.png"},"point":151},{"user":{"uid":167,"userid":149,"name":"Devsk1892","avatar":"https://cdn.discordapp.com/avatars/891260417769340938/f261339ca8cd7c6a0aa5b3abe83602be.png"},"point":72}],"fma":[{"user":{"uid":18,"userid":16,"name":"teufelsfrucht","avatar":"https://static.truckersmp.com/avatarsN/4047213.1699434878.png"},"point":7030},{"user":{"uid":148,"userid":145,"name":"weisserkreuzer","avatar":"https://cdn.discordapp.com/avatars/303094283752308737/651be3b81b2b904cd1112f8501fd2e49.png"},"point":4729},{"user":{"uid":272,"userid":227,"name":"Pfindus","avatar":"https://static.truckersmp.com/avatarsN/4311053.1710660288.png"},"point":4645},{"user":{"uid":36,"userid":82,"name":"SchakalGER","avatar":"https://cdn.discordapp.com/avatars/328243784703803413/0815cbf6b00e890a8030cd7d0042d596.png"},"point":4565},{"user":{"uid":152,"userid":135,"name":"manu7432","avatar":"https://cdn.discordapp.com/avatars/1024735246249373777/cef1115e757e0b8944a70bcd74e63455.png"},"point":3912},{"user":{"uid":286,"userid":238,"name":"Cortain","avatar":"https://cdn.discordapp.com/avatars/264756755932774400/b92bddec4543c8b93a6922a31c7f40e4.png"},"point":3631},{"user":{"uid":71,"userid":60,"name":"geronimo8815","avatar":"https://static.truckersmp.com/avatarsN/5294261.1711913743.png"},"point":3229},{"user":{"uid":140,"userid":129,"name":"Bechelor|Hallp","avatar":"https://cdn.discordapp.com/avatars/692741281381875794/f63a5f2731b40367daf298b1bab2fe5f.png"},"point":2896},{"user":{"uid":123,"userid":111,"name":"1806alex","avatar":"https://cdn.discordapp.com/avatars/433634921274277923/fbfc635d097a9736d8f3ace25ed11857.png"},"point":2863},{"user":{"uid":68,"userid":57,"name":"Anthonyaski","avatar":"https://cdn.discordapp.com/avatars/334780188703588362/4af94601e420a28c570fce2b038e0b23.png"},"point":2819},{"user":{"uid":9,"userid":5,"name":"Fast-rider","avatar":"https://static.truckersmp.com/avatarsN/4041389.1709222265.png"},"point":2720},{"user":{"uid":79,"userid":68,"name":"kevinnartor","avatar":"https://cdn.discordapp.com/avatars/332536235765530624/8b55e50924dd510472f9c32a0afc5d09.png"},"point":2564},{"user":{"uid":194,"userid":188,"name":"[FLG] derMicha","avatar":"https://cdn.discordapp.com/avatars/951482086072660018/6f6fb9e5f328bec8c769d872bed5109a.png"},"point":2544},{"user":{"uid":157,"userid":141,"name":"DerBackfisch","avatar":"https://cdn.discordapp.com/avatars/838683261244407809/237604f013fdfa84b60f5246e2249e04.png"},"point":2519},{"user":{"uid":119,"userid":105,"name":"annoxz","avatar":"https://cdn.discordapp.com/avatars/584497248767967263/dc4e3f991aba525ca4839013723063de.png"},"point":1861},{"user":{"uid":90,"userid":92,"name":"Truck Driver(GER)","avatar":"https://cdn.discordapp.com/avatars/697753575450738759/7fd627982dc1053d0feca23ee052e524.png"},"point":1756},{"user":{"uid":282,"userid":235,"name":"cyberstorm","avatar":""},"point":1618},{"user":{"uid":12,"userid":10,"name":"Tchabalala/Axel","avatar":"https://cdn.discordapp.com/avatars/336794680454938624/c949fc0ae2a0b67356a833b7f2dfb640.png"},"point":1177},{"user":{"uid":291,"userid":243,"name":"Javeex","avatar":"https://cdn.discordapp.com/avatars/449671195273723904/f437023536c004b981b1f09339448ad8.png"},"point":1019},{"user":{"uid":126,"userid":115,"name":"FeelinaraIRL","avatar":"https://cdn.discordapp.com/avatars/200288092807102468/4112c104d65c323bdb61eaedccca0f48.png"},"point":725},{"user":{"uid":275,"userid":229,"name":"ByEnderman_HD","avatar":"https://cdn.discordapp.com/avatars/664529284043636767/6b9fb4edd1d2c073428b956ede3c7228.png"},"point":698},{"user":{"uid":159,"userid":142,"name":"FlorianMeixner","avatar":"https://static.truckersmp.com/avatarsN/2384998.1706452577.png"},"point":697},{"user":{"uid":17,"userid":15,"name":"Henrix [GER/SWE]","avatar":"https://cdn.discordapp.com/avatars/445963051842273290/bf82a52a3a101f2b795f8baa92feecbf.png"},"point":494},{"user":{"uid":73,"userid":65,"name":"Ersque","avatar":"https://cdn.discordapp.com/avatars/219183521711915008/d8224c427b6d0b5f9a2b151734d67e76.png"},"point":468},{"user":{"uid":199,"userid":185,"name":"Silica Karun","avatar":"https://cdn.discordapp.com/avatars/1007238293844414485/079f1c62caf0da0b3896a4cdf474c896.png"},"point":384},{"user":{"uid":300,"userid":249,"name":"EinfachLukas®©","avatar":"https://cdn.discordapp.com/avatars/588335286296248330/08cd535940f062cabfc2a866e76f5929.png"},"point":330},{"user":{"uid":141,"userid":196,"name":"MAX294","avatar":"https://cdn.discordapp.com/avatars/488323894831349760/f0ffd3875b74459d0656375b17aa0e6d.png"},"point":320},{"user":{"uid":264,"userid":219,"name":"muc_gamingTV","avatar":"https://cdn.discordapp.com/avatars/1144727814604591235/50ab7e6ec3243b4bebaef4b184502e77.png"},"point":198},{"user":{"uid":289,"userid":241,"name":"Kurzgesagt","avatar":"https://cdn.discordapp.com/avatars/934509069555867758/0ead5ce9eb98586b14dcc50c0efb224c.png"},"point":151},{"user":{"uid":167,"userid":149,"name":"Devsk1892","avatar":"https://cdn.discordapp.com/avatars/891260417769340938/f261339ca8cd7c6a0aa5b3abe83602be.png"},"point":72}]}