{"fmd":[{"user":{"uid":3,"userid":2,"name":"GB |     M.Faruk {21}","avatar":"https://cdn.discordapp.com/avatars/284769507271245825/f4d7f890b3d45b4fcc2acc412335e13a.png"},"point":1071},{"user":{"uid":30,"userid":35,"name":"GB | Mikey [20]","avatar":"https://cdn.discordapp.com/avatars/359045731048357888/a_e27f09c576944cb47196bcc128001deb.gif"},"point":529}],"fma":[{"user":{"uid":3,"userid":2,"name":"GB |     M.Faruk {21}","avatar":"https://cdn.discordapp.com/avatars/284769507271245825/f4d7f890b3d45b4fcc2acc412335e13a.png"},"point":1323},{"user":{"uid":30,"userid":35,"name":"GB | Mikey [20]","avatar":"https://cdn.discordapp.com/avatars/359045731048357888/a_e27f09c576944cb47196bcc128001deb.gif"},"point":616}]}