{"fmd":[{"user":{"uid":631,"userid":508,"name":"A$h1Ma$h1","avatar":"https://cdn.discordapp.com/avatars/801452708547657739/bf3266b67299389596b4b5ecd7c627ce.png"},"point":2806},{"user":{"uid":608,"userid":489,"name":"Dylan aka Scott","avatar":"https://cdn.discordapp.com/avatars/287978186732732416/269da0519b0fb3b455df1752ceec3171.png"},"point":2278},{"user":{"uid":454,"userid":375,"name":"🍹Adam🍹","avatar":"https://cdn.discordapp.com/avatars/1050839535904362506/5a8db3156b6bcb1056659951e1189380.png"},"point":1534},{"user":{"uid":634,"userid":511,"name":"Ern","avatar":"https://cdn.discordapp.com/avatars/238745312296960011/d189f4a3dc567d70350715ae35634bec.png"},"point":1492},{"user":{"uid":312,"userid":263,"name":"Enrikas15","avatar":"https://cdn.discordapp.com/avatars/924617012926365736/c56a4ae3f4cdc47f207c1625044e8354.png"},"point":1451},{"user":{"uid":516,"userid":417,"name":"Ravsh1k","avatar":"https://cdn.discordapp.com/avatars/901846074740858890/775a54f0f101fa2eb9b9fb54ad87ce55.png"},"point":1387},{"user":{"uid":630,"userid":507,"name":"Pingvins_","avatar":"https://cdn.discordapp.com/avatars/665639547756871680/11b9131c70b40606a84197ce1d9cf7ca.png"},"point":1287},{"user":{"uid":427,"userid":353,"name":"Versthappening","avatar":"https://cdn.discordapp.com/avatars/851032564801077258/b6762130b06d88078b10d519887e731b.png"},"point":1046},{"user":{"uid":550,"userid":447,"name":"Jayftd","avatar":"https://cdn.discordapp.com/avatars/1192649532090109952/3054905a0cea1c6fa90b1009fecd72d7.png"},"point":946},{"user":{"uid":629,"userid":506,"name":"Bin_Tyler","avatar":"https://cdn.discordapp.com/avatars/778660332570804325/c854253e1f12ab7a70384535a84fae7d.png"},"point":869},{"user":{"uid":391,"userid":329,"name":"Джеспер","avatar":"https://cdn.discordapp.com/avatars/632239961994821680/d4a0d65db94bed39bb7ee26b80fc9ddd.png"},"point":744},{"user":{"uid":578,"userid":465,"name":"indowes","avatar":"https://cdn.discordapp.com/avatars/556782581626961920/4f21483bc72236511d1bd929721efbdc.png"},"point":743},{"user":{"uid":618,"userid":496,"name":"Lorenzo (lftt205)","avatar":"https://cdn.discordapp.com/avatars/254870559257657344/e6795e10c6356b41ae0dde62b8555d22.png"},"point":705},{"user":{"uid":579,"userid":466,"name":"pieter.64","avatar":"https://cdn.discordapp.com/avatars/324877891852828683/00632119b31752fcb8171bbb4279d1f8.png"},"point":704},{"user":{"uid":633,"userid":510,"name":"𝓘𝓶𝓹𝓮𝓻𝓲𝓪𝓵𝓣𝓱𝓮𝓬𝓪","avatar":"https://cdn.discordapp.com/avatars/1014563270969008269/c43edc4e857cd33bff1eeb4ecfe6956a.png"},"point":610},{"user":{"uid":25,"userid":96,"name":"[G-T-R]GrayWolf","avatar":"https://cdn.discordapp.com/avatars/463049453067173888/93e0f855de1c1bcdf6924d45b1789338.png"},"point":592},{"user":{"uid":501,"userid":408,"name":"StrongHunter","avatar":"https://static.truckersmp.com/avatarsN/5291373.1701634237.jpg"},"point":552},{"user":{"uid":396,"userid":331,"name":"Lucas","avatar":"https://cdn.discordapp.com/avatars/1004644388888117258/40f0905fcd22843d4e831fa18fc7576d.png"},"point":506},{"user":{"uid":458,"userid":377,"name":"LordCancer420","avatar":"https://cdn.discordapp.com/avatars/412529924805492756/38365841d4eaa1db7d73bc11bc478124.png"},"point":476},{"user":{"uid":625,"userid":502,"name":"! Kermit","avatar":"https://cdn.discordapp.com/avatars/933759740977225799/5e8244727f7554349e400b0c460ae319.png"},"point":452},{"user":{"uid":626,"userid":504,"name":"Trav.","avatar":"https://cdn.discordapp.com/avatars/860279987058901043/13d8aaf9fb377ad8eb70b7ac9e4b380f.png"},"point":424},{"user":{"uid":635,"userid":512,"name":"ruthlessducky","avatar":"https://cdn.discordapp.com/avatars/586356271343599623/630a34ace8f201030d7d0f1c81cf8257.png"},"point":339},{"user":{"uid":622,"userid":500,"name":"Yinmei","avatar":"https://cdn.discordapp.com/avatars/1152484045549211749/3487bb42c54b1cae8115bbba55ab7617.png"},"point":281},{"user":{"uid":385,"userid":325,"name":"ladbur2000xx","avatar":"https://cdn.discordapp.com/avatars/971245090267881474/b9b9c6d735bc88afabe74203e5481492.png"},"point":0},{"user":{"uid":504,"userid":411,"name":"ArgotheWolf","avatar":"https://static.truckersmp.com/avatarsN/1940165.1712798979.png"},"point":0},{"user":{"uid":574,"userid":462,"name":"ꞨɃΓ-ꞦΞᛗꞨ","avatar":"https://cdn.discordapp.com/avatars/986563915544682527/8683b5e187d891d1b92221acd9cca6fa.png"},"point":0},{"user":{"uid":593,"userid":478,"name":"AZV9","avatar":"https://cdn.discordapp.com/avatars/379023177214590986/5dd1975bdc9d6b3ab0b192d2903aefc4.png"},"point":0}],"fma":[{"user":{"uid":634,"userid":511,"name":"Ern","avatar":"https://cdn.discordapp.com/avatars/238745312296960011/d189f4a3dc567d70350715ae35634bec.png"},"point":3130},{"user":{"uid":631,"userid":508,"name":"A$h1Ma$h1","avatar":"https://cdn.discordapp.com/avatars/801452708547657739/bf3266b67299389596b4b5ecd7c627ce.png"},"point":2806},{"user":{"uid":608,"userid":489,"name":"Dylan aka Scott","avatar":"https://cdn.discordapp.com/avatars/287978186732732416/269da0519b0fb3b455df1752ceec3171.png"},"point":2278},{"user":{"uid":454,"userid":375,"name":"🍹Adam🍹","avatar":"https://cdn.discordapp.com/avatars/1050839535904362506/5a8db3156b6bcb1056659951e1189380.png"},"point":1534},{"user":{"uid":516,"userid":417,"name":"Ravsh1k","avatar":"https://cdn.discordapp.com/avatars/901846074740858890/775a54f0f101fa2eb9b9fb54ad87ce55.png"},"point":1532},{"user":{"uid":312,"userid":263,"name":"Enrikas15","avatar":"https://cdn.discordapp.com/avatars/924617012926365736/c56a4ae3f4cdc47f207c1625044e8354.png"},"point":1451},{"user":{"uid":630,"userid":507,"name":"Pingvins_","avatar":"https://cdn.discordapp.com/avatars/665639547756871680/11b9131c70b40606a84197ce1d9cf7ca.png"},"point":1287},{"user":{"uid":427,"userid":353,"name":"Versthappening","avatar":"https://cdn.discordapp.com/avatars/851032564801077258/b6762130b06d88078b10d519887e731b.png"},"point":1046},{"user":{"uid":550,"userid":447,"name":"Jayftd","avatar":"https://cdn.discordapp.com/avatars/1192649532090109952/3054905a0cea1c6fa90b1009fecd72d7.png"},"point":946},{"user":{"uid":629,"userid":506,"name":"Bin_Tyler","avatar":"https://cdn.discordapp.com/avatars/778660332570804325/c854253e1f12ab7a70384535a84fae7d.png"},"point":869},{"user":{"uid":391,"userid":329,"name":"Джеспер","avatar":"https://cdn.discordapp.com/avatars/632239961994821680/d4a0d65db94bed39bb7ee26b80fc9ddd.png"},"point":744},{"user":{"uid":578,"userid":465,"name":"indowes","avatar":"https://cdn.discordapp.com/avatars/556782581626961920/4f21483bc72236511d1bd929721efbdc.png"},"point":743},{"user":{"uid":618,"userid":496,"name":"Lorenzo (lftt205)","avatar":"https://cdn.discordapp.com/avatars/254870559257657344/e6795e10c6356b41ae0dde62b8555d22.png"},"point":705},{"user":{"uid":579,"userid":466,"name":"pieter.64","avatar":"https://cdn.discordapp.com/avatars/324877891852828683/00632119b31752fcb8171bbb4279d1f8.png"},"point":704},{"user":{"uid":501,"userid":408,"name":"StrongHunter","avatar":"https://static.truckersmp.com/avatarsN/5291373.1701634237.jpg"},"point":652},{"user":{"uid":633,"userid":510,"name":"𝓘𝓶𝓹𝓮𝓻𝓲𝓪𝓵𝓣𝓱𝓮𝓬𝓪","avatar":"https://cdn.discordapp.com/avatars/1014563270969008269/c43edc4e857cd33bff1eeb4ecfe6956a.png"},"point":610},{"user":{"uid":25,"userid":96,"name":"[G-T-R]GrayWolf","avatar":"https://cdn.discordapp.com/avatars/463049453067173888/93e0f855de1c1bcdf6924d45b1789338.png"},"point":592},{"user":{"uid":396,"userid":331,"name":"Lucas","avatar":"https://cdn.discordapp.com/avatars/1004644388888117258/40f0905fcd22843d4e831fa18fc7576d.png"},"point":506},{"user":{"uid":458,"userid":377,"name":"LordCancer420","avatar":"https://cdn.discordapp.com/avatars/412529924805492756/38365841d4eaa1db7d73bc11bc478124.png"},"point":476},{"user":{"uid":625,"userid":502,"name":"! Kermit","avatar":"https://cdn.discordapp.com/avatars/933759740977225799/5e8244727f7554349e400b0c460ae319.png"},"point":452},{"user":{"uid":626,"userid":504,"name":"Trav.","avatar":"https://cdn.discordapp.com/avatars/860279987058901043/13d8aaf9fb377ad8eb70b7ac9e4b380f.png"},"point":424},{"user":{"uid":635,"userid":512,"name":"ruthlessducky","avatar":"https://cdn.discordapp.com/avatars/586356271343599623/630a34ace8f201030d7d0f1c81cf8257.png"},"point":339},{"user":{"uid":622,"userid":500,"name":"Yinmei","avatar":"https://cdn.discordapp.com/avatars/1152484045549211749/3487bb42c54b1cae8115bbba55ab7617.png"},"point":281},{"user":{"uid":480,"userid":395,"name":"Sh0tBlow","avatar":"https://cdn.discordapp.com/avatars/462991116279611392/87bf1e3b76d220025f3fb4b0029427f8.png"},"point":104},{"user":{"uid":596,"userid":480,"name":"proximirones","avatar":"https://cdn.discordapp.com/avatars/830886800398221393/0a65872022ee1b3452cc03b312d8a67c.png"},"point":100},{"user":{"uid":385,"userid":325,"name":"ladbur2000xx","avatar":"https://cdn.discordapp.com/avatars/971245090267881474/b9b9c6d735bc88afabe74203e5481492.png"},"point":0},{"user":{"uid":504,"userid":411,"name":"ArgotheWolf","avatar":"https://static.truckersmp.com/avatarsN/1940165.1712798979.png"},"point":0},{"user":{"uid":574,"userid":462,"name":"ꞨɃΓ-ꞦΞᛗꞨ","avatar":"https://cdn.discordapp.com/avatars/986563915544682527/8683b5e187d891d1b92221acd9cca6fa.png"},"point":0},{"user":{"uid":593,"userid":478,"name":"AZV9","avatar":"https://cdn.discordapp.com/avatars/379023177214590986/5dd1975bdc9d6b3ab0b192d2903aefc4.png"},"point":0}]}