{"fmd":[{"user":{"uid":192,"userid":163,"name":"(DRT) Diican","avatar":""},"point":3084},{"user":{"uid":172,"userid":145,"name":"(DR) JortGlobe","avatar":"https://cdn.discordapp.com/avatars/821749276706734110/7962c232c2fcc443a70792b6c9d5979b.png"},"point":1565},{"user":{"uid":196,"userid":166,"name":"(DRT) Luke","avatar":"https://cdn.discordapp.com/avatars/924745071142780948/99bb4917e766bed414a04777f06a682a.png"},"point":1288},{"user":{"uid":28,"userid":23,"name":"(CEO) Pete (DND)","avatar":"https://cdn.discordapp.com/avatars/316660255872516106/8a2dca3b679afae90df18edc44b1584c.png"},"point":1070},{"user":{"uid":166,"userid":139,"name":"(DR) Cloven","avatar":"https://cdn.discordapp.com/avatars/897392805104734239/8fde5905c683ee11047bee0e47fa8db8.png"},"point":740},{"user":{"uid":105,"userid":86,"name":"(DR) Amazingbuik","avatar":"https://cdn.discordapp.com/avatars/839966237299572756/a100c0d7c960d71c7c93832e14953597.png"},"point":633},{"user":{"uid":144,"userid":118,"name":"(DR) Hosso","avatar":"https://cdn.discordapp.com/avatars/872618725281505321/47ea03b91cd14d27c548bcb8f1da42b5.png"},"point":580},{"user":{"uid":183,"userid":155,"name":"(DRT) Stuart Green","avatar":"https://cdn.discordapp.com/avatars/561116804685234196/ebd7eac27d7b1caa7af6683903e1ca07.png"},"point":265}],"fma":[{"user":{"uid":192,"userid":163,"name":"(DRT) Diican","avatar":""},"point":3084},{"user":{"uid":172,"userid":145,"name":"(DR) JortGlobe","avatar":"https://cdn.discordapp.com/avatars/821749276706734110/7962c232c2fcc443a70792b6c9d5979b.png"},"point":1565},{"user":{"uid":196,"userid":166,"name":"(DRT) Luke","avatar":"https://cdn.discordapp.com/avatars/924745071142780948/99bb4917e766bed414a04777f06a682a.png"},"point":1488},{"user":{"uid":28,"userid":23,"name":"(CEO) Pete (DND)","avatar":"https://cdn.discordapp.com/avatars/316660255872516106/8a2dca3b679afae90df18edc44b1584c.png"},"point":1070},{"user":{"uid":166,"userid":139,"name":"(DR) Cloven","avatar":"https://cdn.discordapp.com/avatars/897392805104734239/8fde5905c683ee11047bee0e47fa8db8.png"},"point":940},{"user":{"uid":105,"userid":86,"name":"(DR) Amazingbuik","avatar":"https://cdn.discordapp.com/avatars/839966237299572756/a100c0d7c960d71c7c93832e14953597.png"},"point":633},{"user":{"uid":144,"userid":118,"name":"(DR) Hosso","avatar":"https://cdn.discordapp.com/avatars/872618725281505321/47ea03b91cd14d27c548bcb8f1da42b5.png"},"point":580},{"user":{"uid":183,"userid":155,"name":"(DRT) Stuart Green","avatar":"https://cdn.discordapp.com/avatars/561116804685234196/ebd7eac27d7b1caa7af6683903e1ca07.png"},"point":265}]}