{"fmd":[{"user":{"uid":352,"userid":255,"name":"Deilia","avatar":"https://static.truckersmp.com/avatarsN/5164534.1711935146.png"},"point":4996},{"user":{"uid":350,"userid":251,"name":"Charon IV","avatar":"https://cdn.discordapp.com/avatars/336964513033093130/da18a1808802bdf3485f3b885a65072c.png"},"point":2688},{"user":{"uid":351,"userid":254,"name":"nini","avatar":"https://cdn.discordapp.com/avatars/288301509396135938/f02d103af07193e5fa4452628f6d749a.png"},"point":2130},{"user":{"uid":1,"userid":0,"name":"Brad","avatar":"https://cdn.discordapp.com/avatars/507570358782525451/0f8d2ac0cb4d5df4b45d8529b6efe809.png"},"point":1520},{"user":{"uid":356,"userid":257,"name":"prince","avatar":"https://cdn.discordapp.com/avatars/561960385750761472/baa8187f57979991d38812e415d41191.png"},"point":412}],"fma":[{"user":{"uid":1,"userid":0,"name":"Brad","avatar":"https://cdn.discordapp.com/avatars/507570358782525451/0f8d2ac0cb4d5df4b45d8529b6efe809.png"},"point":29020},{"user":{"uid":284,"userid":243,"name":"Dent","avatar":"https://cdn.discordapp.com/avatars/803273884904325135/200c3f7ecc9b2621b1dd5d21ad51cb13.png"},"point":25000},{"user":{"uid":352,"userid":255,"name":"Deilia","avatar":"https://static.truckersmp.com/avatarsN/5164534.1711935146.png"},"point":7496},{"user":{"uid":350,"userid":251,"name":"Charon IV","avatar":"https://cdn.discordapp.com/avatars/336964513033093130/da18a1808802bdf3485f3b885a65072c.png"},"point":2688},{"user":{"uid":351,"userid":254,"name":"nini","avatar":"https://cdn.discordapp.com/avatars/288301509396135938/f02d103af07193e5fa4452628f6d749a.png"},"point":2130},{"user":{"uid":356,"userid":257,"name":"prince","avatar":"https://cdn.discordapp.com/avatars/561960385750761472/baa8187f57979991d38812e415d41191.png"},"point":412}]}