{"fmd":[{"user":{"uid":136,"userid":121,"name":"Fuzzi_One","avatar":"https://avatars.steamstatic.com/80dc5c843904a69c82033fa7600d24e61dc9b370_full.jpg"},"point":9920},{"user":{"uid":12,"userid":9,"name":"[RSL] Fabian","avatar":"https://cdn.discordapp.com/avatars/636590993206149131/a_111fda2bf4727ff3c93f010507ff166c.gif"},"point":3898},{"user":{"uid":104,"userid":92,"name":"Mario","avatar":""},"point":3160},{"user":{"uid":190,"userid":168,"name":"DWELLER23","avatar":"https://avatars.steamstatic.com/415e39cd7b3cbe49442ef90b37c5e367980f8124_full.jpg"},"point":2939},{"user":{"uid":147,"userid":132,"name":"Der  Opa","avatar":"https://cdn.discordapp.com/avatars/390841934358249482/5182d95c0600108142ddbca2b09a1bb4.png"},"point":2931},{"user":{"uid":28,"userid":21,"name":"Lenkradgreifer / Peter","avatar":"https://avatars.steamstatic.com/acf67207768cdc5be5f09aca6a9f7830bf27d6f7_full.jpg"},"point":2397},{"user":{"uid":176,"userid":157,"name":"SKELETOR96","avatar":"https://avatars.steamstatic.com/e2de94aa5b303690fc34a2784287b2ea576b1250_full.jpg"},"point":2232},{"user":{"uid":171,"userid":154,"name":"dom_binda","avatar":"https://avatars.steamstatic.com/850c742b99f1bd3b7e51baab91a51db1ac4e08c8_full.jpg"},"point":2217},{"user":{"uid":3,"userid":3,"name":"Yglo233","avatar":"https://avatars.steamstatic.com/31b7c52f47bfc7fdf48a7793bcc63254fbb4d4e0_full.jpg"},"point":1893},{"user":{"uid":130,"userid":115,"name":"GhostRiDeR_REAL","avatar":"https://avatars.steamstatic.com/0f18411149a060051bdafef053969f859dc73196_full.jpg"},"point":1736},{"user":{"uid":6,"userid":6,"name":"Rom77","avatar":"https://avatars.steamstatic.com/c949ed9e884ddd730097bfe8848bdc3fb152f582_full.jpg"},"point":1655},{"user":{"uid":118,"userid":103,"name":"EinfachnurWolf","avatar":"https://avatars.steamstatic.com/dcddc28153a03ef589ba9b54c11a1edc4384acdf_full.jpg"},"point":1504},{"user":{"uid":64,"userid":57,"name":"captainbubatz","avatar":"https://avatars.steamstatic.com/05e287bb68b9dd3798bae459b8e7d4cc59c5e9a5_full.jpg"},"point":1502},{"user":{"uid":196,"userid":174,"name":"Th3_RS","avatar":"https://avatars.steamstatic.com/db3bd0a387e73f7853a3a00ec81cafc962c949cc_full.jpg"},"point":1466},{"user":{"uid":10,"userid":10,"name":"[RSL] ✠Anorak✠","avatar":"https://cdn.discordapp.com/avatars/1211937272702697512/e8ec7cf3e7a4c9617a76c3f001924ec6.png"},"point":1426},{"user":{"uid":194,"userid":171,"name":"subnayzz","avatar":"https://avatars.steamstatic.com/541d03601aebfb8436b10da6b9d4d1275ec7edc4_full.jpg"},"point":1354},{"user":{"uid":143,"userid":128,"name":"Tomm82m","avatar":"https://avatars.steamstatic.com/70845c436d1d1acef2a024c0a46d21d53c13eda5_full.jpg"},"point":1226},{"user":{"uid":1,"userid":1,"name":"[RSL] Reamonn","avatar":"https://cdn.discordapp.com/avatars/208630023626817536/d6b5a101ffa2655e917e9e2ca950025a.png"},"point":1188},{"user":{"uid":184,"userid":162,"name":"𝐀𝐥𝐞𝐱","avatar":"https://avatars.steamstatic.com/d3eb39d70f297a4191bea908797cd7972a77ad86_full.jpg"},"point":1098},{"user":{"uid":168,"userid":151,"name":"LordMiLu","avatar":"https://avatars.steamstatic.com/90281bcb08a9d28ef4c343c5f6b8b75f093e4a9b_full.jpg"},"point":885},{"user":{"uid":91,"userid":82,"name":"Ninja_Kiwi","avatar":"https://avatars.steamstatic.com/1aaec1ed3f3cd8465fa42665b01eb70d7f701604_full.jpg"},"point":874},{"user":{"uid":25,"userid":19,"name":"Razoraptor","avatar":"https://avatars.steamstatic.com/411f0a1d08563b0dcd648c344b113688287bfb1f_full.jpg"},"point":581},{"user":{"uid":75,"userid":67,"name":"GunGamerTV","avatar":"https://avatars.steamstatic.com/64ae1da41a9c51a5ab44c29f0b054b14123aabe4_full.jpg"},"point":522},{"user":{"uid":84,"userid":75,"name":"lolgamer5300","avatar":"https://avatars.steamstatic.com/76ad51d2c234085fc07dbe1396e3d39331376fd5_full.jpg"},"point":395},{"user":{"uid":98,"userid":88,"name":"2710150","avatar":"https://avatars.steamstatic.com/8b06c487bb6e3cf74c5ac6803b77ba8a7d9de45d_full.jpg"},"point":338},{"user":{"uid":174,"userid":163,"name":"matto3_0","avatar":"https://avatars.steamstatic.com/def847b7a7bffa014ac28f21e9a278648b903f0e_full.jpg"},"point":133},{"user":{"uid":155,"userid":140,"name":"ᴅᴀᴠᴅᴀᴛɪᴠᴇ","avatar":"https://cdn.discordapp.com/avatars/933050296811290684/03bed74c2e0b9e7f5b9e142eb6d4c152.png"},"point":68},{"user":{"uid":19,"userid":14,"name":"SPX_Vatron","avatar":"https://avatars.steamstatic.com/ba66eed8be1a95a4c1d657c7fe97520bc63e55f9_full.jpg"},"point":48}],"fma":[{"user":{"uid":136,"userid":121,"name":"Fuzzi_One","avatar":"https://avatars.steamstatic.com/80dc5c843904a69c82033fa7600d24e61dc9b370_full.jpg"},"point":9920},{"user":{"uid":12,"userid":9,"name":"[RSL] Fabian","avatar":"https://cdn.discordapp.com/avatars/636590993206149131/a_111fda2bf4727ff3c93f010507ff166c.gif"},"point":3898},{"user":{"uid":104,"userid":92,"name":"Mario","avatar":""},"point":3160},{"user":{"uid":190,"userid":168,"name":"DWELLER23","avatar":"https://avatars.steamstatic.com/415e39cd7b3cbe49442ef90b37c5e367980f8124_full.jpg"},"point":2939},{"user":{"uid":147,"userid":132,"name":"Der  Opa","avatar":"https://cdn.discordapp.com/avatars/390841934358249482/5182d95c0600108142ddbca2b09a1bb4.png"},"point":2931},{"user":{"uid":28,"userid":21,"name":"Lenkradgreifer / Peter","avatar":"https://avatars.steamstatic.com/acf67207768cdc5be5f09aca6a9f7830bf27d6f7_full.jpg"},"point":2397},{"user":{"uid":176,"userid":157,"name":"SKELETOR96","avatar":"https://avatars.steamstatic.com/e2de94aa5b303690fc34a2784287b2ea576b1250_full.jpg"},"point":2232},{"user":{"uid":171,"userid":154,"name":"dom_binda","avatar":"https://avatars.steamstatic.com/850c742b99f1bd3b7e51baab91a51db1ac4e08c8_full.jpg"},"point":2217},{"user":{"uid":3,"userid":3,"name":"Yglo233","avatar":"https://avatars.steamstatic.com/31b7c52f47bfc7fdf48a7793bcc63254fbb4d4e0_full.jpg"},"point":1893},{"user":{"uid":130,"userid":115,"name":"GhostRiDeR_REAL","avatar":"https://avatars.steamstatic.com/0f18411149a060051bdafef053969f859dc73196_full.jpg"},"point":1736},{"user":{"uid":6,"userid":6,"name":"Rom77","avatar":"https://avatars.steamstatic.com/c949ed9e884ddd730097bfe8848bdc3fb152f582_full.jpg"},"point":1655},{"user":{"uid":118,"userid":103,"name":"EinfachnurWolf","avatar":"https://avatars.steamstatic.com/dcddc28153a03ef589ba9b54c11a1edc4384acdf_full.jpg"},"point":1504},{"user":{"uid":64,"userid":57,"name":"captainbubatz","avatar":"https://avatars.steamstatic.com/05e287bb68b9dd3798bae459b8e7d4cc59c5e9a5_full.jpg"},"point":1502},{"user":{"uid":196,"userid":174,"name":"Th3_RS","avatar":"https://avatars.steamstatic.com/db3bd0a387e73f7853a3a00ec81cafc962c949cc_full.jpg"},"point":1466},{"user":{"uid":10,"userid":10,"name":"[RSL] ✠Anorak✠","avatar":"https://cdn.discordapp.com/avatars/1211937272702697512/e8ec7cf3e7a4c9617a76c3f001924ec6.png"},"point":1426},{"user":{"uid":194,"userid":171,"name":"subnayzz","avatar":"https://avatars.steamstatic.com/541d03601aebfb8436b10da6b9d4d1275ec7edc4_full.jpg"},"point":1354},{"user":{"uid":143,"userid":128,"name":"Tomm82m","avatar":"https://avatars.steamstatic.com/70845c436d1d1acef2a024c0a46d21d53c13eda5_full.jpg"},"point":1226},{"user":{"uid":1,"userid":1,"name":"[RSL] Reamonn","avatar":"https://cdn.discordapp.com/avatars/208630023626817536/d6b5a101ffa2655e917e9e2ca950025a.png"},"point":1188},{"user":{"uid":184,"userid":162,"name":"𝐀𝐥𝐞𝐱","avatar":"https://avatars.steamstatic.com/d3eb39d70f297a4191bea908797cd7972a77ad86_full.jpg"},"point":1098},{"user":{"uid":168,"userid":151,"name":"LordMiLu","avatar":"https://avatars.steamstatic.com/90281bcb08a9d28ef4c343c5f6b8b75f093e4a9b_full.jpg"},"point":885},{"user":{"uid":91,"userid":82,"name":"Ninja_Kiwi","avatar":"https://avatars.steamstatic.com/1aaec1ed3f3cd8465fa42665b01eb70d7f701604_full.jpg"},"point":874},{"user":{"uid":25,"userid":19,"name":"Razoraptor","avatar":"https://avatars.steamstatic.com/411f0a1d08563b0dcd648c344b113688287bfb1f_full.jpg"},"point":581},{"user":{"uid":75,"userid":67,"name":"GunGamerTV","avatar":"https://avatars.steamstatic.com/64ae1da41a9c51a5ab44c29f0b054b14123aabe4_full.jpg"},"point":522},{"user":{"uid":84,"userid":75,"name":"lolgamer5300","avatar":"https://avatars.steamstatic.com/76ad51d2c234085fc07dbe1396e3d39331376fd5_full.jpg"},"point":395},{"user":{"uid":98,"userid":88,"name":"2710150","avatar":"https://avatars.steamstatic.com/8b06c487bb6e3cf74c5ac6803b77ba8a7d9de45d_full.jpg"},"point":338},{"user":{"uid":99,"userid":110,"name":"[RSL]Albanr.9","avatar":"https://avatars.steamstatic.com/b3773af8338e7a36b55ec298e6dee7f4e0cd9aa0_full.jpg"},"point":200},{"user":{"uid":174,"userid":163,"name":"matto3_0","avatar":"https://avatars.steamstatic.com/def847b7a7bffa014ac28f21e9a278648b903f0e_full.jpg"},"point":133},{"user":{"uid":155,"userid":140,"name":"ᴅᴀᴠᴅᴀᴛɪᴠᴇ","avatar":"https://cdn.discordapp.com/avatars/933050296811290684/03bed74c2e0b9e7f5b9e142eb6d4c152.png"},"point":68},{"user":{"uid":19,"userid":14,"name":"SPX_Vatron","avatar":"https://avatars.steamstatic.com/ba66eed8be1a95a4c1d657c7fe97520bc63e55f9_full.jpg"},"point":48}]}