{"fmd":[{"user":{"uid":29,"userid":23,"name":"TylerTurner23","avatar":"https://cdn.discordapp.com/avatars/376484356820303872/ac68e90848524f7fdba22362300a9b63.png"},"point":3320},{"user":{"uid":6,"userid":6,"name":"Turnerr","avatar":"https://cdn.discordapp.com/avatars/312631180811960323/c949424f0736baed8a5224440edd7a6f.png"},"point":1998},{"user":{"uid":3,"userid":3,"name":"HunterM7","avatar":"https://static.truckersmp.com/avatarsN/1409042.1708826162.png"},"point":852}],"fma":[{"user":{"uid":29,"userid":23,"name":"TylerTurner23","avatar":"https://cdn.discordapp.com/avatars/376484356820303872/ac68e90848524f7fdba22362300a9b63.png"},"point":3520},{"user":{"uid":6,"userid":6,"name":"Turnerr","avatar":"https://cdn.discordapp.com/avatars/312631180811960323/c949424f0736baed8a5224440edd7a6f.png"},"point":2018},{"user":{"uid":3,"userid":3,"name":"HunterM7","avatar":"https://static.truckersmp.com/avatarsN/1409042.1708826162.png"},"point":883}]}