{"fmd":[{"user":{"uid":1097,"userid":670,"name":"Ramin Tanuwong [TH]","avatar":"https://static.truckersmp.com/avatarsN/3757199.1645214262.jpg"},"point":5696},{"user":{"uid":1398,"userid":862,"name":"2222Y","avatar":"https://cdn.discordapp.com/avatars/702624334036074646/1b14cc6963653ea32a778ea6e4f23a4d.png"},"point":4883},{"user":{"uid":1399,"userid":860,"name":"TEA_K1NG","avatar":"https://cdn.discordapp.com/avatars/945052168287826030/94eed3b4af44fdf462ad35f0974091cf.png"},"point":4194},{"user":{"uid":1271,"userid":780,"name":"brazvo (Bruno)","avatar":"https://cdn.discordapp.com/avatars/823826275964682251/c28159cbabe58874bd1244a97d68d24b.png"},"point":3662},{"user":{"uid":1316,"userid":807,"name":"Gota","avatar":"https://cdn.discordapp.com/avatars/167291299693723648/beb31f691ab4478e3268181a76f3a451.png"},"point":3569},{"user":{"uid":1382,"userid":847,"name":"Aeroplane","avatar":"https://cdn.discordapp.com/avatars/919580354736705617/cd8c60e397730ab82e685faaf72d3c77.png"},"point":3245},{"user":{"uid":18,"userid":718,"name":"Kanasteri","avatar":"https://cdn.discordapp.com/avatars/388688028056551425/cadea68055c984a8900142da586bf9e5.png"},"point":3167},{"user":{"uid":1061,"userid":656,"name":"Thy Night Owl","avatar":"https://cdn.discordapp.com/avatars/678366200312496154/7e3c44efb2393e0a9a4b593cb42f936d.png"},"point":2776},{"user":{"uid":1391,"userid":855,"name":"Den_Bruce_","avatar":"https://cdn.discordapp.com/avatars/760190579010830337/6ab1f6c6baee22e03ce68c6ca83f8c91.png"},"point":2506},{"user":{"uid":863,"userid":854,"name":"jelledude","avatar":"https://cdn.discordapp.com/avatars/503143884080021514/5647b53045a177f1d215d6dbcf415d10.png"},"point":2315},{"user":{"uid":178,"userid":337,"name":"Demon","avatar":"https://cdn.discordapp.com/avatars/263904733196976128/db03ee2fc81e10a028fb58e95e3d4bca.png"},"point":2135},{"user":{"uid":872,"userid":555,"name":"[Lurking] Chris Hazmat #1","avatar":"https://cdn.discordapp.com/avatars/741351957083717673/6b04732b978c6ba910eae44b003234b8.png"},"point":2113},{"user":{"uid":1105,"userid":675,"name":"Jack3D60","avatar":"https://cdn.discordapp.com/avatars/805496381754048572/bcf10ae824b274e1c532971dcb857977.png"},"point":2004},{"user":{"uid":1171,"userid":706,"name":"Lofi","avatar":"https://cdn.discordapp.com/avatars/801871805694345227/3aeeea83561c1d40e73eddc7f79dd3b5.png"},"point":1695},{"user":{"uid":1160,"userid":699,"name":"jodycc","avatar":"https://cdn.discordapp.com/avatars/623249122761375760/adc25e15fe96d56656319e2a159d9458.png"},"point":1518},{"user":{"uid":29,"userid":79,"name":"Andrew B.","avatar":"https://cdn.discordapp.com/avatars/224307743073239040/820d5fa00cb1d416d2b00ca8c296d7bf.png"},"point":1417},{"user":{"uid":1325,"userid":816,"name":"Kian UK","avatar":"https://avatars.steamstatic.com/fef49e7fa7e1997310d705b2a6158ff8dc1cdfeb_full.jpg"},"point":1411},{"user":{"uid":1253,"userid":769,"name":"Sunny","avatar":"https://cdn.discordapp.com/avatars/335148756653572098/00a5292662c6be574ce781717de8bfeb.png"},"point":1208},{"user":{"uid":171,"userid":858,"name":"Jean #1 Renault Trucks fan","avatar":"https://cdn.discordapp.com/avatars/729830742418260028/532c688a0a373a5f36342f13030652be.png"},"point":1177},{"user":{"uid":1026,"userid":630,"name":"Sehi hazmat #1, #1 Volvo fan","avatar":"https://cdn.discordapp.com/avatars/644522714916192275/eccb7f2838b4e97903f71767e9250f3f.png"},"point":1063},{"user":{"uid":184,"userid":345,"name":"NFLD","avatar":"https://cdn.discordapp.com/avatars/538772758461677578/5f1d024574ed37a8cbaf69c186d93cb1.png"},"point":924},{"user":{"uid":717,"userid":477,"name":"CrazyRussianCommrade","avatar":"https://static.truckersmp.com/avatarsN/defaultavatar.png"},"point":904},{"user":{"uid":1378,"userid":843,"name":"dandelion","avatar":"https://cdn.discordapp.com/avatars/924070723952209941/6d40e5aa69459181ef2bc03107156cc0.png"},"point":819},{"user":{"uid":1124,"userid":686,"name":"sunday","avatar":"https://cdn.discordapp.com/avatars/114834844961341443/f0ce48c55d876a6a05455c8f5fd0a564.png"},"point":812},{"user":{"uid":1274,"userid":781,"name":"Damon L.","avatar":"https://cdn.discordapp.com/avatars/232115847756382208/05d4ae0cc6e2512f699421321283352c.png"},"point":746},{"user":{"uid":1286,"userid":789,"name":"R̷̈́͝i̶͊͘c̵̋͗h̴͒͝ǐ̴̓e̶̿̔","avatar":"https://cdn.discordapp.com/avatars/356163933545037831/a5f6b26e7cc9ac6cb543840e387cdc48.png"},"point":600},{"user":{"uid":1386,"userid":850,"name":"Stringsly","avatar":"https://cdn.discordapp.com/avatars/524701453533708300/a_65c66e1b375c3a059df4d4d834ecddf1.gif"},"point":516},{"user":{"uid":1039,"userid":637,"name":"Dutchman6149","avatar":"https://cdn.discordapp.com/avatars/1089970918169776317/518899061d0c7aa71638cf2a46dfa547.png"},"point":427},{"user":{"uid":892,"userid":567,"name":"KuroSerpent","avatar":"https://cdn.discordapp.com/avatars/249645812726890497/a_21c0489bbb0c99be7db8bbbfb1ed5e85.gif"},"point":333},{"user":{"uid":716,"userid":476,"name":"mwe2187","avatar":"https://cdn.discordapp.com/avatars/628250855899922448/93721c72d6dba299ffc43f2a9a13483b.png"},"point":228},{"user":{"uid":1244,"userid":767,"name":"Corvus #CHILLING #1 😊","avatar":"https://cdn.discordapp.com/avatars/1170949991548858411/c96cd5043005eac706d9529fb04d3e33.png"},"point":136},{"user":{"uid":1266,"userid":775,"name":"Khan_X1","avatar":"https://static.truckersmp.com/avatarsN/5358897.1705606399.png"},"point":21},{"user":{"uid":1009,"userid":623,"name":"Hexx","avatar":"https://cdn.discordapp.com/avatars/304988513479426049/31e8b486c2961f5de7f3540765828808.png"},"point":0},{"user":{"uid":1034,"userid":635,"name":"Fox_Bot","avatar":"https://cdn.discordapp.com/avatars/673289306424475659/6760c43d2e087fd99eeef160473251a3.png"},"point":0}],"fma":[{"user":{"uid":1097,"userid":670,"name":"Ramin Tanuwong [TH]","avatar":"https://static.truckersmp.com/avatarsN/3757199.1645214262.jpg"},"point":44958},{"user":{"uid":1316,"userid":807,"name":"Gota","avatar":"https://cdn.discordapp.com/avatars/167291299693723648/beb31f691ab4478e3268181a76f3a451.png"},"point":37310},{"user":{"uid":1391,"userid":855,"name":"Den_Bruce_","avatar":"https://cdn.discordapp.com/avatars/760190579010830337/6ab1f6c6baee22e03ce68c6ca83f8c91.png"},"point":34297},{"user":{"uid":1382,"userid":847,"name":"Aeroplane","avatar":"https://cdn.discordapp.com/avatars/919580354736705617/cd8c60e397730ab82e685faaf72d3c77.png"},"point":33614},{"user":{"uid":863,"userid":854,"name":"jelledude","avatar":"https://cdn.discordapp.com/avatars/503143884080021514/5647b53045a177f1d215d6dbcf415d10.png"},"point":33536},{"user":{"uid":1026,"userid":630,"name":"Sehi hazmat #1, #1 Volvo fan","avatar":"https://cdn.discordapp.com/avatars/644522714916192275/eccb7f2838b4e97903f71767e9250f3f.png"},"point":31323},{"user":{"uid":1401,"userid":863,"name":"Chris","avatar":"https://cdn.discordapp.com/avatars/415560774283427860/4f7b8d964bad29469a9d70cddb9cfadc.png"},"point":30000},{"user":{"uid":1271,"userid":780,"name":"brazvo (Bruno)","avatar":"https://cdn.discordapp.com/avatars/823826275964682251/c28159cbabe58874bd1244a97d68d24b.png"},"point":9851},{"user":{"uid":1398,"userid":862,"name":"2222Y","avatar":"https://cdn.discordapp.com/avatars/702624334036074646/1b14cc6963653ea32a778ea6e4f23a4d.png"},"point":6084},{"user":{"uid":1399,"userid":860,"name":"TEA_K1NG","avatar":"https://cdn.discordapp.com/avatars/945052168287826030/94eed3b4af44fdf462ad35f0974091cf.png"},"point":4341},{"user":{"uid":1061,"userid":656,"name":"Thy Night Owl","avatar":"https://cdn.discordapp.com/avatars/678366200312496154/7e3c44efb2393e0a9a4b593cb42f936d.png"},"point":4019},{"user":{"uid":18,"userid":718,"name":"Kanasteri","avatar":"https://cdn.discordapp.com/avatars/388688028056551425/cadea68055c984a8900142da586bf9e5.png"},"point":3373},{"user":{"uid":119,"userid":258,"name":"LordLegend","avatar":"https://cdn.discordapp.com/avatars/507573290995417108/294e2517c647c3c8703945fbc200afcd.png"},"point":2933},{"user":{"uid":1105,"userid":675,"name":"Jack3D60","avatar":"https://cdn.discordapp.com/avatars/805496381754048572/bcf10ae824b274e1c532971dcb857977.png"},"point":2896},{"user":{"uid":872,"userid":555,"name":"[Lurking] Chris Hazmat #1","avatar":"https://cdn.discordapp.com/avatars/741351957083717673/6b04732b978c6ba910eae44b003234b8.png"},"point":2419},{"user":{"uid":178,"userid":337,"name":"Demon","avatar":"https://cdn.discordapp.com/avatars/263904733196976128/db03ee2fc81e10a028fb58e95e3d4bca.png"},"point":2297},{"user":{"uid":1253,"userid":769,"name":"Sunny","avatar":"https://cdn.discordapp.com/avatars/335148756653572098/00a5292662c6be574ce781717de8bfeb.png"},"point":2218},{"user":{"uid":924,"userid":576,"name":"🌈Hearty_Laces🌈They/Them","avatar":"https://cdn.discordapp.com/avatars/461978281906929675/9128b3d5991d797b2e4060e71c4c5f41.png"},"point":2004},{"user":{"uid":1171,"userid":706,"name":"Lofi","avatar":"https://cdn.discordapp.com/avatars/801871805694345227/3aeeea83561c1d40e73eddc7f79dd3b5.png"},"point":1763},{"user":{"uid":1160,"userid":699,"name":"jodycc","avatar":"https://cdn.discordapp.com/avatars/623249122761375760/adc25e15fe96d56656319e2a159d9458.png"},"point":1518},{"user":{"uid":29,"userid":79,"name":"Andrew B.","avatar":"https://cdn.discordapp.com/avatars/224307743073239040/820d5fa00cb1d416d2b00ca8c296d7bf.png"},"point":1479},{"user":{"uid":1325,"userid":816,"name":"Kian UK","avatar":"https://avatars.steamstatic.com/fef49e7fa7e1997310d705b2a6158ff8dc1cdfeb_full.jpg"},"point":1445},{"user":{"uid":1378,"userid":843,"name":"dandelion","avatar":"https://cdn.discordapp.com/avatars/924070723952209941/6d40e5aa69459181ef2bc03107156cc0.png"},"point":1356},{"user":{"uid":1274,"userid":781,"name":"Damon L.","avatar":"https://cdn.discordapp.com/avatars/232115847756382208/05d4ae0cc6e2512f699421321283352c.png"},"point":1309},{"user":{"uid":171,"userid":858,"name":"Jean #1 Renault Trucks fan","avatar":"https://cdn.discordapp.com/avatars/729830742418260028/532c688a0a373a5f36342f13030652be.png"},"point":1218},{"user":{"uid":184,"userid":345,"name":"NFLD","avatar":"https://cdn.discordapp.com/avatars/538772758461677578/5f1d024574ed37a8cbaf69c186d93cb1.png"},"point":1021},{"user":{"uid":717,"userid":477,"name":"CrazyRussianCommrade","avatar":"https://static.truckersmp.com/avatarsN/defaultavatar.png"},"point":939},{"user":{"uid":1124,"userid":686,"name":"sunday","avatar":"https://cdn.discordapp.com/avatars/114834844961341443/f0ce48c55d876a6a05455c8f5fd0a564.png"},"point":812},{"user":{"uid":1286,"userid":789,"name":"R̷̈́͝i̶͊͘c̵̋͗h̴͒͝ǐ̴̓e̶̿̔","avatar":"https://cdn.discordapp.com/avatars/356163933545037831/a5f6b26e7cc9ac6cb543840e387cdc48.png"},"point":633},{"user":{"uid":1386,"userid":850,"name":"Stringsly","avatar":"https://cdn.discordapp.com/avatars/524701453533708300/a_65c66e1b375c3a059df4d4d834ecddf1.gif"},"point":544},{"user":{"uid":619,"userid":418,"name":"NumberHunter91","avatar":"https://cdn.discordapp.com/avatars/276407067223392256/c656134c8d2a712de1b2dbaf3856e995.png"},"point":511},{"user":{"uid":1039,"userid":637,"name":"Dutchman6149","avatar":"https://cdn.discordapp.com/avatars/1089970918169776317/518899061d0c7aa71638cf2a46dfa547.png"},"point":427},{"user":{"uid":1034,"userid":635,"name":"Fox_Bot","avatar":"https://cdn.discordapp.com/avatars/673289306424475659/6760c43d2e087fd99eeef160473251a3.png"},"point":375},{"user":{"uid":892,"userid":567,"name":"KuroSerpent","avatar":"https://cdn.discordapp.com/avatars/249645812726890497/a_21c0489bbb0c99be7db8bbbfb1ed5e85.gif"},"point":333},{"user":{"uid":3,"userid":2,"name":"Hive 🤡","avatar":"https://cdn.discordapp.com/avatars/710535657650651157/79e041f024cba14b0636a6dcdeb59600.png"},"point":267},{"user":{"uid":716,"userid":476,"name":"mwe2187","avatar":"https://cdn.discordapp.com/avatars/628250855899922448/93721c72d6dba299ffc43f2a9a13483b.png"},"point":228},{"user":{"uid":1244,"userid":767,"name":"Corvus #CHILLING #1 😊","avatar":"https://cdn.discordapp.com/avatars/1170949991548858411/c96cd5043005eac706d9529fb04d3e33.png"},"point":136},{"user":{"uid":1266,"userid":775,"name":"Khan_X1","avatar":"https://static.truckersmp.com/avatarsN/5358897.1705606399.png"},"point":21},{"user":{"uid":1009,"userid":623,"name":"Hexx","avatar":"https://cdn.discordapp.com/avatars/304988513479426049/31e8b486c2961f5de7f3540765828808.png"},"point":0}]}