{"fmd":[{"user":{"uid":96,"userid":120,"name":"Pattarapon","avatar":"https://cdn.discordapp.com/avatars/687263407417720832/a_c8f593c66e5dce0aeea7d8e0dc04e0cc.gif"},"point":5433},{"user":{"uid":15,"userid":17,"name":"Aashraye","avatar":"https://cdn.discordapp.com/avatars/514799622510739456/a_9fa635cb53a66b5da365a010bbced50e.gif"},"point":2572},{"user":{"uid":478,"userid":250,"name":"ElChapo","avatar":"https://avatars.steamstatic.com/44b65fa70c3df3819aa00d7b9cb13a40ac7cc2dc_full.jpg"},"point":2458},{"user":{"uid":100,"userid":124,"name":"Nexusover","avatar":"https://cdn.discordapp.com/avatars/531793623331635201/260ded5291ac81d0908d5750e2af59ca.png"},"point":2007},{"user":{"uid":14,"userid":15,"name":"Cel","avatar":"https://cdn.discordapp.com/avatars/388906563043065861/ea2e630b6ace3b5676e334f4f61e039f.png"},"point":1620},{"user":{"uid":300,"userid":197,"name":"zoop","avatar":"https://cdn.discordapp.com/avatars/221167310986149888/834a0f2ed8b4aacbb621e04069eba462.png"},"point":773},{"user":{"uid":463,"userid":246,"name":"Ja0kY_","avatar":"https://cdn.discordapp.com/avatars/634785871387688991/a_84c3faacbd047bc4daa9809868626210.gif"},"point":582},{"user":{"uid":16,"userid":19,"name":"Tom","avatar":"https://cdn.discordapp.com/avatars/306758358092742657/76a57e65deac4cc1b58e729073cc45bf.png"},"point":508},{"user":{"uid":460,"userid":245,"name":"[Prime] Malinois","avatar":"https://cdn.discordapp.com/avatars/674758857154887710/9984f9f4d45a58816391042a4ec4d2da.png"},"point":508},{"user":{"uid":360,"userid":213,"name":"[MCG] KAYJAY [MY]","avatar":"https://static.truckersmp.com/avatarsN/5131980.1702095350.png"},"point":492},{"user":{"uid":376,"userid":217,"name":"im_tibo","avatar":"https://cdn.discordapp.com/avatars/677523358773936159/4701cf2e052934cb803f95ac1f17c941.png"},"point":294},{"user":{"uid":409,"userid":226,"name":"𝙽𝙴𝚆𝚃𝚈𝙿𝙴𝚂","avatar":"https://cdn.discordapp.com/avatars/624501922531115019/720e6c9072e99985cd234df4183376af.png"},"point":1},{"user":{"uid":452,"userid":244,"name":"xihoヅ","avatar":"https://cdn.discordapp.com/avatars/571002754877882369/9cd9d3d0a42510c5a2426a3e6f230b19.png"},"point":0}],"fma":[{"user":{"uid":96,"userid":120,"name":"Pattarapon","avatar":"https://cdn.discordapp.com/avatars/687263407417720832/a_c8f593c66e5dce0aeea7d8e0dc04e0cc.gif"},"point":5433},{"user":{"uid":15,"userid":17,"name":"Aashraye","avatar":"https://cdn.discordapp.com/avatars/514799622510739456/a_9fa635cb53a66b5da365a010bbced50e.gif"},"point":2572},{"user":{"uid":478,"userid":250,"name":"ElChapo","avatar":"https://avatars.steamstatic.com/44b65fa70c3df3819aa00d7b9cb13a40ac7cc2dc_full.jpg"},"point":2458},{"user":{"uid":100,"userid":124,"name":"Nexusover","avatar":"https://cdn.discordapp.com/avatars/531793623331635201/260ded5291ac81d0908d5750e2af59ca.png"},"point":2007},{"user":{"uid":14,"userid":15,"name":"Cel","avatar":"https://cdn.discordapp.com/avatars/388906563043065861/ea2e630b6ace3b5676e334f4f61e039f.png"},"point":1620},{"user":{"uid":300,"userid":197,"name":"zoop","avatar":"https://cdn.discordapp.com/avatars/221167310986149888/834a0f2ed8b4aacbb621e04069eba462.png"},"point":773},{"user":{"uid":463,"userid":246,"name":"Ja0kY_","avatar":"https://cdn.discordapp.com/avatars/634785871387688991/a_84c3faacbd047bc4daa9809868626210.gif"},"point":582},{"user":{"uid":16,"userid":19,"name":"Tom","avatar":"https://cdn.discordapp.com/avatars/306758358092742657/76a57e65deac4cc1b58e729073cc45bf.png"},"point":508},{"user":{"uid":460,"userid":245,"name":"[Prime] Malinois","avatar":"https://cdn.discordapp.com/avatars/674758857154887710/9984f9f4d45a58816391042a4ec4d2da.png"},"point":508},{"user":{"uid":360,"userid":213,"name":"[MCG] KAYJAY [MY]","avatar":"https://static.truckersmp.com/avatarsN/5131980.1702095350.png"},"point":492},{"user":{"uid":376,"userid":217,"name":"im_tibo","avatar":"https://cdn.discordapp.com/avatars/677523358773936159/4701cf2e052934cb803f95ac1f17c941.png"},"point":294},{"user":{"uid":409,"userid":226,"name":"𝙽𝙴𝚆𝚃𝚈𝙿𝙴𝚂","avatar":"https://cdn.discordapp.com/avatars/624501922531115019/720e6c9072e99985cd234df4183376af.png"},"point":1},{"user":{"uid":452,"userid":244,"name":"xihoヅ","avatar":"https://cdn.discordapp.com/avatars/571002754877882369/9cd9d3d0a42510c5a2426a3e6f230b19.png"},"point":0}]}