{"fmd":[{"user":{"uid":194,"userid":188,"name":"[FLG] derMicha","avatar":"https://cdn.discordapp.com/avatars/951482086072660018/6f6fb9e5f328bec8c769d872bed5109a.png"},"point":7929},{"user":{"uid":36,"userid":82,"name":"SchakalGER","avatar":"https://cdn.discordapp.com/avatars/328243784703803413/0815cbf6b00e890a8030cd7d0042d596.png"},"point":5639},{"user":{"uid":18,"userid":16,"name":"teufelsfrucht","avatar":"https://static.truckersmp.com/avatarsN/4047213.1699434878.png"},"point":2978},{"user":{"uid":71,"userid":60,"name":"geronimo8815","avatar":"https://static.truckersmp.com/avatarsN/5294261.1711913743.png"},"point":2916},{"user":{"uid":286,"userid":238,"name":"Cortain","avatar":"https://cdn.discordapp.com/avatars/264756755932774400/b92bddec4543c8b93a6922a31c7f40e4.png"},"point":2448},{"user":{"uid":148,"userid":145,"name":"weisserkreuzer","avatar":"https://cdn.discordapp.com/avatars/303094283752308737/651be3b81b2b904cd1112f8501fd2e49.png"},"point":2198},{"user":{"uid":291,"userid":243,"name":"Javeex","avatar":"https://cdn.discordapp.com/avatars/449671195273723904/f437023536c004b981b1f09339448ad8.png"},"point":1966},{"user":{"uid":119,"userid":105,"name":"annoxz","avatar":"https://cdn.discordapp.com/avatars/584497248767967263/dc4e3f991aba525ca4839013723063de.png"},"point":1200},{"user":{"uid":51,"userid":71,"name":"Joerg45701","avatar":"https://static.truckersmp.com/avatarsN/defaultavatar.png"},"point":1146},{"user":{"uid":172,"userid":151,"name":"Jack Hodgins","avatar":"https://cdn.discordapp.com/avatars/826723576928272385/02b5821703017d0c5c78d23394e5af33.png"},"point":1052},{"user":{"uid":157,"userid":141,"name":"DerBackfisch","avatar":"https://cdn.discordapp.com/avatars/838683261244407809/237604f013fdfa84b60f5246e2249e04.png"},"point":1037},{"user":{"uid":198,"userid":172,"name":"Just-in-Time","avatar":"https://cdn.discordapp.com/avatars/305770257576886272/90e61c0783482e16128ba88bd7d1f1a0.png"},"point":1011},{"user":{"uid":75,"userid":59,"name":"Storm05_","avatar":"https://cdn.discordapp.com/avatars/206094648236572672/8e00adf8bda4a32ef10eccef3d46830c.png"},"point":960},{"user":{"uid":59,"userid":48,"name":"Patrick","avatar":"https://cdn.discordapp.com/avatars/408688712223031306/0cfcbf6ba2fb06d7f4ef39a9d5f8f496.png"},"point":866},{"user":{"uid":21,"userid":18,"name":"Gregory","avatar":"https://cdn.discordapp.com/avatars/650421299323338762/dae0258c1a7c95a73bdcbd75db3db5d4.png"},"point":834},{"user":{"uid":140,"userid":129,"name":"Bechelor|Hallp","avatar":"https://cdn.discordapp.com/avatars/692741281381875794/f63a5f2731b40367daf298b1bab2fe5f.png"},"point":802},{"user":{"uid":12,"userid":10,"name":"Tchabalala/Axel","avatar":"https://cdn.discordapp.com/avatars/336794680454938624/c949fc0ae2a0b67356a833b7f2dfb640.png"},"point":788},{"user":{"uid":78,"userid":67,"name":"amugosch","avatar":"https://cdn.discordapp.com/avatars/518693794372124672/5949205b8e72fb2bbec984f551835583.png"},"point":691},{"user":{"uid":165,"userid":146,"name":"Felix","avatar":"https://cdn.discordapp.com/avatars/1108807886932541571/None.png"},"point":610},{"user":{"uid":282,"userid":235,"name":"cyberstorm","avatar":""},"point":597},{"user":{"uid":4,"userid":3,"name":"KamikazeFlo","avatar":"https://static.truckersmp.com/avatarsN/1855094.1645649823.png"},"point":565},{"user":{"uid":68,"userid":57,"name":"Anthonyaski","avatar":"https://cdn.discordapp.com/avatars/334780188703588362/4af94601e420a28c570fce2b038e0b23.png"},"point":513},{"user":{"uid":275,"userid":229,"name":"ByEnderman_HD","avatar":"https://cdn.discordapp.com/avatars/664529284043636767/6b9fb4edd1d2c073428b956ede3c7228.png"},"point":368},{"user":{"uid":296,"userid":245,"name":"CoasterJumper","avatar":"https://cdn.discordapp.com/avatars/249603286372581376/504492ebcd27d5419080fde84738ff1d.png"},"point":299},{"user":{"uid":91,"userid":85,"name":"Chris94","avatar":"https://cdn.discordapp.com/avatars/618891974765838336/d2fa711dddd045b14969332972ba64b3.png"},"point":72}],"fma":[{"user":{"uid":298,"userid":248,"name":"EinfachToshi","avatar":"https://static.truckersmp.com/avatarsN/2250273.1712180971.png"},"point":18515},{"user":{"uid":194,"userid":188,"name":"[FLG] derMicha","avatar":"https://cdn.discordapp.com/avatars/951482086072660018/6f6fb9e5f328bec8c769d872bed5109a.png"},"point":12251},{"user":{"uid":18,"userid":16,"name":"teufelsfrucht","avatar":"https://static.truckersmp.com/avatarsN/4047213.1699434878.png"},"point":7488},{"user":{"uid":71,"userid":60,"name":"geronimo8815","avatar":"https://static.truckersmp.com/avatarsN/5294261.1711913743.png"},"point":7238},{"user":{"uid":286,"userid":238,"name":"Cortain","avatar":"https://cdn.discordapp.com/avatars/264756755932774400/b92bddec4543c8b93a6922a31c7f40e4.png"},"point":6206},{"user":{"uid":291,"userid":243,"name":"Javeex","avatar":"https://cdn.discordapp.com/avatars/449671195273723904/f437023536c004b981b1f09339448ad8.png"},"point":5724},{"user":{"uid":36,"userid":82,"name":"SchakalGER","avatar":"https://cdn.discordapp.com/avatars/328243784703803413/0815cbf6b00e890a8030cd7d0042d596.png"},"point":5639},{"user":{"uid":59,"userid":48,"name":"Patrick","avatar":"https://cdn.discordapp.com/avatars/408688712223031306/0cfcbf6ba2fb06d7f4ef39a9d5f8f496.png"},"point":5188},{"user":{"uid":102,"userid":94,"name":"FivederBayer","avatar":"https://cdn.discordapp.com/avatars/739478235623981097/082efe8aa4fb97c375017d07867fe8c9.png"},"point":3758},{"user":{"uid":21,"userid":18,"name":"Gregory","avatar":"https://cdn.discordapp.com/avatars/650421299323338762/dae0258c1a7c95a73bdcbd75db3db5d4.png"},"point":3304},{"user":{"uid":1,"userid":1,"name":"Feyfar","avatar":"https://cdn.discordapp.com/avatars/513424125239230466/e720ef1e3ff385e1c8577fdf1754b7d3.png"},"point":2363},{"user":{"uid":13,"userid":11,"name":"Dignity.","avatar":"https://static.truckersmp.com/avatarsN/4603971.1691867837.png"},"point":2363},{"user":{"uid":148,"userid":145,"name":"weisserkreuzer","avatar":"https://cdn.discordapp.com/avatars/303094283752308737/651be3b81b2b904cd1112f8501fd2e49.png"},"point":2198},{"user":{"uid":4,"userid":3,"name":"KamikazeFlo","avatar":"https://static.truckersmp.com/avatarsN/1855094.1645649823.png"},"point":2175},{"user":{"uid":15,"userid":13,"name":"garry","avatar":"https://cdn.discordapp.com/avatars/211197631114903562/01398155d0c7274a8a5924059231f00c.png"},"point":2148},{"user":{"uid":47,"userid":40,"name":"Nerikan","avatar":"https://cdn.discordapp.com/avatars/501777572112367638/93b7d985e53cc4f12b14f7394dda3e82.png"},"point":2148},{"user":{"uid":50,"userid":41,"name":"Schnitzel.","avatar":"https://cdn.discordapp.com/avatars/690570896557211658/ae7d3f32a78a923191f8d72c0cf40ce3.png"},"point":2148},{"user":{"uid":63,"userid":69,"name":"Asphaltcowboy2609","avatar":"https://cdn.discordapp.com/avatars/1145513809855914014/690011bec0a7191524d6c29f3f2baf8f.png"},"point":2148},{"user":{"uid":85,"userid":76,"name":"BratPfanne","avatar":"https://cdn.discordapp.com/avatars/280066593428340739/935c5dc2cac4ab6850284f71bacf7134.png"},"point":2148},{"user":{"uid":175,"userid":155,"name":"Desomazu","avatar":"https://cdn.discordapp.com/avatars/920735509251248139/72b5adb5b663ffeedbb767832a878772.png"},"point":2148},{"user":{"uid":272,"userid":227,"name":"Pfindus","avatar":"https://static.truckersmp.com/avatarsN/4311053.1710660288.png"},"point":2148},{"user":{"uid":119,"userid":105,"name":"annoxz","avatar":"https://cdn.discordapp.com/avatars/584497248767967263/dc4e3f991aba525ca4839013723063de.png"},"point":1200},{"user":{"uid":51,"userid":71,"name":"Joerg45701","avatar":"https://static.truckersmp.com/avatarsN/defaultavatar.png"},"point":1146},{"user":{"uid":172,"userid":151,"name":"Jack Hodgins","avatar":"https://cdn.discordapp.com/avatars/826723576928272385/02b5821703017d0c5c78d23394e5af33.png"},"point":1052},{"user":{"uid":157,"userid":141,"name":"DerBackfisch","avatar":"https://cdn.discordapp.com/avatars/838683261244407809/237604f013fdfa84b60f5246e2249e04.png"},"point":1037},{"user":{"uid":198,"userid":172,"name":"Just-in-Time","avatar":"https://cdn.discordapp.com/avatars/305770257576886272/90e61c0783482e16128ba88bd7d1f1a0.png"},"point":1011},{"user":{"uid":75,"userid":59,"name":"Storm05_","avatar":"https://cdn.discordapp.com/avatars/206094648236572672/8e00adf8bda4a32ef10eccef3d46830c.png"},"point":960},{"user":{"uid":140,"userid":129,"name":"Bechelor|Hallp","avatar":"https://cdn.discordapp.com/avatars/692741281381875794/f63a5f2731b40367daf298b1bab2fe5f.png"},"point":802},{"user":{"uid":12,"userid":10,"name":"Tchabalala/Axel","avatar":"https://cdn.discordapp.com/avatars/336794680454938624/c949fc0ae2a0b67356a833b7f2dfb640.png"},"point":788},{"user":{"uid":78,"userid":67,"name":"amugosch","avatar":"https://cdn.discordapp.com/avatars/518693794372124672/5949205b8e72fb2bbec984f551835583.png"},"point":691},{"user":{"uid":165,"userid":146,"name":"Felix","avatar":"https://cdn.discordapp.com/avatars/1108807886932541571/None.png"},"point":610},{"user":{"uid":282,"userid":235,"name":"cyberstorm","avatar":""},"point":597},{"user":{"uid":68,"userid":57,"name":"Anthonyaski","avatar":"https://cdn.discordapp.com/avatars/334780188703588362/4af94601e420a28c570fce2b038e0b23.png"},"point":513},{"user":{"uid":275,"userid":229,"name":"ByEnderman_HD","avatar":"https://cdn.discordapp.com/avatars/664529284043636767/6b9fb4edd1d2c073428b956ede3c7228.png"},"point":368},{"user":{"uid":296,"userid":245,"name":"CoasterJumper","avatar":"https://cdn.discordapp.com/avatars/249603286372581376/504492ebcd27d5419080fde84738ff1d.png"},"point":299},{"user":{"uid":91,"userid":85,"name":"Chris94","avatar":"https://cdn.discordapp.com/avatars/618891974765838336/d2fa711dddd045b14969332972ba64b3.png"},"point":72},{"user":{"uid":289,"userid":241,"name":"Kurzgesagt","avatar":"https://cdn.discordapp.com/avatars/934509069555867758/0ead5ce9eb98586b14dcc50c0efb224c.png"},"point":40}]}