{"fmd":[{"user":{"uid":30,"userid":35,"name":"GB | Mikey [20]","avatar":"https://cdn.discordapp.com/avatars/359045731048357888/a_e27f09c576944cb47196bcc128001deb.gif"},"point":1048},{"user":{"uid":31,"userid":37,"name":"GB | Dave [19]","avatar":"https://cdn.discordapp.com/avatars/679370137639583746/5a436e69af2bf32b41a283d26468ffc2.png"},"point":1043}],"fma":[{"user":{"uid":31,"userid":37,"name":"GB | Dave [19]","avatar":"https://cdn.discordapp.com/avatars/679370137639583746/5a436e69af2bf32b41a283d26468ffc2.png"},"point":1226},{"user":{"uid":30,"userid":35,"name":"GB | Mikey [20]","avatar":"https://cdn.discordapp.com/avatars/359045731048357888/a_e27f09c576944cb47196bcc128001deb.gif"},"point":1221}]}