{"fmd":[{"user":{"uid":633,"userid":510,"name":"𝓘𝓶𝓹𝓮𝓻𝓲𝓪𝓵𝓣𝓱𝓮𝓬𝓪","avatar":"https://cdn.discordapp.com/avatars/1014563270969008269/c43edc4e857cd33bff1eeb4ecfe6956a.png"},"point":3592},{"user":{"uid":427,"userid":353,"name":"Versthappening","avatar":"https://cdn.discordapp.com/avatars/851032564801077258/b6762130b06d88078b10d519887e731b.png"},"point":3085},{"user":{"uid":579,"userid":466,"name":"pieter.64","avatar":"https://cdn.discordapp.com/avatars/324877891852828683/00632119b31752fcb8171bbb4279d1f8.png"},"point":1294},{"user":{"uid":624,"userid":501,"name":"NBAAREN","avatar":"https://static.truckersmp.com/avatarsN/defaultavatar.png"},"point":1043},{"user":{"uid":391,"userid":329,"name":"Джеспер","avatar":"https://cdn.discordapp.com/avatars/632239961994821680/d4a0d65db94bed39bb7ee26b80fc9ddd.png"},"point":956},{"user":{"uid":625,"userid":502,"name":"! Kermit","avatar":"https://cdn.discordapp.com/avatars/933759740977225799/5e8244727f7554349e400b0c460ae319.png"},"point":677},{"user":{"uid":608,"userid":489,"name":"Dylan aka Scott","avatar":"https://cdn.discordapp.com/avatars/287978186732732416/269da0519b0fb3b455df1752ceec3171.png"},"point":608},{"user":{"uid":396,"userid":331,"name":"Lucas","avatar":"https://cdn.discordapp.com/avatars/1004644388888117258/40f0905fcd22843d4e831fa18fc7576d.png"},"point":532},{"user":{"uid":550,"userid":447,"name":"Jayftd","avatar":"https://cdn.discordapp.com/avatars/1192649532090109952/3054905a0cea1c6fa90b1009fecd72d7.png"},"point":491},{"user":{"uid":626,"userid":504,"name":"Trav.","avatar":"https://cdn.discordapp.com/avatars/860279987058901043/13d8aaf9fb377ad8eb70b7ac9e4b380f.png"},"point":443},{"user":{"uid":629,"userid":506,"name":"Bin_Tyler","avatar":"https://cdn.discordapp.com/avatars/778660332570804325/c854253e1f12ab7a70384535a84fae7d.png"},"point":227},{"user":{"uid":4,"userid":7,"name":"Sang0kas","avatar":"https://cdn.discordapp.com/avatars/327061419818352641/f17a95aa48e93697f0853d91d0dd2a5f.png"},"point":62},{"user":{"uid":483,"userid":394,"name":"Xikxzy","avatar":"https://cdn.discordapp.com/avatars/960949402191683595/1270700e622dfb0e702498378ecf1317.png"},"point":1}],"fma":[{"user":{"uid":633,"userid":510,"name":"𝓘𝓶𝓹𝓮𝓻𝓲𝓪𝓵𝓣𝓱𝓮𝓬𝓪","avatar":"https://cdn.discordapp.com/avatars/1014563270969008269/c43edc4e857cd33bff1eeb4ecfe6956a.png"},"point":3592},{"user":{"uid":427,"userid":353,"name":"Versthappening","avatar":"https://cdn.discordapp.com/avatars/851032564801077258/b6762130b06d88078b10d519887e731b.png"},"point":3085},{"user":{"uid":579,"userid":466,"name":"pieter.64","avatar":"https://cdn.discordapp.com/avatars/324877891852828683/00632119b31752fcb8171bbb4279d1f8.png"},"point":1294},{"user":{"uid":624,"userid":501,"name":"NBAAREN","avatar":"https://static.truckersmp.com/avatarsN/defaultavatar.png"},"point":1043},{"user":{"uid":396,"userid":331,"name":"Lucas","avatar":"https://cdn.discordapp.com/avatars/1004644388888117258/40f0905fcd22843d4e831fa18fc7576d.png"},"point":1022},{"user":{"uid":391,"userid":329,"name":"Джеспер","avatar":"https://cdn.discordapp.com/avatars/632239961994821680/d4a0d65db94bed39bb7ee26b80fc9ddd.png"},"point":956},{"user":{"uid":625,"userid":502,"name":"! Kermit","avatar":"https://cdn.discordapp.com/avatars/933759740977225799/5e8244727f7554349e400b0c460ae319.png"},"point":677},{"user":{"uid":608,"userid":489,"name":"Dylan aka Scott","avatar":"https://cdn.discordapp.com/avatars/287978186732732416/269da0519b0fb3b455df1752ceec3171.png"},"point":608},{"user":{"uid":550,"userid":447,"name":"Jayftd","avatar":"https://cdn.discordapp.com/avatars/1192649532090109952/3054905a0cea1c6fa90b1009fecd72d7.png"},"point":491},{"user":{"uid":626,"userid":504,"name":"Trav.","avatar":"https://cdn.discordapp.com/avatars/860279987058901043/13d8aaf9fb377ad8eb70b7ac9e4b380f.png"},"point":443},{"user":{"uid":629,"userid":506,"name":"Bin_Tyler","avatar":"https://cdn.discordapp.com/avatars/778660332570804325/c854253e1f12ab7a70384535a84fae7d.png"},"point":227},{"user":{"uid":516,"userid":417,"name":"Ravsh1k","avatar":"https://cdn.discordapp.com/avatars/901846074740858890/775a54f0f101fa2eb9b9fb54ad87ce55.png"},"point":140},{"user":{"uid":25,"userid":96,"name":"[G-T-R]GrayWolf","avatar":"https://cdn.discordapp.com/avatars/463049453067173888/93e0f855de1c1bcdf6924d45b1789338.png"},"point":107},{"user":{"uid":480,"userid":395,"name":"Sh0tBlow","avatar":"https://cdn.discordapp.com/avatars/462991116279611392/87bf1e3b76d220025f3fb4b0029427f8.png"},"point":101},{"user":{"uid":402,"userid":337,"name":"viriusek","avatar":"https://cdn.discordapp.com/avatars/814466964918370305/4491219e03ffb01a401aa3b5d09ad470.png"},"point":100},{"user":{"uid":595,"userid":479,"name":"Championrub","avatar":"https://cdn.discordapp.com/avatars/811982277474123786/57632d6c13f4de8235b03acd0aba016e.png"},"point":75},{"user":{"uid":4,"userid":7,"name":"Sang0kas","avatar":"https://cdn.discordapp.com/avatars/327061419818352641/f17a95aa48e93697f0853d91d0dd2a5f.png"},"point":62},{"user":{"uid":483,"userid":394,"name":"Xikxzy","avatar":"https://cdn.discordapp.com/avatars/960949402191683595/1270700e622dfb0e702498378ecf1317.png"},"point":1}]}