{"fmd":[{"user":{"uid":173,"userid":146,"name":"(DR) Liam","avatar":"https://cdn.discordapp.com/avatars/851490830840889354/5573f1564aacc140704ae8b24f22b114.png"},"point":2417},{"user":{"uid":196,"userid":166,"name":"(DRT) Luke","avatar":"https://cdn.discordapp.com/avatars/924745071142780948/99bb4917e766bed414a04777f06a682a.png"},"point":1817},{"user":{"uid":79,"userid":65,"name":"(DR) Pranto Sarker","avatar":"https://cdn.discordapp.com/avatars/308254991385231371/aab66cdf57aa340b8439bdcdf609d5fd.png"},"point":1190},{"user":{"uid":192,"userid":163,"name":"(DRT) Diican","avatar":""},"point":923},{"user":{"uid":144,"userid":118,"name":"(DR) Hosso","avatar":"https://cdn.discordapp.com/avatars/872618725281505321/47ea03b91cd14d27c548bcb8f1da42b5.png"},"point":699},{"user":{"uid":183,"userid":155,"name":"(DRT) Stuart Green","avatar":"https://cdn.discordapp.com/avatars/561116804685234196/ebd7eac27d7b1caa7af6683903e1ca07.png"},"point":649},{"user":{"uid":187,"userid":159,"name":"(DRT) Dingo Meat (Vytezx)","avatar":"https://cdn.discordapp.com/avatars/679412978788990976/21e61a927957081cc4c7f8cf5eb3df55.png"},"point":475},{"user":{"uid":42,"userid":35,"name":"(DR) Aggyg","avatar":"https://cdn.discordapp.com/avatars/1117791762124115968/ef168e1f36b49018b55b049355120a02.png"},"point":253},{"user":{"uid":184,"userid":156,"name":"(DRT)Jonnymoorhouse","avatar":"https://cdn.discordapp.com/avatars/451628803488350228/62c196d8ace48e3ca873c3cd53c0f331.png"},"point":171},{"user":{"uid":148,"userid":122,"name":"(DR) DenZo","avatar":"https://cdn.discordapp.com/avatars/566970132963000320/5726328d7f6569c6fe770efeb59ef791.png"},"point":0},{"user":{"uid":186,"userid":158,"name":"(DRT) Atakusi","avatar":"https://cdn.discordapp.com/avatars/1210299728307425291/3461ae3980c2d4264628879bb3d41111.png"},"point":0}],"fma":[{"user":{"uid":173,"userid":146,"name":"(DR) Liam","avatar":"https://cdn.discordapp.com/avatars/851490830840889354/5573f1564aacc140704ae8b24f22b114.png"},"point":2417},{"user":{"uid":196,"userid":166,"name":"(DRT) Luke","avatar":"https://cdn.discordapp.com/avatars/924745071142780948/99bb4917e766bed414a04777f06a682a.png"},"point":1817},{"user":{"uid":79,"userid":65,"name":"(DR) Pranto Sarker","avatar":"https://cdn.discordapp.com/avatars/308254991385231371/aab66cdf57aa340b8439bdcdf609d5fd.png"},"point":1190},{"user":{"uid":192,"userid":163,"name":"(DRT) Diican","avatar":""},"point":923},{"user":{"uid":144,"userid":118,"name":"(DR) Hosso","avatar":"https://cdn.discordapp.com/avatars/872618725281505321/47ea03b91cd14d27c548bcb8f1da42b5.png"},"point":699},{"user":{"uid":183,"userid":155,"name":"(DRT) Stuart Green","avatar":"https://cdn.discordapp.com/avatars/561116804685234196/ebd7eac27d7b1caa7af6683903e1ca07.png"},"point":649},{"user":{"uid":187,"userid":159,"name":"(DRT) Dingo Meat (Vytezx)","avatar":"https://cdn.discordapp.com/avatars/679412978788990976/21e61a927957081cc4c7f8cf5eb3df55.png"},"point":475},{"user":{"uid":42,"userid":35,"name":"(DR) Aggyg","avatar":"https://cdn.discordapp.com/avatars/1117791762124115968/ef168e1f36b49018b55b049355120a02.png"},"point":253},{"user":{"uid":184,"userid":156,"name":"(DRT)Jonnymoorhouse","avatar":"https://cdn.discordapp.com/avatars/451628803488350228/62c196d8ace48e3ca873c3cd53c0f331.png"},"point":171},{"user":{"uid":148,"userid":122,"name":"(DR) DenZo","avatar":"https://cdn.discordapp.com/avatars/566970132963000320/5726328d7f6569c6fe770efeb59ef791.png"},"point":20},{"user":{"uid":1,"userid":0,"name":"(Owner) Essex","avatar":"https://cdn.discordapp.com/avatars/986728515892285461/a_c4301bd78f1d1d60c25f66672af89a9a.gif"},"point":20},{"user":{"uid":6,"userid":3,"name":"(Co Owner) Angry Raptor","avatar":"https://cdn.discordapp.com/avatars/474484979548815360/6347a182410a674dfb6f831275c1b803.png"},"point":20},{"user":{"uid":186,"userid":158,"name":"(DRT) Atakusi","avatar":"https://cdn.discordapp.com/avatars/1210299728307425291/3461ae3980c2d4264628879bb3d41111.png"},"point":0}]}