{"fmd":[{"user":{"uid":7,"userid":4,"name":"Dinomad17","avatar":"https://cdn.discordapp.com/avatars/820628417946845225/4c082ff2ded723cca8c5a8e93c74db25.png"},"point":4129},{"user":{"uid":3,"userid":8,"name":"STA | Founder lcplgibling5","avatar":"https://cdn.discordapp.com/avatars/1097971085900795914/b179948fbb20ea74fc77a22d4b134fa2.png"},"point":1205},{"user":{"uid":8,"userid":5,"name":"Smash","avatar":"https://avatars.steamstatic.com/1e07a7a864a0d4e3261d49407b758877521e92da_full.jpg"},"point":838}],"fma":[{"user":{"uid":7,"userid":4,"name":"Dinomad17","avatar":"https://cdn.discordapp.com/avatars/820628417946845225/4c082ff2ded723cca8c5a8e93c74db25.png"},"point":6718},{"user":{"uid":3,"userid":8,"name":"STA | Founder lcplgibling5","avatar":"https://cdn.discordapp.com/avatars/1097971085900795914/b179948fbb20ea74fc77a22d4b134fa2.png"},"point":1705},{"user":{"uid":8,"userid":5,"name":"Smash","avatar":"https://avatars.steamstatic.com/1e07a7a864a0d4e3261d49407b758877521e92da_full.jpg"},"point":1338}]}