{"fmd":[{"user":{"uid":3,"userid":3,"name":"HunterM7","avatar":"https://static.truckersmp.com/avatarsN/1409042.1708826162.png"},"point":4370},{"user":{"uid":6,"userid":6,"name":"Turnerr","avatar":"https://cdn.discordapp.com/avatars/312631180811960323/c949424f0736baed8a5224440edd7a6f.png"},"point":1108},{"user":{"uid":29,"userid":23,"name":"TylerTurner23","avatar":"https://cdn.discordapp.com/avatars/376484356820303872/ac68e90848524f7fdba22362300a9b63.png"},"point":542},{"user":{"uid":1,"userid":1,"name":"Marky","avatar":"https://cdn.discordapp.com/avatars/689263232204144772/247b7a4b1d49ff1dbb6a47a511bd2856.png"},"point":381},{"user":{"uid":27,"userid":22,"name":"Ryan 1","avatar":"https://cdn.discordapp.com/avatars/801393155512860683/f1010ed26cc6153adc64a3d164862dca.png"},"point":376}],"fma":[{"user":{"uid":3,"userid":3,"name":"HunterM7","avatar":"https://static.truckersmp.com/avatarsN/1409042.1708826162.png"},"point":4451},{"user":{"uid":6,"userid":6,"name":"Turnerr","avatar":"https://cdn.discordapp.com/avatars/312631180811960323/c949424f0736baed8a5224440edd7a6f.png"},"point":1119},{"user":{"uid":29,"userid":23,"name":"TylerTurner23","avatar":"https://cdn.discordapp.com/avatars/376484356820303872/ac68e90848524f7fdba22362300a9b63.png"},"point":742},{"user":{"uid":1,"userid":1,"name":"Marky","avatar":"https://cdn.discordapp.com/avatars/689263232204144772/247b7a4b1d49ff1dbb6a47a511bd2856.png"},"point":385},{"user":{"uid":27,"userid":22,"name":"Ryan 1","avatar":"https://cdn.discordapp.com/avatars/801393155512860683/f1010ed26cc6153adc64a3d164862dca.png"},"point":376}]}