{"fmd":[{"user":{"uid":56,"userid":45,"name":"{Wild Hogz} jbica","avatar":"https://cdn.discordapp.com/avatars/394272398930739212/488d03490a2359e57a3622544f8bbba2.png"},"point":3246},{"user":{"uid":66,"userid":55,"name":"{Wild Hogz} Loy🎀","avatar":"https://cdn.discordapp.com/avatars/548161653145993218/99fb57ead636ba1d1e0a08617f6312af.png"},"point":1361},{"user":{"uid":5,"userid":3,"name":"{Wild Hogz} Dennisthe8th","avatar":"https://cdn.discordapp.com/avatars/575015095894016014/69fc086441725970662f0b9ba9bf5e32.png"},"point":440},{"user":{"uid":1,"userid":1,"name":"{Wild Hogz} Chappy1225","avatar":"https://cdn.discordapp.com/avatars/480244047311667201/b51db2fc9e7e314933519021bee4ae3e.png"},"point":299},{"user":{"uid":46,"userid":37,"name":"{Wild Hogz} MysticalKief","avatar":"https://cdn.discordapp.com/avatars/498659512081973248/15c947ebb3b550bee883b0c47337c7ac.png"},"point":187},{"user":{"uid":10,"userid":42,"name":"{Wild Hogz} DragonPatton","avatar":"https://cdn.discordapp.com/avatars/165562962763972609/1a18d6ca1cb2abf88694ee67cb8e346e.png"},"point":79}],"fma":[{"user":{"uid":56,"userid":45,"name":"{Wild Hogz} jbica","avatar":"https://cdn.discordapp.com/avatars/394272398930739212/488d03490a2359e57a3622544f8bbba2.png"},"point":3246},{"user":{"uid":66,"userid":55,"name":"{Wild Hogz} Loy🎀","avatar":"https://cdn.discordapp.com/avatars/548161653145993218/99fb57ead636ba1d1e0a08617f6312af.png"},"point":1361},{"user":{"uid":5,"userid":3,"name":"{Wild Hogz} Dennisthe8th","avatar":"https://cdn.discordapp.com/avatars/575015095894016014/69fc086441725970662f0b9ba9bf5e32.png"},"point":490},{"user":{"uid":1,"userid":1,"name":"{Wild Hogz} Chappy1225","avatar":"https://cdn.discordapp.com/avatars/480244047311667201/b51db2fc9e7e314933519021bee4ae3e.png"},"point":299},{"user":{"uid":46,"userid":37,"name":"{Wild Hogz} MysticalKief","avatar":"https://cdn.discordapp.com/avatars/498659512081973248/15c947ebb3b550bee883b0c47337c7ac.png"},"point":187},{"user":{"uid":10,"userid":42,"name":"{Wild Hogz} DragonPatton","avatar":"https://cdn.discordapp.com/avatars/165562962763972609/1a18d6ca1cb2abf88694ee67cb8e346e.png"},"point":79},{"user":{"uid":4,"userid":2,"name":"{Wild Hogz} A1 Canadian","avatar":"https://cdn.discordapp.com/avatars/212943181858209792/8ae2deba5c05a595e3f4f725cf0a110c.png"},"point":50},{"user":{"uid":7,"userid":5,"name":"{Wild Hogz} Jacket","avatar":"https://cdn.discordapp.com/avatars/111638504500408320/880678f246665808c2165f5f693b72cd.png"},"point":50}]}