{"fmd":[{"user":{"uid":1105,"userid":675,"name":"Jack3D60","avatar":"https://cdn.discordapp.com/avatars/805496381754048572/bcf10ae824b274e1c532971dcb857977.png"},"point":5711},{"user":{"uid":1382,"userid":847,"name":"Aeroplane","avatar":"https://cdn.discordapp.com/avatars/919580354736705617/cd8c60e397730ab82e685faaf72d3c77.png"},"point":4930},{"user":{"uid":1271,"userid":780,"name":"brazvo (Bruno)","avatar":"https://cdn.discordapp.com/avatars/823826275964682251/c28159cbabe58874bd1244a97d68d24b.png"},"point":4925},{"user":{"uid":1061,"userid":656,"name":"Thy Night Owl","avatar":"https://cdn.discordapp.com/avatars/678366200312496154/7e3c44efb2393e0a9a4b593cb42f936d.png"},"point":4066},{"user":{"uid":619,"userid":418,"name":"NumberHunter91","avatar":"https://cdn.discordapp.com/avatars/276407067223392256/c656134c8d2a712de1b2dbaf3856e995.png"},"point":3807},{"user":{"uid":1316,"userid":807,"name":"Gota","avatar":"https://cdn.discordapp.com/avatars/167291299693723648/beb31f691ab4478e3268181a76f3a451.png"},"point":3296},{"user":{"uid":1433,"userid":888,"name":"Max Nightly","avatar":"https://cdn.discordapp.com/avatars/210135075516448769/b2bb70de46df75ef8c5464cd9653539b.png"},"point":3169},{"user":{"uid":924,"userid":576,"name":"🌈Hearty_Laces🌈They/Them","avatar":"https://cdn.discordapp.com/avatars/461978281906929675/9128b3d5991d797b2e4060e71c4c5f41.png"},"point":2819},{"user":{"uid":1187,"userid":726,"name":"afrikandionysus","avatar":"https://cdn.discordapp.com/avatars/759714918177177670/661f5840a2c808aa6c88959f5a379f8d.png"},"point":2254},{"user":{"uid":1419,"userid":880,"name":"Mister E","avatar":"https://cdn.discordapp.com/avatars/519617154782461991/4a0616a32ffc7f7ee6eeeeab8c9952e5.png"},"point":2050},{"user":{"uid":1253,"userid":769,"name":"Sunny","avatar":"https://cdn.discordapp.com/avatars/335148756653572098/00a5292662c6be574ce781717de8bfeb.png"},"point":1999},{"user":{"uid":1378,"userid":843,"name":"dandelion","avatar":"https://cdn.discordapp.com/avatars/924070723952209941/6d40e5aa69459181ef2bc03107156cc0.png"},"point":1343},{"user":{"uid":1434,"userid":889,"name":"DanLeader","avatar":"https://cdn.discordapp.com/avatars/1125798416811819060/4e864e198ba64b49207426ae3b69df4a.png"},"point":1120},{"user":{"uid":1438,"userid":890,"name":"DonDrix","avatar":"https://cdn.discordapp.com/avatars/334372720789815308/fd5ba77e32c2f1e611be6342843fa544.png"},"point":1077},{"user":{"uid":863,"userid":854,"name":"jelledude","avatar":"https://cdn.discordapp.com/avatars/503143884080021514/5647b53045a177f1d215d6dbcf415d10.png"},"point":1029},{"user":{"uid":866,"userid":550,"name":"RoudeLéiw","avatar":"https://cdn.discordapp.com/avatars/497412687257534464/53a76d2cc11ce4a0171c5d1f84df139a.png"},"point":850},{"user":{"uid":29,"userid":79,"name":"Andrew B.","avatar":"https://cdn.discordapp.com/avatars/224307743073239040/820d5fa00cb1d416d2b00ca8c296d7bf.png"},"point":791},{"user":{"uid":519,"userid":869,"name":"Schmidy","avatar":"https://cdn.discordapp.com/avatars/667170689572274187/e4bb38aea1638e76f6c537d190da07f6.png"},"point":675},{"user":{"uid":1015,"userid":626,"name":"HaulmilesLtd","avatar":"https://cdn.discordapp.com/avatars/1025467595983421540/f25df107191c753884caee95fe8ebacc.png"},"point":586},{"user":{"uid":1359,"userid":832,"name":"emjehashi","avatar":"https://cdn.discordapp.com/avatars/455000360646344704/3aad729d4034fe05884ae055f6c8e5c7.png"},"point":584},{"user":{"uid":1266,"userid":775,"name":"Khan_X1","avatar":"https://static.truckersmp.com/avatarsN/5358897.1705606399.png"},"point":574},{"user":{"uid":761,"userid":502,"name":"Stkedy","avatar":"https://cdn.discordapp.com/avatars/238351864507269122/a_b13dea0894a3cdec216f56a426c559e8.gif"},"point":504},{"user":{"uid":759,"userid":501,"name":"TheSkiller","avatar":"https://cdn.discordapp.com/avatars/665158641355325450/da6b6d4e62038b3f92dd42b7b34f7ec9.png"},"point":498},{"user":{"uid":671,"userid":448,"name":"Rocky","avatar":"https://cdn.discordapp.com/avatars/508226509744635904/6696b0bd9167804479c233924b375fa1.png"},"point":493},{"user":{"uid":1412,"userid":868,"name":"K1ngSteven","avatar":"https://cdn.discordapp.com/avatars/520314388855652353/f1179b1232edc33997e0f982aec10dba.png"},"point":477},{"user":{"uid":1325,"userid":816,"name":"Kian UK","avatar":"https://avatars.steamstatic.com/fef49e7fa7e1997310d705b2a6158ff8dc1cdfeb_full.jpg"},"point":476},{"user":{"uid":1315,"userid":808,"name":"Delano","avatar":"https://cdn.discordapp.com/avatars/218811857027203073/eaa17fdc12cff48e87681a43767a8a37.png"},"point":425},{"user":{"uid":1131,"userid":688,"name":"Siv5122","avatar":"https://cdn.discordapp.com/avatars/312794710714482699/8855d8b2bdbd112249cd2fa0d113108e.png"},"point":268},{"user":{"uid":1299,"userid":798,"name":"Landigrip","avatar":"https://static.truckersmp.com/avatarsN/3298284.1706983297.jpg"},"point":245},{"user":{"uid":1039,"userid":637,"name":"Dutchman6149","avatar":"https://cdn.discordapp.com/avatars/1089970918169776317/518899061d0c7aa71638cf2a46dfa547.png"},"point":195},{"user":{"uid":1245,"userid":764,"name":"Eiffel Tower Owner","avatar":"https://cdn.discordapp.com/avatars/909015760347734036/c8847952f95c26f402e44d41e997c8cd.png"},"point":188},{"user":{"uid":1043,"userid":882,"name":"Road_Riders_TMP","avatar":"https://cdn.discordapp.com/avatars/1082828793447718952/9b669c2db8e406d5ef9cd445e1fdc927.png"},"point":169},{"user":{"uid":1192,"userid":724,"name":"Koskee","avatar":"https://cdn.discordapp.com/avatars/836575095664410654/34bd5b395ebc17c4ca0d51b982cb0a7b.png"},"point":162},{"user":{"uid":1171,"userid":706,"name":"Lofi","avatar":"https://cdn.discordapp.com/avatars/801871805694345227/3aeeea83561c1d40e73eddc7f79dd3b5.png"},"point":0}],"fma":[{"user":{"uid":1105,"userid":675,"name":"Jack3D60","avatar":"https://cdn.discordapp.com/avatars/805496381754048572/bcf10ae824b274e1c532971dcb857977.png"},"point":11352},{"user":{"uid":1061,"userid":656,"name":"Thy Night Owl","avatar":"https://cdn.discordapp.com/avatars/678366200312496154/7e3c44efb2393e0a9a4b593cb42f936d.png"},"point":11319},{"user":{"uid":924,"userid":576,"name":"🌈Hearty_Laces🌈They/Them","avatar":"https://cdn.discordapp.com/avatars/461978281906929675/9128b3d5991d797b2e4060e71c4c5f41.png"},"point":10369},{"user":{"uid":1382,"userid":847,"name":"Aeroplane","avatar":"https://cdn.discordapp.com/avatars/919580354736705617/cd8c60e397730ab82e685faaf72d3c77.png"},"point":10124},{"user":{"uid":1271,"userid":780,"name":"brazvo (Bruno)","avatar":"https://cdn.discordapp.com/avatars/823826275964682251/c28159cbabe58874bd1244a97d68d24b.png"},"point":9815},{"user":{"uid":619,"userid":418,"name":"NumberHunter91","avatar":"https://cdn.discordapp.com/avatars/276407067223392256/c656134c8d2a712de1b2dbaf3856e995.png"},"point":8852},{"user":{"uid":1316,"userid":807,"name":"Gota","avatar":"https://cdn.discordapp.com/avatars/167291299693723648/beb31f691ab4478e3268181a76f3a451.png"},"point":8042},{"user":{"uid":863,"userid":854,"name":"jelledude","avatar":"https://cdn.discordapp.com/avatars/503143884080021514/5647b53045a177f1d215d6dbcf415d10.png"},"point":7138},{"user":{"uid":1433,"userid":888,"name":"Max Nightly","avatar":"https://cdn.discordapp.com/avatars/210135075516448769/b2bb70de46df75ef8c5464cd9653539b.png"},"point":3644},{"user":{"uid":1419,"userid":880,"name":"Mister E","avatar":"https://cdn.discordapp.com/avatars/519617154782461991/4a0616a32ffc7f7ee6eeeeab8c9952e5.png"},"point":3564},{"user":{"uid":119,"userid":258,"name":"LordLegend","avatar":"https://cdn.discordapp.com/avatars/507573290995417108/294e2517c647c3c8703945fbc200afcd.png"},"point":3012},{"user":{"uid":1253,"userid":769,"name":"Sunny","avatar":"https://cdn.discordapp.com/avatars/335148756653572098/00a5292662c6be574ce781717de8bfeb.png"},"point":2985},{"user":{"uid":1187,"userid":726,"name":"afrikandionysus","avatar":"https://cdn.discordapp.com/avatars/759714918177177670/661f5840a2c808aa6c88959f5a379f8d.png"},"point":2801},{"user":{"uid":1378,"userid":843,"name":"dandelion","avatar":"https://cdn.discordapp.com/avatars/924070723952209941/6d40e5aa69459181ef2bc03107156cc0.png"},"point":1743},{"user":{"uid":1325,"userid":816,"name":"Kian UK","avatar":"https://avatars.steamstatic.com/fef49e7fa7e1997310d705b2a6158ff8dc1cdfeb_full.jpg"},"point":1301},{"user":{"uid":1434,"userid":889,"name":"DanLeader","avatar":"https://cdn.discordapp.com/avatars/1125798416811819060/4e864e198ba64b49207426ae3b69df4a.png"},"point":1270},{"user":{"uid":1438,"userid":890,"name":"DonDrix","avatar":"https://cdn.discordapp.com/avatars/334372720789815308/fd5ba77e32c2f1e611be6342843fa544.png"},"point":1077},{"user":{"uid":866,"userid":550,"name":"RoudeLéiw","avatar":"https://cdn.discordapp.com/avatars/497412687257534464/53a76d2cc11ce4a0171c5d1f84df139a.png"},"point":999},{"user":{"uid":1015,"userid":626,"name":"HaulmilesLtd","avatar":"https://cdn.discordapp.com/avatars/1025467595983421540/f25df107191c753884caee95fe8ebacc.png"},"point":986},{"user":{"uid":29,"userid":79,"name":"Andrew B.","avatar":"https://cdn.discordapp.com/avatars/224307743073239040/820d5fa00cb1d416d2b00ca8c296d7bf.png"},"point":874},{"user":{"uid":671,"userid":448,"name":"Rocky","avatar":"https://cdn.discordapp.com/avatars/508226509744635904/6696b0bd9167804479c233924b375fa1.png"},"point":787},{"user":{"uid":519,"userid":869,"name":"Schmidy","avatar":"https://cdn.discordapp.com/avatars/667170689572274187/e4bb38aea1638e76f6c537d190da07f6.png"},"point":750},{"user":{"uid":1266,"userid":775,"name":"Khan_X1","avatar":"https://static.truckersmp.com/avatarsN/5358897.1705606399.png"},"point":611},{"user":{"uid":1359,"userid":832,"name":"emjehashi","avatar":"https://cdn.discordapp.com/avatars/455000360646344704/3aad729d4034fe05884ae055f6c8e5c7.png"},"point":610},{"user":{"uid":3,"userid":2,"name":"Delta","avatar":"https://cdn.discordapp.com/avatars/710535657650651157/e21a44412b740e2e3bba4f4cc015a9e8.png"},"point":608},{"user":{"uid":87,"userid":203,"name":"pvfcmatt1","avatar":"https://cdn.discordapp.com/avatars/668822602806198278/eb4c4684efc13d2a58ddeae555edc5a7.png"},"point":589},{"user":{"uid":761,"userid":502,"name":"Stkedy","avatar":"https://cdn.discordapp.com/avatars/238351864507269122/a_b13dea0894a3cdec216f56a426c559e8.gif"},"point":532},{"user":{"uid":759,"userid":501,"name":"TheSkiller","avatar":"https://cdn.discordapp.com/avatars/665158641355325450/da6b6d4e62038b3f92dd42b7b34f7ec9.png"},"point":498},{"user":{"uid":1412,"userid":868,"name":"K1ngSteven","avatar":"https://cdn.discordapp.com/avatars/520314388855652353/f1179b1232edc33997e0f982aec10dba.png"},"point":477},{"user":{"uid":1315,"userid":808,"name":"Delano","avatar":"https://cdn.discordapp.com/avatars/218811857027203073/eaa17fdc12cff48e87681a43767a8a37.png"},"point":425},{"user":{"uid":870,"userid":553,"name":"evilzocken","avatar":"https://cdn.discordapp.com/avatars/665665436678881280/25d7fd2d1432b799ac4b37a8d7592c6a.png"},"point":372},{"user":{"uid":1131,"userid":688,"name":"Siv5122","avatar":"https://cdn.discordapp.com/avatars/312794710714482699/8855d8b2bdbd112249cd2fa0d113108e.png"},"point":268},{"user":{"uid":1299,"userid":798,"name":"Landigrip","avatar":"https://static.truckersmp.com/avatarsN/3298284.1706983297.jpg"},"point":245},{"user":{"uid":1039,"userid":637,"name":"Dutchman6149","avatar":"https://cdn.discordapp.com/avatars/1089970918169776317/518899061d0c7aa71638cf2a46dfa547.png"},"point":195},{"user":{"uid":1245,"userid":764,"name":"Eiffel Tower Owner","avatar":"https://cdn.discordapp.com/avatars/909015760347734036/c8847952f95c26f402e44d41e997c8cd.png"},"point":188},{"user":{"uid":1043,"userid":882,"name":"Road_Riders_TMP","avatar":"https://cdn.discordapp.com/avatars/1082828793447718952/9b669c2db8e406d5ef9cd445e1fdc927.png"},"point":169},{"user":{"uid":1192,"userid":724,"name":"Koskee","avatar":"https://cdn.discordapp.com/avatars/836575095664410654/34bd5b395ebc17c4ca0d51b982cb0a7b.png"},"point":162},{"user":{"uid":1398,"userid":862,"name":"2222Y","avatar":"https://cdn.discordapp.com/avatars/702624334036074646/1b14cc6963653ea32a778ea6e4f23a4d.png"},"point":150},{"user":{"uid":1171,"userid":706,"name":"Lofi","avatar":"https://cdn.discordapp.com/avatars/801871805694345227/3aeeea83561c1d40e73eddc7f79dd3b5.png"},"point":0}]}