{"fmd":[{"user":{"uid":13,"userid":13,"name":"LOA | Caner [40]","avatar":"https://cdn.discordapp.com/avatars/644261578392469534/fbb3347356714ef7d3ab0443c54c3929.png"},"point":633},{"user":{"uid":6,"userid":6,"name":"[GökBörü] Batın","avatar":"https://static.truckersmp.com/avatarsN/4072312.1654349778.png"},"point":243}],"fma":[{"user":{"uid":13,"userid":13,"name":"LOA | Caner [40]","avatar":"https://cdn.discordapp.com/avatars/644261578392469534/fbb3347356714ef7d3ab0443c54c3929.png"},"point":744},{"user":{"uid":6,"userid":6,"name":"[GökBörü] Batın","avatar":"https://static.truckersmp.com/avatarsN/4072312.1654349778.png"},"point":243}]}