{"fmd":[{"user":{"uid":651,"userid":523,"name":"Elfik","avatar":"https://cdn.discordapp.com/avatars/648958483185795083/8f18b7e6f4570233b30ed904712c00da.png"},"point":4567},{"user":{"uid":636,"userid":513,"name":"MementoMori","avatar":"https://cdn.discordapp.com/avatars/978142750681731182/21fe43da5d69da6ce55d794c5c9c9e17.png"},"point":2039},{"user":{"uid":25,"userid":96,"name":"[G-T-R]GrayWolf","avatar":"https://cdn.discordapp.com/avatars/463049453067173888/93e0f855de1c1bcdf6924d45b1789338.png"},"point":1747},{"user":{"uid":660,"userid":530,"name":"Rauel","avatar":"https://cdn.discordapp.com/avatars/313128032317472768/031312c709f076e11fb4af16bd03dc0b.png"},"point":1508},{"user":{"uid":657,"userid":529,"name":"DavidDML21","avatar":"https://cdn.discordapp.com/avatars/245959053501661195/285aeded16e2461bd44c8a63d91008d6.png"},"point":1411},{"user":{"uid":643,"userid":518,"name":"modunga fodunga","avatar":"https://cdn.discordapp.com/avatars/975800453986136114/4b29d690fbcaea1ab4410acbcc0ba316.png"},"point":1267},{"user":{"uid":595,"userid":479,"name":"Championrub","avatar":"https://cdn.discordapp.com/avatars/811982277474123786/57632d6c13f4de8235b03acd0aba016e.png"},"point":1158},{"user":{"uid":501,"userid":408,"name":"StrongHunter","avatar":"https://static.truckersmp.com/avatarsN/5291373.1701634237.jpg"},"point":1033},{"user":{"uid":578,"userid":465,"name":"indowes","avatar":"https://cdn.discordapp.com/avatars/556782581626961920/4f21483bc72236511d1bd929721efbdc.png"},"point":988},{"user":{"uid":609,"userid":490,"name":"ralkinvx","avatar":"https://cdn.discordapp.com/avatars/626276063609225221/cdf27d657698337dc22e9a4ba4736900.png"},"point":816},{"user":{"uid":480,"userid":395,"name":"Sh0tBlow","avatar":"https://cdn.discordapp.com/avatars/462991116279611392/87bf1e3b76d220025f3fb4b0029427f8.png"},"point":579},{"user":{"uid":652,"userid":524,"name":"[026] Aurelio Russo","avatar":""},"point":248},{"user":{"uid":637,"userid":514,"name":"superprogamer147","avatar":"https://cdn.discordapp.com/avatars/541531402731126806/e3c7841e49b35b7b6025cef486b99ef6.png"},"point":183},{"user":{"uid":516,"userid":417,"name":"Ravsh1k","avatar":"https://cdn.discordapp.com/avatars/901846074740858890/775a54f0f101fa2eb9b9fb54ad87ce55.png"},"point":121}],"fma":[{"user":{"uid":651,"userid":523,"name":"Elfik","avatar":"https://cdn.discordapp.com/avatars/648958483185795083/8f18b7e6f4570233b30ed904712c00da.png"},"point":4617},{"user":{"uid":636,"userid":513,"name":"MementoMori","avatar":"https://cdn.discordapp.com/avatars/978142750681731182/21fe43da5d69da6ce55d794c5c9c9e17.png"},"point":2039},{"user":{"uid":25,"userid":96,"name":"[G-T-R]GrayWolf","avatar":"https://cdn.discordapp.com/avatars/463049453067173888/93e0f855de1c1bcdf6924d45b1789338.png"},"point":1872},{"user":{"uid":660,"userid":530,"name":"Rauel","avatar":"https://cdn.discordapp.com/avatars/313128032317472768/031312c709f076e11fb4af16bd03dc0b.png"},"point":1508},{"user":{"uid":657,"userid":529,"name":"DavidDML21","avatar":"https://cdn.discordapp.com/avatars/245959053501661195/285aeded16e2461bd44c8a63d91008d6.png"},"point":1411},{"user":{"uid":643,"userid":518,"name":"modunga fodunga","avatar":"https://cdn.discordapp.com/avatars/975800453986136114/4b29d690fbcaea1ab4410acbcc0ba316.png"},"point":1267},{"user":{"uid":595,"userid":479,"name":"Championrub","avatar":"https://cdn.discordapp.com/avatars/811982277474123786/57632d6c13f4de8235b03acd0aba016e.png"},"point":1158},{"user":{"uid":501,"userid":408,"name":"StrongHunter","avatar":"https://static.truckersmp.com/avatarsN/5291373.1701634237.jpg"},"point":1033},{"user":{"uid":578,"userid":465,"name":"indowes","avatar":"https://cdn.discordapp.com/avatars/556782581626961920/4f21483bc72236511d1bd929721efbdc.png"},"point":988},{"user":{"uid":609,"userid":490,"name":"ralkinvx","avatar":"https://cdn.discordapp.com/avatars/626276063609225221/cdf27d657698337dc22e9a4ba4736900.png"},"point":816},{"user":{"uid":480,"userid":395,"name":"Sh0tBlow","avatar":"https://cdn.discordapp.com/avatars/462991116279611392/87bf1e3b76d220025f3fb4b0029427f8.png"},"point":759},{"user":{"uid":652,"userid":524,"name":"[026] Aurelio Russo","avatar":""},"point":248},{"user":{"uid":516,"userid":417,"name":"Ravsh1k","avatar":"https://cdn.discordapp.com/avatars/901846074740858890/775a54f0f101fa2eb9b9fb54ad87ce55.png"},"point":221},{"user":{"uid":637,"userid":514,"name":"superprogamer147","avatar":"https://cdn.discordapp.com/avatars/541531402731126806/e3c7841e49b35b7b6025cef486b99ef6.png"},"point":183},{"user":{"uid":551,"userid":448,"name":"Capt_Tom","avatar":"https://cdn.discordapp.com/avatars/1189926623739400235/76a1784b7640fe89bfca945587db07e3.png"},"point":149}]}