{"fmd":[{"user":{"uid":203,"userid":173,"name":"(DR) Billy1bob","avatar":""},"point":9403},{"user":{"uid":210,"userid":180,"name":"(DRT) Dark_age_gamer (Stuart)","avatar":"https://cdn.discordapp.com/avatars/952110105028079668/f6ecc3ceb7471b38afe5bc8fc47d1bee.png"},"point":6883},{"user":{"uid":211,"userid":181,"name":"(DRT) Contraband","avatar":"https://cdn.discordapp.com/avatars/1066324227944370196/0df2448f00cae715609f70ac3e2438f4.png"},"point":5205},{"user":{"uid":192,"userid":163,"name":"(DR) Diican","avatar":""},"point":3666},{"user":{"uid":205,"userid":175,"name":"(DR) Magnus001","avatar":"https://cdn.discordapp.com/avatars/813730694869811211/383d4e899ad03dc2cd6e5d09e8adddd2.png"},"point":3273},{"user":{"uid":144,"userid":118,"name":"(DR) Hosso","avatar":"https://cdn.discordapp.com/avatars/872618725281505321/47ea03b91cd14d27c548bcb8f1da42b5.png"},"point":1992},{"user":{"uid":209,"userid":179,"name":"(DRT) celticcarrots","avatar":"https://cdn.discordapp.com/avatars/387561475709075466/8a663c0e4edf64e2828bb3ed0de97bf4.png"},"point":1814},{"user":{"uid":28,"userid":23,"name":"(CEO) Pete (DND)","avatar":"https://cdn.discordapp.com/avatars/316660255872516106/8a2dca3b679afae90df18edc44b1584c.png"},"point":1544},{"user":{"uid":202,"userid":172,"name":"(DRT) WeeMenace06","avatar":"https://cdn.discordapp.com/avatars/970355206590181376/76a0b6ef3a5eca2c11e5ca399efa3a52.png"},"point":1266},{"user":{"uid":171,"userid":144,"name":"(DR) P3rran","avatar":"https://cdn.discordapp.com/avatars/495694046413717524/fac894c68850acc52cd9a5c1e354fa57.png"},"point":1196},{"user":{"uid":132,"userid":107,"name":"(DR) ICECASTLEII","avatar":"https://cdn.discordapp.com/avatars/737992053082030091/3082ba6448a957be5deef0273a3047b4.png"},"point":1193},{"user":{"uid":1,"userid":0,"name":"(Owner) Essex","avatar":"https://cdn.discordapp.com/avatars/986728515892285461/a_c4301bd78f1d1d60c25f66672af89a9a.gif"},"point":874}],"fma":[{"user":{"uid":203,"userid":173,"name":"(DR) Billy1bob","avatar":""},"point":9403},{"user":{"uid":210,"userid":180,"name":"(DRT) Dark_age_gamer (Stuart)","avatar":"https://cdn.discordapp.com/avatars/952110105028079668/f6ecc3ceb7471b38afe5bc8fc47d1bee.png"},"point":6883},{"user":{"uid":211,"userid":181,"name":"(DRT) Contraband","avatar":"https://cdn.discordapp.com/avatars/1066324227944370196/0df2448f00cae715609f70ac3e2438f4.png"},"point":5205},{"user":{"uid":192,"userid":163,"name":"(DR) Diican","avatar":""},"point":3666},{"user":{"uid":205,"userid":175,"name":"(DR) Magnus001","avatar":"https://cdn.discordapp.com/avatars/813730694869811211/383d4e899ad03dc2cd6e5d09e8adddd2.png"},"point":3273},{"user":{"uid":144,"userid":118,"name":"(DR) Hosso","avatar":"https://cdn.discordapp.com/avatars/872618725281505321/47ea03b91cd14d27c548bcb8f1da42b5.png"},"point":1992},{"user":{"uid":209,"userid":179,"name":"(DRT) celticcarrots","avatar":"https://cdn.discordapp.com/avatars/387561475709075466/8a663c0e4edf64e2828bb3ed0de97bf4.png"},"point":1814},{"user":{"uid":28,"userid":23,"name":"(CEO) Pete (DND)","avatar":"https://cdn.discordapp.com/avatars/316660255872516106/8a2dca3b679afae90df18edc44b1584c.png"},"point":1544},{"user":{"uid":202,"userid":172,"name":"(DRT) WeeMenace06","avatar":"https://cdn.discordapp.com/avatars/970355206590181376/76a0b6ef3a5eca2c11e5ca399efa3a52.png"},"point":1266},{"user":{"uid":171,"userid":144,"name":"(DR) P3rran","avatar":"https://cdn.discordapp.com/avatars/495694046413717524/fac894c68850acc52cd9a5c1e354fa57.png"},"point":1196},{"user":{"uid":132,"userid":107,"name":"(DR) ICECASTLEII","avatar":"https://cdn.discordapp.com/avatars/737992053082030091/3082ba6448a957be5deef0273a3047b4.png"},"point":1193},{"user":{"uid":1,"userid":0,"name":"(Owner) Essex","avatar":"https://cdn.discordapp.com/avatars/986728515892285461/a_c4301bd78f1d1d60c25f66672af89a9a.gif"},"point":874}]}