{"fmd":[{"user":{"uid":1,"userid":1,"name":"!itsPeanutttt","avatar":"https://cdn.discordapp.com/avatars/208757218013609985/a_b8fae2196be237eb9612f9daed82c1e3.gif"},"point":3750},{"user":{"uid":15,"userid":10,"name":"MarlonSkills","avatar":"https://cdn.discordapp.com/avatars/315956778884005890/9a3d00de17d4e51023e4dc7542353ce7.png"},"point":1634},{"user":{"uid":194,"userid":150,"name":"_W0LFIE_","avatar":"https://cdn.discordapp.com/avatars/1153533912254009377/a5ed6f2947b1d14be30844cd4e1508cd.png"},"point":1568},{"user":{"uid":306,"userid":225,"name":"Mohammad_Pouria","avatar":"https://static.truckersmp.com/avatarsN/5148065.1715490831.jpg"},"point":1538},{"user":{"uid":160,"userid":125,"name":"mu han","avatar":"https://cdn.discordapp.com/avatars/1121405880924123219/4fa32749d7c53cc30aa99181c81f851f.png"},"point":1517},{"user":{"uid":259,"userid":197,"name":"I3uckfast","avatar":"https://cdn.discordapp.com/avatars/1004430807357722625/3d5554ddf82b40ee06741800e85afa7a.png"},"point":1075},{"user":{"uid":213,"userid":163,"name":"Little Meow","avatar":"https://cdn.discordapp.com/avatars/1019561099177234442/ddd644a232498d08379163bd4797740e.png"},"point":1048},{"user":{"uid":253,"userid":193,"name":"Lucien_Schildpad","avatar":"https://static.truckersmp.com/avatarsN/defaultavatar.png"},"point":941},{"user":{"uid":214,"userid":164,"name":"hamez","avatar":""},"point":749},{"user":{"uid":173,"userid":133,"name":"LizzyM#290199","avatar":""},"point":716},{"user":{"uid":127,"userid":97,"name":"Gaurav.","avatar":"https://cdn.discordapp.com/avatars/845983678651826186/3a0f817580092e1c841c31ecb3a19525.png"},"point":353},{"user":{"uid":269,"userid":204,"name":"Phoenix","avatar":"https://cdn.discordapp.com/avatars/763003227749875713/7ff7c721d3258dd78a9e4986dce764f8.png"},"point":301},{"user":{"uid":43,"userid":34,"name":"TigerPlayz302","avatar":"https://cdn.discordapp.com/avatars/925072966021152798/efc0896809722ff397dd18e15ee8afc3.png"},"point":212},{"user":{"uid":109,"userid":84,"name":"bigboytrains","avatar":"https://static.truckersmp.com/avatarsN/defaultavatar.png"},"point":0},{"user":{"uid":148,"userid":114,"name":"olieatspringles","avatar":"https://cdn.discordapp.com/avatars/262621686929686540/8250778c986f58e084aac164b12242e7.png"},"point":0},{"user":{"uid":289,"userid":214,"name":"realjetro007","avatar":"https://cdn.discordapp.com/avatars/390698464775766016/77e5c944c3bd4702a3ac3e0ee206d4e9.png"},"point":0}],"fma":[{"user":{"uid":1,"userid":1,"name":"!itsPeanutttt","avatar":"https://cdn.discordapp.com/avatars/208757218013609985/a_b8fae2196be237eb9612f9daed82c1e3.gif"},"point":5283},{"user":{"uid":15,"userid":10,"name":"MarlonSkills","avatar":"https://cdn.discordapp.com/avatars/315956778884005890/9a3d00de17d4e51023e4dc7542353ce7.png"},"point":2180},{"user":{"uid":194,"userid":150,"name":"_W0LFIE_","avatar":"https://cdn.discordapp.com/avatars/1153533912254009377/a5ed6f2947b1d14be30844cd4e1508cd.png"},"point":2177},{"user":{"uid":306,"userid":225,"name":"Mohammad_Pouria","avatar":"https://static.truckersmp.com/avatarsN/5148065.1715490831.jpg"},"point":1738},{"user":{"uid":160,"userid":125,"name":"mu han","avatar":"https://cdn.discordapp.com/avatars/1121405880924123219/4fa32749d7c53cc30aa99181c81f851f.png"},"point":1517},{"user":{"uid":134,"userid":104,"name":"Freshmuscl3","avatar":"https://static.truckersmp.com/avatarsN/5222182.1706276666.png"},"point":1225},{"user":{"uid":259,"userid":197,"name":"I3uckfast","avatar":"https://cdn.discordapp.com/avatars/1004430807357722625/3d5554ddf82b40ee06741800e85afa7a.png"},"point":1214},{"user":{"uid":213,"userid":163,"name":"Little Meow","avatar":"https://cdn.discordapp.com/avatars/1019561099177234442/ddd644a232498d08379163bd4797740e.png"},"point":1048},{"user":{"uid":214,"userid":164,"name":"hamez","avatar":""},"point":1031},{"user":{"uid":253,"userid":193,"name":"Lucien_Schildpad","avatar":"https://static.truckersmp.com/avatarsN/defaultavatar.png"},"point":941},{"user":{"uid":173,"userid":133,"name":"LizzyM#290199","avatar":""},"point":716},{"user":{"uid":269,"userid":204,"name":"Phoenix","avatar":"https://cdn.discordapp.com/avatars/763003227749875713/7ff7c721d3258dd78a9e4986dce764f8.png"},"point":622},{"user":{"uid":204,"userid":155,"name":"Scarry","avatar":"https://cdn.discordapp.com/avatars/844243311656304640/34337f2ae0ca3d703181973aea9b9aac.png"},"point":375},{"user":{"uid":127,"userid":97,"name":"Gaurav.","avatar":"https://cdn.discordapp.com/avatars/845983678651826186/3a0f817580092e1c841c31ecb3a19525.png"},"point":353},{"user":{"uid":43,"userid":34,"name":"TigerPlayz302","avatar":"https://cdn.discordapp.com/avatars/925072966021152798/efc0896809722ff397dd18e15ee8afc3.png"},"point":212},{"user":{"uid":109,"userid":84,"name":"bigboytrains","avatar":"https://static.truckersmp.com/avatarsN/defaultavatar.png"},"point":0},{"user":{"uid":148,"userid":114,"name":"olieatspringles","avatar":"https://cdn.discordapp.com/avatars/262621686929686540/8250778c986f58e084aac164b12242e7.png"},"point":0},{"user":{"uid":289,"userid":214,"name":"realjetro007","avatar":"https://cdn.discordapp.com/avatars/390698464775766016/77e5c944c3bd4702a3ac3e0ee206d4e9.png"},"point":0}]}