{"fmd":[{"user":{"uid":147,"userid":132,"name":"Der  Opa","avatar":"https://cdn.discordapp.com/avatars/390841934358249482/5182d95c0600108142ddbca2b09a1bb4.png"},"point":5698},{"user":{"uid":222,"userid":193,"name":"[RSL] Joshua","avatar":"https://cdn.discordapp.com/avatars/400402081581629450/9fa983d90e5f15b9082e9506057131ef.png"},"point":5477},{"user":{"uid":12,"userid":9,"name":"[RSL] Fabian","avatar":"https://cdn.discordapp.com/avatars/636590993206149131/a_111fda2bf4727ff3c93f010507ff166c.gif"},"point":3692},{"user":{"uid":192,"userid":172,"name":"TopsyCret","avatar":"https://avatars.steamstatic.com/82aecb83684b9c1d29f6f26a4642971416734fcc_full.jpg"},"point":3550},{"user":{"uid":136,"userid":121,"name":"Fuzzi_One","avatar":"https://avatars.steamstatic.com/80dc5c843904a69c82033fa7600d24e61dc9b370_full.jpg"},"point":3425},{"user":{"uid":27,"userid":40,"name":"Odin","avatar":"https://avatars.steamstatic.com/d85514129aa7b2bd055e58358fea8f36254dbc3b_full.jpg"},"point":3018},{"user":{"uid":223,"userid":194,"name":"Fidk","avatar":"https://avatars.steamstatic.com/315a03c038d583b82044d2289104d6b2c6929131_full.jpg"},"point":2997},{"user":{"uid":118,"userid":103,"name":"EinfachnurWolf","avatar":"https://avatars.steamstatic.com/dcddc28153a03ef589ba9b54c11a1edc4384acdf_full.jpg"},"point":2525},{"user":{"uid":50,"userid":43,"name":"Tarial","avatar":"https://avatars.steamstatic.com/852cd2da47222f03895ad2c285d0980e4f003168_full.jpg"},"point":2387},{"user":{"uid":1,"userid":1,"name":"RSL | Domi","avatar":"https://cdn.discordapp.com/avatars/208630023626817536/d6b5a101ffa2655e917e9e2ca950025a.png"},"point":2205},{"user":{"uid":176,"userid":157,"name":"SKELETOR96","avatar":"https://avatars.steamstatic.com/e2de94aa5b303690fc34a2784287b2ea576b1250_full.jpg"},"point":2180},{"user":{"uid":220,"userid":192,"name":"dennis2982","avatar":"https://avatars.steamstatic.com/fef49e7fa7e1997310d705b2a6158ff8dc1cdfeb_full.jpg"},"point":2128},{"user":{"uid":75,"userid":67,"name":"GunGamerTV","avatar":"https://avatars.steamstatic.com/64ae1da41a9c51a5ab44c29f0b054b14123aabe4_full.jpg"},"point":1975},{"user":{"uid":6,"userid":6,"name":"Rom77","avatar":"https://avatars.steamstatic.com/c949ed9e884ddd730097bfe8848bdc3fb152f582_full.jpg"},"point":1724},{"user":{"uid":31,"userid":22,"name":"[RSL] Fun_irrenanstalt","avatar":""},"point":1551},{"user":{"uid":114,"userid":99,"name":"melox030","avatar":"https://avatars.steamstatic.com/fef49e7fa7e1997310d705b2a6158ff8dc1cdfeb_full.jpg"},"point":1447},{"user":{"uid":57,"userid":49,"name":"𝖒𝖎𝖞𝖚𝖐𝖎GHG","avatar":"https://avatars.steamstatic.com/1aae838e05131383bb631e74e2c982b15bbcaaab_full.jpg"},"point":1352},{"user":{"uid":41,"userid":25,"name":"Marvin","avatar":"https://avatars.steamstatic.com/fef49e7fa7e1997310d705b2a6158ff8dc1cdfeb_full.jpg"},"point":1304},{"user":{"uid":130,"userid":115,"name":"GhostRiDeR_REAL","avatar":"https://avatars.steamstatic.com/0f18411149a060051bdafef053969f859dc73196_full.jpg"},"point":1031},{"user":{"uid":29,"userid":23,"name":"Seitenbacher_Hanföl","avatar":"https://avatars.steamstatic.com/acf67207768cdc5be5f09aca6a9f7830bf27d6f7_full.jpg"},"point":1001},{"user":{"uid":64,"userid":57,"name":"captainbubatz","avatar":"https://avatars.steamstatic.com/05e287bb68b9dd3798bae459b8e7d4cc59c5e9a5_full.jpg"},"point":960},{"user":{"uid":225,"userid":195,"name":"max-kruse-ad","avatar":"https://avatars.steamstatic.com/cc1f5e02a7b42447651f11e4cc9f6d7694eec5ab_full.jpg"},"point":922},{"user":{"uid":32,"userid":35,"name":"ChrisHB","avatar":"https://static.truckersmp.com/avatarsN/1701744.1706334814.jpg"},"point":700},{"user":{"uid":145,"userid":130,"name":"Mr.Korall","avatar":"https://avatars.steamstatic.com/71c5c5744ad9cda9e24a3cbb14bba2e238bf66af_full.jpg"},"point":576},{"user":{"uid":198,"userid":175,"name":"SiKe_342","avatar":"https://avatars.steamstatic.com/1fd7929be85d31c2215352cf1dd62fe4f50f6539_full.jpg"},"point":470},{"user":{"uid":144,"userid":129,"name":"Nicx","avatar":"https://avatars.steamstatic.com/af1cf9cf15be50bc6eda5a5c35bb1698bbf77ecd_full.jpg"},"point":466},{"user":{"uid":139,"userid":124,"name":"felix-menzler","avatar":"https://avatars.steamstatic.com/92f23da5d9678dfe7c3d530a1c449c98331a0cca_full.jpg"},"point":346},{"user":{"uid":14,"userid":12,"name":"taaastyyy","avatar":"https://avatars.steamstatic.com/d71b2fd5a847a659ec55c28f0693363643794d79_full.jpg"},"point":313},{"user":{"uid":25,"userid":19,"name":"Razoraptor","avatar":"https://avatars.steamstatic.com/411f0a1d08563b0dcd648c344b113688287bfb1f_full.jpg"},"point":200},{"user":{"uid":212,"userid":186,"name":"CookerSquid","avatar":"https://avatars.steamstatic.com/174d7abab445013b954bd515339e811c313bbbf1_full.jpg"},"point":110},{"user":{"uid":55,"userid":50,"name":"zogger9000","avatar":"https://static.truckersmp.com/avatarsN/defaultavatar.png"},"point":0},{"user":{"uid":71,"userid":63,"name":"Ghost_Trix","avatar":"https://avatars.steamstatic.com/65784cb24ab0fea7698c7d0fd5055e1079d83d63_full.jpg"},"point":0},{"user":{"uid":119,"userid":104,"name":"hansenluca06","avatar":"https://avatars.steamstatic.com/cc744d1a1b593d1fcbda3c00a975f994662815ff_full.jpg"},"point":0}],"fma":[{"user":{"uid":147,"userid":132,"name":"Der  Opa","avatar":"https://cdn.discordapp.com/avatars/390841934358249482/5182d95c0600108142ddbca2b09a1bb4.png"},"point":5698},{"user":{"uid":222,"userid":193,"name":"[RSL] Joshua","avatar":"https://cdn.discordapp.com/avatars/400402081581629450/9fa983d90e5f15b9082e9506057131ef.png"},"point":5477},{"user":{"uid":12,"userid":9,"name":"[RSL] Fabian","avatar":"https://cdn.discordapp.com/avatars/636590993206149131/a_111fda2bf4727ff3c93f010507ff166c.gif"},"point":3692},{"user":{"uid":192,"userid":172,"name":"TopsyCret","avatar":"https://avatars.steamstatic.com/82aecb83684b9c1d29f6f26a4642971416734fcc_full.jpg"},"point":3550},{"user":{"uid":136,"userid":121,"name":"Fuzzi_One","avatar":"https://avatars.steamstatic.com/80dc5c843904a69c82033fa7600d24e61dc9b370_full.jpg"},"point":3425},{"user":{"uid":27,"userid":40,"name":"Odin","avatar":"https://avatars.steamstatic.com/d85514129aa7b2bd055e58358fea8f36254dbc3b_full.jpg"},"point":3018},{"user":{"uid":223,"userid":194,"name":"Fidk","avatar":"https://avatars.steamstatic.com/315a03c038d583b82044d2289104d6b2c6929131_full.jpg"},"point":2997},{"user":{"uid":118,"userid":103,"name":"EinfachnurWolf","avatar":"https://avatars.steamstatic.com/dcddc28153a03ef589ba9b54c11a1edc4384acdf_full.jpg"},"point":2525},{"user":{"uid":50,"userid":43,"name":"Tarial","avatar":"https://avatars.steamstatic.com/852cd2da47222f03895ad2c285d0980e4f003168_full.jpg"},"point":2387},{"user":{"uid":1,"userid":1,"name":"RSL | Domi","avatar":"https://cdn.discordapp.com/avatars/208630023626817536/d6b5a101ffa2655e917e9e2ca950025a.png"},"point":2205},{"user":{"uid":176,"userid":157,"name":"SKELETOR96","avatar":"https://avatars.steamstatic.com/e2de94aa5b303690fc34a2784287b2ea576b1250_full.jpg"},"point":2180},{"user":{"uid":220,"userid":192,"name":"dennis2982","avatar":"https://avatars.steamstatic.com/fef49e7fa7e1997310d705b2a6158ff8dc1cdfeb_full.jpg"},"point":2128},{"user":{"uid":75,"userid":67,"name":"GunGamerTV","avatar":"https://avatars.steamstatic.com/64ae1da41a9c51a5ab44c29f0b054b14123aabe4_full.jpg"},"point":1975},{"user":{"uid":6,"userid":6,"name":"Rom77","avatar":"https://avatars.steamstatic.com/c949ed9e884ddd730097bfe8848bdc3fb152f582_full.jpg"},"point":1724},{"user":{"uid":31,"userid":22,"name":"[RSL] Fun_irrenanstalt","avatar":""},"point":1551},{"user":{"uid":114,"userid":99,"name":"melox030","avatar":"https://avatars.steamstatic.com/fef49e7fa7e1997310d705b2a6158ff8dc1cdfeb_full.jpg"},"point":1447},{"user":{"uid":57,"userid":49,"name":"𝖒𝖎𝖞𝖚𝖐𝖎GHG","avatar":"https://avatars.steamstatic.com/1aae838e05131383bb631e74e2c982b15bbcaaab_full.jpg"},"point":1352},{"user":{"uid":41,"userid":25,"name":"Marvin","avatar":"https://avatars.steamstatic.com/fef49e7fa7e1997310d705b2a6158ff8dc1cdfeb_full.jpg"},"point":1304},{"user":{"uid":130,"userid":115,"name":"GhostRiDeR_REAL","avatar":"https://avatars.steamstatic.com/0f18411149a060051bdafef053969f859dc73196_full.jpg"},"point":1031},{"user":{"uid":29,"userid":23,"name":"Seitenbacher_Hanföl","avatar":"https://avatars.steamstatic.com/acf67207768cdc5be5f09aca6a9f7830bf27d6f7_full.jpg"},"point":1001},{"user":{"uid":64,"userid":57,"name":"captainbubatz","avatar":"https://avatars.steamstatic.com/05e287bb68b9dd3798bae459b8e7d4cc59c5e9a5_full.jpg"},"point":960},{"user":{"uid":225,"userid":195,"name":"max-kruse-ad","avatar":"https://avatars.steamstatic.com/cc1f5e02a7b42447651f11e4cc9f6d7694eec5ab_full.jpg"},"point":922},{"user":{"uid":32,"userid":35,"name":"ChrisHB","avatar":"https://static.truckersmp.com/avatarsN/1701744.1706334814.jpg"},"point":700},{"user":{"uid":145,"userid":130,"name":"Mr.Korall","avatar":"https://avatars.steamstatic.com/71c5c5744ad9cda9e24a3cbb14bba2e238bf66af_full.jpg"},"point":576},{"user":{"uid":198,"userid":175,"name":"SiKe_342","avatar":"https://avatars.steamstatic.com/1fd7929be85d31c2215352cf1dd62fe4f50f6539_full.jpg"},"point":470},{"user":{"uid":144,"userid":129,"name":"Nicx","avatar":"https://avatars.steamstatic.com/af1cf9cf15be50bc6eda5a5c35bb1698bbf77ecd_full.jpg"},"point":466},{"user":{"uid":139,"userid":124,"name":"felix-menzler","avatar":"https://avatars.steamstatic.com/92f23da5d9678dfe7c3d530a1c449c98331a0cca_full.jpg"},"point":346},{"user":{"uid":14,"userid":12,"name":"taaastyyy","avatar":"https://avatars.steamstatic.com/d71b2fd5a847a659ec55c28f0693363643794d79_full.jpg"},"point":313},{"user":{"uid":25,"userid":19,"name":"Razoraptor","avatar":"https://avatars.steamstatic.com/411f0a1d08563b0dcd648c344b113688287bfb1f_full.jpg"},"point":200},{"user":{"uid":212,"userid":186,"name":"CookerSquid","avatar":"https://avatars.steamstatic.com/174d7abab445013b954bd515339e811c313bbbf1_full.jpg"},"point":110},{"user":{"uid":55,"userid":50,"name":"zogger9000","avatar":"https://static.truckersmp.com/avatarsN/defaultavatar.png"},"point":0},{"user":{"uid":71,"userid":63,"name":"Ghost_Trix","avatar":"https://avatars.steamstatic.com/65784cb24ab0fea7698c7d0fd5055e1079d83d63_full.jpg"},"point":0},{"user":{"uid":119,"userid":104,"name":"hansenluca06","avatar":"https://avatars.steamstatic.com/cc744d1a1b593d1fcbda3c00a975f994662815ff_full.jpg"},"point":0}]}