{"fmd":[{"user":{"uid":13,"userid":10,"name":"Ghostie_24","avatar":"https://cdn.discordapp.com/avatars/858378711458775040/44e6daa139754e9be9bd3bb2df8a7647.png"},"point":2748},{"user":{"uid":6,"userid":3,"name":"basher0002","avatar":"https://cdn.discordapp.com/avatars/1109248097177059359/3cdcc8abc46dbb2b4f81d5414bfacda6.png"},"point":1265},{"user":{"uid":10,"userid":7,"name":"riley.mcmurtry2008","avatar":"https://avatars.steamstatic.com/14c2819613ca3a59e5cd902c5c3ff8ae66ff7a81_full.jpg"},"point":0}],"fma":[{"user":{"uid":13,"userid":10,"name":"Ghostie_24","avatar":"https://cdn.discordapp.com/avatars/858378711458775040/44e6daa139754e9be9bd3bb2df8a7647.png"},"point":2807},{"user":{"uid":6,"userid":3,"name":"basher0002","avatar":"https://cdn.discordapp.com/avatars/1109248097177059359/3cdcc8abc46dbb2b4f81d5414bfacda6.png"},"point":1304},{"user":{"uid":10,"userid":7,"name":"riley.mcmurtry2008","avatar":"https://avatars.steamstatic.com/14c2819613ca3a59e5cd902c5c3ff8ae66ff7a81_full.jpg"},"point":0}]}