{"fmd":[{"user":{"uid":53,"userid":62,"name":"Black_Dragon33","avatar":"https://avatars.steamstatic.com/7a98d429d9fb61bb6065773f2005fce7257463a8_full.jpg"},"point":4489},{"user":{"uid":30,"userid":24,"name":"My_Dream_My_Passion","avatar":"https://static.truckersmp.com/avatarsN/2636041.1713489251.png"},"point":3864},{"user":{"uid":14,"userid":11,"name":"L O R E N Z","avatar":"https://static.truckersmp.com/avatarsN/4486749.1691828789.png"},"point":3150},{"user":{"uid":62,"userid":61,"name":"Thomas.","avatar":"https://cdn.discordapp.com/avatars/1000353949620117514/b42831995cac9fc332f49722a7656a19.png"},"point":2519},{"user":{"uid":52,"userid":50,"name":"spanchikus","avatar":"https://cdn.discordapp.com/avatars/693884881419108432/2e5d58f8fe552e4d7cd49f3f1350966e.png"},"point":1578},{"user":{"uid":19,"userid":17,"name":"Marcos","avatar":"https://avatars.steamstatic.com/752eb38c3b0bc6f74708ec2c3d44d00bda41edde_full.jpg"},"point":1574},{"user":{"uid":16,"userid":13,"name":"chad vectron","avatar":"https://cdn.discordapp.com/avatars/657613617906057247/81f8851d92f3ac1f80da82575197921f.png"},"point":1439},{"user":{"uid":43,"userid":39,"name":"ItsRedex","avatar":"https://avatars.steamstatic.com/88264dee979a39c8e698b5e8c4e6ef33758a26b1_full.jpg"},"point":1099},{"user":{"uid":54,"userid":53,"name":"nikosenos","avatar":"https://cdn.discordapp.com/avatars/385849670578077709/89afaee0019e2114289578582d6e7773.png"},"point":1049},{"user":{"uid":48,"userid":46,"name":"TommyNL","avatar":"https://avatars.steamstatic.com/566ece5c0f63be2634d91a038b57b1e369f28983_full.jpg"},"point":1032},{"user":{"uid":24,"userid":23,"name":"Gnurken","avatar":"https://static.truckersmp.com/avatarsN/1166949.1704562524.png"},"point":964},{"user":{"uid":3,"userid":3,"name":"Exotic","avatar":"https://cdn.discordapp.com/avatars/700374237877239900/a_21e1ff939d6a4f746de039650ff02a1d.gif"},"point":921},{"user":{"uid":84,"userid":82,"name":"! 𝑮𝒆𝒏0𝒘𝒘 🌊","avatar":"https://cdn.discordapp.com/avatars/827503076797186060/734173d4aed3b382c070c60045e3fac7.png"},"point":887},{"user":{"uid":45,"userid":43,"name":"idk.philipp","avatar":"https://static.truckersmp.com/avatarsN/4018160.1671645702.png"},"point":833},{"user":{"uid":15,"userid":12,"name":"Lorenzo br","avatar":"https://cdn.discordapp.com/avatars/635968015371862082/8ca41d930d87fb4266f4c1666828d3f3.png"},"point":832},{"user":{"uid":39,"userid":36,"name":"' Jonas.","avatar":"https://static.truckersmp.com/avatarsN/defaultavatar.png"},"point":608},{"user":{"uid":49,"userid":47,"name":"90s_s","avatar":"https://avatars.steamstatic.com/4a0e9b42f2229b905fb58255d76001d0f262d117_full.jpg"},"point":526},{"user":{"uid":70,"userid":68,"name":"oεrrty","avatar":"https://avatars.steamstatic.com/25300570391d4c1d8604cacae35443fc07a51c9d_full.jpg"},"point":522},{"user":{"uid":1,"userid":1,"name":"RageDev","avatar":"https://cdn.discordapp.com/avatars/461836521335685120/dda93fcefdcfe9188fdda0adc2a5b012.png"},"point":520},{"user":{"uid":23,"userid":22,"name":"Martijn","avatar":"https://cdn.discordapp.com/avatars/153514855280803840/a_55db952b0b6b1ab551cc2fe7fe823cec.gif"},"point":507},{"user":{"uid":83,"userid":80,"name":"Wiskonsin","avatar":"https://avatars.steamstatic.com/d6975ea7c6fe549700d24c9c7904a06ac462a0b1_full.jpg"},"point":416},{"user":{"uid":86,"userid":84,"name":"мσρρу_тмρ","avatar":"https://static.truckersmp.com/avatarsN/3916396.1690030869.png"},"point":0}],"fma":[{"user":{"uid":53,"userid":62,"name":"Black_Dragon33","avatar":"https://avatars.steamstatic.com/7a98d429d9fb61bb6065773f2005fce7257463a8_full.jpg"},"point":4489},{"user":{"uid":30,"userid":24,"name":"My_Dream_My_Passion","avatar":"https://static.truckersmp.com/avatarsN/2636041.1713489251.png"},"point":3864},{"user":{"uid":14,"userid":11,"name":"L O R E N Z","avatar":"https://static.truckersmp.com/avatarsN/4486749.1691828789.png"},"point":3150},{"user":{"uid":62,"userid":61,"name":"Thomas.","avatar":"https://cdn.discordapp.com/avatars/1000353949620117514/b42831995cac9fc332f49722a7656a19.png"},"point":2519},{"user":{"uid":52,"userid":50,"name":"spanchikus","avatar":"https://cdn.discordapp.com/avatars/693884881419108432/2e5d58f8fe552e4d7cd49f3f1350966e.png"},"point":1578},{"user":{"uid":19,"userid":17,"name":"Marcos","avatar":"https://avatars.steamstatic.com/752eb38c3b0bc6f74708ec2c3d44d00bda41edde_full.jpg"},"point":1574},{"user":{"uid":16,"userid":13,"name":"chad vectron","avatar":"https://cdn.discordapp.com/avatars/657613617906057247/81f8851d92f3ac1f80da82575197921f.png"},"point":1439},{"user":{"uid":43,"userid":39,"name":"ItsRedex","avatar":"https://avatars.steamstatic.com/88264dee979a39c8e698b5e8c4e6ef33758a26b1_full.jpg"},"point":1099},{"user":{"uid":54,"userid":53,"name":"nikosenos","avatar":"https://cdn.discordapp.com/avatars/385849670578077709/89afaee0019e2114289578582d6e7773.png"},"point":1049},{"user":{"uid":48,"userid":46,"name":"TommyNL","avatar":"https://avatars.steamstatic.com/566ece5c0f63be2634d91a038b57b1e369f28983_full.jpg"},"point":1032},{"user":{"uid":24,"userid":23,"name":"Gnurken","avatar":"https://static.truckersmp.com/avatarsN/1166949.1704562524.png"},"point":964},{"user":{"uid":3,"userid":3,"name":"Exotic","avatar":"https://cdn.discordapp.com/avatars/700374237877239900/a_21e1ff939d6a4f746de039650ff02a1d.gif"},"point":921},{"user":{"uid":84,"userid":82,"name":"! 𝑮𝒆𝒏0𝒘𝒘 🌊","avatar":"https://cdn.discordapp.com/avatars/827503076797186060/734173d4aed3b382c070c60045e3fac7.png"},"point":887},{"user":{"uid":45,"userid":43,"name":"idk.philipp","avatar":"https://static.truckersmp.com/avatarsN/4018160.1671645702.png"},"point":833},{"user":{"uid":15,"userid":12,"name":"Lorenzo br","avatar":"https://cdn.discordapp.com/avatars/635968015371862082/8ca41d930d87fb4266f4c1666828d3f3.png"},"point":832},{"user":{"uid":39,"userid":36,"name":"' Jonas.","avatar":"https://static.truckersmp.com/avatarsN/defaultavatar.png"},"point":608},{"user":{"uid":49,"userid":47,"name":"90s_s","avatar":"https://avatars.steamstatic.com/4a0e9b42f2229b905fb58255d76001d0f262d117_full.jpg"},"point":526},{"user":{"uid":70,"userid":68,"name":"oεrrty","avatar":"https://avatars.steamstatic.com/25300570391d4c1d8604cacae35443fc07a51c9d_full.jpg"},"point":522},{"user":{"uid":1,"userid":1,"name":"RageDev","avatar":"https://cdn.discordapp.com/avatars/461836521335685120/dda93fcefdcfe9188fdda0adc2a5b012.png"},"point":520},{"user":{"uid":23,"userid":22,"name":"Martijn","avatar":"https://cdn.discordapp.com/avatars/153514855280803840/a_55db952b0b6b1ab551cc2fe7fe823cec.gif"},"point":507},{"user":{"uid":83,"userid":80,"name":"Wiskonsin","avatar":"https://avatars.steamstatic.com/d6975ea7c6fe549700d24c9c7904a06ac462a0b1_full.jpg"},"point":416},{"user":{"uid":28,"userid":27,"name":"reissverschlussverfahren","avatar":"https://avatars.steamstatic.com/7b74c751b8e0bb519b02aa069a2d74d24c2356ae_full.jpg"},"point":100},{"user":{"uid":86,"userid":84,"name":"мσρρу_тмρ","avatar":"https://static.truckersmp.com/avatarsN/3916396.1690030869.png"},"point":0}]}