{"fmd":[{"user":{"uid":21,"userid":20,"name":"Howling Rex","avatar":"https://cdn.discordapp.com/avatars/337293473260634113/a_0f39025b731d0a2a283e3f8b7074ba4b.gif"},"point":1044},{"user":{"uid":4,"userid":4,"name":"Gustavo 126","avatar":"https://cdn.discordapp.com/avatars/326420487045513217/9f1f7ebabacd7486223fc7338307d68f.png"},"point":755}],"fma":[{"user":{"uid":21,"userid":20,"name":"Howling Rex","avatar":"https://cdn.discordapp.com/avatars/337293473260634113/a_0f39025b731d0a2a283e3f8b7074ba4b.gif"},"point":1049},{"user":{"uid":4,"userid":4,"name":"Gustavo 126","avatar":"https://cdn.discordapp.com/avatars/326420487045513217/9f1f7ebabacd7486223fc7338307d68f.png"},"point":755}]}