{"fmd":[{"user":{"uid":1357,"userid":831,"name":"Rebeloutlaw22","avatar":"https://cdn.discordapp.com/avatars/1052542962099294260/70497e59123a80469a7f1a46dbd6a16b.png"},"point":5597},{"user":{"uid":1271,"userid":780,"name":"brazvo (Bruno)","avatar":"https://cdn.discordapp.com/avatars/823826275964682251/c28159cbabe58874bd1244a97d68d24b.png"},"point":2241},{"user":{"uid":494,"userid":361,"name":"Alpha","avatar":"https://cdn.discordapp.com/avatars/1063397515149455423/371d081952e74ccdc6f23925074dd094.png"},"point":2097},{"user":{"uid":1347,"userid":826,"name":"casualsunday","avatar":"https://cdn.discordapp.com/avatars/288689627584528384/2cd8a1252e40aa264b166905132d8746.png"},"point":2019},{"user":{"uid":1316,"userid":807,"name":"Gota","avatar":"https://cdn.discordapp.com/avatars/167291299693723648/beb31f691ab4478e3268181a76f3a451.png"},"point":1937},{"user":{"uid":1274,"userid":781,"name":"Damon L.","avatar":"https://cdn.discordapp.com/avatars/232115847756382208/05d4ae0cc6e2512f699421321283352c.png"},"point":1681},{"user":{"uid":155,"userid":305,"name":"HighNinja52117","avatar":""},"point":1479},{"user":{"uid":1355,"userid":829,"name":"TheStolenHydra","avatar":"https://cdn.discordapp.com/avatars/114642060383879170/66141443e620e4cd7b5a7e32f33d4f5f.png"},"point":1339},{"user":{"uid":1034,"userid":635,"name":"Fox_Bot","avatar":"https://cdn.discordapp.com/avatars/673289306424475659/6760c43d2e087fd99eeef160473251a3.png"},"point":1220},{"user":{"uid":1300,"userid":797,"name":"Lucas","avatar":"https://cdn.discordapp.com/avatars/394462499342254091/1dcd14961b9d6bd7028b0ffafbfff29c.png"},"point":1200},{"user":{"uid":1026,"userid":630,"name":"Sehi","avatar":"https://cdn.discordapp.com/avatars/644522714916192275/4a28c46532b59c013ed5e9a3801e4a0c.png"},"point":1095},{"user":{"uid":1373,"userid":841,"name":"gille9216","avatar":""},"point":1039},{"user":{"uid":159,"userid":312,"name":"SugarFr33","avatar":"https://cdn.discordapp.com/avatars/201772157087383553/f9067034f4df1893aef1e1bf739998d1.png"},"point":974},{"user":{"uid":1211,"userid":741,"name":"DoDs","avatar":"https://cdn.discordapp.com/avatars/806922722394374164/37a43e1273ed1261485ba383db51415f.png"},"point":937},{"user":{"uid":1359,"userid":832,"name":"emjehashi","avatar":"https://cdn.discordapp.com/avatars/455000360646344704/3aad729d4034fe05884ae055f6c8e5c7.png"},"point":709},{"user":{"uid":1060,"userid":650,"name":"monke 🥛","avatar":"https://cdn.discordapp.com/avatars/953426914834546809/f2c62055518a4d8661230d0fd759b233.png"},"point":587},{"user":{"uid":1015,"userid":626,"name":"HaulmilesLtd","avatar":"https://cdn.discordapp.com/avatars/1025467595983421540/f25df107191c753884caee95fe8ebacc.png"},"point":534},{"user":{"uid":1313,"userid":806,"name":"Kizule","avatar":"https://cdn.discordapp.com/avatars/897576249466167377/4b225f923b6e3e5347b9a87db5e6876e.png"},"point":456},{"user":{"uid":87,"userid":203,"name":"pvfcmatt1","avatar":"https://cdn.discordapp.com/avatars/668822602806198278/eb4c4684efc13d2a58ddeae555edc5a7.png"},"point":455},{"user":{"uid":1325,"userid":816,"name":"Kian UK","avatar":"https://avatars.steamstatic.com/fef49e7fa7e1997310d705b2a6158ff8dc1cdfeb_full.jpg"},"point":69},{"user":{"uid":1105,"userid":675,"name":"Jack3D60","avatar":"https://cdn.discordapp.com/avatars/805496381754048572/bcf10ae824b274e1c532971dcb857977.png"},"point":43},{"user":{"uid":7,"userid":605,"name":"BoZo","avatar":"https://cdn.discordapp.com/avatars/1113580915684278282/6ef7669e784dabec7bdea51b55266319.png"},"point":0}],"fma":[{"user":{"uid":1271,"userid":780,"name":"brazvo (Bruno)","avatar":"https://cdn.discordapp.com/avatars/823826275964682251/c28159cbabe58874bd1244a97d68d24b.png"},"point":13966},{"user":{"uid":1026,"userid":630,"name":"Sehi","avatar":"https://cdn.discordapp.com/avatars/644522714916192275/4a28c46532b59c013ed5e9a3801e4a0c.png"},"point":12327},{"user":{"uid":1345,"userid":825,"name":"atsuen","avatar":"https://avatars.steamstatic.com/799002f9a927be3a493249ef7ebb8b9e37b54912_full.jpg"},"point":10000},{"user":{"uid":1357,"userid":831,"name":"Rebeloutlaw22","avatar":"https://cdn.discordapp.com/avatars/1052542962099294260/70497e59123a80469a7f1a46dbd6a16b.png"},"point":6080},{"user":{"uid":1316,"userid":807,"name":"Gota","avatar":"https://cdn.discordapp.com/avatars/167291299693723648/beb31f691ab4478e3268181a76f3a451.png"},"point":5048},{"user":{"uid":494,"userid":361,"name":"Alpha","avatar":"https://cdn.discordapp.com/avatars/1063397515149455423/371d081952e74ccdc6f23925074dd094.png"},"point":3843},{"user":{"uid":119,"userid":258,"name":"LordLegend","avatar":"https://cdn.discordapp.com/avatars/507573290995417108/294e2517c647c3c8703945fbc200afcd.png"},"point":2762},{"user":{"uid":1347,"userid":826,"name":"casualsunday","avatar":"https://cdn.discordapp.com/avatars/288689627584528384/2cd8a1252e40aa264b166905132d8746.png"},"point":2141},{"user":{"uid":1274,"userid":781,"name":"Damon L.","avatar":"https://cdn.discordapp.com/avatars/232115847756382208/05d4ae0cc6e2512f699421321283352c.png"},"point":1807},{"user":{"uid":924,"userid":576,"name":"🌈Hearty_Laces🌈They/Them","avatar":"https://cdn.discordapp.com/avatars/461978281906929675/9128b3d5991d797b2e4060e71c4c5f41.png"},"point":1798},{"user":{"uid":155,"userid":305,"name":"HighNinja52117","avatar":""},"point":1634},{"user":{"uid":87,"userid":203,"name":"pvfcmatt1","avatar":"https://cdn.discordapp.com/avatars/668822602806198278/eb4c4684efc13d2a58ddeae555edc5a7.png"},"point":1464},{"user":{"uid":1355,"userid":829,"name":"TheStolenHydra","avatar":"https://cdn.discordapp.com/avatars/114642060383879170/66141443e620e4cd7b5a7e32f33d4f5f.png"},"point":1399},{"user":{"uid":1034,"userid":635,"name":"Fox_Bot","avatar":"https://cdn.discordapp.com/avatars/673289306424475659/6760c43d2e087fd99eeef160473251a3.png"},"point":1397},{"user":{"uid":1300,"userid":797,"name":"Lucas","avatar":"https://cdn.discordapp.com/avatars/394462499342254091/1dcd14961b9d6bd7028b0ffafbfff29c.png"},"point":1261},{"user":{"uid":159,"userid":312,"name":"SugarFr33","avatar":"https://cdn.discordapp.com/avatars/201772157087383553/f9067034f4df1893aef1e1bf739998d1.png"},"point":1086},{"user":{"uid":1373,"userid":841,"name":"gille9216","avatar":""},"point":1075},{"user":{"uid":1211,"userid":741,"name":"DoDs","avatar":"https://cdn.discordapp.com/avatars/806922722394374164/37a43e1273ed1261485ba383db51415f.png"},"point":937},{"user":{"uid":1359,"userid":832,"name":"emjehashi","avatar":"https://cdn.discordapp.com/avatars/455000360646344704/3aad729d4034fe05884ae055f6c8e5c7.png"},"point":734},{"user":{"uid":1097,"userid":670,"name":"Ramin Tanuwong [TH]","avatar":"https://static.truckersmp.com/avatarsN/3757199.1645214262.jpg"},"point":727},{"user":{"uid":1060,"userid":650,"name":"monke 🥛","avatar":"https://cdn.discordapp.com/avatars/953426914834546809/f2c62055518a4d8661230d0fd759b233.png"},"point":619},{"user":{"uid":1015,"userid":626,"name":"HaulmilesLtd","avatar":"https://cdn.discordapp.com/avatars/1025467595983421540/f25df107191c753884caee95fe8ebacc.png"},"point":601},{"user":{"uid":619,"userid":418,"name":"NumberHunter91","avatar":"https://cdn.discordapp.com/avatars/276407067223392256/c656134c8d2a712de1b2dbaf3856e995.png"},"point":482},{"user":{"uid":1313,"userid":806,"name":"Kizule","avatar":"https://cdn.discordapp.com/avatars/897576249466167377/4b225f923b6e3e5347b9a87db5e6876e.png"},"point":456},{"user":{"uid":18,"userid":718,"name":"Kanasteri","avatar":"https://cdn.discordapp.com/avatars/388688028056551425/cadea68055c984a8900142da586bf9e5.png"},"point":150},{"user":{"uid":1325,"userid":816,"name":"Kian UK","avatar":"https://avatars.steamstatic.com/fef49e7fa7e1997310d705b2a6158ff8dc1cdfeb_full.jpg"},"point":69},{"user":{"uid":1105,"userid":675,"name":"Jack3D60","avatar":"https://cdn.discordapp.com/avatars/805496381754048572/bcf10ae824b274e1c532971dcb857977.png"},"point":43},{"user":{"uid":7,"userid":605,"name":"BoZo","avatar":"https://cdn.discordapp.com/avatars/1113580915684278282/6ef7669e784dabec7bdea51b55266319.png"},"point":0}]}