{"fmd":[{"user":{"uid":96,"userid":120,"name":"Pattarapon","avatar":"https://cdn.discordapp.com/avatars/687263407417720832/a_b7ede9d49dc998aecb68c07992055092.gif"},"point":6588},{"user":{"uid":178,"userid":142,"name":"Kai'Sa☆UnSyn Amagiri","avatar":"https://cdn.discordapp.com/avatars/234026448229367809/a_a2cced552ecc21def284898c94c650f5.gif"},"point":5093},{"user":{"uid":421,"userid":233,"name":"Lefoux","avatar":"https://cdn.discordapp.com/avatars/859833212033564675/49340ceb0fd24171d8f5d92bf60ee617.png"},"point":1736},{"user":{"uid":204,"userid":155,"name":"Xenon_25","avatar":"https://avatars.steamstatic.com/8dfe278c7493b6984540e57ecd57b791df13841e_full.jpg"},"point":1583},{"user":{"uid":409,"userid":226,"name":"𝙽𝙴𝚆𝚃𝚈𝙿𝙴𝚂","avatar":"https://cdn.discordapp.com/avatars/624501922531115019/720e6c9072e99985cd234df4183376af.png"},"point":1040},{"user":{"uid":337,"userid":208,"name":"Dr. Stevo","avatar":"https://cdn.discordapp.com/avatars/603859936434323456/a_8fb3ef826c61fa9bc1445843af78a75f.gif"},"point":551},{"user":{"uid":406,"userid":225,"name":"Gaurav1272","avatar":"https://avatars.steamstatic.com/fe5fe8d105d5d1617f755d6c1f9b09688bff585a_full.jpg"},"point":523},{"user":{"uid":211,"userid":160,"name":"human?","avatar":"https://cdn.discordapp.com/avatars/698752151073194015/e626fce336d1295ab98959c084394e8b.png"},"point":478},{"user":{"uid":300,"userid":197,"name":"zeup.langton","avatar":"https://cdn.discordapp.com/avatars/221167310986149888/3a5e16a8c7d7118cd586f6c28c2110df.png"},"point":332},{"user":{"uid":364,"userid":215,"name":"[MCG] Danish_v8","avatar":"https://static.truckersmp.com/avatarsN/3882826.1651322428.jpg"},"point":294},{"user":{"uid":423,"userid":234,"name":"airilxx","avatar":"https://cdn.discordapp.com/avatars/410461489011490817/d1d300ee9fe0a2746ef91643f057c9f4.png"},"point":202},{"user":{"uid":448,"userid":243,"name":"zeydox916","avatar":"https://cdn.discordapp.com/avatars/408691397345148929/d0e65576034b590e019ac69b962815a3.png"},"point":156}],"fma":[{"user":{"uid":96,"userid":120,"name":"Pattarapon","avatar":"https://cdn.discordapp.com/avatars/687263407417720832/a_b7ede9d49dc998aecb68c07992055092.gif"},"point":6588},{"user":{"uid":178,"userid":142,"name":"Kai'Sa☆UnSyn Amagiri","avatar":"https://cdn.discordapp.com/avatars/234026448229367809/a_a2cced552ecc21def284898c94c650f5.gif"},"point":5093},{"user":{"uid":421,"userid":233,"name":"Lefoux","avatar":"https://cdn.discordapp.com/avatars/859833212033564675/49340ceb0fd24171d8f5d92bf60ee617.png"},"point":1736},{"user":{"uid":204,"userid":155,"name":"Xenon_25","avatar":"https://avatars.steamstatic.com/8dfe278c7493b6984540e57ecd57b791df13841e_full.jpg"},"point":1583},{"user":{"uid":409,"userid":226,"name":"𝙽𝙴𝚆𝚃𝚈𝙿𝙴𝚂","avatar":"https://cdn.discordapp.com/avatars/624501922531115019/720e6c9072e99985cd234df4183376af.png"},"point":1040},{"user":{"uid":337,"userid":208,"name":"Dr. Stevo","avatar":"https://cdn.discordapp.com/avatars/603859936434323456/a_8fb3ef826c61fa9bc1445843af78a75f.gif"},"point":551},{"user":{"uid":406,"userid":225,"name":"Gaurav1272","avatar":"https://avatars.steamstatic.com/fe5fe8d105d5d1617f755d6c1f9b09688bff585a_full.jpg"},"point":523},{"user":{"uid":211,"userid":160,"name":"human?","avatar":"https://cdn.discordapp.com/avatars/698752151073194015/e626fce336d1295ab98959c084394e8b.png"},"point":478},{"user":{"uid":300,"userid":197,"name":"zeup.langton","avatar":"https://cdn.discordapp.com/avatars/221167310986149888/3a5e16a8c7d7118cd586f6c28c2110df.png"},"point":332},{"user":{"uid":364,"userid":215,"name":"[MCG] Danish_v8","avatar":"https://static.truckersmp.com/avatarsN/3882826.1651322428.jpg"},"point":294},{"user":{"uid":423,"userid":234,"name":"airilxx","avatar":"https://cdn.discordapp.com/avatars/410461489011490817/d1d300ee9fe0a2746ef91643f057c9f4.png"},"point":202},{"user":{"uid":448,"userid":243,"name":"zeydox916","avatar":"https://cdn.discordapp.com/avatars/408691397345148929/d0e65576034b590e019ac69b962815a3.png"},"point":156}]}