{"fmd":[{"user":{"uid":18,"userid":17,"name":"Ismailali","avatar":"https://static.truckersmp.com/avatarsN/5215089.1705341903.jpeg"},"point":6933},{"user":{"uid":11,"userid":10,"name":"ALI_ALARAFEEN","avatar":"https://static.truckersmp.com/avatarsN/3548432.1702237396.png"},"point":5022},{"user":{"uid":10,"userid":9,"name":"Fate | mortada","avatar":"https://cdn.discordapp.com/avatars/938364860536877096/f3e9ec00103214a3159d401fdc361c7a.png"},"point":3617},{"user":{"uid":20,"userid":18,"name":"Fate | 𝑬𝑩𝑵 𝒀𝑨𝑺𝑺𝑰𝑬𝑵","avatar":"https://cdn.discordapp.com/avatars/810634801371021312/9eb6c2d42cc4c8fdef9d67fb34e3664b.png"},"point":2342},{"user":{"uid":29,"userid":28,"name":"Fate | Salah","avatar":"https://cdn.discordapp.com/avatars/803759858343346196/f65b198885829f9f2205e31777422ec0.png"},"point":1035},{"user":{"uid":12,"userid":11,"name":"Fate | OMAR IBRAHIM","avatar":"https://cdn.discordapp.com/avatars/817042346188472330/4613a8261bf809a23cc03ccfd30fdf2c.png"},"point":710},{"user":{"uid":25,"userid":21,"name":"Mo kamal","avatar":"https://avatars.steamstatic.com/f865025db7f5971657f364d03aab4589b58e7976_full.jpg"},"point":450},{"user":{"uid":48,"userid":44,"name":"Fate | Mohamed mostafa","avatar":"https://cdn.discordapp.com/avatars/1150961957206249502/e94b2eb56c16b7e8058c0a9c86787769.png"},"point":396}],"fma":[{"user":{"uid":18,"userid":17,"name":"Ismailali","avatar":"https://static.truckersmp.com/avatarsN/5215089.1705341903.jpeg"},"point":6933},{"user":{"uid":11,"userid":10,"name":"ALI_ALARAFEEN","avatar":"https://static.truckersmp.com/avatarsN/3548432.1702237396.png"},"point":5022},{"user":{"uid":10,"userid":9,"name":"Fate | mortada","avatar":"https://cdn.discordapp.com/avatars/938364860536877096/f3e9ec00103214a3159d401fdc361c7a.png"},"point":3617},{"user":{"uid":20,"userid":18,"name":"Fate | 𝑬𝑩𝑵 𝒀𝑨𝑺𝑺𝑰𝑬𝑵","avatar":"https://cdn.discordapp.com/avatars/810634801371021312/9eb6c2d42cc4c8fdef9d67fb34e3664b.png"},"point":2342},{"user":{"uid":29,"userid":28,"name":"Fate | Salah","avatar":"https://cdn.discordapp.com/avatars/803759858343346196/f65b198885829f9f2205e31777422ec0.png"},"point":1035},{"user":{"uid":12,"userid":11,"name":"Fate | OMAR IBRAHIM","avatar":"https://cdn.discordapp.com/avatars/817042346188472330/4613a8261bf809a23cc03ccfd30fdf2c.png"},"point":710},{"user":{"uid":48,"userid":44,"name":"Fate | Mohamed mostafa","avatar":"https://cdn.discordapp.com/avatars/1150961957206249502/e94b2eb56c16b7e8058c0a9c86787769.png"},"point":496},{"user":{"uid":25,"userid":21,"name":"Mo kamal","avatar":"https://avatars.steamstatic.com/f865025db7f5971657f364d03aab4589b58e7976_full.jpg"},"point":450}]}