{"fmd":[{"user":{"uid":36,"userid":82,"name":"SchakalGER","avatar":"https://cdn.discordapp.com/avatars/328243784703803413/0815cbf6b00e890a8030cd7d0042d596.png"},"point":8886},{"user":{"uid":85,"userid":76,"name":"BratPfanne","avatar":"https://cdn.discordapp.com/avatars/280066593428340739/935c5dc2cac4ab6850284f71bacf7134.png"},"point":4933},{"user":{"uid":272,"userid":227,"name":"Pfindus","avatar":"https://static.truckersmp.com/avatarsN/4311053.1710660288.png"},"point":4551},{"user":{"uid":121,"userid":108,"name":"Maxl931","avatar":"https://cdn.discordapp.com/avatars/663414831239528468/319a0b0939774c10d6c0b6c9d711393c.png"},"point":4251},{"user":{"uid":152,"userid":135,"name":"manu7432","avatar":"https://cdn.discordapp.com/avatars/1024735246249373777/cef1115e757e0b8944a70bcd74e63455.png"},"point":4125},{"user":{"uid":79,"userid":68,"name":"kevinnartor","avatar":"https://cdn.discordapp.com/avatars/332536235765530624/8b55e50924dd510472f9c32a0afc5d09.png"},"point":4084},{"user":{"uid":148,"userid":145,"name":"weisserkreuzer","avatar":"https://cdn.discordapp.com/avatars/303094283752308737/651be3b81b2b904cd1112f8501fd2e49.png"},"point":3637},{"user":{"uid":18,"userid":16,"name":"teufelsfrucht","avatar":"https://cdn.discordapp.com/avatars/910595374702551050/061f37845160435b7e85a1e913491524.png"},"point":3630},{"user":{"uid":275,"userid":229,"name":"ByEnderman_HD","avatar":"https://cdn.discordapp.com/avatars/664529284043636767/6b9fb4edd1d2c073428b956ede3c7228.png"},"point":3526},{"user":{"uid":84,"userid":77,"name":"mike","avatar":"https://cdn.discordapp.com/avatars/1112276488386003034/88820a5194ff058d02d7951c6534b5c8.png"},"point":3013},{"user":{"uid":194,"userid":188,"name":"[FLG] derMicha","avatar":"https://cdn.discordapp.com/avatars/951482086072660018/6f6fb9e5f328bec8c769d872bed5109a.png"},"point":2926},{"user":{"uid":58,"userid":45,"name":"Knirpsi","avatar":"https://cdn.discordapp.com/avatars/680795972275666957/83cbd46025e4c642396e78b1fb4a60d0.png"},"point":2518},{"user":{"uid":17,"userid":15,"name":"Henrix [GER/SWE]","avatar":"https://cdn.discordapp.com/avatars/445963051842273290/bf82a52a3a101f2b795f8baa92feecbf.png"},"point":2129},{"user":{"uid":1,"userid":1,"name":"Feyfar","avatar":"https://cdn.discordapp.com/avatars/513424125239230466/e720ef1e3ff385e1c8577fdf1754b7d3.png"},"point":2123},{"user":{"uid":154,"userid":137,"name":"gamezocker300","avatar":"https://cdn.discordapp.com/avatars/571059962831437860/3e7f16a5afefd61b70d4bf5711255b89.png"},"point":2016},{"user":{"uid":192,"userid":218,"name":"Pepe7530","avatar":"https://cdn.discordapp.com/avatars/264676607032033280/162a9ff3830854a226bbd190e2ad07ff.png"},"point":1869},{"user":{"uid":119,"userid":105,"name":"annoxz","avatar":"https://cdn.discordapp.com/avatars/584497248767967263/dc4e3f991aba525ca4839013723063de.png"},"point":1807},{"user":{"uid":56,"userid":42,"name":"Glaceon","avatar":"https://cdn.discordapp.com/avatars/348428309018705930/f1b68bf1b8a5121559e1b782c8941327.png"},"point":1576},{"user":{"uid":274,"userid":228,"name":"{FLG}AgentKire1987","avatar":"https://cdn.discordapp.com/avatars/425001789624942593/3820bba9111760526008ac24fcd99251.png"},"point":1110},{"user":{"uid":12,"userid":10,"name":"Tchabalala/Axel","avatar":"https://cdn.discordapp.com/avatars/336794680454938624/c949fc0ae2a0b67356a833b7f2dfb640.png"},"point":1027},{"user":{"uid":139,"userid":127,"name":"SturmNudelLP (PC)","avatar":"https://cdn.discordapp.com/avatars/686996505550258225/9fdc874a2ccce42bee7c48ef3ab9c80a.png"},"point":906},{"user":{"uid":46,"userid":44,"name":"Linus14_trucker","avatar":"https://cdn.discordapp.com/avatars/973298563750719518/f8077addf056d9aaf51c748928a4a6d2.png"},"point":905},{"user":{"uid":125,"userid":114,"name":"Best_Offline","avatar":"https://cdn.discordapp.com/avatars/427147191614963713/f4fd038e7c2d396fd8754d2b0bf2510e.png"},"point":904},{"user":{"uid":59,"userid":48,"name":"Patrick","avatar":"https://cdn.discordapp.com/avatars/408688712223031306/0cfcbf6ba2fb06d7f4ef39a9d5f8f496.png"},"point":903},{"user":{"uid":27,"userid":24,"name":"theredmachine","avatar":"https://static.truckersmp.com/avatarsN/3462295.1710611272.png"},"point":886},{"user":{"uid":52,"userid":83,"name":"einBulldog","avatar":"https://cdn.discordapp.com/avatars/709137463179870340/93686299097cbd934e49af0c878dcb25.png"},"point":775},{"user":{"uid":77,"userid":64,"name":"ossikralle91","avatar":"https://cdn.discordapp.com/avatars/174228229341577216/f6ce32d40a58b95cefa47ce3e939a8b4.png"},"point":671},{"user":{"uid":90,"userid":92,"name":"Truck Driver(GER)","avatar":"https://cdn.discordapp.com/avatars/697753575450738759/7fd627982dc1053d0feca23ee052e524.png"},"point":635},{"user":{"uid":126,"userid":115,"name":"FeelinaraIRL","avatar":"https://cdn.discordapp.com/avatars/200288092807102468/752990beade158ba2313f71c4a99b3d8.png"},"point":539},{"user":{"uid":43,"userid":31,"name":"[GER]Christian","avatar":"https://static.truckersmp.com/avatarsN/196694.1705792859.png"},"point":476},{"user":{"uid":261,"userid":214,"name":"Bergsen","avatar":"https://cdn.discordapp.com/avatars/432550604926091264/eae2252bca344b1468789fef4e5defee.png"},"point":386},{"user":{"uid":203,"userid":173,"name":"tobiii.","avatar":"https://cdn.discordapp.com/avatars/231897760406831105/5c1d3b42de02d1acdfa3146a26e770f2.png"},"point":362},{"user":{"uid":13,"userid":11,"name":"Dignity.","avatar":"https://static.truckersmp.com/avatarsN/4603971.1691867837.png"},"point":246}],"fma":[{"user":{"uid":36,"userid":82,"name":"SchakalGER","avatar":"https://cdn.discordapp.com/avatars/328243784703803413/0815cbf6b00e890a8030cd7d0042d596.png"},"point":8886},{"user":{"uid":85,"userid":76,"name":"BratPfanne","avatar":"https://cdn.discordapp.com/avatars/280066593428340739/935c5dc2cac4ab6850284f71bacf7134.png"},"point":4933},{"user":{"uid":272,"userid":227,"name":"Pfindus","avatar":"https://static.truckersmp.com/avatarsN/4311053.1710660288.png"},"point":4551},{"user":{"uid":121,"userid":108,"name":"Maxl931","avatar":"https://cdn.discordapp.com/avatars/663414831239528468/319a0b0939774c10d6c0b6c9d711393c.png"},"point":4251},{"user":{"uid":152,"userid":135,"name":"manu7432","avatar":"https://cdn.discordapp.com/avatars/1024735246249373777/cef1115e757e0b8944a70bcd74e63455.png"},"point":4125},{"user":{"uid":79,"userid":68,"name":"kevinnartor","avatar":"https://cdn.discordapp.com/avatars/332536235765530624/8b55e50924dd510472f9c32a0afc5d09.png"},"point":4084},{"user":{"uid":148,"userid":145,"name":"weisserkreuzer","avatar":"https://cdn.discordapp.com/avatars/303094283752308737/651be3b81b2b904cd1112f8501fd2e49.png"},"point":3637},{"user":{"uid":18,"userid":16,"name":"teufelsfrucht","avatar":"https://cdn.discordapp.com/avatars/910595374702551050/061f37845160435b7e85a1e913491524.png"},"point":3630},{"user":{"uid":275,"userid":229,"name":"ByEnderman_HD","avatar":"https://cdn.discordapp.com/avatars/664529284043636767/6b9fb4edd1d2c073428b956ede3c7228.png"},"point":3526},{"user":{"uid":84,"userid":77,"name":"mike","avatar":"https://cdn.discordapp.com/avatars/1112276488386003034/88820a5194ff058d02d7951c6534b5c8.png"},"point":3013},{"user":{"uid":194,"userid":188,"name":"[FLG] derMicha","avatar":"https://cdn.discordapp.com/avatars/951482086072660018/6f6fb9e5f328bec8c769d872bed5109a.png"},"point":2926},{"user":{"uid":58,"userid":45,"name":"Knirpsi","avatar":"https://cdn.discordapp.com/avatars/680795972275666957/83cbd46025e4c642396e78b1fb4a60d0.png"},"point":2518},{"user":{"uid":17,"userid":15,"name":"Henrix [GER/SWE]","avatar":"https://cdn.discordapp.com/avatars/445963051842273290/bf82a52a3a101f2b795f8baa92feecbf.png"},"point":2129},{"user":{"uid":1,"userid":1,"name":"Feyfar","avatar":"https://cdn.discordapp.com/avatars/513424125239230466/e720ef1e3ff385e1c8577fdf1754b7d3.png"},"point":2123},{"user":{"uid":154,"userid":137,"name":"gamezocker300","avatar":"https://cdn.discordapp.com/avatars/571059962831437860/3e7f16a5afefd61b70d4bf5711255b89.png"},"point":2016},{"user":{"uid":192,"userid":218,"name":"Pepe7530","avatar":"https://cdn.discordapp.com/avatars/264676607032033280/162a9ff3830854a226bbd190e2ad07ff.png"},"point":1869},{"user":{"uid":119,"userid":105,"name":"annoxz","avatar":"https://cdn.discordapp.com/avatars/584497248767967263/dc4e3f991aba525ca4839013723063de.png"},"point":1807},{"user":{"uid":56,"userid":42,"name":"Glaceon","avatar":"https://cdn.discordapp.com/avatars/348428309018705930/f1b68bf1b8a5121559e1b782c8941327.png"},"point":1576},{"user":{"uid":274,"userid":228,"name":"{FLG}AgentKire1987","avatar":"https://cdn.discordapp.com/avatars/425001789624942593/3820bba9111760526008ac24fcd99251.png"},"point":1110},{"user":{"uid":12,"userid":10,"name":"Tchabalala/Axel","avatar":"https://cdn.discordapp.com/avatars/336794680454938624/c949fc0ae2a0b67356a833b7f2dfb640.png"},"point":1027},{"user":{"uid":139,"userid":127,"name":"SturmNudelLP (PC)","avatar":"https://cdn.discordapp.com/avatars/686996505550258225/9fdc874a2ccce42bee7c48ef3ab9c80a.png"},"point":906},{"user":{"uid":46,"userid":44,"name":"Linus14_trucker","avatar":"https://cdn.discordapp.com/avatars/973298563750719518/f8077addf056d9aaf51c748928a4a6d2.png"},"point":905},{"user":{"uid":125,"userid":114,"name":"Best_Offline","avatar":"https://cdn.discordapp.com/avatars/427147191614963713/f4fd038e7c2d396fd8754d2b0bf2510e.png"},"point":904},{"user":{"uid":59,"userid":48,"name":"Patrick","avatar":"https://cdn.discordapp.com/avatars/408688712223031306/0cfcbf6ba2fb06d7f4ef39a9d5f8f496.png"},"point":903},{"user":{"uid":27,"userid":24,"name":"theredmachine","avatar":"https://static.truckersmp.com/avatarsN/3462295.1710611272.png"},"point":886},{"user":{"uid":52,"userid":83,"name":"einBulldog","avatar":"https://cdn.discordapp.com/avatars/709137463179870340/93686299097cbd934e49af0c878dcb25.png"},"point":775},{"user":{"uid":77,"userid":64,"name":"ossikralle91","avatar":"https://cdn.discordapp.com/avatars/174228229341577216/f6ce32d40a58b95cefa47ce3e939a8b4.png"},"point":671},{"user":{"uid":90,"userid":92,"name":"Truck Driver(GER)","avatar":"https://cdn.discordapp.com/avatars/697753575450738759/7fd627982dc1053d0feca23ee052e524.png"},"point":635},{"user":{"uid":126,"userid":115,"name":"FeelinaraIRL","avatar":"https://cdn.discordapp.com/avatars/200288092807102468/752990beade158ba2313f71c4a99b3d8.png"},"point":539},{"user":{"uid":43,"userid":31,"name":"[GER]Christian","avatar":"https://static.truckersmp.com/avatarsN/196694.1705792859.png"},"point":476},{"user":{"uid":261,"userid":214,"name":"Bergsen","avatar":"https://cdn.discordapp.com/avatars/432550604926091264/eae2252bca344b1468789fef4e5defee.png"},"point":386},{"user":{"uid":203,"userid":173,"name":"tobiii.","avatar":"https://cdn.discordapp.com/avatars/231897760406831105/5c1d3b42de02d1acdfa3146a26e770f2.png"},"point":362},{"user":{"uid":13,"userid":11,"name":"Dignity.","avatar":"https://static.truckersmp.com/avatarsN/4603971.1691867837.png"},"point":246}]}