{"fmd":[{"user":{"uid":31,"userid":37,"name":"GB | Dave [19]","avatar":"https://cdn.discordapp.com/avatars/679370137639583746/5a436e69af2bf32b41a283d26468ffc2.png"},"point":1048},{"user":{"uid":6,"userid":6,"name":"GB | Batın [19]","avatar":"https://static.truckersmp.com/avatarsN/4072312.1654349778.png"},"point":1012},{"user":{"uid":27,"userid":31,"name":"GB | İbrahim [25]","avatar":"https://cdn.discordapp.com/avatars/370151130266861578/51d5a138c76e1e76f23c34a932ab725d.png"},"point":1012},{"user":{"uid":18,"userid":19,"name":"GB |  Burak {25}","avatar":"https://cdn.discordapp.com/avatars/291256369871323136/6ea0b9179dbbd8cb525e3f2d2b651524.png"},"point":1006},{"user":{"uid":30,"userid":35,"name":"GB | Mikey [20]","avatar":"https://cdn.discordapp.com/avatars/359045731048357888/a_e27f09c576944cb47196bcc128001deb.gif"},"point":527},{"user":{"uid":13,"userid":13,"name":"LOA | Caner [40]","avatar":"https://cdn.discordapp.com/avatars/644261578392469534/fbb3347356714ef7d3ab0443c54c3929.png"},"point":472}],"fma":[{"user":{"uid":31,"userid":37,"name":"GB | Dave [19]","avatar":"https://cdn.discordapp.com/avatars/679370137639583746/5a436e69af2bf32b41a283d26468ffc2.png"},"point":1231},{"user":{"uid":6,"userid":6,"name":"GB | Batın [19]","avatar":"https://static.truckersmp.com/avatarsN/4072312.1654349778.png"},"point":1209},{"user":{"uid":27,"userid":31,"name":"GB | İbrahim [25]","avatar":"https://cdn.discordapp.com/avatars/370151130266861578/51d5a138c76e1e76f23c34a932ab725d.png"},"point":1169},{"user":{"uid":18,"userid":19,"name":"GB |  Burak {25}","avatar":"https://cdn.discordapp.com/avatars/291256369871323136/6ea0b9179dbbd8cb525e3f2d2b651524.png"},"point":1152},{"user":{"uid":30,"userid":35,"name":"GB | Mikey [20]","avatar":"https://cdn.discordapp.com/avatars/359045731048357888/a_e27f09c576944cb47196bcc128001deb.gif"},"point":609},{"user":{"uid":13,"userid":13,"name":"LOA | Caner [40]","avatar":"https://cdn.discordapp.com/avatars/644261578392469534/fbb3347356714ef7d3ab0443c54c3929.png"},"point":472},{"user":{"uid":11,"userid":11,"name":"GB |  Sefacan {21}","avatar":"https://cdn.discordapp.com/avatars/334618818867494914/8cb0900a7e34cf5426345615ef4f0478.png"},"point":450}]}