{"fmd":[{"user":{"uid":589,"userid":474,"name":"jamie o connor","avatar":"https://cdn.discordapp.com/avatars/1182404565451165726/8e491d058c40545ad2c385c34f22f3f2.png"},"point":2283},{"user":{"uid":603,"userid":484,"name":"VJvijey","avatar":"https://cdn.discordapp.com/avatars/501001074782502912/25abb23bf0c24c97bf14a72fc880b1da.png"},"point":1628},{"user":{"uid":458,"userid":377,"name":"LordCancer420","avatar":"https://cdn.discordapp.com/avatars/412529924805492756/38365841d4eaa1db7d73bc11bc478124.png"},"point":1567},{"user":{"uid":427,"userid":353,"name":"Versthappening","avatar":"https://cdn.discordapp.com/avatars/851032564801077258/b6762130b06d88078b10d519887e731b.png"},"point":1475},{"user":{"uid":391,"userid":329,"name":"Джеспер","avatar":"https://cdn.discordapp.com/avatars/632239961994821680/d4a0d65db94bed39bb7ee26b80fc9ddd.png"},"point":954},{"user":{"uid":402,"userid":337,"name":"viriusek","avatar":"https://cdn.discordapp.com/avatars/814466964918370305/4491219e03ffb01a401aa3b5d09ad470.png"},"point":898},{"user":{"uid":438,"userid":363,"name":"ʀᴀsᴏᴡʏ ᴋᴏʟᴇɢᴀ","avatar":"https://cdn.discordapp.com/avatars/1164444779623489562/a_b22800fa646f69b7baf097af65a2db9a.gif"},"point":897},{"user":{"uid":516,"userid":417,"name":"Ravsh1k","avatar":"https://cdn.discordapp.com/avatars/901846074740858890/775a54f0f101fa2eb9b9fb54ad87ce55.png"},"point":837},{"user":{"uid":596,"userid":480,"name":"proximirones","avatar":"https://cdn.discordapp.com/avatars/830886800398221393/0a65872022ee1b3452cc03b312d8a67c.png"},"point":815},{"user":{"uid":240,"userid":324,"name":"El cigala","avatar":"https://cdn.discordapp.com/avatars/303581906015092739/832ad8f1b8494b72b34f5c2f1bf642ce.png"},"point":610},{"user":{"uid":25,"userid":96,"name":"[G-T-R]GrayWolf","avatar":"https://cdn.discordapp.com/avatars/463049453067173888/93e0f855de1c1bcdf6924d45b1789338.png"},"point":534},{"user":{"uid":396,"userid":331,"name":"Lucas","avatar":"https://cdn.discordapp.com/avatars/1004644388888117258/40f0905fcd22843d4e831fa18fc7576d.png"},"point":505},{"user":{"uid":480,"userid":395,"name":"Sh0tBlow","avatar":"https://cdn.discordapp.com/avatars/462991116279611392/87bf1e3b76d220025f3fb4b0029427f8.png"},"point":245},{"user":{"uid":428,"userid":355,"name":"Mesterlol","avatar":"https://cdn.discordapp.com/avatars/670641506033467409/a_2f14343df687335c63f7e07780fcddaf.gif"},"point":206},{"user":{"uid":483,"userid":394,"name":"Xikxzy","avatar":"https://cdn.discordapp.com/avatars/960949402191683595/1270700e622dfb0e702498378ecf1317.png"},"point":9},{"user":{"uid":49,"userid":155,"name":"𝕃𝕖𝕝𝕖","avatar":"https://cdn.discordapp.com/avatars/757581408763117579/a_cf5a82651ba541430cbe22ba7b4174dd.gif"},"point":0},{"user":{"uid":599,"userid":482,"name":"dood51","avatar":"https://cdn.discordapp.com/avatars/1215977765778489364/e2e4afccd7e82bb48dc1b4e183cb9feb.png"},"point":0}],"fma":[{"user":{"uid":427,"userid":353,"name":"Versthappening","avatar":"https://cdn.discordapp.com/avatars/851032564801077258/b6762130b06d88078b10d519887e731b.png"},"point":2855},{"user":{"uid":589,"userid":474,"name":"jamie o connor","avatar":"https://cdn.discordapp.com/avatars/1182404565451165726/8e491d058c40545ad2c385c34f22f3f2.png"},"point":2283},{"user":{"uid":458,"userid":377,"name":"LordCancer420","avatar":"https://cdn.discordapp.com/avatars/412529924805492756/38365841d4eaa1db7d73bc11bc478124.png"},"point":2057},{"user":{"uid":516,"userid":417,"name":"Ravsh1k","avatar":"https://cdn.discordapp.com/avatars/901846074740858890/775a54f0f101fa2eb9b9fb54ad87ce55.png"},"point":1632},{"user":{"uid":603,"userid":484,"name":"VJvijey","avatar":"https://cdn.discordapp.com/avatars/501001074782502912/25abb23bf0c24c97bf14a72fc880b1da.png"},"point":1628},{"user":{"uid":596,"userid":480,"name":"proximirones","avatar":"https://cdn.discordapp.com/avatars/830886800398221393/0a65872022ee1b3452cc03b312d8a67c.png"},"point":1215},{"user":{"uid":396,"userid":331,"name":"Lucas","avatar":"https://cdn.discordapp.com/avatars/1004644388888117258/40f0905fcd22843d4e831fa18fc7576d.png"},"point":1095},{"user":{"uid":391,"userid":329,"name":"Джеспер","avatar":"https://cdn.discordapp.com/avatars/632239961994821680/d4a0d65db94bed39bb7ee26b80fc9ddd.png"},"point":954},{"user":{"uid":402,"userid":337,"name":"viriusek","avatar":"https://cdn.discordapp.com/avatars/814466964918370305/4491219e03ffb01a401aa3b5d09ad470.png"},"point":898},{"user":{"uid":438,"userid":363,"name":"ʀᴀsᴏᴡʏ ᴋᴏʟᴇɢᴀ","avatar":"https://cdn.discordapp.com/avatars/1164444779623489562/a_b22800fa646f69b7baf097af65a2db9a.gif"},"point":897},{"user":{"uid":240,"userid":324,"name":"El cigala","avatar":"https://cdn.discordapp.com/avatars/303581906015092739/832ad8f1b8494b72b34f5c2f1bf642ce.png"},"point":610},{"user":{"uid":25,"userid":96,"name":"[G-T-R]GrayWolf","avatar":"https://cdn.discordapp.com/avatars/463049453067173888/93e0f855de1c1bcdf6924d45b1789338.png"},"point":534},{"user":{"uid":599,"userid":482,"name":"dood51","avatar":"https://cdn.discordapp.com/avatars/1215977765778489364/e2e4afccd7e82bb48dc1b4e183cb9feb.png"},"point":400},{"user":{"uid":504,"userid":411,"name":"ArgotheWolf","avatar":"https://static.truckersmp.com/avatarsN/defaultavatar.png"},"point":400},{"user":{"uid":480,"userid":395,"name":"Sh0tBlow","avatar":"https://cdn.discordapp.com/avatars/462991116279611392/87bf1e3b76d220025f3fb4b0029427f8.png"},"point":245},{"user":{"uid":428,"userid":355,"name":"Mesterlol","avatar":"https://cdn.discordapp.com/avatars/670641506033467409/a_2f14343df687335c63f7e07780fcddaf.gif"},"point":206},{"user":{"uid":483,"userid":394,"name":"Xikxzy","avatar":"https://cdn.discordapp.com/avatars/960949402191683595/1270700e622dfb0e702498378ecf1317.png"},"point":9},{"user":{"uid":49,"userid":155,"name":"𝕃𝕖𝕝𝕖","avatar":"https://cdn.discordapp.com/avatars/757581408763117579/a_cf5a82651ba541430cbe22ba7b4174dd.gif"},"point":0}]}