{"fmd":[{"user":{"uid":55,"userid":44,"name":"(DR)  Dougie","avatar":"https://cdn.discordapp.com/avatars/297388374409347072/4d61d8619083a93069be006fc82fdeb8.png"},"point":3073},{"user":{"uid":176,"userid":149,"name":"(DRT) Copey7503","avatar":"https://cdn.discordapp.com/avatars/424390191256567808/14d5d86cdb30dc4c281a7040d80f6337.png"},"point":1625},{"user":{"uid":28,"userid":23,"name":"(CEO) Pete (DND)","avatar":"https://cdn.discordapp.com/avatars/316660255872516106/8a2dca3b679afae90df18edc44b1584c.png"},"point":1623},{"user":{"uid":6,"userid":3,"name":"(Co Owner) Angry Raptor","avatar":"https://cdn.discordapp.com/avatars/474484979548815360/6347a182410a674dfb6f831275c1b803.png"},"point":1521},{"user":{"uid":118,"userid":96,"name":"(DR) ST1G","avatar":"https://cdn.discordapp.com/avatars/515890400494616608/f4bac7aef316082f7bad4fcbb6b39570.png"},"point":1511},{"user":{"uid":157,"userid":130,"name":"(DR) Sparky92","avatar":"https://cdn.discordapp.com/avatars/473576104112947200/6cbb0a2f6d2be214938b423e02ea7c71.png"},"point":1511},{"user":{"uid":5,"userid":2,"name":"(owner) Boss 𝓙𝓸𝓻𝓭1498","avatar":"https://cdn.discordapp.com/avatars/613745490646925352/64aef3a50f31a7fbf4deca8ad2915a69.png"},"point":1508},{"user":{"uid":161,"userid":134,"name":"(DR) colvie","avatar":"https://cdn.discordapp.com/avatars/401489800013676545/86bff531bf2c8b036c06a8de1e90b364.png"},"point":1436},{"user":{"uid":172,"userid":145,"name":"(DR) JortGlobe","avatar":"https://cdn.discordapp.com/avatars/821749276706734110/7962c232c2fcc443a70792b6c9d5979b.png"},"point":1114},{"user":{"uid":95,"userid":78,"name":"(DR) JYXH","avatar":"https://cdn.discordapp.com/avatars/1176564919861260309/6b24021290db5d66363b21aed762aed2.png"},"point":997},{"user":{"uid":166,"userid":139,"name":"(DR) Cloven","avatar":"https://cdn.discordapp.com/avatars/897392805104734239/8fde5905c683ee11047bee0e47fa8db8.png"},"point":931},{"user":{"uid":79,"userid":65,"name":"(DR) Pranto Sarker","avatar":"https://cdn.discordapp.com/avatars/308254991385231371/aab66cdf57aa340b8439bdcdf609d5fd.png"},"point":692},{"user":{"uid":158,"userid":131,"name":"(HRT) Infantry4life","avatar":"https://cdn.discordapp.com/avatars/313867376707895298/eaeca34699613c2d815224f6096fa34a.png"},"point":420},{"user":{"uid":68,"userid":54,"name":"(DR) Jerry","avatar":"https://cdn.discordapp.com/avatars/598584819571490866/e03eac23faa569518589c410a03ed3b5.png"},"point":147}],"fma":[{"user":{"uid":55,"userid":44,"name":"(DR)  Dougie","avatar":"https://cdn.discordapp.com/avatars/297388374409347072/4d61d8619083a93069be006fc82fdeb8.png"},"point":3073},{"user":{"uid":6,"userid":3,"name":"(Co Owner) Angry Raptor","avatar":"https://cdn.discordapp.com/avatars/474484979548815360/6347a182410a674dfb6f831275c1b803.png"},"point":1771},{"user":{"uid":161,"userid":134,"name":"(DR) colvie","avatar":"https://cdn.discordapp.com/avatars/401489800013676545/86bff531bf2c8b036c06a8de1e90b364.png"},"point":1736},{"user":{"uid":118,"userid":96,"name":"(DR) ST1G","avatar":"https://cdn.discordapp.com/avatars/515890400494616608/f4bac7aef316082f7bad4fcbb6b39570.png"},"point":1711},{"user":{"uid":157,"userid":130,"name":"(DR) Sparky92","avatar":"https://cdn.discordapp.com/avatars/473576104112947200/6cbb0a2f6d2be214938b423e02ea7c71.png"},"point":1711},{"user":{"uid":176,"userid":149,"name":"(DRT) Copey7503","avatar":"https://cdn.discordapp.com/avatars/424390191256567808/14d5d86cdb30dc4c281a7040d80f6337.png"},"point":1625},{"user":{"uid":28,"userid":23,"name":"(CEO) Pete (DND)","avatar":"https://cdn.discordapp.com/avatars/316660255872516106/8a2dca3b679afae90df18edc44b1584c.png"},"point":1623},{"user":{"uid":5,"userid":2,"name":"(owner) Boss 𝓙𝓸𝓻𝓭1498","avatar":"https://cdn.discordapp.com/avatars/613745490646925352/64aef3a50f31a7fbf4deca8ad2915a69.png"},"point":1508},{"user":{"uid":172,"userid":145,"name":"(DR) JortGlobe","avatar":"https://cdn.discordapp.com/avatars/821749276706734110/7962c232c2fcc443a70792b6c9d5979b.png"},"point":1114},{"user":{"uid":95,"userid":78,"name":"(DR) JYXH","avatar":"https://cdn.discordapp.com/avatars/1176564919861260309/6b24021290db5d66363b21aed762aed2.png"},"point":997},{"user":{"uid":166,"userid":139,"name":"(DR) Cloven","avatar":"https://cdn.discordapp.com/avatars/897392805104734239/8fde5905c683ee11047bee0e47fa8db8.png"},"point":931},{"user":{"uid":79,"userid":65,"name":"(DR) Pranto Sarker","avatar":"https://cdn.discordapp.com/avatars/308254991385231371/aab66cdf57aa340b8439bdcdf609d5fd.png"},"point":692},{"user":{"uid":158,"userid":131,"name":"(HRT) Infantry4life","avatar":"https://cdn.discordapp.com/avatars/313867376707895298/eaeca34699613c2d815224f6096fa34a.png"},"point":620},{"user":{"uid":68,"userid":54,"name":"(DR) Jerry","avatar":"https://cdn.discordapp.com/avatars/598584819571490866/e03eac23faa569518589c410a03ed3b5.png"},"point":147}]}