{"fmd":[{"user":{"uid":8,"userid":6,"name":"ll iScuf ll","avatar":"https://cdn.discordapp.com/avatars/321795006178525186/a_b79d3e9a2be03b5fc4d9c795da893874.gif"},"point":5943},{"user":{"uid":255,"userid":195,"name":"danl","avatar":"https://cdn.discordapp.com/avatars/109097646110552064/ecc38a9d813406d64511abb2d7bb05b8.png"},"point":4155},{"user":{"uid":194,"userid":150,"name":"_W0LFIE_","avatar":"https://cdn.discordapp.com/avatars/1153533912254009377/a5cd0bb93f2d7e40729a9cec032b1e6f.png"},"point":3200},{"user":{"uid":230,"userid":174,"name":"pauches","avatar":""},"point":2747},{"user":{"uid":76,"userid":60,"name":"V8 Gaming","avatar":"https://cdn.discordapp.com/avatars/793808849404559452/3ad45fe419c80a0cc727643ff48b4a6c.png"},"point":2427},{"user":{"uid":28,"userid":17,"name":"Mistyっ ゛","avatar":"https://cdn.discordapp.com/avatars/451086562617327616/3a7355e38c7bc476a871faee38e8f1c0.png"},"point":2336},{"user":{"uid":259,"userid":197,"name":"I3uckfast","avatar":"https://cdn.discordapp.com/avatars/1004430807357722625/8824de375f59b95e388b5680710ead3f.png"},"point":2141},{"user":{"uid":112,"userid":86,"name":"PistonFace08","avatar":"https://cdn.discordapp.com/avatars/562334030612135968/a2f83155381251c95dc78b28c3ae46c6.png"},"point":1660},{"user":{"uid":1,"userid":1,"name":"!itsPeanutttt","avatar":"https://cdn.discordapp.com/avatars/208757218013609985/a_b8fae2196be237eb9612f9daed82c1e3.gif"},"point":1042},{"user":{"uid":176,"userid":136,"name":"Para","avatar":""},"point":991},{"user":{"uid":222,"userid":171,"name":"DRAKNESS","avatar":"https://cdn.discordapp.com/avatars/191435261777936384/cde25647f4a18c5f7427ee26497adb09.png"},"point":983},{"user":{"uid":54,"userid":44,"name":"BDaken","avatar":"https://cdn.discordapp.com/avatars/216786480088088577/2b6f81c3727a628c4806c5a0ece25fcd.png"},"point":953},{"user":{"uid":267,"userid":203,"name":"Sticks","avatar":"https://cdn.discordapp.com/avatars/1017196087276220447/69432ca72ed34db31f7a0cb99c8fbdae.png"},"point":670},{"user":{"uid":134,"userid":104,"name":"Freshmuscl3","avatar":"https://static.truckersmp.com/avatarsN/5222182.1706276666.png"},"point":614},{"user":{"uid":204,"userid":155,"name":"Scarry","avatar":"https://cdn.discordapp.com/avatars/844243311656304640/97d5a76cb3a043c30ccf82e19a6869f9.png"},"point":561},{"user":{"uid":23,"userid":14,"name":"ajjjjj","avatar":"https://cdn.discordapp.com/avatars/823704900780687381/ad59e1d2eb1afd9016e3578e1dacf6bb.png"},"point":519},{"user":{"uid":32,"userid":21,"name":"NateNZ","avatar":"https://cdn.discordapp.com/avatars/263779798327885834/54adfd241b87dc24073b7cc175209ad7.png"},"point":514},{"user":{"uid":15,"userid":10,"name":"MarlonSkills","avatar":"https://cdn.discordapp.com/avatars/315956778884005890/9a3d00de17d4e51023e4dc7542353ce7.png"},"point":508},{"user":{"uid":248,"userid":191,"name":"Çako","avatar":"https://cdn.discordapp.com/avatars/443072261000527875/0f80be7a1cda56aad905872ab94d77e3.png"},"point":475},{"user":{"uid":241,"userid":184,"name":"F_I_S_T","avatar":"https://cdn.discordapp.com/avatars/540017955413557258/525e165ce9fb3db253ba3e03ac9b58e3.png"},"point":456},{"user":{"uid":154,"userid":119,"name":"WhatsAptyp","avatar":"https://cdn.discordapp.com/avatars/755731783030407199/21bf829739ff5cb6fa0c9f6a11773ec3.png"},"point":122},{"user":{"uid":45,"userid":36,"name":"AMD R9 270X","avatar":"https://cdn.discordapp.com/avatars/978792461541445654/68b342baaa06b174073ab1c9e2428c02.png"},"point":0}],"fma":[{"user":{"uid":8,"userid":6,"name":"ll iScuf ll","avatar":"https://cdn.discordapp.com/avatars/321795006178525186/a_b79d3e9a2be03b5fc4d9c795da893874.gif"},"point":6118},{"user":{"uid":108,"userid":83,"name":"mth.","avatar":"https://cdn.discordapp.com/avatars/1048895539606978651/a_ed23bd3b02d03ccafa443faf15ff38ca.gif"},"point":4800},{"user":{"uid":255,"userid":195,"name":"danl","avatar":"https://cdn.discordapp.com/avatars/109097646110552064/ecc38a9d813406d64511abb2d7bb05b8.png"},"point":4363},{"user":{"uid":76,"userid":60,"name":"V8 Gaming","avatar":"https://cdn.discordapp.com/avatars/793808849404559452/3ad45fe419c80a0cc727643ff48b4a6c.png"},"point":3921},{"user":{"uid":194,"userid":150,"name":"_W0LFIE_","avatar":"https://cdn.discordapp.com/avatars/1153533912254009377/a5cd0bb93f2d7e40729a9cec032b1e6f.png"},"point":3460},{"user":{"uid":100,"userid":75,"name":"I am KingHeet","avatar":"https://static.truckersmp.com/avatarsN/3141865.1659238151.jpeg"},"point":3400},{"user":{"uid":259,"userid":197,"name":"I3uckfast","avatar":"https://cdn.discordapp.com/avatars/1004430807357722625/8824de375f59b95e388b5680710ead3f.png"},"point":2968},{"user":{"uid":230,"userid":174,"name":"pauches","avatar":""},"point":2958},{"user":{"uid":32,"userid":21,"name":"NateNZ","avatar":"https://cdn.discordapp.com/avatars/263779798327885834/54adfd241b87dc24073b7cc175209ad7.png"},"point":2668},{"user":{"uid":28,"userid":17,"name":"Mistyっ ゛","avatar":"https://cdn.discordapp.com/avatars/451086562617327616/3a7355e38c7bc476a871faee38e8f1c0.png"},"point":2648},{"user":{"uid":134,"userid":104,"name":"Freshmuscl3","avatar":"https://static.truckersmp.com/avatarsN/5222182.1706276666.png"},"point":2564},{"user":{"uid":112,"userid":86,"name":"PistonFace08","avatar":"https://cdn.discordapp.com/avatars/562334030612135968/a2f83155381251c95dc78b28c3ae46c6.png"},"point":2526},{"user":{"uid":176,"userid":136,"name":"Para","avatar":""},"point":1434},{"user":{"uid":1,"userid":1,"name":"!itsPeanutttt","avatar":"https://cdn.discordapp.com/avatars/208757218013609985/a_b8fae2196be237eb9612f9daed82c1e3.gif"},"point":1427},{"user":{"uid":222,"userid":171,"name":"DRAKNESS","avatar":"https://cdn.discordapp.com/avatars/191435261777936384/cde25647f4a18c5f7427ee26497adb09.png"},"point":1109},{"user":{"uid":267,"userid":203,"name":"Sticks","avatar":"https://cdn.discordapp.com/avatars/1017196087276220447/69432ca72ed34db31f7a0cb99c8fbdae.png"},"point":972},{"user":{"uid":54,"userid":44,"name":"BDaken","avatar":"https://cdn.discordapp.com/avatars/216786480088088577/2b6f81c3727a628c4806c5a0ece25fcd.png"},"point":953},{"user":{"uid":204,"userid":155,"name":"Scarry","avatar":"https://cdn.discordapp.com/avatars/844243311656304640/97d5a76cb3a043c30ccf82e19a6869f9.png"},"point":561},{"user":{"uid":23,"userid":14,"name":"ajjjjj","avatar":"https://cdn.discordapp.com/avatars/823704900780687381/ad59e1d2eb1afd9016e3578e1dacf6bb.png"},"point":519},{"user":{"uid":15,"userid":10,"name":"MarlonSkills","avatar":"https://cdn.discordapp.com/avatars/315956778884005890/9a3d00de17d4e51023e4dc7542353ce7.png"},"point":508},{"user":{"uid":248,"userid":191,"name":"Çako","avatar":"https://cdn.discordapp.com/avatars/443072261000527875/0f80be7a1cda56aad905872ab94d77e3.png"},"point":475},{"user":{"uid":241,"userid":184,"name":"F_I_S_T","avatar":"https://cdn.discordapp.com/avatars/540017955413557258/525e165ce9fb3db253ba3e03ac9b58e3.png"},"point":456},{"user":{"uid":154,"userid":119,"name":"WhatsAptyp","avatar":"https://cdn.discordapp.com/avatars/755731783030407199/21bf829739ff5cb6fa0c9f6a11773ec3.png"},"point":122},{"user":{"uid":45,"userid":36,"name":"AMD R9 270X","avatar":"https://cdn.discordapp.com/avatars/978792461541445654/68b342baaa06b174073ab1c9e2428c02.png"},"point":0}]}