{"fmd":[{"user":{"uid":104,"userid":92,"name":"Mario","avatar":""},"point":9538},{"user":{"uid":165,"userid":147,"name":"Bernd.R","avatar":"https://avatars.steamstatic.com/1632837e2e6f9bff2970254d35d06bae45d9a395_full.jpg"},"point":8809},{"user":{"uid":136,"userid":121,"name":"Fuzzi_One","avatar":"https://avatars.steamstatic.com/80dc5c843904a69c82033fa7600d24e61dc9b370_full.jpg"},"point":6463},{"user":{"uid":28,"userid":21,"name":"Lenkradgreifer / Peter","avatar":"https://avatars.steamstatic.com/acf67207768cdc5be5f09aca6a9f7830bf27d6f7_full.jpg"},"point":5046},{"user":{"uid":171,"userid":154,"name":"dom_binda","avatar":"https://avatars.steamstatic.com/850c742b99f1bd3b7e51baab91a51db1ac4e08c8_full.jpg"},"point":4748},{"user":{"uid":27,"userid":40,"name":"Odin","avatar":"https://avatars.steamstatic.com/d85514129aa7b2bd055e58358fea8f36254dbc3b_full.jpg"},"point":3792},{"user":{"uid":31,"userid":22,"name":"[RSL] Fun_irrenanstalt","avatar":""},"point":2735},{"user":{"uid":151,"userid":136,"name":"rosiilein","avatar":"https://avatars.steamstatic.com/fef49e7fa7e1997310d705b2a6158ff8dc1cdfeb_full.jpg"},"point":2125},{"user":{"uid":62,"userid":55,"name":"Uhtred Ragnarson","avatar":"https://avatars.steamstatic.com/5ac96193edf39f0e7071bf69bf710db4a2352465_full.jpg"},"point":1689},{"user":{"uid":143,"userid":128,"name":"Tomm82m","avatar":"https://avatars.steamstatic.com/70845c436d1d1acef2a024c0a46d21d53c13eda5_full.jpg"},"point":1674},{"user":{"uid":6,"userid":6,"name":"Rom77","avatar":"https://avatars.steamstatic.com/c949ed9e884ddd730097bfe8848bdc3fb152f582_full.jpg"},"point":1546},{"user":{"uid":164,"userid":146,"name":"RecordingBadass","avatar":"https://avatars.steamstatic.com/60a08004ab4caf17dee67aeabda1d156d08dff11_full.jpg"},"point":794},{"user":{"uid":51,"userid":42,"name":"Holy Kiwinger <3™","avatar":"https://avatars.steamstatic.com/83d2ab083eb76aebed718fd01921fbe2af2b7e35_full.jpg"},"point":566},{"user":{"uid":2,"userid":2,"name":"[RSL] Ghost","avatar":"https://cdn.discordapp.com/avatars/673509646996209676/a_7feeb1df41d09e7ca4d7d962e4c56933.gif"},"point":478},{"user":{"uid":163,"userid":152,"name":"martin.kuenz","avatar":"https://avatars.steamstatic.com/fef49e7fa7e1997310d705b2a6158ff8dc1cdfeb_full.jpg"},"point":388},{"user":{"uid":139,"userid":124,"name":"felix-menzler","avatar":"https://avatars.steamstatic.com/92f23da5d9678dfe7c3d530a1c449c98331a0cca_full.jpg"},"point":380},{"user":{"uid":14,"userid":12,"name":"taaastyyy","avatar":"https://avatars.steamstatic.com/d71b2fd5a847a659ec55c28f0693363643794d79_full.jpg"},"point":332},{"user":{"uid":75,"userid":67,"name":"GunGamerTV","avatar":"https://avatars.steamstatic.com/64ae1da41a9c51a5ab44c29f0b054b14123aabe4_full.jpg"},"point":332},{"user":{"uid":10,"userid":10,"name":"[RSL] -Anorak-","avatar":"https://cdn.discordapp.com/avatars/1211937272702697512/a_50597e0a2e786f55d56100f1a35257a7.gif"},"point":15},{"user":{"uid":29,"userid":23,"name":"Seitenbacher_Hanföl","avatar":"https://avatars.steamstatic.com/acf67207768cdc5be5f09aca6a9f7830bf27d6f7_full.jpg"},"point":0}],"fma":[{"user":{"uid":104,"userid":92,"name":"Mario","avatar":""},"point":9538},{"user":{"uid":165,"userid":147,"name":"Bernd.R","avatar":"https://avatars.steamstatic.com/1632837e2e6f9bff2970254d35d06bae45d9a395_full.jpg"},"point":8809},{"user":{"uid":136,"userid":121,"name":"Fuzzi_One","avatar":"https://avatars.steamstatic.com/80dc5c843904a69c82033fa7600d24e61dc9b370_full.jpg"},"point":6463},{"user":{"uid":28,"userid":21,"name":"Lenkradgreifer / Peter","avatar":"https://avatars.steamstatic.com/acf67207768cdc5be5f09aca6a9f7830bf27d6f7_full.jpg"},"point":5046},{"user":{"uid":171,"userid":154,"name":"dom_binda","avatar":"https://avatars.steamstatic.com/850c742b99f1bd3b7e51baab91a51db1ac4e08c8_full.jpg"},"point":4748},{"user":{"uid":27,"userid":40,"name":"Odin","avatar":"https://avatars.steamstatic.com/d85514129aa7b2bd055e58358fea8f36254dbc3b_full.jpg"},"point":3792},{"user":{"uid":31,"userid":22,"name":"[RSL] Fun_irrenanstalt","avatar":""},"point":2735},{"user":{"uid":151,"userid":136,"name":"rosiilein","avatar":"https://avatars.steamstatic.com/fef49e7fa7e1997310d705b2a6158ff8dc1cdfeb_full.jpg"},"point":2125},{"user":{"uid":62,"userid":55,"name":"Uhtred Ragnarson","avatar":"https://avatars.steamstatic.com/5ac96193edf39f0e7071bf69bf710db4a2352465_full.jpg"},"point":1689},{"user":{"uid":143,"userid":128,"name":"Tomm82m","avatar":"https://avatars.steamstatic.com/70845c436d1d1acef2a024c0a46d21d53c13eda5_full.jpg"},"point":1674},{"user":{"uid":6,"userid":6,"name":"Rom77","avatar":"https://avatars.steamstatic.com/c949ed9e884ddd730097bfe8848bdc3fb152f582_full.jpg"},"point":1546},{"user":{"uid":164,"userid":146,"name":"RecordingBadass","avatar":"https://avatars.steamstatic.com/60a08004ab4caf17dee67aeabda1d156d08dff11_full.jpg"},"point":794},{"user":{"uid":51,"userid":42,"name":"Holy Kiwinger <3™","avatar":"https://avatars.steamstatic.com/83d2ab083eb76aebed718fd01921fbe2af2b7e35_full.jpg"},"point":566},{"user":{"uid":2,"userid":2,"name":"[RSL] Ghost","avatar":"https://cdn.discordapp.com/avatars/673509646996209676/a_7feeb1df41d09e7ca4d7d962e4c56933.gif"},"point":478},{"user":{"uid":163,"userid":152,"name":"martin.kuenz","avatar":"https://avatars.steamstatic.com/fef49e7fa7e1997310d705b2a6158ff8dc1cdfeb_full.jpg"},"point":388},{"user":{"uid":139,"userid":124,"name":"felix-menzler","avatar":"https://avatars.steamstatic.com/92f23da5d9678dfe7c3d530a1c449c98331a0cca_full.jpg"},"point":380},{"user":{"uid":14,"userid":12,"name":"taaastyyy","avatar":"https://avatars.steamstatic.com/d71b2fd5a847a659ec55c28f0693363643794d79_full.jpg"},"point":332},{"user":{"uid":75,"userid":67,"name":"GunGamerTV","avatar":"https://avatars.steamstatic.com/64ae1da41a9c51a5ab44c29f0b054b14123aabe4_full.jpg"},"point":332},{"user":{"uid":10,"userid":10,"name":"[RSL] -Anorak-","avatar":"https://cdn.discordapp.com/avatars/1211937272702697512/a_50597e0a2e786f55d56100f1a35257a7.gif"},"point":15},{"user":{"uid":29,"userid":23,"name":"Seitenbacher_Hanföl","avatar":"https://avatars.steamstatic.com/acf67207768cdc5be5f09aca6a9f7830bf27d6f7_full.jpg"},"point":0}]}