{"fmd":[{"user":{"uid":3,"userid":2,"name":"shaunirishv8ireland","avatar":"https://cdn.discordapp.com/avatars/320654755271802880/d501f0b71fad7302cf7b1104294bed06.png"},"point":2519},{"user":{"uid":2,"userid":3,"name":"ryanmc1996","avatar":"https://cdn.discordapp.com/avatars/1029069708651139283/201deb7169ccc69677e94184b5510416.png"},"point":1128}],"fma":[{"user":{"uid":3,"userid":2,"name":"shaunirishv8ireland","avatar":"https://cdn.discordapp.com/avatars/320654755271802880/d501f0b71fad7302cf7b1104294bed06.png"},"point":2636},{"user":{"uid":2,"userid":3,"name":"ryanmc1996","avatar":"https://cdn.discordapp.com/avatars/1029069708651139283/201deb7169ccc69677e94184b5510416.png"},"point":1139}]}