{"fmd":[{"user":{"uid":15,"userid":15,"name":"thomson18","avatar":"https://cdn.discordapp.com/avatars/598517721239650305/658257a4f6c8b083170d9af190f5829c.png"},"point":455},{"user":{"uid":3,"userid":3,"name":"HunterM7","avatar":"https://static.truckersmp.com/avatarsN/1409042.1708826162.png"},"point":221}],"fma":[{"user":{"uid":15,"userid":15,"name":"thomson18","avatar":"https://cdn.discordapp.com/avatars/598517721239650305/658257a4f6c8b083170d9af190f5829c.png"},"point":555},{"user":{"uid":3,"userid":3,"name":"HunterM7","avatar":"https://static.truckersmp.com/avatarsN/1409042.1708826162.png"},"point":221}]}