{"fmd":[{"user":{"uid":1097,"userid":670,"name":"Ramin Tanuwong [TH]","avatar":"https://static.truckersmp.com/avatarsN/3757199.1645214262.jpg"},"point":5120},{"user":{"uid":1382,"userid":847,"name":"Aeroplane","avatar":"https://cdn.discordapp.com/avatars/919580354736705617/cd8c60e397730ab82e685faaf72d3c77.png"},"point":4401},{"user":{"uid":1316,"userid":807,"name":"[Best Driver] Gota","avatar":"https://cdn.discordapp.com/avatars/167291299693723648/beb31f691ab4478e3268181a76f3a451.png"},"point":3755},{"user":{"uid":1105,"userid":675,"name":"Jack3D60","avatar":"https://cdn.discordapp.com/avatars/805496381754048572/bcf10ae824b274e1c532971dcb857977.png"},"point":3481},{"user":{"uid":1383,"userid":848,"name":"snoopy","avatar":"https://cdn.discordapp.com/avatars/217113179317075968/a_b5d2620c7ce9aad914a29acbb98aa4b1.gif"},"point":3398},{"user":{"uid":3,"userid":2,"name":"Twilight 🤡","avatar":"https://cdn.discordapp.com/avatars/710535657650651157/e21a44412b740e2e3bba4f4cc015a9e8.png"},"point":3192},{"user":{"uid":1271,"userid":780,"name":"brazvo (Bruno)","avatar":"https://cdn.discordapp.com/avatars/823826275964682251/c28159cbabe58874bd1244a97d68d24b.png"},"point":2712},{"user":{"uid":1305,"userid":799,"name":"MinoRoss","avatar":"https://cdn.discordapp.com/avatars/707509306517487626/a86ee83a9e2c9f70a98714ae355e0ccc.png"},"point":2391},{"user":{"uid":1378,"userid":843,"name":"dandelion","avatar":"https://cdn.discordapp.com/avatars/924070723952209941/6d40e5aa69459181ef2bc03107156cc0.png"},"point":1815},{"user":{"uid":1291,"userid":792,"name":"Zachey","avatar":"https://cdn.discordapp.com/avatars/612403127517315072/47ce0b865674b635f44d43634494d755.png"},"point":1662},{"user":{"uid":1034,"userid":635,"name":"[Foxtrot] Fox_Bot","avatar":"https://cdn.discordapp.com/avatars/673289306424475659/6760c43d2e087fd99eeef160473251a3.png"},"point":1209},{"user":{"uid":184,"userid":345,"name":"NFLD","avatar":"https://cdn.discordapp.com/avatars/538772758461677578/5f1d024574ed37a8cbaf69c186d93cb1.png"},"point":1052},{"user":{"uid":717,"userid":477,"name":"CrazyRussianCommrade","avatar":"https://static.truckersmp.com/avatarsN/defaultavatar.png"},"point":945},{"user":{"uid":716,"userid":476,"name":"mwe2187","avatar":"https://cdn.discordapp.com/avatars/628250855899922448/93721c72d6dba299ffc43f2a9a13483b.png"},"point":894},{"user":{"uid":1325,"userid":816,"name":"Kian UK","avatar":"https://avatars.steamstatic.com/fef49e7fa7e1997310d705b2a6158ff8dc1cdfeb_full.jpg"},"point":892},{"user":{"uid":863,"userid":854,"name":"jelledude","avatar":"https://cdn.discordapp.com/avatars/503143884080021514/5647b53045a177f1d215d6dbcf415d10.png"},"point":892},{"user":{"uid":759,"userid":501,"name":"TheSkiller","avatar":"https://cdn.discordapp.com/avatars/665158641355325450/da6b6d4e62038b3f92dd42b7b34f7ec9.png"},"point":876},{"user":{"uid":924,"userid":576,"name":"🌈Hearty_Laces🌈They/Them","avatar":"https://cdn.discordapp.com/avatars/461978281906929675/9128b3d5991d797b2e4060e71c4c5f41.png"},"point":812},{"user":{"uid":912,"userid":575,"name":"chy","avatar":"https://cdn.discordapp.com/avatars/414182799684403200/643c14958d91bd0f582d55aa7e9ffd49.png"},"point":807},{"user":{"uid":1408,"userid":865,"name":"R4","avatar":"https://cdn.discordapp.com/avatars/229936554896916481/bc055d1db5245677b5e67e2a0f3df2af.png"},"point":772},{"user":{"uid":159,"userid":312,"name":"SugarFr33","avatar":"https://cdn.discordapp.com/avatars/201772157087383553/f9067034f4df1893aef1e1bf739998d1.png"},"point":739},{"user":{"uid":171,"userid":858,"name":"Jean #1 Renault Trucks fan","avatar":"https://cdn.discordapp.com/avatars/729830742418260028/532c688a0a373a5f36342f13030652be.png"},"point":660},{"user":{"uid":1313,"userid":806,"name":"Kizule","avatar":"https://cdn.discordapp.com/avatars/897576249466167377/4b225f923b6e3e5347b9a87db5e6876e.png"},"point":486},{"user":{"uid":1276,"userid":783,"name":"Niels","avatar":"https://cdn.discordapp.com/avatars/302918955452989441/fde78c69e42d57f2bcfa042a0a828f97.png"},"point":316},{"user":{"uid":1266,"userid":775,"name":"Khan_X1","avatar":"https://static.truckersmp.com/avatarsN/5358897.1705606399.png"},"point":308},{"user":{"uid":981,"userid":610,"name":"cleanwein44","avatar":"https://cdn.discordapp.com/avatars/372675857829068812/ab4326b52b09e80870f9f92688ee6487.png"},"point":300},{"user":{"uid":1245,"userid":764,"name":"Eiffel Tower Owner","avatar":"https://cdn.discordapp.com/avatars/909015760347734036/c8847952f95c26f402e44d41e997c8cd.png"},"point":282},{"user":{"uid":1398,"userid":862,"name":"2222Y","avatar":"https://cdn.discordapp.com/avatars/702624334036074646/1b14cc6963653ea32a778ea6e4f23a4d.png"},"point":279},{"user":{"uid":803,"userid":521,"name":"AK47_GARCHA","avatar":"https://cdn.discordapp.com/avatars/718236348217032774/b952eb6e0574a2f51a6458ddb48120fb.png"},"point":265},{"user":{"uid":1192,"userid":724,"name":"Koskee","avatar":"https://cdn.discordapp.com/avatars/836575095664410654/2bbf7b28df277943d911b4ca67a9ac9e.png"},"point":260},{"user":{"uid":858,"userid":547,"name":"scotty","avatar":"https://cdn.discordapp.com/avatars/857726076495331329/985c6b1bd38c5f93bc7b16f515502202.png"},"point":231},{"user":{"uid":892,"userid":567,"name":"KuroSerpent","avatar":"https://cdn.discordapp.com/avatars/249645812726890497/a_21c0489bbb0c99be7db8bbbfb1ed5e85.gif"},"point":202},{"user":{"uid":761,"userid":502,"name":"Stkedy","avatar":"https://cdn.discordapp.com/avatars/238351864507269122/a_b13dea0894a3cdec216f56a426c559e8.gif"},"point":187},{"user":{"uid":1300,"userid":797,"name":"Lucas","avatar":"https://cdn.discordapp.com/avatars/394462499342254091/1dcd14961b9d6bd7028b0ffafbfff29c.png"},"point":0},{"user":{"uid":104,"userid":853,"name":"Jeffy","avatar":"https://cdn.discordapp.com/avatars/1041473902293028864/fb7242df4b5ac08f2c78f06d721dbcae.png"},"point":0},{"user":{"uid":1401,"userid":863,"name":"Chris A","avatar":"https://cdn.discordapp.com/avatars/415560774283427860/4f7b8d964bad29469a9d70cddb9cfadc.png"},"point":0}],"fma":[{"user":{"uid":1097,"userid":670,"name":"Ramin Tanuwong [TH]","avatar":"https://static.truckersmp.com/avatarsN/3757199.1645214262.jpg"},"point":61958},{"user":{"uid":1382,"userid":847,"name":"Aeroplane","avatar":"https://cdn.discordapp.com/avatars/919580354736705617/cd8c60e397730ab82e685faaf72d3c77.png"},"point":58199},{"user":{"uid":1316,"userid":807,"name":"[Best Driver] Gota","avatar":"https://cdn.discordapp.com/avatars/167291299693723648/beb31f691ab4478e3268181a76f3a451.png"},"point":56992},{"user":{"uid":3,"userid":2,"name":"Twilight 🤡","avatar":"https://cdn.discordapp.com/avatars/710535657650651157/e21a44412b740e2e3bba4f4cc015a9e8.png"},"point":53887},{"user":{"uid":119,"userid":258,"name":"LordLegend","avatar":"https://cdn.discordapp.com/avatars/507573290995417108/294e2517c647c3c8703945fbc200afcd.png"},"point":52949},{"user":{"uid":1291,"userid":792,"name":"Zachey","avatar":"https://cdn.discordapp.com/avatars/612403127517315072/47ce0b865674b635f44d43634494d755.png"},"point":52730},{"user":{"uid":1034,"userid":635,"name":"[Foxtrot] Fox_Bot","avatar":"https://cdn.discordapp.com/avatars/673289306424475659/6760c43d2e087fd99eeef160473251a3.png"},"point":52247},{"user":{"uid":1325,"userid":816,"name":"Kian UK","avatar":"https://avatars.steamstatic.com/fef49e7fa7e1997310d705b2a6158ff8dc1cdfeb_full.jpg"},"point":51468},{"user":{"uid":863,"userid":854,"name":"jelledude","avatar":"https://cdn.discordapp.com/avatars/503143884080021514/5647b53045a177f1d215d6dbcf415d10.png"},"point":51295},{"user":{"uid":2,"userid":1,"name":"Shadows","avatar":"https://cdn.discordapp.com/avatars/763197983797149726/ceaa9c6e46978e9019ef555428d81f44.png"},"point":50000},{"user":{"uid":993,"userid":866,"name":"Dicer","avatar":"https://cdn.discordapp.com/avatars/879283393731383368/a_d96e18af639d6bfa592067816776bd00.gif"},"point":50000},{"user":{"uid":1271,"userid":780,"name":"brazvo (Bruno)","avatar":"https://cdn.discordapp.com/avatars/823826275964682251/c28159cbabe58874bd1244a97d68d24b.png"},"point":6268},{"user":{"uid":1105,"userid":675,"name":"Jack3D60","avatar":"https://cdn.discordapp.com/avatars/805496381754048572/bcf10ae824b274e1c532971dcb857977.png"},"point":5174},{"user":{"uid":1305,"userid":799,"name":"MinoRoss","avatar":"https://cdn.discordapp.com/avatars/707509306517487626/a86ee83a9e2c9f70a98714ae355e0ccc.png"},"point":4863},{"user":{"uid":924,"userid":576,"name":"🌈Hearty_Laces🌈They/Them","avatar":"https://cdn.discordapp.com/avatars/461978281906929675/9128b3d5991d797b2e4060e71c4c5f41.png"},"point":4368},{"user":{"uid":1383,"userid":848,"name":"snoopy","avatar":"https://cdn.discordapp.com/avatars/217113179317075968/a_b5d2620c7ce9aad914a29acbb98aa4b1.gif"},"point":3516},{"user":{"uid":912,"userid":575,"name":"chy","avatar":"https://cdn.discordapp.com/avatars/414182799684403200/643c14958d91bd0f582d55aa7e9ffd49.png"},"point":2681},{"user":{"uid":171,"userid":858,"name":"Jean #1 Renault Trucks fan","avatar":"https://cdn.discordapp.com/avatars/729830742418260028/532c688a0a373a5f36342f13030652be.png"},"point":2366},{"user":{"uid":1378,"userid":843,"name":"dandelion","avatar":"https://cdn.discordapp.com/avatars/924070723952209941/6d40e5aa69459181ef2bc03107156cc0.png"},"point":1969},{"user":{"uid":184,"userid":345,"name":"NFLD","avatar":"https://cdn.discordapp.com/avatars/538772758461677578/5f1d024574ed37a8cbaf69c186d93cb1.png"},"point":1118},{"user":{"uid":717,"userid":477,"name":"CrazyRussianCommrade","avatar":"https://static.truckersmp.com/avatarsN/defaultavatar.png"},"point":1016},{"user":{"uid":716,"userid":476,"name":"mwe2187","avatar":"https://cdn.discordapp.com/avatars/628250855899922448/93721c72d6dba299ffc43f2a9a13483b.png"},"point":952},{"user":{"uid":759,"userid":501,"name":"TheSkiller","avatar":"https://cdn.discordapp.com/avatars/665158641355325450/da6b6d4e62038b3f92dd42b7b34f7ec9.png"},"point":931},{"user":{"uid":159,"userid":312,"name":"SugarFr33","avatar":"https://cdn.discordapp.com/avatars/201772157087383553/f9067034f4df1893aef1e1bf739998d1.png"},"point":824},{"user":{"uid":1408,"userid":865,"name":"R4","avatar":"https://cdn.discordapp.com/avatars/229936554896916481/bc055d1db5245677b5e67e2a0f3df2af.png"},"point":772},{"user":{"uid":619,"userid":418,"name":"NumberHunter91","avatar":"https://cdn.discordapp.com/avatars/276407067223392256/c656134c8d2a712de1b2dbaf3856e995.png"},"point":697},{"user":{"uid":1026,"userid":630,"name":"LOA | Sehi","avatar":"https://cdn.discordapp.com/avatars/644522714916192275/eccb7f2838b4e97903f71767e9250f3f.png"},"point":643},{"user":{"uid":87,"userid":203,"name":"pvfcmatt1","avatar":"https://cdn.discordapp.com/avatars/668822602806198278/eb4c4684efc13d2a58ddeae555edc5a7.png"},"point":535},{"user":{"uid":1313,"userid":806,"name":"Kizule","avatar":"https://cdn.discordapp.com/avatars/897576249466167377/4b225f923b6e3e5347b9a87db5e6876e.png"},"point":486},{"user":{"uid":1276,"userid":783,"name":"Niels","avatar":"https://cdn.discordapp.com/avatars/302918955452989441/fde78c69e42d57f2bcfa042a0a828f97.png"},"point":391},{"user":{"uid":1266,"userid":775,"name":"Khan_X1","avatar":"https://static.truckersmp.com/avatarsN/5358897.1705606399.png"},"point":308},{"user":{"uid":981,"userid":610,"name":"cleanwein44","avatar":"https://cdn.discordapp.com/avatars/372675857829068812/ab4326b52b09e80870f9f92688ee6487.png"},"point":300},{"user":{"uid":1245,"userid":764,"name":"Eiffel Tower Owner","avatar":"https://cdn.discordapp.com/avatars/909015760347734036/c8847952f95c26f402e44d41e997c8cd.png"},"point":282},{"user":{"uid":1398,"userid":862,"name":"2222Y","avatar":"https://cdn.discordapp.com/avatars/702624334036074646/1b14cc6963653ea32a778ea6e4f23a4d.png"},"point":279},{"user":{"uid":803,"userid":521,"name":"AK47_GARCHA","avatar":"https://cdn.discordapp.com/avatars/718236348217032774/b952eb6e0574a2f51a6458ddb48120fb.png"},"point":265},{"user":{"uid":1192,"userid":724,"name":"Koskee","avatar":"https://cdn.discordapp.com/avatars/836575095664410654/2bbf7b28df277943d911b4ca67a9ac9e.png"},"point":260},{"user":{"uid":870,"userid":553,"name":"evilzocken","avatar":"https://cdn.discordapp.com/avatars/665665436678881280/bbf25d8e76ff45868d6e0a2e9b4f189b.png"},"point":260},{"user":{"uid":858,"userid":547,"name":"scotty","avatar":"https://cdn.discordapp.com/avatars/857726076495331329/985c6b1bd38c5f93bc7b16f515502202.png"},"point":231},{"user":{"uid":892,"userid":567,"name":"KuroSerpent","avatar":"https://cdn.discordapp.com/avatars/249645812726890497/a_21c0489bbb0c99be7db8bbbfb1ed5e85.gif"},"point":202},{"user":{"uid":761,"userid":502,"name":"Stkedy","avatar":"https://cdn.discordapp.com/avatars/238351864507269122/a_b13dea0894a3cdec216f56a426c559e8.gif"},"point":187},{"user":{"uid":1162,"userid":701,"name":"Will.","avatar":"https://cdn.discordapp.com/avatars/852685146884276264/a_c08a8ed6fb8a342066d346408c933751.gif"},"point":75},{"user":{"uid":1300,"userid":797,"name":"Lucas","avatar":"https://cdn.discordapp.com/avatars/394462499342254091/1dcd14961b9d6bd7028b0ffafbfff29c.png"},"point":0},{"user":{"uid":104,"userid":853,"name":"Jeffy","avatar":"https://cdn.discordapp.com/avatars/1041473902293028864/fb7242df4b5ac08f2c78f06d721dbcae.png"},"point":0},{"user":{"uid":1401,"userid":863,"name":"Chris A","avatar":"https://cdn.discordapp.com/avatars/415560774283427860/4f7b8d964bad29469a9d70cddb9cfadc.png"},"point":0}]}