{"fmd":[{"user":{"uid":96,"userid":120,"name":"Pattarapon","avatar":"https://cdn.discordapp.com/avatars/687263407417720832/a_c8f593c66e5dce0aeea7d8e0dc04e0cc.gif"},"point":7821},{"user":{"uid":82,"userid":99,"name":"PepyNox 🤖","avatar":"https://cdn.discordapp.com/avatars/261473263752839168/a_32058670e7fcdb9136bb159147e62d09.gif"},"point":1807},{"user":{"uid":249,"userid":176,"name":"ᑭᕼᑌᖇIᑎ ᗷᗝᗝᑎ丅ᕼᗝᖇᑎ 👻","avatar":"https://cdn.discordapp.com/avatars/502076330628874241/6e85799ea6de903eea4203f2a8d17cdf.png"},"point":845},{"user":{"uid":16,"userid":19,"name":"Tom","avatar":"https://cdn.discordapp.com/avatars/306758358092742657/76a57e65deac4cc1b58e729073cc45bf.png"},"point":767},{"user":{"uid":409,"userid":226,"name":"𝙽𝙴𝚆𝚃𝚈𝙿𝙴𝚂","avatar":"https://cdn.discordapp.com/avatars/624501922531115019/720e6c9072e99985cd234df4183376af.png"},"point":688},{"user":{"uid":364,"userid":215,"name":"[MCG] Danish_v8","avatar":"https://static.truckersmp.com/avatarsN/3882826.1651322428.jpg"},"point":522},{"user":{"uid":337,"userid":208,"name":"Dr. Stevo","avatar":"https://cdn.discordapp.com/avatars/603859936434323456/a_8fb3ef826c61fa9bc1445843af78a75f.gif"},"point":498},{"user":{"uid":64,"userid":71,"name":"naltor34","avatar":"https://cdn.discordapp.com/avatars/302866656214908928/8e62aec24f7f18698b443ba03ffdf48d.png"},"point":451},{"user":{"uid":469,"userid":247,"name":"Ayl0o","avatar":"https://cdn.discordapp.com/avatars/706856186712031233/926726bdacd19e3f7294b06bcf6f729b.png"},"point":244},{"user":{"uid":81,"userid":98,"name":"jardi81","avatar":""},"point":205},{"user":{"uid":470,"userid":253,"name":"[MCG] Lucasg4329 [FR]","avatar":"https://static.truckersmp.com/avatarsN/defaultavatar.png"},"point":68},{"user":{"uid":100,"userid":124,"name":"Nexusover","avatar":"https://cdn.discordapp.com/avatars/531793623331635201/a_200acad6bb16f43fd5eda378ea422f0e.gif"},"point":0}],"fma":[{"user":{"uid":96,"userid":120,"name":"Pattarapon","avatar":"https://cdn.discordapp.com/avatars/687263407417720832/a_c8f593c66e5dce0aeea7d8e0dc04e0cc.gif"},"point":7821},{"user":{"uid":82,"userid":99,"name":"PepyNox 🤖","avatar":"https://cdn.discordapp.com/avatars/261473263752839168/a_32058670e7fcdb9136bb159147e62d09.gif"},"point":1807},{"user":{"uid":249,"userid":176,"name":"ᑭᕼᑌᖇIᑎ ᗷᗝᗝᑎ丅ᕼᗝᖇᑎ 👻","avatar":"https://cdn.discordapp.com/avatars/502076330628874241/6e85799ea6de903eea4203f2a8d17cdf.png"},"point":845},{"user":{"uid":16,"userid":19,"name":"Tom","avatar":"https://cdn.discordapp.com/avatars/306758358092742657/76a57e65deac4cc1b58e729073cc45bf.png"},"point":767},{"user":{"uid":409,"userid":226,"name":"𝙽𝙴𝚆𝚃𝚈𝙿𝙴𝚂","avatar":"https://cdn.discordapp.com/avatars/624501922531115019/720e6c9072e99985cd234df4183376af.png"},"point":688},{"user":{"uid":364,"userid":215,"name":"[MCG] Danish_v8","avatar":"https://static.truckersmp.com/avatarsN/3882826.1651322428.jpg"},"point":522},{"user":{"uid":337,"userid":208,"name":"Dr. Stevo","avatar":"https://cdn.discordapp.com/avatars/603859936434323456/a_8fb3ef826c61fa9bc1445843af78a75f.gif"},"point":498},{"user":{"uid":64,"userid":71,"name":"naltor34","avatar":"https://cdn.discordapp.com/avatars/302866656214908928/8e62aec24f7f18698b443ba03ffdf48d.png"},"point":451},{"user":{"uid":469,"userid":247,"name":"Ayl0o","avatar":"https://cdn.discordapp.com/avatars/706856186712031233/926726bdacd19e3f7294b06bcf6f729b.png"},"point":244},{"user":{"uid":81,"userid":98,"name":"jardi81","avatar":""},"point":205},{"user":{"uid":470,"userid":253,"name":"[MCG] Lucasg4329 [FR]","avatar":"https://static.truckersmp.com/avatarsN/defaultavatar.png"},"point":68},{"user":{"uid":100,"userid":124,"name":"Nexusover","avatar":"https://cdn.discordapp.com/avatars/531793623331635201/a_200acad6bb16f43fd5eda378ea422f0e.gif"},"point":0}]}