{"fmd":[{"user":{"uid":36,"userid":82,"name":"SchakalGER","avatar":"https://cdn.discordapp.com/avatars/328243784703803413/0815cbf6b00e890a8030cd7d0042d596.png"},"point":8037},{"user":{"uid":85,"userid":76,"name":"BratPfanne","avatar":"https://cdn.discordapp.com/avatars/280066593428340739/935c5dc2cac4ab6850284f71bacf7134.png"},"point":5954},{"user":{"uid":75,"userid":59,"name":"Storm05_","avatar":"https://cdn.discordapp.com/avatars/206094648236572672/8e00adf8bda4a32ef10eccef3d46830c.png"},"point":5161},{"user":{"uid":71,"userid":60,"name":"geronimo8815","avatar":"https://static.truckersmp.com/avatarsN/5294261.1711913743.png"},"point":4615},{"user":{"uid":152,"userid":135,"name":"manu7432","avatar":"https://cdn.discordapp.com/avatars/1024735246249373777/5f18f9e373e000269bae1ae973e2cfd0.png"},"point":3643},{"user":{"uid":294,"userid":244,"name":"Sn0wy","avatar":"https://cdn.discordapp.com/avatars/205361723039809536/366bbf61d33f0faa432763e30d988d21.png"},"point":3591},{"user":{"uid":47,"userid":40,"name":"Nerikan","avatar":"https://cdn.discordapp.com/avatars/501777572112367638/93b7d985e53cc4f12b14f7394dda3e82.png"},"point":3589},{"user":{"uid":68,"userid":57,"name":"Anthonyaski","avatar":"https://cdn.discordapp.com/avatars/334780188703588362/4af94601e420a28c570fce2b038e0b23.png"},"point":3001},{"user":{"uid":194,"userid":188,"name":"[FLG] derMicha","avatar":"https://cdn.discordapp.com/avatars/951482086072660018/6f6fb9e5f328bec8c769d872bed5109a.png"},"point":2707},{"user":{"uid":239,"userid":212,"name":"[FLG] Martin","avatar":"https://cdn.discordapp.com/avatars/983797646219178004/eeb3d1c948b12e0140cc622748e0dc8a.png"},"point":1754},{"user":{"uid":231,"userid":191,"name":"Necron","avatar":"https://cdn.discordapp.com/avatars/843141543095566396/d23f34fea4d2c4689e3259ee4c898cd4.png"},"point":1634},{"user":{"uid":276,"userid":230,"name":"BVG Joker","avatar":"https://cdn.discordapp.com/avatars/632654863821439016/4aa4e3726e3edc2c26b9288cd0b0e1c5.png"},"point":1446},{"user":{"uid":114,"userid":101,"name":"Julius","avatar":"https://cdn.discordapp.com/avatars/438789396045758474/16ce72bc46b0c2f154b7580792284d0d.png"},"point":1215},{"user":{"uid":50,"userid":41,"name":"Schnitzel.","avatar":"https://cdn.discordapp.com/avatars/690570896557211658/ae7d3f32a78a923191f8d72c0cf40ce3.png"},"point":1207},{"user":{"uid":18,"userid":16,"name":"teufelsfrucht","avatar":"https://static.truckersmp.com/avatarsN/4047213.1699434878.png"},"point":1086},{"user":{"uid":21,"userid":18,"name":"Gregory","avatar":"https://cdn.discordapp.com/avatars/650421299323338762/dae0258c1a7c95a73bdcbd75db3db5d4.png"},"point":1086},{"user":{"uid":56,"userid":42,"name":"Glaceon","avatar":"https://cdn.discordapp.com/avatars/348428309018705930/f1b68bf1b8a5121559e1b782c8941327.png"},"point":1086},{"user":{"uid":59,"userid":48,"name":"Patrick","avatar":"https://cdn.discordapp.com/avatars/408688712223031306/0cfcbf6ba2fb06d7f4ef39a9d5f8f496.png"},"point":1086},{"user":{"uid":286,"userid":238,"name":"Cortain","avatar":"https://cdn.discordapp.com/avatars/264756755932774400/b92bddec4543c8b93a6922a31c7f40e4.png"},"point":1086},{"user":{"uid":161,"userid":143,"name":"Mikazu","avatar":"https://cdn.discordapp.com/avatars/705875203997302805/f4c1333cc4ccef01fedcb199ed314627.png"},"point":1085},{"user":{"uid":148,"userid":145,"name":"weisserkreuzer","avatar":"https://cdn.discordapp.com/avatars/303094283752308737/651be3b81b2b904cd1112f8501fd2e49.png"},"point":859},{"user":{"uid":49,"userid":46,"name":"Franco","avatar":"https://cdn.discordapp.com/avatars/750020969627648080/0153e303ff706fdc97afd1c7aaadf81a.png"},"point":804},{"user":{"uid":51,"userid":71,"name":"Joerg45701","avatar":"https://static.truckersmp.com/avatarsN/defaultavatar.png"},"point":749},{"user":{"uid":173,"userid":153,"name":"Pappfisch","avatar":"https://cdn.discordapp.com/avatars/614095913098674207/76fe38dfc900216a2db47c0e4bb3afe6.png"},"point":737},{"user":{"uid":43,"userid":31,"name":"[GER]Christian","avatar":"https://static.truckersmp.com/avatarsN/196694.1705792859.png"},"point":479},{"user":{"uid":167,"userid":149,"name":"Devsk1892","avatar":"https://cdn.discordapp.com/avatars/891260417769340938/f261339ca8cd7c6a0aa5b3abe83602be.png"},"point":312},{"user":{"uid":264,"userid":219,"name":"muc_gamingTV","avatar":"https://cdn.discordapp.com/avatars/1144727814604591235/50ab7e6ec3243b4bebaef4b184502e77.png"},"point":172},{"user":{"uid":91,"userid":85,"name":"Chris94","avatar":"https://cdn.discordapp.com/avatars/618891974765838336/d2fa711dddd045b14969332972ba64b3.png"},"point":40},{"user":{"uid":139,"userid":127,"name":"SturmNudelLP (PC)","avatar":"https://cdn.discordapp.com/avatars/686996505550258225/9fdc874a2ccce42bee7c48ef3ab9c80a.png"},"point":0}],"fma":[{"user":{"uid":36,"userid":82,"name":"SchakalGER","avatar":"https://cdn.discordapp.com/avatars/328243784703803413/0815cbf6b00e890a8030cd7d0042d596.png"},"point":8037},{"user":{"uid":85,"userid":76,"name":"BratPfanne","avatar":"https://cdn.discordapp.com/avatars/280066593428340739/935c5dc2cac4ab6850284f71bacf7134.png"},"point":5954},{"user":{"uid":75,"userid":59,"name":"Storm05_","avatar":"https://cdn.discordapp.com/avatars/206094648236572672/8e00adf8bda4a32ef10eccef3d46830c.png"},"point":5161},{"user":{"uid":71,"userid":60,"name":"geronimo8815","avatar":"https://static.truckersmp.com/avatarsN/5294261.1711913743.png"},"point":4615},{"user":{"uid":152,"userid":135,"name":"manu7432","avatar":"https://cdn.discordapp.com/avatars/1024735246249373777/5f18f9e373e000269bae1ae973e2cfd0.png"},"point":3643},{"user":{"uid":294,"userid":244,"name":"Sn0wy","avatar":"https://cdn.discordapp.com/avatars/205361723039809536/366bbf61d33f0faa432763e30d988d21.png"},"point":3591},{"user":{"uid":47,"userid":40,"name":"Nerikan","avatar":"https://cdn.discordapp.com/avatars/501777572112367638/93b7d985e53cc4f12b14f7394dda3e82.png"},"point":3589},{"user":{"uid":68,"userid":57,"name":"Anthonyaski","avatar":"https://cdn.discordapp.com/avatars/334780188703588362/4af94601e420a28c570fce2b038e0b23.png"},"point":3001},{"user":{"uid":194,"userid":188,"name":"[FLG] derMicha","avatar":"https://cdn.discordapp.com/avatars/951482086072660018/6f6fb9e5f328bec8c769d872bed5109a.png"},"point":2707},{"user":{"uid":239,"userid":212,"name":"[FLG] Martin","avatar":"https://cdn.discordapp.com/avatars/983797646219178004/eeb3d1c948b12e0140cc622748e0dc8a.png"},"point":1754},{"user":{"uid":231,"userid":191,"name":"Necron","avatar":"https://cdn.discordapp.com/avatars/843141543095566396/d23f34fea4d2c4689e3259ee4c898cd4.png"},"point":1634},{"user":{"uid":276,"userid":230,"name":"BVG Joker","avatar":"https://cdn.discordapp.com/avatars/632654863821439016/4aa4e3726e3edc2c26b9288cd0b0e1c5.png"},"point":1446},{"user":{"uid":114,"userid":101,"name":"Julius","avatar":"https://cdn.discordapp.com/avatars/438789396045758474/16ce72bc46b0c2f154b7580792284d0d.png"},"point":1215},{"user":{"uid":50,"userid":41,"name":"Schnitzel.","avatar":"https://cdn.discordapp.com/avatars/690570896557211658/ae7d3f32a78a923191f8d72c0cf40ce3.png"},"point":1207},{"user":{"uid":18,"userid":16,"name":"teufelsfrucht","avatar":"https://static.truckersmp.com/avatarsN/4047213.1699434878.png"},"point":1086},{"user":{"uid":21,"userid":18,"name":"Gregory","avatar":"https://cdn.discordapp.com/avatars/650421299323338762/dae0258c1a7c95a73bdcbd75db3db5d4.png"},"point":1086},{"user":{"uid":56,"userid":42,"name":"Glaceon","avatar":"https://cdn.discordapp.com/avatars/348428309018705930/f1b68bf1b8a5121559e1b782c8941327.png"},"point":1086},{"user":{"uid":59,"userid":48,"name":"Patrick","avatar":"https://cdn.discordapp.com/avatars/408688712223031306/0cfcbf6ba2fb06d7f4ef39a9d5f8f496.png"},"point":1086},{"user":{"uid":286,"userid":238,"name":"Cortain","avatar":"https://cdn.discordapp.com/avatars/264756755932774400/b92bddec4543c8b93a6922a31c7f40e4.png"},"point":1086},{"user":{"uid":161,"userid":143,"name":"Mikazu","avatar":"https://cdn.discordapp.com/avatars/705875203997302805/f4c1333cc4ccef01fedcb199ed314627.png"},"point":1085},{"user":{"uid":148,"userid":145,"name":"weisserkreuzer","avatar":"https://cdn.discordapp.com/avatars/303094283752308737/651be3b81b2b904cd1112f8501fd2e49.png"},"point":859},{"user":{"uid":49,"userid":46,"name":"Franco","avatar":"https://cdn.discordapp.com/avatars/750020969627648080/0153e303ff706fdc97afd1c7aaadf81a.png"},"point":804},{"user":{"uid":51,"userid":71,"name":"Joerg45701","avatar":"https://static.truckersmp.com/avatarsN/defaultavatar.png"},"point":749},{"user":{"uid":173,"userid":153,"name":"Pappfisch","avatar":"https://cdn.discordapp.com/avatars/614095913098674207/76fe38dfc900216a2db47c0e4bb3afe6.png"},"point":737},{"user":{"uid":43,"userid":31,"name":"[GER]Christian","avatar":"https://static.truckersmp.com/avatarsN/196694.1705792859.png"},"point":479},{"user":{"uid":167,"userid":149,"name":"Devsk1892","avatar":"https://cdn.discordapp.com/avatars/891260417769340938/f261339ca8cd7c6a0aa5b3abe83602be.png"},"point":312},{"user":{"uid":264,"userid":219,"name":"muc_gamingTV","avatar":"https://cdn.discordapp.com/avatars/1144727814604591235/50ab7e6ec3243b4bebaef4b184502e77.png"},"point":172},{"user":{"uid":91,"userid":85,"name":"Chris94","avatar":"https://cdn.discordapp.com/avatars/618891974765838336/d2fa711dddd045b14969332972ba64b3.png"},"point":40},{"user":{"uid":139,"userid":127,"name":"SturmNudelLP (PC)","avatar":"https://cdn.discordapp.com/avatars/686996505550258225/9fdc874a2ccce42bee7c48ef3ab9c80a.png"},"point":0}]}