{"fmd":[{"user":{"uid":25,"userid":96,"name":"[G-T-R]GrayWolf","avatar":"https://cdn.discordapp.com/avatars/463049453067173888/93e0f855de1c1bcdf6924d45b1789338.png"},"point":10460},{"user":{"uid":636,"userid":513,"name":"MementoMori [ LT ]","avatar":"https://static.truckersmp.com/avatarsN/3834590.1713037068.png"},"point":7608},{"user":{"uid":551,"userid":448,"name":"Capt_Tom","avatar":"https://cdn.discordapp.com/avatars/1189926623739400235/76a1784b7640fe89bfca945587db07e3.png"},"point":2628},{"user":{"uid":635,"userid":512,"name":"ruthlessducky","avatar":"https://cdn.discordapp.com/avatars/586356271343599623/630a34ace8f201030d7d0f1c81cf8257.png"},"point":2295},{"user":{"uid":634,"userid":511,"name":"Ern","avatar":"https://cdn.discordapp.com/avatars/238745312296960011/d189f4a3dc567d70350715ae35634bec.png"},"point":1827},{"user":{"uid":642,"userid":516,"name":"Aljaz Miklic","avatar":"https://cdn.discordapp.com/avatars/771794563680436234/1d775092d4983d2143b8a4f98b6b0979.png"},"point":1328},{"user":{"uid":427,"userid":353,"name":"Versthappening","avatar":"https://cdn.discordapp.com/avatars/851032564801077258/b6762130b06d88078b10d519887e731b.png"},"point":1310},{"user":{"uid":579,"userid":466,"name":"pieter.64","avatar":"https://cdn.discordapp.com/avatars/324877891852828683/00632119b31752fcb8171bbb4279d1f8.png"},"point":1162},{"user":{"uid":595,"userid":479,"name":"Championrub","avatar":"https://cdn.discordapp.com/avatars/811982277474123786/57632d6c13f4de8235b03acd0aba016e.png"},"point":718},{"user":{"uid":68,"userid":176,"name":"Ammaar","avatar":"https://cdn.discordapp.com/avatars/611183396210737167/83c6d8f59f35509744d9eb2b420625ee.png"},"point":476},{"user":{"uid":483,"userid":394,"name":"Xikxzy","avatar":"https://cdn.discordapp.com/avatars/960949402191683595/1270700e622dfb0e702498378ecf1317.png"},"point":351}],"fma":[{"user":{"uid":25,"userid":96,"name":"[G-T-R]GrayWolf","avatar":"https://cdn.discordapp.com/avatars/463049453067173888/93e0f855de1c1bcdf6924d45b1789338.png"},"point":10560},{"user":{"uid":636,"userid":513,"name":"MementoMori [ LT ]","avatar":"https://static.truckersmp.com/avatarsN/3834590.1713037068.png"},"point":7782},{"user":{"uid":551,"userid":448,"name":"Capt_Tom","avatar":"https://cdn.discordapp.com/avatars/1189926623739400235/76a1784b7640fe89bfca945587db07e3.png"},"point":2628},{"user":{"uid":635,"userid":512,"name":"ruthlessducky","avatar":"https://cdn.discordapp.com/avatars/586356271343599623/630a34ace8f201030d7d0f1c81cf8257.png"},"point":2295},{"user":{"uid":634,"userid":511,"name":"Ern","avatar":"https://cdn.discordapp.com/avatars/238745312296960011/d189f4a3dc567d70350715ae35634bec.png"},"point":1827},{"user":{"uid":595,"userid":479,"name":"Championrub","avatar":"https://cdn.discordapp.com/avatars/811982277474123786/57632d6c13f4de8235b03acd0aba016e.png"},"point":1340},{"user":{"uid":642,"userid":516,"name":"Aljaz Miklic","avatar":"https://cdn.discordapp.com/avatars/771794563680436234/1d775092d4983d2143b8a4f98b6b0979.png"},"point":1328},{"user":{"uid":427,"userid":353,"name":"Versthappening","avatar":"https://cdn.discordapp.com/avatars/851032564801077258/b6762130b06d88078b10d519887e731b.png"},"point":1310},{"user":{"uid":579,"userid":466,"name":"pieter.64","avatar":"https://cdn.discordapp.com/avatars/324877891852828683/00632119b31752fcb8171bbb4279d1f8.png"},"point":1162},{"user":{"uid":68,"userid":176,"name":"Ammaar","avatar":"https://cdn.discordapp.com/avatars/611183396210737167/83c6d8f59f35509744d9eb2b420625ee.png"},"point":476},{"user":{"uid":483,"userid":394,"name":"Xikxzy","avatar":"https://cdn.discordapp.com/avatars/960949402191683595/1270700e622dfb0e702498378ecf1317.png"},"point":351},{"user":{"uid":480,"userid":395,"name":"Sh0tBlow","avatar":"https://cdn.discordapp.com/avatars/462991116279611392/87bf1e3b76d220025f3fb4b0029427f8.png"},"point":120}]}