{"fmd":[{"user":{"uid":137,"userid":111,"name":"[LOA] (DR) The Fallen","avatar":"https://cdn.discordapp.com/avatars/365176026872938506/e3a0fb6fc3e046f79a25a0bee6311616.png"},"point":1110},{"user":{"uid":173,"userid":146,"name":"(DR) Liam","avatar":"https://cdn.discordapp.com/avatars/851490830840889354/5573f1564aacc140704ae8b24f22b114.png"},"point":583},{"user":{"uid":1,"userid":0,"name":"(Owner) Essex","avatar":"https://cdn.discordapp.com/avatars/986728515892285461/a_c4301bd78f1d1d60c25f66672af89a9a.gif"},"point":519}],"fma":[{"user":{"uid":137,"userid":111,"name":"[LOA] (DR) The Fallen","avatar":"https://cdn.discordapp.com/avatars/365176026872938506/e3a0fb6fc3e046f79a25a0bee6311616.png"},"point":1110},{"user":{"uid":1,"userid":0,"name":"(Owner) Essex","avatar":"https://cdn.discordapp.com/avatars/986728515892285461/a_c4301bd78f1d1d60c25f66672af89a9a.gif"},"point":819},{"user":{"uid":173,"userid":146,"name":"(DR) Liam","avatar":"https://cdn.discordapp.com/avatars/851490830840889354/5573f1564aacc140704ae8b24f22b114.png"},"point":583}]}