{"fmd":[{"user":{"uid":1,"userid":0,"name":"Brad","avatar":"https://cdn.discordapp.com/avatars/507570358782525451/0f8d2ac0cb4d5df4b45d8529b6efe809.png"},"point":1512},{"user":{"uid":363,"userid":261,"name":"Hen_Saf","avatar":"https://cdn.discordapp.com/avatars/767735764599439360/7dafddaf3752db3fc0d05dfe2a6ba8cb.png"},"point":551},{"user":{"uid":358,"userid":258,"name":"KARAMITROS","avatar":"https://cdn.discordapp.com/avatars/884473658884649011/3527b044612c65be1a2e46dcec9693e4.png"},"point":534},{"user":{"uid":350,"userid":251,"name":"Charon IV","avatar":"https://cdn.discordapp.com/avatars/336964513033093130/da18a1808802bdf3485f3b885a65072c.png"},"point":479}],"fma":[{"user":{"uid":312,"userid":239,"name":"Two Trappy","avatar":"https://cdn.discordapp.com/avatars/460444257250181120/e1fe6b34c1ce8b3d86f89e7e210ca57e.png"},"point":25000},{"user":{"uid":284,"userid":243,"name":"Dent","avatar":"https://cdn.discordapp.com/avatars/803273884904325135/200c3f7ecc9b2621b1dd5d21ad51cb13.png"},"point":25000},{"user":{"uid":1,"userid":0,"name":"Brad","avatar":"https://cdn.discordapp.com/avatars/507570358782525451/0f8d2ac0cb4d5df4b45d8529b6efe809.png"},"point":6512},{"user":{"uid":363,"userid":261,"name":"Hen_Saf","avatar":"https://cdn.discordapp.com/avatars/767735764599439360/7dafddaf3752db3fc0d05dfe2a6ba8cb.png"},"point":551},{"user":{"uid":358,"userid":258,"name":"KARAMITROS","avatar":"https://cdn.discordapp.com/avatars/884473658884649011/3527b044612c65be1a2e46dcec9693e4.png"},"point":534},{"user":{"uid":350,"userid":251,"name":"Charon IV","avatar":"https://cdn.discordapp.com/avatars/336964513033093130/da18a1808802bdf3485f3b885a65072c.png"},"point":479}]}