{"fmd":[{"user":{"uid":8,"userid":6,"name":"shipmate","avatar":"https://avatars.steamstatic.com/3a4bdab4c8b08247c0e12345ba110647e9464041_full.jpg"},"point":2829},{"user":{"uid":10,"userid":7,"name":"stanimir103","avatar":"https://avatars.steamstatic.com/83d87adbf692b7c38710922c890830ce1ae74376_full.jpg"},"point":1546},{"user":{"uid":3,"userid":2,"name":"Orlynsky","avatar":"https://avatars.steamstatic.com/63a4ac3dfc7c22d71119e814f4f124bde3149941_full.jpg"},"point":1019}],"fma":[{"user":{"uid":8,"userid":6,"name":"shipmate","avatar":"https://avatars.steamstatic.com/3a4bdab4c8b08247c0e12345ba110647e9464041_full.jpg"},"point":2829},{"user":{"uid":10,"userid":7,"name":"stanimir103","avatar":"https://avatars.steamstatic.com/83d87adbf692b7c38710922c890830ce1ae74376_full.jpg"},"point":1546},{"user":{"uid":3,"userid":2,"name":"Orlynsky","avatar":"https://avatars.steamstatic.com/63a4ac3dfc7c22d71119e814f4f124bde3149941_full.jpg"},"point":1019}]}