{"fmd":[{"user":{"uid":8,"userid":6,"name":"ll iScuf ll","avatar":"https://cdn.discordapp.com/avatars/321795006178525186/a_b79d3e9a2be03b5fc4d9c795da893874.gif"},"point":8512},{"user":{"uid":241,"userid":184,"name":"F_I_S_T","avatar":"https://cdn.discordapp.com/avatars/540017955413557258/525e165ce9fb3db253ba3e03ac9b58e3.png"},"point":3346},{"user":{"uid":295,"userid":219,"name":"𝓜𝓲𝓵𝓴𝔂","avatar":"https://cdn.discordapp.com/avatars/755125398865444947/0b78828f5b9533a29acddaa37ce1841b.png"},"point":2670},{"user":{"uid":234,"userid":178,"name":"Saga Virtanen","avatar":"https://static.truckersmp.com/avatarsN/343160.1685564872.png"},"point":2364},{"user":{"uid":173,"userid":133,"name":"LizzyM#290199","avatar":""},"point":2190},{"user":{"uid":108,"userid":83,"name":"mth.","avatar":"https://cdn.discordapp.com/avatars/1048895539606978651/a_ed23bd3b02d03ccafa443faf15ff38ca.gif"},"point":1366},{"user":{"uid":146,"userid":112,"name":"maxr","avatar":"https://cdn.discordapp.com/avatars/697145117458301013/8fc3d9c9fcb32f3b81c47ef234d1a62f.png"},"point":1028},{"user":{"uid":194,"userid":150,"name":"_W0LFIE_","avatar":"https://cdn.discordapp.com/avatars/1153533912254009377/a5cd0bb93f2d7e40729a9cec032b1e6f.png"},"point":1017},{"user":{"uid":1,"userid":1,"name":"!itsPeanutttt","avatar":"https://cdn.discordapp.com/avatars/208757218013609985/a_b8fae2196be237eb9612f9daed82c1e3.gif"},"point":684},{"user":{"uid":140,"userid":107,"name":"Ata35","avatar":"https://cdn.discordapp.com/avatars/320518548046741505/67114a1cf7e0397b1e94fc8af83fd158.png"},"point":528},{"user":{"uid":230,"userid":174,"name":"pauches","avatar":""},"point":519},{"user":{"uid":144,"userid":110,"name":"Fizzi_","avatar":"https://cdn.discordapp.com/avatars/414719910422380554/622dfe5da93fb665169d69c65f113bd8.png"},"point":513},{"user":{"uid":273,"userid":206,"name":"TootsGaming","avatar":"https://cdn.discordapp.com/avatars/822199520846282793/b0470670f15d8600df10133eee7a2156.png"},"point":470},{"user":{"uid":296,"userid":218,"name":"Michael 💚","avatar":"https://cdn.discordapp.com/avatars/335759126569287681/eca5cbceee88e1bddb93a09dde047aa5.png"},"point":324},{"user":{"uid":213,"userid":163,"name":"Little Meow","avatar":"https://cdn.discordapp.com/avatars/1019561099177234442/ddd644a232498d08379163bd4797740e.png"},"point":108},{"user":{"uid":163,"userid":124,"name":"N1CK904","avatar":"https://cdn.discordapp.com/avatars/1056467542824206346/382880aa0ba504228fe5c5478bda93b2.png"},"point":0},{"user":{"uid":214,"userid":164,"name":"hamez","avatar":""},"point":0},{"user":{"uid":222,"userid":171,"name":"DRAKNESS","avatar":"https://cdn.discordapp.com/avatars/191435261777936384/cde25647f4a18c5f7427ee26497adb09.png"},"point":0}],"fma":[{"user":{"uid":8,"userid":6,"name":"ll iScuf ll","avatar":"https://cdn.discordapp.com/avatars/321795006178525186/a_b79d3e9a2be03b5fc4d9c795da893874.gif"},"point":29712},{"user":{"uid":108,"userid":83,"name":"mth.","avatar":"https://cdn.discordapp.com/avatars/1048895539606978651/a_ed23bd3b02d03ccafa443faf15ff38ca.gif"},"point":21860},{"user":{"uid":146,"userid":112,"name":"maxr","avatar":"https://cdn.discordapp.com/avatars/697145117458301013/8fc3d9c9fcb32f3b81c47ef234d1a62f.png"},"point":21235},{"user":{"uid":128,"userid":98,"name":"repsaj","avatar":"https://cdn.discordapp.com/avatars/508654072145117186/206047a0b4dee71003ef7e4472eeb89d.png"},"point":20000},{"user":{"uid":28,"userid":17,"name":"Mistyっ ゛","avatar":"https://cdn.discordapp.com/avatars/451086562617327616/3a7355e38c7bc476a871faee38e8f1c0.png"},"point":20000},{"user":{"uid":109,"userid":84,"name":"bigboytrains","avatar":"https://static.truckersmp.com/avatarsN/defaultavatar.png"},"point":20000},{"user":{"uid":242,"userid":185,"name":"Itmehokiledu","avatar":"https://cdn.discordapp.com/avatars/384091675997241344/c8675ddaab83431958ee30dc5605b336.png"},"point":20000},{"user":{"uid":241,"userid":184,"name":"F_I_S_T","avatar":"https://cdn.discordapp.com/avatars/540017955413557258/525e165ce9fb3db253ba3e03ac9b58e3.png"},"point":4292},{"user":{"uid":295,"userid":219,"name":"𝓜𝓲𝓵𝓴𝔂","avatar":"https://cdn.discordapp.com/avatars/755125398865444947/0b78828f5b9533a29acddaa37ce1841b.png"},"point":2670},{"user":{"uid":32,"userid":21,"name":"NateNZ","avatar":"https://cdn.discordapp.com/avatars/263779798327885834/54adfd241b87dc24073b7cc175209ad7.png"},"point":2375},{"user":{"uid":234,"userid":178,"name":"Saga Virtanen","avatar":"https://static.truckersmp.com/avatarsN/343160.1685564872.png"},"point":2364},{"user":{"uid":173,"userid":133,"name":"LizzyM#290199","avatar":""},"point":2190},{"user":{"uid":194,"userid":150,"name":"_W0LFIE_","avatar":"https://cdn.discordapp.com/avatars/1153533912254009377/a5cd0bb93f2d7e40729a9cec032b1e6f.png"},"point":1941},{"user":{"uid":134,"userid":104,"name":"Freshmuscl3","avatar":"https://static.truckersmp.com/avatarsN/5222182.1706276666.png"},"point":1800},{"user":{"uid":140,"userid":107,"name":"Ata35","avatar":"https://cdn.discordapp.com/avatars/320518548046741505/67114a1cf7e0397b1e94fc8af83fd158.png"},"point":946},{"user":{"uid":100,"userid":75,"name":"I am KingHeet","avatar":"https://static.truckersmp.com/avatarsN/3141865.1659238151.jpeg"},"point":850},{"user":{"uid":230,"userid":174,"name":"pauches","avatar":""},"point":737},{"user":{"uid":1,"userid":1,"name":"!itsPeanutttt","avatar":"https://cdn.discordapp.com/avatars/208757218013609985/a_b8fae2196be237eb9612f9daed82c1e3.gif"},"point":684},{"user":{"uid":273,"userid":206,"name":"TootsGaming","avatar":"https://cdn.discordapp.com/avatars/822199520846282793/b0470670f15d8600df10133eee7a2156.png"},"point":613},{"user":{"uid":144,"userid":110,"name":"Fizzi_","avatar":"https://cdn.discordapp.com/avatars/414719910422380554/622dfe5da93fb665169d69c65f113bd8.png"},"point":513},{"user":{"uid":296,"userid":218,"name":"Michael 💚","avatar":"https://cdn.discordapp.com/avatars/335759126569287681/eca5cbceee88e1bddb93a09dde047aa5.png"},"point":324},{"user":{"uid":253,"userid":193,"name":"LucienOlijf","avatar":"https://cdn.discordapp.com/avatars/169873049674448897/f66747383622ed7a57f769e76e5c4f9e.png"},"point":300},{"user":{"uid":213,"userid":163,"name":"Little Meow","avatar":"https://cdn.discordapp.com/avatars/1019561099177234442/ddd644a232498d08379163bd4797740e.png"},"point":108},{"user":{"uid":163,"userid":124,"name":"N1CK904","avatar":"https://cdn.discordapp.com/avatars/1056467542824206346/382880aa0ba504228fe5c5478bda93b2.png"},"point":0},{"user":{"uid":214,"userid":164,"name":"hamez","avatar":""},"point":0},{"user":{"uid":222,"userid":171,"name":"DRAKNESS","avatar":"https://cdn.discordapp.com/avatars/191435261777936384/cde25647f4a18c5f7427ee26497adb09.png"},"point":0}]}