{"fmd":[{"user":{"uid":136,"userid":121,"name":"Fuzzi_One","avatar":"https://avatars.steamstatic.com/80dc5c843904a69c82033fa7600d24e61dc9b370_full.jpg"},"point":5596},{"user":{"uid":31,"userid":22,"name":"[RSL] Fun_irrenanstalt","avatar":""},"point":4444},{"user":{"uid":104,"userid":92,"name":"Mario","avatar":""},"point":4326},{"user":{"uid":141,"userid":126,"name":"Dome","avatar":"https://avatars.steamstatic.com/ae55f68b3ccef730e265e45ade565f8eb7719e40_full.jpg"},"point":4302},{"user":{"uid":176,"userid":157,"name":"SKELETOR96","avatar":"https://avatars.steamstatic.com/e2de94aa5b303690fc34a2784287b2ea576b1250_full.jpg"},"point":3162},{"user":{"uid":1,"userid":1,"name":"[RSL] Reamonn","avatar":"https://cdn.discordapp.com/avatars/208630023626817536/d6b5a101ffa2655e917e9e2ca950025a.png"},"point":3050},{"user":{"uid":196,"userid":174,"name":"Th3_RS","avatar":"https://avatars.steamstatic.com/db3bd0a387e73f7853a3a00ec81cafc962c949cc_full.jpg"},"point":2977},{"user":{"uid":157,"userid":149,"name":"[RSL] SlapVEVO","avatar":"https://cdn.discordapp.com/avatars/263769453165019148/9bbe47d6a17fa7b410126bcb9a98e7e5.png"},"point":2778},{"user":{"uid":32,"userid":35,"name":"ChrisHB","avatar":"https://static.truckersmp.com/avatarsN/1701744.1706334814.jpg"},"point":2649},{"user":{"uid":180,"userid":159,"name":"HEFTI / Heiko","avatar":"https://avatars.steamstatic.com/377878dfc35ee55e1eac69a197f1347d78f35066_full.jpg"},"point":2201},{"user":{"uid":204,"userid":180,"name":"Epeson","avatar":"https://avatars.steamstatic.com/8d9be6b7519123be4e11d212692d51dd124ff102_full.jpg"},"point":1718},{"user":{"uid":198,"userid":175,"name":"SiKe_342","avatar":"https://avatars.steamstatic.com/1fd7929be85d31c2215352cf1dd62fe4f50f6539_full.jpg"},"point":1609},{"user":{"uid":86,"userid":77,"name":"Hryni","avatar":"https://avatars.steamstatic.com/0c8f01b7d411a479d2220fc9cae760ccb6ca7fa4_full.jpg"},"point":1511},{"user":{"uid":6,"userid":6,"name":"Rom77","avatar":"https://avatars.steamstatic.com/c949ed9e884ddd730097bfe8848bdc3fb152f582_full.jpg"},"point":1503},{"user":{"uid":147,"userid":132,"name":"Der  Opa","avatar":"https://cdn.discordapp.com/avatars/390841934358249482/5182d95c0600108142ddbca2b09a1bb4.png"},"point":1425},{"user":{"uid":27,"userid":40,"name":"Odin","avatar":"https://avatars.steamstatic.com/d85514129aa7b2bd055e58358fea8f36254dbc3b_full.jpg"},"point":1396},{"user":{"uid":153,"userid":138,"name":"anvo97","avatar":"https://avatars.steamstatic.com/cb20d4b269536a4a6a6b5ee95d21a8bdc6587639_full.jpg"},"point":1335},{"user":{"uid":189,"userid":167,"name":"SGDDYNAMO","avatar":"https://avatars.steamstatic.com/1fa48f3adeb9594213eb5579244b70f7430ff46e_full.jpg"},"point":1108},{"user":{"uid":25,"userid":19,"name":"Razoraptor","avatar":"https://avatars.steamstatic.com/411f0a1d08563b0dcd648c344b113688287bfb1f_full.jpg"},"point":1103},{"user":{"uid":12,"userid":9,"name":"[RSL] Fabian","avatar":"https://cdn.discordapp.com/avatars/636590993206149131/a_111fda2bf4727ff3c93f010507ff166c.gif"},"point":1089},{"user":{"uid":171,"userid":154,"name":"dom_binda","avatar":"https://avatars.steamstatic.com/850c742b99f1bd3b7e51baab91a51db1ac4e08c8_full.jpg"},"point":1084},{"user":{"uid":202,"userid":176,"name":"Husky-Wolf","avatar":"https://avatars.steamstatic.com/b331eecb5a6494dedce1f093aa6e3ab82b9b0794_full.jpg"},"point":1061},{"user":{"uid":64,"userid":57,"name":"captainbubatz","avatar":"https://avatars.steamstatic.com/05e287bb68b9dd3798bae459b8e7d4cc59c5e9a5_full.jpg"},"point":998},{"user":{"uid":154,"userid":139,"name":"diedubblebres","avatar":"https://avatars.steamstatic.com/708b6fa271f19f23714dc247683d820bad1aa579_full.jpg"},"point":708},{"user":{"uid":201,"userid":177,"name":"Alexander","avatar":"https://avatars.steamstatic.com/2bf8d638de1cfc5daa528b34f1cc50e720746fb2_full.jpg"},"point":610},{"user":{"uid":143,"userid":128,"name":"Tomm82m","avatar":"https://avatars.steamstatic.com/70845c436d1d1acef2a024c0a46d21d53c13eda5_full.jpg"},"point":569},{"user":{"uid":199,"userid":179,"name":"Marv","avatar":"https://cdn.discordapp.com/avatars/491269024970440704/286a9b0e6df880695d71c4fb52f886c4.png"},"point":519},{"user":{"uid":205,"userid":181,"name":"Jakkd","avatar":"https://avatars.steamstatic.com/97670eff7ffff1bfa68343bab29481e6fb148c75_full.jpg"},"point":443},{"user":{"uid":139,"userid":124,"name":"felix-menzler","avatar":"https://avatars.steamstatic.com/92f23da5d9678dfe7c3d530a1c449c98331a0cca_full.jpg"},"point":379},{"user":{"uid":191,"userid":170,"name":"TheAndy33","avatar":"https://avatars.steamstatic.com/bf469dff0dd81e52001fff72d1cc373d855c5498_full.jpg"},"point":366},{"user":{"uid":14,"userid":12,"name":"taaastyyy","avatar":"https://avatars.steamstatic.com/d71b2fd5a847a659ec55c28f0693363643794d79_full.jpg"},"point":142},{"user":{"uid":91,"userid":82,"name":"Ninja_Kiwi","avatar":"https://avatars.steamstatic.com/1aaec1ed3f3cd8465fa42665b01eb70d7f701604_full.jpg"},"point":87},{"user":{"uid":55,"userid":50,"name":"zogger9000","avatar":"https://static.truckersmp.com/avatarsN/defaultavatar.png"},"point":0}],"fma":[{"user":{"uid":136,"userid":121,"name":"Fuzzi_One","avatar":"https://avatars.steamstatic.com/80dc5c843904a69c82033fa7600d24e61dc9b370_full.jpg"},"point":5596},{"user":{"uid":31,"userid":22,"name":"[RSL] Fun_irrenanstalt","avatar":""},"point":4444},{"user":{"uid":104,"userid":92,"name":"Mario","avatar":""},"point":4326},{"user":{"uid":141,"userid":126,"name":"Dome","avatar":"https://avatars.steamstatic.com/ae55f68b3ccef730e265e45ade565f8eb7719e40_full.jpg"},"point":4302},{"user":{"uid":176,"userid":157,"name":"SKELETOR96","avatar":"https://avatars.steamstatic.com/e2de94aa5b303690fc34a2784287b2ea576b1250_full.jpg"},"point":3162},{"user":{"uid":1,"userid":1,"name":"[RSL] Reamonn","avatar":"https://cdn.discordapp.com/avatars/208630023626817536/d6b5a101ffa2655e917e9e2ca950025a.png"},"point":3050},{"user":{"uid":196,"userid":174,"name":"Th3_RS","avatar":"https://avatars.steamstatic.com/db3bd0a387e73f7853a3a00ec81cafc962c949cc_full.jpg"},"point":2977},{"user":{"uid":157,"userid":149,"name":"[RSL] SlapVEVO","avatar":"https://cdn.discordapp.com/avatars/263769453165019148/9bbe47d6a17fa7b410126bcb9a98e7e5.png"},"point":2778},{"user":{"uid":32,"userid":35,"name":"ChrisHB","avatar":"https://static.truckersmp.com/avatarsN/1701744.1706334814.jpg"},"point":2649},{"user":{"uid":180,"userid":159,"name":"HEFTI / Heiko","avatar":"https://avatars.steamstatic.com/377878dfc35ee55e1eac69a197f1347d78f35066_full.jpg"},"point":2201},{"user":{"uid":204,"userid":180,"name":"Epeson","avatar":"https://avatars.steamstatic.com/8d9be6b7519123be4e11d212692d51dd124ff102_full.jpg"},"point":1718},{"user":{"uid":198,"userid":175,"name":"SiKe_342","avatar":"https://avatars.steamstatic.com/1fd7929be85d31c2215352cf1dd62fe4f50f6539_full.jpg"},"point":1609},{"user":{"uid":86,"userid":77,"name":"Hryni","avatar":"https://avatars.steamstatic.com/0c8f01b7d411a479d2220fc9cae760ccb6ca7fa4_full.jpg"},"point":1511},{"user":{"uid":6,"userid":6,"name":"Rom77","avatar":"https://avatars.steamstatic.com/c949ed9e884ddd730097bfe8848bdc3fb152f582_full.jpg"},"point":1503},{"user":{"uid":147,"userid":132,"name":"Der  Opa","avatar":"https://cdn.discordapp.com/avatars/390841934358249482/5182d95c0600108142ddbca2b09a1bb4.png"},"point":1425},{"user":{"uid":27,"userid":40,"name":"Odin","avatar":"https://avatars.steamstatic.com/d85514129aa7b2bd055e58358fea8f36254dbc3b_full.jpg"},"point":1396},{"user":{"uid":153,"userid":138,"name":"anvo97","avatar":"https://avatars.steamstatic.com/cb20d4b269536a4a6a6b5ee95d21a8bdc6587639_full.jpg"},"point":1335},{"user":{"uid":189,"userid":167,"name":"SGDDYNAMO","avatar":"https://avatars.steamstatic.com/1fa48f3adeb9594213eb5579244b70f7430ff46e_full.jpg"},"point":1108},{"user":{"uid":25,"userid":19,"name":"Razoraptor","avatar":"https://avatars.steamstatic.com/411f0a1d08563b0dcd648c344b113688287bfb1f_full.jpg"},"point":1103},{"user":{"uid":12,"userid":9,"name":"[RSL] Fabian","avatar":"https://cdn.discordapp.com/avatars/636590993206149131/a_111fda2bf4727ff3c93f010507ff166c.gif"},"point":1089},{"user":{"uid":171,"userid":154,"name":"dom_binda","avatar":"https://avatars.steamstatic.com/850c742b99f1bd3b7e51baab91a51db1ac4e08c8_full.jpg"},"point":1084},{"user":{"uid":202,"userid":176,"name":"Husky-Wolf","avatar":"https://avatars.steamstatic.com/b331eecb5a6494dedce1f093aa6e3ab82b9b0794_full.jpg"},"point":1061},{"user":{"uid":64,"userid":57,"name":"captainbubatz","avatar":"https://avatars.steamstatic.com/05e287bb68b9dd3798bae459b8e7d4cc59c5e9a5_full.jpg"},"point":998},{"user":{"uid":154,"userid":139,"name":"diedubblebres","avatar":"https://avatars.steamstatic.com/708b6fa271f19f23714dc247683d820bad1aa579_full.jpg"},"point":708},{"user":{"uid":201,"userid":177,"name":"Alexander","avatar":"https://avatars.steamstatic.com/2bf8d638de1cfc5daa528b34f1cc50e720746fb2_full.jpg"},"point":610},{"user":{"uid":143,"userid":128,"name":"Tomm82m","avatar":"https://avatars.steamstatic.com/70845c436d1d1acef2a024c0a46d21d53c13eda5_full.jpg"},"point":569},{"user":{"uid":199,"userid":179,"name":"Marv","avatar":"https://cdn.discordapp.com/avatars/491269024970440704/286a9b0e6df880695d71c4fb52f886c4.png"},"point":519},{"user":{"uid":205,"userid":181,"name":"Jakkd","avatar":"https://avatars.steamstatic.com/97670eff7ffff1bfa68343bab29481e6fb148c75_full.jpg"},"point":443},{"user":{"uid":139,"userid":124,"name":"felix-menzler","avatar":"https://avatars.steamstatic.com/92f23da5d9678dfe7c3d530a1c449c98331a0cca_full.jpg"},"point":379},{"user":{"uid":191,"userid":170,"name":"TheAndy33","avatar":"https://avatars.steamstatic.com/bf469dff0dd81e52001fff72d1cc373d855c5498_full.jpg"},"point":366},{"user":{"uid":99,"userid":110,"name":"[RSL]Albanr.9","avatar":"https://avatars.steamstatic.com/b3773af8338e7a36b55ec298e6dee7f4e0cd9aa0_full.jpg"},"point":200},{"user":{"uid":14,"userid":12,"name":"taaastyyy","avatar":"https://avatars.steamstatic.com/d71b2fd5a847a659ec55c28f0693363643794d79_full.jpg"},"point":142},{"user":{"uid":91,"userid":82,"name":"Ninja_Kiwi","avatar":"https://avatars.steamstatic.com/1aaec1ed3f3cd8465fa42665b01eb70d7f701604_full.jpg"},"point":87},{"user":{"uid":55,"userid":50,"name":"zogger9000","avatar":"https://static.truckersmp.com/avatarsN/defaultavatar.png"},"point":0}]}