{"fmd":[{"user":{"uid":13,"userid":9,"name":"n i x a","avatar":"https://cdn.discordapp.com/avatars/939242048131842149/d73eae702546d32ffede01366fc67c13.png"},"point":1723},{"user":{"uid":16,"userid":13,"name":"chad vectron","avatar":"https://cdn.discordapp.com/avatars/657613617906057247/81f8851d92f3ac1f80da82575197921f.png"},"point":1408},{"user":{"uid":3,"userid":3,"name":"Exotic","avatar":"https://cdn.discordapp.com/avatars/700374237877239900/a_21e1ff939d6a4f746de039650ff02a1d.gif"},"point":1115},{"user":{"uid":12,"userid":15,"name":"hαllєlujαh","avatar":"https://cdn.discordapp.com/avatars/489787824397352970/42ff6b81d02f4d7b1083fdebdb00a305.png"},"point":1005},{"user":{"uid":10,"userid":10,"name":"bone heart","avatar":"https://cdn.discordapp.com/avatars/792768685861371905/7d4ab7382176b5d07f614f4361b87b46.png"},"point":610},{"user":{"uid":14,"userid":11,"name":"L O R E N Z","avatar":"https://static.truckersmp.com/avatarsN/4486749.1691828789.png"},"point":528},{"user":{"uid":8,"userid":6,"name":"𝐒kyHεadεя","avatar":"https://cdn.discordapp.com/avatars/368478030504525825/0e043adf10e519ea7205a27fc0f2bf23.png"},"point":336}],"fma":[{"user":{"uid":13,"userid":9,"name":"n i x a","avatar":"https://cdn.discordapp.com/avatars/939242048131842149/d73eae702546d32ffede01366fc67c13.png"},"point":1723},{"user":{"uid":16,"userid":13,"name":"chad vectron","avatar":"https://cdn.discordapp.com/avatars/657613617906057247/81f8851d92f3ac1f80da82575197921f.png"},"point":1408},{"user":{"uid":3,"userid":3,"name":"Exotic","avatar":"https://cdn.discordapp.com/avatars/700374237877239900/a_21e1ff939d6a4f746de039650ff02a1d.gif"},"point":1115},{"user":{"uid":12,"userid":15,"name":"hαllєlujαh","avatar":"https://cdn.discordapp.com/avatars/489787824397352970/42ff6b81d02f4d7b1083fdebdb00a305.png"},"point":1005},{"user":{"uid":10,"userid":10,"name":"bone heart","avatar":"https://cdn.discordapp.com/avatars/792768685861371905/7d4ab7382176b5d07f614f4361b87b46.png"},"point":610},{"user":{"uid":14,"userid":11,"name":"L O R E N Z","avatar":"https://static.truckersmp.com/avatarsN/4486749.1691828789.png"},"point":528},{"user":{"uid":8,"userid":6,"name":"𝐒kyHεadεя","avatar":"https://cdn.discordapp.com/avatars/368478030504525825/0e043adf10e519ea7205a27fc0f2bf23.png"},"point":336}]}