{"fmd":[{"user":{"uid":5,"userid":3,"name":"{Wild Hogz} Dennisthe8th","avatar":"https://cdn.discordapp.com/avatars/575015095894016014/69fc086441725970662f0b9ba9bf5e32.png"},"point":7326},{"user":{"uid":18,"userid":14,"name":"{Wild Hogz} Gamerman","avatar":"https://cdn.discordapp.com/avatars/573630780778086410/a_674628635bbdee5ef172597209a914dd.gif"},"point":6581},{"user":{"uid":6,"userid":4,"name":"{Wild Hogz} xBoss Hogx","avatar":"https://cdn.discordapp.com/avatars/395641245973741570/1d2f3aa509dfa1d50abcd99dc298bcf2.png"},"point":5283},{"user":{"uid":56,"userid":45,"name":"{Wild Hogz} jbica","avatar":"https://cdn.discordapp.com/avatars/394272398930739212/488d03490a2359e57a3622544f8bbba2.png"},"point":5260},{"user":{"uid":69,"userid":58,"name":"{Wild Hogz} Cougar","avatar":""},"point":1974},{"user":{"uid":1,"userid":1,"name":"{Wild Hogz} Chappy1225","avatar":"https://cdn.discordapp.com/avatars/480244047311667201/b51db2fc9e7e314933519021bee4ae3e.png"},"point":1485},{"user":{"uid":64,"userid":53,"name":"{Wild Hogz} Lango2K","avatar":"https://cdn.discordapp.com/avatars/155344631628824586/23ae01fa02a7351bf040e2ffcceedb95.png"},"point":1071},{"user":{"uid":65,"userid":54,"name":"{Wild Hogz} Hooligan","avatar":"https://cdn.discordapp.com/avatars/249655265383677954/d1c651b6cbbe76b4b3eb67b0a4219551.png"},"point":52}],"fma":[{"user":{"uid":5,"userid":3,"name":"{Wild Hogz} Dennisthe8th","avatar":"https://cdn.discordapp.com/avatars/575015095894016014/69fc086441725970662f0b9ba9bf5e32.png"},"point":8938},{"user":{"uid":18,"userid":14,"name":"{Wild Hogz} Gamerman","avatar":"https://cdn.discordapp.com/avatars/573630780778086410/a_674628635bbdee5ef172597209a914dd.gif"},"point":7331},{"user":{"uid":56,"userid":45,"name":"{Wild Hogz} jbica","avatar":"https://cdn.discordapp.com/avatars/394272398930739212/488d03490a2359e57a3622544f8bbba2.png"},"point":7013},{"user":{"uid":6,"userid":4,"name":"{Wild Hogz} xBoss Hogx","avatar":"https://cdn.discordapp.com/avatars/395641245973741570/1d2f3aa509dfa1d50abcd99dc298bcf2.png"},"point":6683},{"user":{"uid":69,"userid":58,"name":"{Wild Hogz} Cougar","avatar":""},"point":1974},{"user":{"uid":1,"userid":1,"name":"{Wild Hogz} Chappy1225","avatar":"https://cdn.discordapp.com/avatars/480244047311667201/b51db2fc9e7e314933519021bee4ae3e.png"},"point":1485},{"user":{"uid":64,"userid":53,"name":"{Wild Hogz} Lango2K","avatar":"https://cdn.discordapp.com/avatars/155344631628824586/23ae01fa02a7351bf040e2ffcceedb95.png"},"point":1071},{"user":{"uid":7,"userid":5,"name":"{Wild Hogz} Jacket","avatar":"https://cdn.discordapp.com/avatars/111638504500408320/880678f246665808c2165f5f693b72cd.png"},"point":67},{"user":{"uid":65,"userid":54,"name":"{Wild Hogz} Hooligan","avatar":"https://cdn.discordapp.com/avatars/249655265383677954/d1c651b6cbbe76b4b3eb67b0a4219551.png"},"point":52}]}