{"fmd":[{"user":{"uid":96,"userid":120,"name":"Pattarapon","avatar":"https://cdn.discordapp.com/avatars/687263407417720832/a_c8f593c66e5dce0aeea7d8e0dc04e0cc.gif"},"point":9640},{"user":{"uid":479,"userid":252,"name":"ST1G","avatar":"https://cdn.discordapp.com/avatars/515890400494616608/f4bac7aef316082f7bad4fcbb6b39570.png"},"point":2154},{"user":{"uid":82,"userid":99,"name":"PepyNox 🤖","avatar":"https://cdn.discordapp.com/avatars/261473263752839168/a_32058670e7fcdb9136bb159147e62d09.gif"},"point":1309},{"user":{"uid":460,"userid":245,"name":"Malinois","avatar":"https://cdn.discordapp.com/avatars/674758857154887710/9984f9f4d45a58816391042a4ec4d2da.png"},"point":1051},{"user":{"uid":364,"userid":215,"name":"[MCG] Danish_v8","avatar":"https://static.truckersmp.com/avatarsN/3882826.1651322428.jpg"},"point":1049},{"user":{"uid":400,"userid":222,"name":"prbkk","avatar":"https://cdn.discordapp.com/avatars/882076408308989952/bd00d6503d087db05af20d86f3f6681e.png"},"point":730},{"user":{"uid":425,"userid":235,"name":"𝐑𝐚𝐳𝐯𝐚𝐧𝐑𝐎","avatar":"https://cdn.discordapp.com/avatars/781186254976712794/2d6c733e78c760666fe6c9b332860609.png"},"point":653},{"user":{"uid":19,"userid":22,"name":"Garmy","avatar":"https://cdn.discordapp.com/avatars/537294435617341451/513dcf25a48a7f737f1643ad3c103e65.png"},"point":513},{"user":{"uid":100,"userid":124,"name":"Nexusover","avatar":"https://cdn.discordapp.com/avatars/531793623331635201/200acad6bb16f43fd5eda378ea422f0e.png"},"point":477},{"user":{"uid":15,"userid":17,"name":"Aashraye","avatar":"https://cdn.discordapp.com/avatars/514799622510739456/a_9fa635cb53a66b5da365a010bbced50e.gif"},"point":475},{"user":{"uid":219,"userid":162,"name":"Unlined","avatar":"https://cdn.discordapp.com/avatars/805174902566682644/ebc23285318adf34b6840ae2d324a959.png"},"point":432},{"user":{"uid":204,"userid":155,"name":"Xenon_25","avatar":"https://avatars.steamstatic.com/8dfe278c7493b6984540e57ecd57b791df13841e_full.jpg"},"point":262},{"user":{"uid":202,"userid":154,"name":"i'm J clarkson","avatar":"https://cdn.discordapp.com/avatars/690586123952586792/80cf82fd6950b61379dce9612d1f7034.png"},"point":144},{"user":{"uid":470,"userid":253,"name":"[MCG] Lucasg4329 [FR]","avatar":"https://static.truckersmp.com/avatarsN/defaultavatar.png"},"point":68},{"user":{"uid":409,"userid":226,"name":"𝙽𝙴𝚆𝚃𝚈𝙿𝙴𝚂","avatar":"https://cdn.discordapp.com/avatars/624501922531115019/720e6c9072e99985cd234df4183376af.png"},"point":24},{"user":{"uid":321,"userid":204,"name":"TIRAWIT_FIRST","avatar":"https://cdn.discordapp.com/avatars/899663022891626516/10450eb89b929eaa00a1073937d1ad4d.png"},"point":3},{"user":{"uid":14,"userid":15,"name":"Cel","avatar":"https://cdn.discordapp.com/avatars/388906563043065861/ea2e630b6ace3b5676e334f4f61e039f.png"},"point":0}],"fma":[{"user":{"uid":96,"userid":120,"name":"Pattarapon","avatar":"https://cdn.discordapp.com/avatars/687263407417720832/a_c8f593c66e5dce0aeea7d8e0dc04e0cc.gif"},"point":9640},{"user":{"uid":479,"userid":252,"name":"ST1G","avatar":"https://cdn.discordapp.com/avatars/515890400494616608/f4bac7aef316082f7bad4fcbb6b39570.png"},"point":2154},{"user":{"uid":82,"userid":99,"name":"PepyNox 🤖","avatar":"https://cdn.discordapp.com/avatars/261473263752839168/a_32058670e7fcdb9136bb159147e62d09.gif"},"point":1309},{"user":{"uid":460,"userid":245,"name":"Malinois","avatar":"https://cdn.discordapp.com/avatars/674758857154887710/9984f9f4d45a58816391042a4ec4d2da.png"},"point":1051},{"user":{"uid":364,"userid":215,"name":"[MCG] Danish_v8","avatar":"https://static.truckersmp.com/avatarsN/3882826.1651322428.jpg"},"point":1049},{"user":{"uid":400,"userid":222,"name":"prbkk","avatar":"https://cdn.discordapp.com/avatars/882076408308989952/bd00d6503d087db05af20d86f3f6681e.png"},"point":730},{"user":{"uid":425,"userid":235,"name":"𝐑𝐚𝐳𝐯𝐚𝐧𝐑𝐎","avatar":"https://cdn.discordapp.com/avatars/781186254976712794/2d6c733e78c760666fe6c9b332860609.png"},"point":653},{"user":{"uid":19,"userid":22,"name":"Garmy","avatar":"https://cdn.discordapp.com/avatars/537294435617341451/513dcf25a48a7f737f1643ad3c103e65.png"},"point":513},{"user":{"uid":100,"userid":124,"name":"Nexusover","avatar":"https://cdn.discordapp.com/avatars/531793623331635201/200acad6bb16f43fd5eda378ea422f0e.png"},"point":477},{"user":{"uid":15,"userid":17,"name":"Aashraye","avatar":"https://cdn.discordapp.com/avatars/514799622510739456/a_9fa635cb53a66b5da365a010bbced50e.gif"},"point":475},{"user":{"uid":219,"userid":162,"name":"Unlined","avatar":"https://cdn.discordapp.com/avatars/805174902566682644/ebc23285318adf34b6840ae2d324a959.png"},"point":432},{"user":{"uid":204,"userid":155,"name":"Xenon_25","avatar":"https://avatars.steamstatic.com/8dfe278c7493b6984540e57ecd57b791df13841e_full.jpg"},"point":262},{"user":{"uid":202,"userid":154,"name":"i'm J clarkson","avatar":"https://cdn.discordapp.com/avatars/690586123952586792/80cf82fd6950b61379dce9612d1f7034.png"},"point":144},{"user":{"uid":470,"userid":253,"name":"[MCG] Lucasg4329 [FR]","avatar":"https://static.truckersmp.com/avatarsN/defaultavatar.png"},"point":68},{"user":{"uid":409,"userid":226,"name":"𝙽𝙴𝚆𝚃𝚈𝙿𝙴𝚂","avatar":"https://cdn.discordapp.com/avatars/624501922531115019/720e6c9072e99985cd234df4183376af.png"},"point":24},{"user":{"uid":321,"userid":204,"name":"TIRAWIT_FIRST","avatar":"https://cdn.discordapp.com/avatars/899663022891626516/10450eb89b929eaa00a1073937d1ad4d.png"},"point":3},{"user":{"uid":14,"userid":15,"name":"Cel","avatar":"https://cdn.discordapp.com/avatars/388906563043065861/ea2e630b6ace3b5676e334f4f61e039f.png"},"point":0}]}