{"fmd":[{"user":{"uid":3,"userid":2,"name":"GB |     M.Faruk {21}","avatar":"https://cdn.discordapp.com/avatars/284769507271245825/f4d7f890b3d45b4fcc2acc412335e13a.png"},"point":678}],"fma":[{"user":{"uid":3,"userid":2,"name":"GB |     M.Faruk {21}","avatar":"https://cdn.discordapp.com/avatars/284769507271245825/f4d7f890b3d45b4fcc2acc412335e13a.png"},"point":837},{"user":{"uid":105,"userid":93,"name":"GB | Berat [16]","avatar":"https://cdn.discordapp.com/avatars/720876302931984398/9dd44f77af219b29ce50a4f2fb1da276.png"},"point":150}]}