{"fmd":[{"user":{"uid":675,"userid":539,"name":"gamer2dk","avatar":"https://cdn.discordapp.com/avatars/888475573284925461/02a35533764a55b05b0d49a7155adad3.png"},"point":3667},{"user":{"uid":609,"userid":490,"name":"ralkinvx","avatar":"https://cdn.discordapp.com/avatars/626276063609225221/cdf27d657698337dc22e9a4ba4736900.png"},"point":2267},{"user":{"uid":636,"userid":513,"name":"MementoMori","avatar":"https://cdn.discordapp.com/avatars/978142750681731182/884e73c1f41e29c7cc3518441545a1f8.png"},"point":2255},{"user":{"uid":551,"userid":448,"name":"Capt_Tom","avatar":"https://cdn.discordapp.com/avatars/1189926623739400235/76a1784b7640fe89bfca945587db07e3.png"},"point":2090},{"user":{"uid":608,"userid":489,"name":"Dylan aka Scott","avatar":"https://cdn.discordapp.com/avatars/287978186732732416/269da0519b0fb3b455df1752ceec3171.png"},"point":1640},{"user":{"uid":595,"userid":479,"name":"Championrub","avatar":"https://cdn.discordapp.com/avatars/811982277474123786/57632d6c13f4de8235b03acd0aba016e.png"},"point":1586},{"user":{"uid":516,"userid":417,"name":"Ravsh1k","avatar":"https://cdn.discordapp.com/avatars/901846074740858890/d8ce555a273409259cad27c86b082469.png"},"point":1538},{"user":{"uid":648,"userid":521,"name":"Sandro","avatar":"https://cdn.discordapp.com/avatars/221992990275534848/5502ab9ba51414716bca672635e36ccc.png"},"point":1480},{"user":{"uid":663,"userid":532,"name":"Cardigaso","avatar":"https://cdn.discordapp.com/avatars/1125047721863163974/cc9a8c66b569f73b2dd8c694988747df.png"},"point":1147},{"user":{"uid":603,"userid":484,"name":"VJvijey","avatar":"https://cdn.discordapp.com/avatars/501001074782502912/8b10c0e8d0270629095b68200a220d3f.png"},"point":1136},{"user":{"uid":402,"userid":337,"name":"viriusek","avatar":"https://cdn.discordapp.com/avatars/814466964918370305/78f995b4dea90ade36a4984506d67d5b.png"},"point":1088},{"user":{"uid":678,"userid":543,"name":"Poco","avatar":"https://cdn.discordapp.com/avatars/396291126002188298/26e461e154bf9db4d6fc492c395aaa65.png"},"point":1075},{"user":{"uid":504,"userid":411,"name":"ArgotheWolf","avatar":"https://static.truckersmp.com/avatarsN/1940165.1712798979.png"},"point":1044},{"user":{"uid":667,"userid":535,"name":"cxramic","avatar":"https://cdn.discordapp.com/avatars/1157288014599426050/54f13430863655d4235702c6473518e0.png"},"point":891},{"user":{"uid":588,"userid":473,"name":"foxz","avatar":"https://cdn.discordapp.com/avatars/463330571305877505/d5460cb0082e918aac262497cf11a769.png"},"point":623},{"user":{"uid":396,"userid":331,"name":"Lucas","avatar":"https://cdn.discordapp.com/avatars/1004644388888117258/ea826f4f3083b8b805c29d765c52e04f.png"},"point":429},{"user":{"uid":50,"userid":156,"name":"Marshallvet","avatar":"https://cdn.discordapp.com/avatars/365295813187862568/2dc1aabcc7382486a66d1dc8f514dd2e.png"},"point":396},{"user":{"uid":400,"userid":335,"name":"LikeANoaツ","avatar":"https://cdn.discordapp.com/avatars/903619655153909770/057ea607b8b8408fe695376aabaa366a.png"},"point":334},{"user":{"uid":585,"userid":469,"name":"Yannis","avatar":"https://cdn.discordapp.com/avatars/958692090550845520/df39a249414d1cf57d44a196b8dc2b91.png"},"point":232},{"user":{"uid":427,"userid":353,"name":"Versthappening","avatar":"https://cdn.discordapp.com/avatars/851032564801077258/b6762130b06d88078b10d519887e731b.png"},"point":0}],"fma":[{"user":{"uid":675,"userid":539,"name":"gamer2dk","avatar":"https://cdn.discordapp.com/avatars/888475573284925461/02a35533764a55b05b0d49a7155adad3.png"},"point":3667},{"user":{"uid":636,"userid":513,"name":"MementoMori","avatar":"https://cdn.discordapp.com/avatars/978142750681731182/884e73c1f41e29c7cc3518441545a1f8.png"},"point":3458},{"user":{"uid":551,"userid":448,"name":"Capt_Tom","avatar":"https://cdn.discordapp.com/avatars/1189926623739400235/76a1784b7640fe89bfca945587db07e3.png"},"point":2715},{"user":{"uid":516,"userid":417,"name":"Ravsh1k","avatar":"https://cdn.discordapp.com/avatars/901846074740858890/d8ce555a273409259cad27c86b082469.png"},"point":2272},{"user":{"uid":609,"userid":490,"name":"ralkinvx","avatar":"https://cdn.discordapp.com/avatars/626276063609225221/cdf27d657698337dc22e9a4ba4736900.png"},"point":2267},{"user":{"uid":608,"userid":489,"name":"Dylan aka Scott","avatar":"https://cdn.discordapp.com/avatars/287978186732732416/269da0519b0fb3b455df1752ceec3171.png"},"point":1640},{"user":{"uid":603,"userid":484,"name":"VJvijey","avatar":"https://cdn.discordapp.com/avatars/501001074782502912/8b10c0e8d0270629095b68200a220d3f.png"},"point":1626},{"user":{"uid":595,"userid":479,"name":"Championrub","avatar":"https://cdn.discordapp.com/avatars/811982277474123786/57632d6c13f4de8235b03acd0aba016e.png"},"point":1586},{"user":{"uid":648,"userid":521,"name":"Sandro","avatar":"https://cdn.discordapp.com/avatars/221992990275534848/5502ab9ba51414716bca672635e36ccc.png"},"point":1480},{"user":{"uid":663,"userid":532,"name":"Cardigaso","avatar":"https://cdn.discordapp.com/avatars/1125047721863163974/cc9a8c66b569f73b2dd8c694988747df.png"},"point":1147},{"user":{"uid":402,"userid":337,"name":"viriusek","avatar":"https://cdn.discordapp.com/avatars/814466964918370305/78f995b4dea90ade36a4984506d67d5b.png"},"point":1088},{"user":{"uid":678,"userid":543,"name":"Poco","avatar":"https://cdn.discordapp.com/avatars/396291126002188298/26e461e154bf9db4d6fc492c395aaa65.png"},"point":1075},{"user":{"uid":504,"userid":411,"name":"ArgotheWolf","avatar":"https://static.truckersmp.com/avatarsN/1940165.1712798979.png"},"point":1044},{"user":{"uid":667,"userid":535,"name":"cxramic","avatar":"https://cdn.discordapp.com/avatars/1157288014599426050/54f13430863655d4235702c6473518e0.png"},"point":891},{"user":{"uid":588,"userid":473,"name":"foxz","avatar":"https://cdn.discordapp.com/avatars/463330571305877505/d5460cb0082e918aac262497cf11a769.png"},"point":623},{"user":{"uid":396,"userid":331,"name":"Lucas","avatar":"https://cdn.discordapp.com/avatars/1004644388888117258/ea826f4f3083b8b805c29d765c52e04f.png"},"point":429},{"user":{"uid":50,"userid":156,"name":"Marshallvet","avatar":"https://cdn.discordapp.com/avatars/365295813187862568/2dc1aabcc7382486a66d1dc8f514dd2e.png"},"point":396},{"user":{"uid":400,"userid":335,"name":"LikeANoaツ","avatar":"https://cdn.discordapp.com/avatars/903619655153909770/057ea607b8b8408fe695376aabaa366a.png"},"point":334},{"user":{"uid":585,"userid":469,"name":"Yannis","avatar":"https://cdn.discordapp.com/avatars/958692090550845520/df39a249414d1cf57d44a196b8dc2b91.png"},"point":232},{"user":{"uid":480,"userid":395,"name":"Sh0tBlow","avatar":"https://cdn.discordapp.com/avatars/462991116279611392/87bf1e3b76d220025f3fb4b0029427f8.png"},"point":212},{"user":{"uid":260,"userid":221,"name":"NotPika","avatar":"https://cdn.discordapp.com/avatars/1067827165556650024/47c9f5f730ebb99916f6373cf7ec75ef.png"},"point":108},{"user":{"uid":25,"userid":96,"name":"[G-T-R]GrayWolf","avatar":"https://cdn.discordapp.com/avatars/463049453067173888/93e0f855de1c1bcdf6924d45b1789338.png"},"point":100},{"user":{"uid":651,"userid":523,"name":"Elfik","avatar":"https://cdn.discordapp.com/avatars/648958483185795083/8f18b7e6f4570233b30ed904712c00da.png"},"point":65},{"user":{"uid":427,"userid":353,"name":"Versthappening","avatar":"https://cdn.discordapp.com/avatars/851032564801077258/b6762130b06d88078b10d519887e731b.png"},"point":0}]}