{"fmd":[{"user":{"uid":12,"userid":9,"name":"Rakterion","avatar":"https://avatars.steamstatic.com/c3c2be1c64ebbb22961b3639239f7ce18fccdfac_full.jpg"},"point":2773},{"user":{"uid":8,"userid":4,"name":"fruttinicolas","avatar":"https://avatars.steamstatic.com/3023e43df6a37e11e2792ef1e5456000bffc3394_full.jpg"},"point":710},{"user":{"uid":1,"userid":1,"name":"Chinchulines","avatar":"https://static.truckersmp.com/avatarsN/5157719.1708998904.png"},"point":703}],"fma":[{"user":{"uid":8,"userid":4,"name":"fruttinicolas","avatar":"https://avatars.steamstatic.com/3023e43df6a37e11e2792ef1e5456000bffc3394_full.jpg"},"point":5810},{"user":{"uid":12,"userid":9,"name":"Rakterion","avatar":"https://avatars.steamstatic.com/c3c2be1c64ebbb22961b3639239f7ce18fccdfac_full.jpg"},"point":2773},{"user":{"uid":1,"userid":1,"name":"Chinchulines","avatar":"https://static.truckersmp.com/avatarsN/5157719.1708998904.png"},"point":1324}]}