{"fmd":[{"user":{"uid":212,"userid":182,"name":"Sexual_Bullet","avatar":"https://avatars.steamstatic.com/13d537e3111e55e43efa7c4d40292ea6ff8d152d_full.jpg"},"point":9463},{"user":{"uid":203,"userid":173,"name":"(DR) Billy1bob","avatar":""},"point":7985},{"user":{"uid":192,"userid":163,"name":"(DR) Diican","avatar":""},"point":5117},{"user":{"uid":128,"userid":103,"name":"(DR) johnny7610","avatar":"https://cdn.discordapp.com/avatars/191355230326095878/dc8aefac45d186a6c649ecc1e8efb7ba.png"},"point":3239},{"user":{"uid":28,"userid":23,"name":"(CEO) Pete (DND)","avatar":"https://cdn.discordapp.com/avatars/316660255872516106/8a2dca3b679afae90df18edc44b1584c.png"},"point":319},{"user":{"uid":5,"userid":2,"name":"(Founder) Boss 𝓙𝓸𝓻𝓭1498","avatar":"https://cdn.discordapp.com/avatars/613745490646925352/64aef3a50f31a7fbf4deca8ad2915a69.png"},"point":199}],"fma":[{"user":{"uid":212,"userid":182,"name":"Sexual_Bullet","avatar":"https://avatars.steamstatic.com/13d537e3111e55e43efa7c4d40292ea6ff8d152d_full.jpg"},"point":9463},{"user":{"uid":203,"userid":173,"name":"(DR) Billy1bob","avatar":""},"point":7985},{"user":{"uid":192,"userid":163,"name":"(DR) Diican","avatar":""},"point":5117},{"user":{"uid":128,"userid":103,"name":"(DR) johnny7610","avatar":"https://cdn.discordapp.com/avatars/191355230326095878/dc8aefac45d186a6c649ecc1e8efb7ba.png"},"point":3239},{"user":{"uid":28,"userid":23,"name":"(CEO) Pete (DND)","avatar":"https://cdn.discordapp.com/avatars/316660255872516106/8a2dca3b679afae90df18edc44b1584c.png"},"point":319},{"user":{"uid":1,"userid":0,"name":"(Owner) Essex","avatar":"https://cdn.discordapp.com/avatars/986728515892285461/a_c4301bd78f1d1d60c25f66672af89a9a.gif"},"point":233},{"user":{"uid":5,"userid":2,"name":"(Founder) Boss 𝓙𝓸𝓻𝓭1498","avatar":"https://cdn.discordapp.com/avatars/613745490646925352/64aef3a50f31a7fbf4deca8ad2915a69.png"},"point":199}]}