{"fmd":[{"user":{"uid":12,"userid":253,"name":"Arcon_","avatar":"https://cdn.discordapp.com/avatars/590425598552440833/a0d20b550a1002cce1119d41d50775fd.png"},"point":795},{"user":{"uid":370,"userid":267,"name":"Uhh_Rob","avatar":"https://cdn.discordapp.com/avatars/920268890976690216/a_19913b6f60ddff70bc667d6288bd3f9e.gif"},"point":612},{"user":{"uid":294,"userid":231,"name":"bojan","avatar":""},"point":0}],"fma":[{"user":{"uid":312,"userid":239,"name":"Two Trappy","avatar":"https://cdn.discordapp.com/avatars/460444257250181120/e1fe6b34c1ce8b3d86f89e7e210ca57e.png"},"point":50000},{"user":{"uid":1,"userid":0,"name":"Brad","avatar":"https://cdn.discordapp.com/avatars/507570358782525451/0f8d2ac0cb4d5df4b45d8529b6efe809.png"},"point":25000},{"user":{"uid":365,"userid":262,"name":"Nino","avatar":"https://cdn.discordapp.com/avatars/400694856827011073/ec52f8c6645244614e85a449413b0b89.png"},"point":25000},{"user":{"uid":367,"userid":265,"name":"Big Blazie","avatar":"https://cdn.discordapp.com/avatars/118134703143387143/88e6d6274c252de8f124b4ad9879b580.png"},"point":25000},{"user":{"uid":12,"userid":253,"name":"Arcon_","avatar":"https://cdn.discordapp.com/avatars/590425598552440833/a0d20b550a1002cce1119d41d50775fd.png"},"point":795},{"user":{"uid":370,"userid":267,"name":"Uhh_Rob","avatar":"https://cdn.discordapp.com/avatars/920268890976690216/a_19913b6f60ddff70bc667d6288bd3f9e.gif"},"point":612},{"user":{"uid":294,"userid":231,"name":"bojan","avatar":""},"point":0}]}