{"fmd":[{"user":{"uid":76,"userid":60,"name":"V8 Gaming","avatar":"https://cdn.discordapp.com/avatars/793808849404559452/e782ec658aad4569bdf5267052741c37.png"},"point":8656},{"user":{"uid":173,"userid":133,"name":"LizzyM#290199","avatar":""},"point":5405},{"user":{"uid":1,"userid":1,"name":"!itsPeanutttt","avatar":"https://cdn.discordapp.com/avatars/208757218013609985/a_b8fae2196be237eb9612f9daed82c1e3.gif"},"point":1519},{"user":{"uid":140,"userid":107,"name":"Ata35","avatar":"https://cdn.discordapp.com/avatars/320518548046741505/67114a1cf7e0397b1e94fc8af83fd158.png"},"point":1519},{"user":{"uid":148,"userid":114,"name":"olieatspringles","avatar":"https://cdn.discordapp.com/avatars/262621686929686540/8250778c986f58e084aac164b12242e7.png"},"point":1227},{"user":{"uid":204,"userid":155,"name":"Scarry","avatar":"https://cdn.discordapp.com/avatars/844243311656304640/34337f2ae0ca3d703181973aea9b9aac.png"},"point":950},{"user":{"uid":289,"userid":214,"name":"realjetro007","avatar":"https://cdn.discordapp.com/avatars/390698464775766016/77e5c944c3bd4702a3ac3e0ee206d4e9.png"},"point":832},{"user":{"uid":213,"userid":163,"name":"Little Meow","avatar":"https://cdn.discordapp.com/avatars/1019561099177234442/ddd644a232498d08379163bd4797740e.png"},"point":676},{"user":{"uid":100,"userid":75,"name":"I am KingHeet","avatar":"https://static.truckersmp.com/avatarsN/3141865.1659238151.jpeg"},"point":608},{"user":{"uid":273,"userid":206,"name":"TootsGaming","avatar":"https://cdn.discordapp.com/avatars/822199520846282793/b0470670f15d8600df10133eee7a2156.png"},"point":545},{"user":{"uid":15,"userid":10,"name":"MarlonSkills","avatar":"https://cdn.discordapp.com/avatars/315956778884005890/9a3d00de17d4e51023e4dc7542353ce7.png"},"point":528},{"user":{"uid":43,"userid":34,"name":"TigerPlayz302","avatar":"https://cdn.discordapp.com/avatars/925072966021152798/efc0896809722ff397dd18e15ee8afc3.png"},"point":184},{"user":{"uid":156,"userid":120,"name":"Bonsa","avatar":"https://cdn.discordapp.com/avatars/496711398701662218/a1d41e0cf2ae1acd231c2e8b446f05c4.png"},"point":69}],"fma":[{"user":{"uid":76,"userid":60,"name":"V8 Gaming","avatar":"https://cdn.discordapp.com/avatars/793808849404559452/e782ec658aad4569bdf5267052741c37.png"},"point":9297},{"user":{"uid":173,"userid":133,"name":"LizzyM#290199","avatar":""},"point":6429},{"user":{"uid":32,"userid":21,"name":"NateNZ","avatar":"https://cdn.discordapp.com/avatars/263779798327885834/54adfd241b87dc24073b7cc175209ad7.png"},"point":3200},{"user":{"uid":140,"userid":107,"name":"Ata35","avatar":"https://cdn.discordapp.com/avatars/320518548046741505/67114a1cf7e0397b1e94fc8af83fd158.png"},"point":1826},{"user":{"uid":1,"userid":1,"name":"!itsPeanutttt","avatar":"https://cdn.discordapp.com/avatars/208757218013609985/a_b8fae2196be237eb9612f9daed82c1e3.gif"},"point":1787},{"user":{"uid":100,"userid":75,"name":"I am KingHeet","avatar":"https://static.truckersmp.com/avatarsN/3141865.1659238151.jpeg"},"point":1383},{"user":{"uid":204,"userid":155,"name":"Scarry","avatar":"https://cdn.discordapp.com/avatars/844243311656304640/34337f2ae0ca3d703181973aea9b9aac.png"},"point":1374},{"user":{"uid":148,"userid":114,"name":"olieatspringles","avatar":"https://cdn.discordapp.com/avatars/262621686929686540/8250778c986f58e084aac164b12242e7.png"},"point":1227},{"user":{"uid":273,"userid":206,"name":"TootsGaming","avatar":"https://cdn.discordapp.com/avatars/822199520846282793/b0470670f15d8600df10133eee7a2156.png"},"point":950},{"user":{"uid":289,"userid":214,"name":"realjetro007","avatar":"https://cdn.discordapp.com/avatars/390698464775766016/77e5c944c3bd4702a3ac3e0ee206d4e9.png"},"point":832},{"user":{"uid":213,"userid":163,"name":"Little Meow","avatar":"https://cdn.discordapp.com/avatars/1019561099177234442/ddd644a232498d08379163bd4797740e.png"},"point":676},{"user":{"uid":15,"userid":10,"name":"MarlonSkills","avatar":"https://cdn.discordapp.com/avatars/315956778884005890/9a3d00de17d4e51023e4dc7542353ce7.png"},"point":528},{"user":{"uid":156,"userid":120,"name":"Bonsa","avatar":"https://cdn.discordapp.com/avatars/496711398701662218/a1d41e0cf2ae1acd231c2e8b446f05c4.png"},"point":485},{"user":{"uid":43,"userid":34,"name":"TigerPlayz302","avatar":"https://cdn.discordapp.com/avatars/925072966021152798/efc0896809722ff397dd18e15ee8afc3.png"},"point":184}]}