{"fmd":[{"user":{"uid":136,"userid":121,"name":"Fuzzi_One","avatar":"https://avatars.steamstatic.com/80dc5c843904a69c82033fa7600d24e61dc9b370_full.jpg"},"point":8906},{"user":{"uid":165,"userid":147,"name":"Bernd.R","avatar":"https://avatars.steamstatic.com/1632837e2e6f9bff2970254d35d06bae45d9a395_full.jpg"},"point":5492},{"user":{"uid":147,"userid":132,"name":"Der  Opa","avatar":"https://cdn.discordapp.com/avatars/390841934358249482/5182d95c0600108142ddbca2b09a1bb4.png"},"point":5178},{"user":{"uid":135,"userid":120,"name":"mschmidi270373","avatar":"https://avatars.steamstatic.com/d670cb75b7d0055ee9c551ea24f9135512728a93_full.jpg"},"point":3461},{"user":{"uid":3,"userid":3,"name":"Yglo233","avatar":"https://avatars.steamstatic.com/31b7c52f47bfc7fdf48a7793bcc63254fbb4d4e0_full.jpg"},"point":3022},{"user":{"uid":176,"userid":157,"name":"SKELETOR96","avatar":"https://avatars.steamstatic.com/e2de94aa5b303690fc34a2784287b2ea576b1250_full.jpg"},"point":2072},{"user":{"uid":76,"userid":68,"name":"michaelpl","avatar":"https://avatars.steamstatic.com/0d6d4c2838992e31b7117875d964c9c064bbeef4_full.jpg"},"point":2067},{"user":{"uid":95,"userid":86,"name":"EnTee","avatar":"https://avatars.steamstatic.com/3f5e9daea59216d7fe13df4e031d3537580e5e21_full.jpg"},"point":1973},{"user":{"uid":222,"userid":193,"name":"[RSL] Joshua","avatar":"https://cdn.discordapp.com/avatars/400402081581629450/9fa983d90e5f15b9082e9506057131ef.png"},"point":1795},{"user":{"uid":205,"userid":181,"name":"Jakkd","avatar":"https://avatars.steamstatic.com/97670eff7ffff1bfa68343bab29481e6fb148c75_full.jpg"},"point":1563},{"user":{"uid":220,"userid":192,"name":"dennis2982","avatar":"https://avatars.steamstatic.com/fef49e7fa7e1997310d705b2a6158ff8dc1cdfeb_full.jpg"},"point":1348},{"user":{"uid":91,"userid":82,"name":"Ninja_Kiwi","avatar":"https://avatars.steamstatic.com/1aaec1ed3f3cd8465fa42665b01eb70d7f701604_full.jpg"},"point":1182},{"user":{"uid":31,"userid":22,"name":"[RSL] Fun_irrenanstalt","avatar":""},"point":1102},{"user":{"uid":192,"userid":172,"name":"TopsyCret","avatar":"https://avatars.steamstatic.com/82aecb83684b9c1d29f6f26a4642971416734fcc_full.jpg"},"point":946},{"user":{"uid":50,"userid":43,"name":"Tarial","avatar":"https://avatars.steamstatic.com/852cd2da47222f03895ad2c285d0980e4f003168_full.jpg"},"point":851},{"user":{"uid":137,"userid":122,"name":"Ollknoll","avatar":"https://avatars.steamstatic.com/940454d3f8b8075ab35bd2a555be3b529fd8c29f_full.jpg"},"point":848},{"user":{"uid":41,"userid":25,"name":"Marvin","avatar":"https://avatars.steamstatic.com/52f347986803228f0c1e66e478eea3929969ab42_full.jpg"},"point":847},{"user":{"uid":144,"userid":129,"name":"Nicx","avatar":"https://avatars.steamstatic.com/af1cf9cf15be50bc6eda5a5c35bb1698bbf77ecd_full.jpg"},"point":846},{"user":{"uid":64,"userid":57,"name":"captainbubatz","avatar":"https://avatars.steamstatic.com/05e287bb68b9dd3798bae459b8e7d4cc59c5e9a5_full.jpg"},"point":837},{"user":{"uid":143,"userid":128,"name":"Tomm82m","avatar":"https://avatars.steamstatic.com/70845c436d1d1acef2a024c0a46d21d53c13eda5_full.jpg"},"point":812},{"user":{"uid":111,"userid":96,"name":"Paskal97","avatar":"https://avatars.steamstatic.com/9475263bcb19b71603be31c2d94088614482e784_full.jpg"},"point":683},{"user":{"uid":84,"userid":75,"name":"lolgamer5300","avatar":"https://avatars.steamstatic.com/76ad51d2c234085fc07dbe1396e3d39331376fd5_full.jpg"},"point":461},{"user":{"uid":131,"userid":116,"name":"DnS","avatar":"https://avatars.steamstatic.com/76b7a1118346ddac8e32198f37f89bdd31a1a9c7_full.jpg"},"point":378},{"user":{"uid":61,"userid":54,"name":"Marcel.3101","avatar":"https://avatars.steamstatic.com/cbfb3b9dd23d1713d1630789bf8ace321f82a154_full.jpg"},"point":338},{"user":{"uid":132,"userid":117,"name":"!Pinocchio","avatar":"https://avatars.steamstatic.com/ad6d05f99b19d6a006f36db6008f93a6b4d5fe3a_full.jpg"},"point":238}],"fma":[{"user":{"uid":136,"userid":121,"name":"Fuzzi_One","avatar":"https://avatars.steamstatic.com/80dc5c843904a69c82033fa7600d24e61dc9b370_full.jpg"},"point":8906},{"user":{"uid":165,"userid":147,"name":"Bernd.R","avatar":"https://avatars.steamstatic.com/1632837e2e6f9bff2970254d35d06bae45d9a395_full.jpg"},"point":5492},{"user":{"uid":147,"userid":132,"name":"Der  Opa","avatar":"https://cdn.discordapp.com/avatars/390841934358249482/5182d95c0600108142ddbca2b09a1bb4.png"},"point":5178},{"user":{"uid":135,"userid":120,"name":"mschmidi270373","avatar":"https://avatars.steamstatic.com/d670cb75b7d0055ee9c551ea24f9135512728a93_full.jpg"},"point":3461},{"user":{"uid":3,"userid":3,"name":"Yglo233","avatar":"https://avatars.steamstatic.com/31b7c52f47bfc7fdf48a7793bcc63254fbb4d4e0_full.jpg"},"point":3022},{"user":{"uid":176,"userid":157,"name":"SKELETOR96","avatar":"https://avatars.steamstatic.com/e2de94aa5b303690fc34a2784287b2ea576b1250_full.jpg"},"point":2072},{"user":{"uid":76,"userid":68,"name":"michaelpl","avatar":"https://avatars.steamstatic.com/0d6d4c2838992e31b7117875d964c9c064bbeef4_full.jpg"},"point":2067},{"user":{"uid":95,"userid":86,"name":"EnTee","avatar":"https://avatars.steamstatic.com/3f5e9daea59216d7fe13df4e031d3537580e5e21_full.jpg"},"point":1973},{"user":{"uid":222,"userid":193,"name":"[RSL] Joshua","avatar":"https://cdn.discordapp.com/avatars/400402081581629450/9fa983d90e5f15b9082e9506057131ef.png"},"point":1795},{"user":{"uid":205,"userid":181,"name":"Jakkd","avatar":"https://avatars.steamstatic.com/97670eff7ffff1bfa68343bab29481e6fb148c75_full.jpg"},"point":1563},{"user":{"uid":220,"userid":192,"name":"dennis2982","avatar":"https://avatars.steamstatic.com/fef49e7fa7e1997310d705b2a6158ff8dc1cdfeb_full.jpg"},"point":1348},{"user":{"uid":91,"userid":82,"name":"Ninja_Kiwi","avatar":"https://avatars.steamstatic.com/1aaec1ed3f3cd8465fa42665b01eb70d7f701604_full.jpg"},"point":1182},{"user":{"uid":31,"userid":22,"name":"[RSL] Fun_irrenanstalt","avatar":""},"point":1102},{"user":{"uid":192,"userid":172,"name":"TopsyCret","avatar":"https://avatars.steamstatic.com/82aecb83684b9c1d29f6f26a4642971416734fcc_full.jpg"},"point":946},{"user":{"uid":50,"userid":43,"name":"Tarial","avatar":"https://avatars.steamstatic.com/852cd2da47222f03895ad2c285d0980e4f003168_full.jpg"},"point":851},{"user":{"uid":137,"userid":122,"name":"Ollknoll","avatar":"https://avatars.steamstatic.com/940454d3f8b8075ab35bd2a555be3b529fd8c29f_full.jpg"},"point":848},{"user":{"uid":41,"userid":25,"name":"Marvin","avatar":"https://avatars.steamstatic.com/52f347986803228f0c1e66e478eea3929969ab42_full.jpg"},"point":847},{"user":{"uid":144,"userid":129,"name":"Nicx","avatar":"https://avatars.steamstatic.com/af1cf9cf15be50bc6eda5a5c35bb1698bbf77ecd_full.jpg"},"point":846},{"user":{"uid":64,"userid":57,"name":"captainbubatz","avatar":"https://avatars.steamstatic.com/05e287bb68b9dd3798bae459b8e7d4cc59c5e9a5_full.jpg"},"point":837},{"user":{"uid":143,"userid":128,"name":"Tomm82m","avatar":"https://avatars.steamstatic.com/70845c436d1d1acef2a024c0a46d21d53c13eda5_full.jpg"},"point":812},{"user":{"uid":111,"userid":96,"name":"Paskal97","avatar":"https://avatars.steamstatic.com/9475263bcb19b71603be31c2d94088614482e784_full.jpg"},"point":683},{"user":{"uid":84,"userid":75,"name":"lolgamer5300","avatar":"https://avatars.steamstatic.com/76ad51d2c234085fc07dbe1396e3d39331376fd5_full.jpg"},"point":461},{"user":{"uid":131,"userid":116,"name":"DnS","avatar":"https://avatars.steamstatic.com/76b7a1118346ddac8e32198f37f89bdd31a1a9c7_full.jpg"},"point":378},{"user":{"uid":61,"userid":54,"name":"Marcel.3101","avatar":"https://avatars.steamstatic.com/cbfb3b9dd23d1713d1630789bf8ace321f82a154_full.jpg"},"point":338},{"user":{"uid":132,"userid":117,"name":"!Pinocchio","avatar":"https://avatars.steamstatic.com/ad6d05f99b19d6a006f36db6008f93a6b4d5fe3a_full.jpg"},"point":238}]}