{"fmd":[{"user":{"uid":3,"userid":8,"name":"STA | Founder lcplgibling5","avatar":"https://cdn.discordapp.com/avatars/1097971085900795914/1ce2b5464b9c8b34011d2e601b99b835.png"},"point":326},{"user":{"uid":10,"userid":7,"name":"riley.mcmurtry2008","avatar":"https://avatars.steamstatic.com/14c2819613ca3a59e5cd902c5c3ff8ae66ff7a81_full.jpg"},"point":288}],"fma":[{"user":{"uid":3,"userid":8,"name":"STA | Founder lcplgibling5","avatar":"https://cdn.discordapp.com/avatars/1097971085900795914/1ce2b5464b9c8b34011d2e601b99b835.png"},"point":326},{"user":{"uid":10,"userid":7,"name":"riley.mcmurtry2008","avatar":"https://avatars.steamstatic.com/14c2819613ca3a59e5cd902c5c3ff8ae66ff7a81_full.jpg"},"point":288}]}