{"fmd":[{"user":{"uid":97,"userid":93,"name":"NIKLAS(GER)","avatar":"https://cdn.discordapp.com/avatars/1056647833937256468/7a72e642bd21663baa3294199578cffc.png"},"point":4580},{"user":{"uid":34,"userid":26,"name":"WiLczuR77","avatar":"https://cdn.discordapp.com/avatars/786282772255211560/805e88c750ff03f556cc99fdbb7902a4.png"},"point":3068},{"user":{"uid":102,"userid":97,"name":"αуууѕσ","avatar":"https://static.truckersmp.com/avatarsN/5298691.1715900183.png"},"point":2632},{"user":{"uid":106,"userid":100,"name":"Mrkrisp","avatar":"https://avatars.steamstatic.com/da1ac25305264db6b5248d68f8b6612f070ab9ed_full.jpg"},"point":2315},{"user":{"uid":98,"userid":94,"name":"ℕ𝕠𝕒𝕙𝕋","avatar":"https://cdn.discordapp.com/avatars/274290854049611776/0e2702edbd4e1083270d25cdee39014a.png"},"point":1816},{"user":{"uid":59,"userid":60,"name":"LOA | кσѕѕвσняєя","avatar":"https://cdn.discordapp.com/avatars/762001263260073996/015ca8b5e55d9f44080d3c411b5eb436.png"},"point":1465},{"user":{"uid":104,"userid":99,"name":"EMP_Orlygur","avatar":"https://cdn.discordapp.com/avatars/652200559448686602/805ba6399b6e4173b62125b7b67d1e86.png"},"point":1174},{"user":{"uid":53,"userid":62,"name":"Black_Dragon33","avatar":"https://avatars.steamstatic.com/7a98d429d9fb61bb6065773f2005fce7257463a8_full.jpg"},"point":1088},{"user":{"uid":38,"userid":34,"name":"BGwarrior_49","avatar":"https://cdn.discordapp.com/avatars/588444287843172363/2ed83c8492581aa1c2555ecaa5180e82.png"},"point":946},{"user":{"uid":71,"userid":70,"name":"-imag3","avatar":"https://avatars.steamstatic.com/f7218ab2ca998d360f7c89cb32587a99f729344b_full.jpg"},"point":815},{"user":{"uid":109,"userid":103,"name":"Hope","avatar":"https://cdn.discordapp.com/avatars/730142732139626567/e91f787f0711caad38de503daf6ce52d.png"},"point":735},{"user":{"uid":94,"userid":91,"name":"J A N N E S","avatar":"https://cdn.discordapp.com/avatars/1123967274680856697/caf131b96d413aa3f8d2341a14399f3b.png"},"point":679},{"user":{"uid":75,"userid":73,"name":"Bαnks","avatar":"https://static.truckersmp.com/avatarsN/3536412.1716194375.jpg"},"point":527},{"user":{"uid":85,"userid":83,"name":"SzoferDavid","avatar":"https://avatars.steamstatic.com/058afec257679c5da35b9f830aa73358028a110a_full.jpg"},"point":527},{"user":{"uid":24,"userid":23,"name":"Gnurken","avatar":"https://static.truckersmp.com/avatarsN/1166949.1704562524.png"},"point":526},{"user":{"uid":48,"userid":46,"name":"TommyNL","avatar":"https://avatars.steamstatic.com/566ece5c0f63be2634d91a038b57b1e369f28983_full.jpg"},"point":525},{"user":{"uid":87,"userid":85,"name":"ExtaZzZ","avatar":"https://cdn.discordapp.com/avatars/433657630364532737/f747bb2e4dd39bef2a6dd4ce6fc711db.png"},"point":308},{"user":{"uid":62,"userid":61,"name":"Thomas.","avatar":"https://cdn.discordapp.com/avatars/1000353949620117514/b42831995cac9fc332f49722a7656a19.png"},"point":132},{"user":{"uid":101,"userid":96,"name":"maddydawnn","avatar":"https://avatars.steamstatic.com/cb950d079dbda00801b96b6281a2752605514acc_full.jpg"},"point":69},{"user":{"uid":16,"userid":13,"name":"chad vectron","avatar":"https://cdn.discordapp.com/avatars/657613617906057247/81f8851d92f3ac1f80da82575197921f.png"},"point":52},{"user":{"uid":8,"userid":6,"name":"𝐒kyHεadεя","avatar":"https://cdn.discordapp.com/avatars/368478030504525825/0e043adf10e519ea7205a27fc0f2bf23.png"},"point":41},{"user":{"uid":9,"userid":28,"name":"[FR] [Solve] Léo_55ZZ","avatar":"https://avatars.steamstatic.com/356b6fa9ec7a6d6bce2fdbf5a87360de441f5f8b_full.jpg"},"point":3},{"user":{"uid":15,"userid":12,"name":"Lorenzo br","avatar":"https://cdn.discordapp.com/avatars/635968015371862082/8ca41d930d87fb4266f4c1666828d3f3.png"},"point":0}],"fma":[{"user":{"uid":97,"userid":93,"name":"NIKLAS(GER)","avatar":"https://cdn.discordapp.com/avatars/1056647833937256468/7a72e642bd21663baa3294199578cffc.png"},"point":4580},{"user":{"uid":34,"userid":26,"name":"WiLczuR77","avatar":"https://cdn.discordapp.com/avatars/786282772255211560/805e88c750ff03f556cc99fdbb7902a4.png"},"point":3068},{"user":{"uid":102,"userid":97,"name":"αуууѕσ","avatar":"https://static.truckersmp.com/avatarsN/5298691.1715900183.png"},"point":2632},{"user":{"uid":106,"userid":100,"name":"Mrkrisp","avatar":"https://avatars.steamstatic.com/da1ac25305264db6b5248d68f8b6612f070ab9ed_full.jpg"},"point":2315},{"user":{"uid":98,"userid":94,"name":"ℕ𝕠𝕒𝕙𝕋","avatar":"https://cdn.discordapp.com/avatars/274290854049611776/0e2702edbd4e1083270d25cdee39014a.png"},"point":1816},{"user":{"uid":59,"userid":60,"name":"LOA | кσѕѕвσняєя","avatar":"https://cdn.discordapp.com/avatars/762001263260073996/015ca8b5e55d9f44080d3c411b5eb436.png"},"point":1465},{"user":{"uid":104,"userid":99,"name":"EMP_Orlygur","avatar":"https://cdn.discordapp.com/avatars/652200559448686602/805ba6399b6e4173b62125b7b67d1e86.png"},"point":1174},{"user":{"uid":53,"userid":62,"name":"Black_Dragon33","avatar":"https://avatars.steamstatic.com/7a98d429d9fb61bb6065773f2005fce7257463a8_full.jpg"},"point":1088},{"user":{"uid":38,"userid":34,"name":"BGwarrior_49","avatar":"https://cdn.discordapp.com/avatars/588444287843172363/2ed83c8492581aa1c2555ecaa5180e82.png"},"point":946},{"user":{"uid":71,"userid":70,"name":"-imag3","avatar":"https://avatars.steamstatic.com/f7218ab2ca998d360f7c89cb32587a99f729344b_full.jpg"},"point":815},{"user":{"uid":109,"userid":103,"name":"Hope","avatar":"https://cdn.discordapp.com/avatars/730142732139626567/e91f787f0711caad38de503daf6ce52d.png"},"point":735},{"user":{"uid":94,"userid":91,"name":"J A N N E S","avatar":"https://cdn.discordapp.com/avatars/1123967274680856697/caf131b96d413aa3f8d2341a14399f3b.png"},"point":679},{"user":{"uid":75,"userid":73,"name":"Bαnks","avatar":"https://static.truckersmp.com/avatarsN/3536412.1716194375.jpg"},"point":527},{"user":{"uid":85,"userid":83,"name":"SzoferDavid","avatar":"https://avatars.steamstatic.com/058afec257679c5da35b9f830aa73358028a110a_full.jpg"},"point":527},{"user":{"uid":24,"userid":23,"name":"Gnurken","avatar":"https://static.truckersmp.com/avatarsN/1166949.1704562524.png"},"point":526},{"user":{"uid":48,"userid":46,"name":"TommyNL","avatar":"https://avatars.steamstatic.com/566ece5c0f63be2634d91a038b57b1e369f28983_full.jpg"},"point":525},{"user":{"uid":87,"userid":85,"name":"ExtaZzZ","avatar":"https://cdn.discordapp.com/avatars/433657630364532737/f747bb2e4dd39bef2a6dd4ce6fc711db.png"},"point":308},{"user":{"uid":62,"userid":61,"name":"Thomas.","avatar":"https://cdn.discordapp.com/avatars/1000353949620117514/b42831995cac9fc332f49722a7656a19.png"},"point":132},{"user":{"uid":101,"userid":96,"name":"maddydawnn","avatar":"https://avatars.steamstatic.com/cb950d079dbda00801b96b6281a2752605514acc_full.jpg"},"point":69},{"user":{"uid":16,"userid":13,"name":"chad vectron","avatar":"https://cdn.discordapp.com/avatars/657613617906057247/81f8851d92f3ac1f80da82575197921f.png"},"point":52},{"user":{"uid":8,"userid":6,"name":"𝐒kyHεadεя","avatar":"https://cdn.discordapp.com/avatars/368478030504525825/0e043adf10e519ea7205a27fc0f2bf23.png"},"point":41},{"user":{"uid":9,"userid":28,"name":"[FR] [Solve] Léo_55ZZ","avatar":"https://avatars.steamstatic.com/356b6fa9ec7a6d6bce2fdbf5a87360de441f5f8b_full.jpg"},"point":3},{"user":{"uid":15,"userid":12,"name":"Lorenzo br","avatar":"https://cdn.discordapp.com/avatars/635968015371862082/8ca41d930d87fb4266f4c1666828d3f3.png"},"point":0}]}