{"fmd":[{"user":{"uid":76,"userid":62,"name":"WH | KaiDarkmoon","avatar":"https://cdn.discordapp.com/avatars/315297650641731584/5c864015c3ed86cf32302fb0adac5796.png"},"point":2547},{"user":{"uid":46,"userid":37,"name":"WHT Dir HR | MysticalKief","avatar":"https://cdn.discordapp.com/avatars/498659512081973248/15c947ebb3b550bee883b0c47337c7ac.png"},"point":2176},{"user":{"uid":67,"userid":56,"name":"LOA | WH | IzzyBearLove","avatar":"https://cdn.discordapp.com/avatars/1205856832032346185/97660d566efeadf9f972c2e2b0a4ce73.png"},"point":0}],"fma":[{"user":{"uid":76,"userid":62,"name":"WH | KaiDarkmoon","avatar":"https://cdn.discordapp.com/avatars/315297650641731584/5c864015c3ed86cf32302fb0adac5796.png"},"point":3047},{"user":{"uid":46,"userid":37,"name":"WHT Dir HR | MysticalKief","avatar":"https://cdn.discordapp.com/avatars/498659512081973248/15c947ebb3b550bee883b0c47337c7ac.png"},"point":2176},{"user":{"uid":7,"userid":5,"name":"WHT FOUNDER Jacket","avatar":"https://cdn.discordapp.com/avatars/111638504500408320/880678f246665808c2165f5f693b72cd.png"},"point":623},{"user":{"uid":67,"userid":56,"name":"LOA | WH | IzzyBearLove","avatar":"https://cdn.discordapp.com/avatars/1205856832032346185/97660d566efeadf9f972c2e2b0a4ce73.png"},"point":0}]}