{"fmd":[{"user":{"uid":1327,"userid":814,"name":"Sefo","avatar":"https://cdn.discordapp.com/avatars/421826472916025365/0c8a3216eb974494cd18a93af0ceb407.png"},"point":5876},{"user":{"uid":1380,"userid":845,"name":"The Flat Cap Spotter","avatar":"https://static.truckersmp.com/avatarsN/defaultavatar.png"},"point":3680},{"user":{"uid":1357,"userid":831,"name":"Rebeloutlaw22","avatar":"https://cdn.discordapp.com/avatars/1052542962099294260/70497e59123a80469a7f1a46dbd6a16b.png"},"point":2937},{"user":{"uid":1347,"userid":826,"name":"casualsunday","avatar":"https://cdn.discordapp.com/avatars/288689627584528384/2cd8a1252e40aa264b166905132d8746.png"},"point":2855},{"user":{"uid":827,"userid":533,"name":"Luca","avatar":"https://cdn.discordapp.com/avatars/765249420152537168/199fbd5942f996ba95651dbb1943f7de.png"},"point":2421},{"user":{"uid":1034,"userid":635,"name":"Fox_Bot","avatar":"https://cdn.discordapp.com/avatars/673289306424475659/6760c43d2e087fd99eeef160473251a3.png"},"point":1408},{"user":{"uid":1378,"userid":843,"name":"dandelion","avatar":"https://cdn.discordapp.com/avatars/924070723952209941/6d40e5aa69459181ef2bc03107156cc0.png"},"point":1357},{"user":{"uid":948,"userid":591,"name":"AidanTheSergal","avatar":"https://cdn.discordapp.com/avatars/608713452420333589/05b5738d3be88e0cc579b801d879288b.png"},"point":1165},{"user":{"uid":1227,"userid":751,"name":"Arctee","avatar":"https://avatars.steamstatic.com/1c420d178f66d4691b32a82a49ec20a7825e74d9_full.jpg"},"point":773},{"user":{"uid":570,"userid":393,"name":"ToxicityRTX","avatar":"https://cdn.discordapp.com/avatars/229785085551837184/e01c371c84c892884586e7a9a62b0f87.png"},"point":577},{"user":{"uid":1381,"userid":846,"name":"Cav.D","avatar":"https://cdn.discordapp.com/avatars/513622217083322371/55c850f612137f10d1f4a7800b567371.png"},"point":535},{"user":{"uid":1306,"userid":801,"name":"kevbud.","avatar":"https://cdn.discordapp.com/avatars/799449670572048424/9d4968f9cd751d7b8af661f091a36558.png"},"point":448},{"user":{"uid":892,"userid":567,"name":"KuroSerpent","avatar":"https://cdn.discordapp.com/avatars/249645812726890497/a_21c0489bbb0c99be7db8bbbfb1ed5e85.gif"},"point":418},{"user":{"uid":68,"userid":388,"name":"atg.🦆","avatar":"https://cdn.discordapp.com/avatars/748911314533089422/641eca1d7f73ff03c53fc23f092553e3.png"},"point":343},{"user":{"uid":872,"userid":555,"name":"[Lurking] Chris","avatar":"https://cdn.discordapp.com/avatars/741351957083717673/83535bc2e0797ca9efc27bb0ea5a0367.png"},"point":309},{"user":{"uid":1355,"userid":829,"name":"TheStolenHydra","avatar":"https://cdn.discordapp.com/avatars/114642060383879170/66141443e620e4cd7b5a7e32f33d4f5f.png"},"point":194},{"user":{"uid":1147,"userid":695,"name":"Kirito21","avatar":"https://cdn.discordapp.com/avatars/925803382680215572/f01e1941088675bf780245f15eb81bc4.png"},"point":0},{"user":{"uid":1365,"userid":837,"name":"Chrone.","avatar":"https://cdn.discordapp.com/avatars/916678368227917836/b4f4daf71ebd73372a00265ad0bf8042.png"},"point":0}],"fma":[{"user":{"uid":1327,"userid":814,"name":"Sefo","avatar":"https://cdn.discordapp.com/avatars/421826472916025365/0c8a3216eb974494cd18a93af0ceb407.png"},"point":6154},{"user":{"uid":1380,"userid":845,"name":"The Flat Cap Spotter","avatar":"https://static.truckersmp.com/avatarsN/defaultavatar.png"},"point":3763},{"user":{"uid":1357,"userid":831,"name":"Rebeloutlaw22","avatar":"https://cdn.discordapp.com/avatars/1052542962099294260/70497e59123a80469a7f1a46dbd6a16b.png"},"point":3278},{"user":{"uid":1347,"userid":826,"name":"casualsunday","avatar":"https://cdn.discordapp.com/avatars/288689627584528384/2cd8a1252e40aa264b166905132d8746.png"},"point":3020},{"user":{"uid":1034,"userid":635,"name":"Fox_Bot","avatar":"https://cdn.discordapp.com/avatars/673289306424475659/6760c43d2e087fd99eeef160473251a3.png"},"point":2908},{"user":{"uid":119,"userid":258,"name":"LordLegend","avatar":"https://cdn.discordapp.com/avatars/507573290995417108/294e2517c647c3c8703945fbc200afcd.png"},"point":2770},{"user":{"uid":827,"userid":533,"name":"Luca","avatar":"https://cdn.discordapp.com/avatars/765249420152537168/199fbd5942f996ba95651dbb1943f7de.png"},"point":2603},{"user":{"uid":1200,"userid":729,"name":"velocite","avatar":"https://cdn.discordapp.com/avatars/424825875377422346/0a1179ea9b5c6e69b2d57017e88cb291.png"},"point":1910},{"user":{"uid":924,"userid":576,"name":"🌈Hearty_Laces🌈They/Them","avatar":"https://cdn.discordapp.com/avatars/461978281906929675/9128b3d5991d797b2e4060e71c4c5f41.png"},"point":1833},{"user":{"uid":1378,"userid":843,"name":"dandelion","avatar":"https://cdn.discordapp.com/avatars/924070723952209941/6d40e5aa69459181ef2bc03107156cc0.png"},"point":1386},{"user":{"uid":948,"userid":591,"name":"AidanTheSergal","avatar":"https://cdn.discordapp.com/avatars/608713452420333589/05b5738d3be88e0cc579b801d879288b.png"},"point":1265},{"user":{"uid":1316,"userid":807,"name":"Gota","avatar":"https://cdn.discordapp.com/avatars/167291299693723648/beb31f691ab4478e3268181a76f3a451.png"},"point":893},{"user":{"uid":1227,"userid":751,"name":"Arctee","avatar":"https://avatars.steamstatic.com/1c420d178f66d4691b32a82a49ec20a7825e74d9_full.jpg"},"point":773},{"user":{"uid":87,"userid":203,"name":"pvfcmatt1","avatar":"https://cdn.discordapp.com/avatars/668822602806198278/eb4c4684efc13d2a58ddeae555edc5a7.png"},"point":630},{"user":{"uid":570,"userid":393,"name":"ToxicityRTX","avatar":"https://cdn.discordapp.com/avatars/229785085551837184/e01c371c84c892884586e7a9a62b0f87.png"},"point":626},{"user":{"uid":1026,"userid":630,"name":"Sehi","avatar":"https://cdn.discordapp.com/avatars/644522714916192275/4a28c46532b59c013ed5e9a3801e4a0c.png"},"point":575},{"user":{"uid":1097,"userid":670,"name":"Ramin Tanuwong [TH]","avatar":"https://static.truckersmp.com/avatarsN/3757199.1645214262.jpg"},"point":575},{"user":{"uid":1381,"userid":846,"name":"Cav.D","avatar":"https://cdn.discordapp.com/avatars/513622217083322371/55c850f612137f10d1f4a7800b567371.png"},"point":535},{"user":{"uid":1306,"userid":801,"name":"kevbud.","avatar":"https://cdn.discordapp.com/avatars/799449670572048424/9d4968f9cd751d7b8af661f091a36558.png"},"point":448},{"user":{"uid":892,"userid":567,"name":"KuroSerpent","avatar":"https://cdn.discordapp.com/avatars/249645812726890497/a_21c0489bbb0c99be7db8bbbfb1ed5e85.gif"},"point":418},{"user":{"uid":68,"userid":388,"name":"atg.🦆","avatar":"https://cdn.discordapp.com/avatars/748911314533089422/641eca1d7f73ff03c53fc23f092553e3.png"},"point":343},{"user":{"uid":872,"userid":555,"name":"[Lurking] Chris","avatar":"https://cdn.discordapp.com/avatars/741351957083717673/83535bc2e0797ca9efc27bb0ea5a0367.png"},"point":309},{"user":{"uid":1355,"userid":829,"name":"TheStolenHydra","avatar":"https://cdn.discordapp.com/avatars/114642060383879170/66141443e620e4cd7b5a7e32f33d4f5f.png"},"point":194},{"user":{"uid":1147,"userid":695,"name":"Kirito21","avatar":"https://cdn.discordapp.com/avatars/925803382680215572/f01e1941088675bf780245f15eb81bc4.png"},"point":0},{"user":{"uid":1365,"userid":837,"name":"Chrone.","avatar":"https://cdn.discordapp.com/avatars/916678368227917836/b4f4daf71ebd73372a00265ad0bf8042.png"},"point":0}]}