{"fmd":[{"user":{"uid":29,"userid":28,"name":"Fate | Salah","avatar":"https://cdn.discordapp.com/avatars/803759858343346196/f65b198885829f9f2205e31777422ec0.png"},"point":5515},{"user":{"uid":11,"userid":10,"name":"ALI_ALARAFEEN","avatar":"https://static.truckersmp.com/avatarsN/3548432.1702237396.png"},"point":3385},{"user":{"uid":45,"userid":41,"name":"Fate I Kareem Rashad","avatar":"https://cdn.discordapp.com/avatars/952581067687206994/031938f413aa0688d5aabfeeb350a7b9.png"},"point":1518},{"user":{"uid":48,"userid":44,"name":"Fate | Mohamed mostafa","avatar":"https://cdn.discordapp.com/avatars/1150961957206249502/e94b2eb56c16b7e8058c0a9c86787769.png"},"point":1440},{"user":{"uid":38,"userid":36,"name":"Fate | bassl","avatar":"https://cdn.discordapp.com/avatars/1192176645319168061/17215a601cd2c9aad83710f129270258.png"},"point":1395},{"user":{"uid":33,"userid":29,"name":"Fate | SAFA7","avatar":"https://cdn.discordapp.com/avatars/1183883596218499104/6cd33aedab87e380426f1105b9f2195f.png"},"point":1239},{"user":{"uid":32,"userid":27,"name":"egwolf2004","avatar":"https://static.truckersmp.com/avatarsN/5298601.1704219238.png"},"point":1202},{"user":{"uid":25,"userid":21,"name":"Mo kamal","avatar":"https://avatars.steamstatic.com/f865025db7f5971657f364d03aab4589b58e7976_full.jpg"},"point":561},{"user":{"uid":49,"userid":45,"name":"BOYKA K.M","avatar":"https://cdn.discordapp.com/avatars/1165376827376799754/ca70e777a8502d11a67202b17fdb8fb3.png"},"point":298},{"user":{"uid":18,"userid":17,"name":"Ismailali","avatar":"https://static.truckersmp.com/avatarsN/5215089.1705341903.jpeg"},"point":10}],"fma":[{"user":{"uid":29,"userid":28,"name":"Fate | Salah","avatar":"https://cdn.discordapp.com/avatars/803759858343346196/f65b198885829f9f2205e31777422ec0.png"},"point":5515},{"user":{"uid":11,"userid":10,"name":"ALI_ALARAFEEN","avatar":"https://static.truckersmp.com/avatarsN/3548432.1702237396.png"},"point":3385},{"user":{"uid":45,"userid":41,"name":"Fate I Kareem Rashad","avatar":"https://cdn.discordapp.com/avatars/952581067687206994/031938f413aa0688d5aabfeeb350a7b9.png"},"point":1618},{"user":{"uid":38,"userid":36,"name":"Fate | bassl","avatar":"https://cdn.discordapp.com/avatars/1192176645319168061/17215a601cd2c9aad83710f129270258.png"},"point":1495},{"user":{"uid":48,"userid":44,"name":"Fate | Mohamed mostafa","avatar":"https://cdn.discordapp.com/avatars/1150961957206249502/e94b2eb56c16b7e8058c0a9c86787769.png"},"point":1440},{"user":{"uid":33,"userid":29,"name":"Fate | SAFA7","avatar":"https://cdn.discordapp.com/avatars/1183883596218499104/6cd33aedab87e380426f1105b9f2195f.png"},"point":1239},{"user":{"uid":32,"userid":27,"name":"egwolf2004","avatar":"https://static.truckersmp.com/avatarsN/5298601.1704219238.png"},"point":1202},{"user":{"uid":25,"userid":21,"name":"Mo kamal","avatar":"https://avatars.steamstatic.com/f865025db7f5971657f364d03aab4589b58e7976_full.jpg"},"point":561},{"user":{"uid":49,"userid":45,"name":"BOYKA K.M","avatar":"https://cdn.discordapp.com/avatars/1165376827376799754/ca70e777a8502d11a67202b17fdb8fb3.png"},"point":398},{"user":{"uid":18,"userid":17,"name":"Ismailali","avatar":"https://static.truckersmp.com/avatarsN/5215089.1705341903.jpeg"},"point":10}]}