{"fmd":[{"user":{"uid":36,"userid":82,"name":"SchakalGER","avatar":"https://cdn.discordapp.com/avatars/328243784703803413/0815cbf6b00e890a8030cd7d0042d596.png"},"point":9316},{"user":{"uid":194,"userid":188,"name":"[FLG] derMicha","avatar":"https://cdn.discordapp.com/avatars/951482086072660018/6f6fb9e5f328bec8c769d872bed5109a.png"},"point":7510},{"user":{"uid":203,"userid":173,"name":"tobiii.","avatar":"https://cdn.discordapp.com/avatars/231897760406831105/5c1d3b42de02d1acdfa3146a26e770f2.png"},"point":4462},{"user":{"uid":167,"userid":149,"name":"Devsk1892","avatar":"https://cdn.discordapp.com/avatars/891260417769340938/f261339ca8cd7c6a0aa5b3abe83602be.png"},"point":3366},{"user":{"uid":152,"userid":135,"name":"manu7432","avatar":"https://cdn.discordapp.com/avatars/1024735246249373777/cef1115e757e0b8944a70bcd74e63455.png"},"point":3294},{"user":{"uid":43,"userid":31,"name":"[GER]Christian","avatar":"https://static.truckersmp.com/avatarsN/196694.1705792859.png"},"point":3013},{"user":{"uid":61,"userid":75,"name":"𝕲𝖍𝖔𝖘𝖙𝖕𝖆𝖚𝖑𝖔𝖔","avatar":"https://cdn.discordapp.com/avatars/964420212864741376/e8283a2f908472c913999fda7149c790.png"},"point":2871},{"user":{"uid":192,"userid":218,"name":"Pepe7530","avatar":"https://cdn.discordapp.com/avatars/264676607032033280/162a9ff3830854a226bbd190e2ad07ff.png"},"point":2654},{"user":{"uid":59,"userid":48,"name":"Patrick","avatar":"https://cdn.discordapp.com/avatars/408688712223031306/0cfcbf6ba2fb06d7f4ef39a9d5f8f496.png"},"point":2512},{"user":{"uid":13,"userid":11,"name":"Dignity.","avatar":"https://static.truckersmp.com/avatarsN/4603971.1691867837.png"},"point":2497},{"user":{"uid":172,"userid":151,"name":"Jack Hodgins","avatar":"https://cdn.discordapp.com/avatars/826723576928272385/02b5821703017d0c5c78d23394e5af33.png"},"point":1864},{"user":{"uid":276,"userid":230,"name":"BVG Joker","avatar":"https://cdn.discordapp.com/avatars/632654863821439016/4aa4e3726e3edc2c26b9288cd0b0e1c5.png"},"point":1838},{"user":{"uid":274,"userid":228,"name":"{FLG}AgentKire1987","avatar":"https://cdn.discordapp.com/avatars/425001789624942593/3820bba9111760526008ac24fcd99251.png"},"point":1643},{"user":{"uid":46,"userid":44,"name":"Linus14_trucker","avatar":"https://cdn.discordapp.com/avatars/973298563750719518/f8077addf056d9aaf51c748928a4a6d2.png"},"point":1505},{"user":{"uid":9,"userid":5,"name":"Fast-rider","avatar":"https://static.truckersmp.com/avatarsN/4041389.1709222265.png"},"point":1428},{"user":{"uid":1,"userid":1,"name":"Feyfar","avatar":"https://cdn.discordapp.com/avatars/513424125239230466/e720ef1e3ff385e1c8577fdf1754b7d3.png"},"point":1337},{"user":{"uid":18,"userid":16,"name":"teufelsfrucht","avatar":"https://cdn.discordapp.com/avatars/910595374702551050/061f37845160435b7e85a1e913491524.png"},"point":1252},{"user":{"uid":35,"userid":30,"name":"[FLG] Niklas","avatar":"https://cdn.discordapp.com/avatars/1187861140710113423/9a7fd87d0474bcd7df301104bf1627b2.png"},"point":1249},{"user":{"uid":252,"userid":205,"name":"Wutan Fall","avatar":"https://cdn.discordapp.com/avatars/204296481715388426/eb0c97b37333a5aef73f6cd7875bc750.png"},"point":1224},{"user":{"uid":168,"userid":148,"name":"lachs","avatar":"https://cdn.discordapp.com/avatars/567677822085234688/d8f503f9cdfe5741ac4c46b50ebaf69a.png"},"point":1164},{"user":{"uid":175,"userid":155,"name":"Desomazu","avatar":"https://cdn.discordapp.com/avatars/920735509251248139/72b5adb5b663ffeedbb767832a878772.png"},"point":1159},{"user":{"uid":126,"userid":115,"name":"FeelinaraIRL","avatar":"https://cdn.discordapp.com/avatars/200288092807102468/752990beade158ba2313f71c4a99b3d8.png"},"point":1136},{"user":{"uid":242,"userid":199,"name":"DerErdMensch","avatar":"https://static.truckersmp.com/avatarsN/1471308.1699747343.png"},"point":1092},{"user":{"uid":63,"userid":69,"name":"Asphaltcowboy2609","avatar":"https://cdn.discordapp.com/avatars/1145513809855914014/fc437b37da3a5f7cfab090714d41f8f2.png"},"point":1071},{"user":{"uid":31,"userid":36,"name":"Tedpli","avatar":"https://cdn.discordapp.com/avatars/501065020088647690/37ac2db1efd93758a8680c6c9ce7abc8.png"},"point":935},{"user":{"uid":197,"userid":169,"name":"Wassermelofant","avatar":"https://cdn.discordapp.com/avatars/288753470234689538/8fb64a8e263aba5a05eda07214a453dc.png"},"point":898},{"user":{"uid":10,"userid":7,"name":"Michi.","avatar":"https://cdn.discordapp.com/avatars/450646550998286336/cecb7757e1697a4ebde655c679ae60d1.png"},"point":884},{"user":{"uid":139,"userid":127,"name":"SturmNudelLP (PC)","avatar":"https://cdn.discordapp.com/avatars/686996505550258225/9fdc874a2ccce42bee7c48ef3ab9c80a.png"},"point":860},{"user":{"uid":190,"userid":165,"name":"Trike","avatar":"https://cdn.discordapp.com/avatars/445943553177288704/9c2d13d61cb7fdd2f732e28f979cfd3d.png"},"point":813},{"user":{"uid":280,"userid":232,"name":"LuisDev","avatar":"https://static.truckersmp.com/avatarsN/defaultavatar.png"},"point":731},{"user":{"uid":132,"userid":120,"name":"Lagarto [GER]","avatar":"https://cdn.discordapp.com/avatars/450047218272174090/48410ae421bcedb0473c534a1923fc57.png"},"point":637},{"user":{"uid":90,"userid":92,"name":"Truck Driver(GER)","avatar":"https://cdn.discordapp.com/avatars/697753575450738759/7fd627982dc1053d0feca23ee052e524.png"},"point":614},{"user":{"uid":47,"userid":40,"name":"Nerikan","avatar":"https://cdn.discordapp.com/avatars/501777572112367638/93b7d985e53cc4f12b14f7394dda3e82.png"},"point":532},{"user":{"uid":42,"userid":35,"name":"realMadDog","avatar":"https://cdn.discordapp.com/avatars/622527094588571649/478a01f3180940db369efcbecbef19ef.png"},"point":192},{"user":{"uid":182,"userid":158,"name":"AtomWriterHD","avatar":"https://cdn.discordapp.com/avatars/769854139676229642/3f507ef915d43f12593de2ff0e857767.png"},"point":158},{"user":{"uid":147,"userid":132,"name":"MisterMaster","avatar":"https://cdn.discordapp.com/avatars/1059889752918216834/172c1da2f0cee42be94d6977a70786a6.png"},"point":85}],"fma":[{"user":{"uid":36,"userid":82,"name":"SchakalGER","avatar":"https://cdn.discordapp.com/avatars/328243784703803413/0815cbf6b00e890a8030cd7d0042d596.png"},"point":9316},{"user":{"uid":194,"userid":188,"name":"[FLG] derMicha","avatar":"https://cdn.discordapp.com/avatars/951482086072660018/6f6fb9e5f328bec8c769d872bed5109a.png"},"point":7510},{"user":{"uid":203,"userid":173,"name":"tobiii.","avatar":"https://cdn.discordapp.com/avatars/231897760406831105/5c1d3b42de02d1acdfa3146a26e770f2.png"},"point":4462},{"user":{"uid":167,"userid":149,"name":"Devsk1892","avatar":"https://cdn.discordapp.com/avatars/891260417769340938/f261339ca8cd7c6a0aa5b3abe83602be.png"},"point":3366},{"user":{"uid":152,"userid":135,"name":"manu7432","avatar":"https://cdn.discordapp.com/avatars/1024735246249373777/cef1115e757e0b8944a70bcd74e63455.png"},"point":3294},{"user":{"uid":43,"userid":31,"name":"[GER]Christian","avatar":"https://static.truckersmp.com/avatarsN/196694.1705792859.png"},"point":3013},{"user":{"uid":61,"userid":75,"name":"𝕲𝖍𝖔𝖘𝖙𝖕𝖆𝖚𝖑𝖔𝖔","avatar":"https://cdn.discordapp.com/avatars/964420212864741376/e8283a2f908472c913999fda7149c790.png"},"point":2871},{"user":{"uid":192,"userid":218,"name":"Pepe7530","avatar":"https://cdn.discordapp.com/avatars/264676607032033280/162a9ff3830854a226bbd190e2ad07ff.png"},"point":2654},{"user":{"uid":59,"userid":48,"name":"Patrick","avatar":"https://cdn.discordapp.com/avatars/408688712223031306/0cfcbf6ba2fb06d7f4ef39a9d5f8f496.png"},"point":2512},{"user":{"uid":13,"userid":11,"name":"Dignity.","avatar":"https://static.truckersmp.com/avatarsN/4603971.1691867837.png"},"point":2497},{"user":{"uid":172,"userid":151,"name":"Jack Hodgins","avatar":"https://cdn.discordapp.com/avatars/826723576928272385/02b5821703017d0c5c78d23394e5af33.png"},"point":1864},{"user":{"uid":276,"userid":230,"name":"BVG Joker","avatar":"https://cdn.discordapp.com/avatars/632654863821439016/4aa4e3726e3edc2c26b9288cd0b0e1c5.png"},"point":1838},{"user":{"uid":274,"userid":228,"name":"{FLG}AgentKire1987","avatar":"https://cdn.discordapp.com/avatars/425001789624942593/3820bba9111760526008ac24fcd99251.png"},"point":1643},{"user":{"uid":46,"userid":44,"name":"Linus14_trucker","avatar":"https://cdn.discordapp.com/avatars/973298563750719518/f8077addf056d9aaf51c748928a4a6d2.png"},"point":1505},{"user":{"uid":9,"userid":5,"name":"Fast-rider","avatar":"https://static.truckersmp.com/avatarsN/4041389.1709222265.png"},"point":1428},{"user":{"uid":1,"userid":1,"name":"Feyfar","avatar":"https://cdn.discordapp.com/avatars/513424125239230466/e720ef1e3ff385e1c8577fdf1754b7d3.png"},"point":1337},{"user":{"uid":18,"userid":16,"name":"teufelsfrucht","avatar":"https://cdn.discordapp.com/avatars/910595374702551050/061f37845160435b7e85a1e913491524.png"},"point":1252},{"user":{"uid":35,"userid":30,"name":"[FLG] Niklas","avatar":"https://cdn.discordapp.com/avatars/1187861140710113423/9a7fd87d0474bcd7df301104bf1627b2.png"},"point":1249},{"user":{"uid":252,"userid":205,"name":"Wutan Fall","avatar":"https://cdn.discordapp.com/avatars/204296481715388426/eb0c97b37333a5aef73f6cd7875bc750.png"},"point":1224},{"user":{"uid":168,"userid":148,"name":"lachs","avatar":"https://cdn.discordapp.com/avatars/567677822085234688/d8f503f9cdfe5741ac4c46b50ebaf69a.png"},"point":1164},{"user":{"uid":175,"userid":155,"name":"Desomazu","avatar":"https://cdn.discordapp.com/avatars/920735509251248139/72b5adb5b663ffeedbb767832a878772.png"},"point":1159},{"user":{"uid":126,"userid":115,"name":"FeelinaraIRL","avatar":"https://cdn.discordapp.com/avatars/200288092807102468/752990beade158ba2313f71c4a99b3d8.png"},"point":1136},{"user":{"uid":242,"userid":199,"name":"DerErdMensch","avatar":"https://static.truckersmp.com/avatarsN/1471308.1699747343.png"},"point":1092},{"user":{"uid":63,"userid":69,"name":"Asphaltcowboy2609","avatar":"https://cdn.discordapp.com/avatars/1145513809855914014/fc437b37da3a5f7cfab090714d41f8f2.png"},"point":1071},{"user":{"uid":31,"userid":36,"name":"Tedpli","avatar":"https://cdn.discordapp.com/avatars/501065020088647690/37ac2db1efd93758a8680c6c9ce7abc8.png"},"point":935},{"user":{"uid":197,"userid":169,"name":"Wassermelofant","avatar":"https://cdn.discordapp.com/avatars/288753470234689538/8fb64a8e263aba5a05eda07214a453dc.png"},"point":898},{"user":{"uid":10,"userid":7,"name":"Michi.","avatar":"https://cdn.discordapp.com/avatars/450646550998286336/cecb7757e1697a4ebde655c679ae60d1.png"},"point":884},{"user":{"uid":139,"userid":127,"name":"SturmNudelLP (PC)","avatar":"https://cdn.discordapp.com/avatars/686996505550258225/9fdc874a2ccce42bee7c48ef3ab9c80a.png"},"point":860},{"user":{"uid":190,"userid":165,"name":"Trike","avatar":"https://cdn.discordapp.com/avatars/445943553177288704/9c2d13d61cb7fdd2f732e28f979cfd3d.png"},"point":813},{"user":{"uid":280,"userid":232,"name":"LuisDev","avatar":"https://static.truckersmp.com/avatarsN/defaultavatar.png"},"point":731},{"user":{"uid":132,"userid":120,"name":"Lagarto [GER]","avatar":"https://cdn.discordapp.com/avatars/450047218272174090/48410ae421bcedb0473c534a1923fc57.png"},"point":637},{"user":{"uid":90,"userid":92,"name":"Truck Driver(GER)","avatar":"https://cdn.discordapp.com/avatars/697753575450738759/7fd627982dc1053d0feca23ee052e524.png"},"point":614},{"user":{"uid":47,"userid":40,"name":"Nerikan","avatar":"https://cdn.discordapp.com/avatars/501777572112367638/93b7d985e53cc4f12b14f7394dda3e82.png"},"point":532},{"user":{"uid":42,"userid":35,"name":"realMadDog","avatar":"https://cdn.discordapp.com/avatars/622527094588571649/478a01f3180940db369efcbecbef19ef.png"},"point":192},{"user":{"uid":182,"userid":158,"name":"AtomWriterHD","avatar":"https://cdn.discordapp.com/avatars/769854139676229642/3f507ef915d43f12593de2ff0e857767.png"},"point":158},{"user":{"uid":147,"userid":132,"name":"MisterMaster","avatar":"https://cdn.discordapp.com/avatars/1059889752918216834/172c1da2f0cee42be94d6977a70786a6.png"},"point":85}]}