{"fmd":[{"user":{"uid":608,"userid":489,"name":"Dylan aka Scott","avatar":"https://cdn.discordapp.com/avatars/287978186732732416/269da0519b0fb3b455df1752ceec3171.png"},"point":5229},{"user":{"uid":603,"userid":484,"name":"VJvijey","avatar":"https://cdn.discordapp.com/avatars/501001074782502912/25abb23bf0c24c97bf14a72fc880b1da.png"},"point":2412},{"user":{"uid":427,"userid":353,"name":"Versthappening","avatar":"https://cdn.discordapp.com/avatars/851032564801077258/b6762130b06d88078b10d519887e731b.png"},"point":2308},{"user":{"uid":578,"userid":465,"name":"indowes","avatar":"https://cdn.discordapp.com/avatars/556782581626961920/9bbf05b3bf683191f921cd6100734c0e.png"},"point":2276},{"user":{"uid":604,"userid":485,"name":"JULY 50","avatar":"https://cdn.discordapp.com/avatars/744250253192200253/4666b6bb62f4822c80c74bda55dc913a.png"},"point":1548},{"user":{"uid":607,"userid":488,"name":"Alfie W.","avatar":"https://cdn.discordapp.com/avatars/1211337860096196668/96a6540f5ca78a23060f5410480dd709.png"},"point":915},{"user":{"uid":596,"userid":480,"name":"proximirones","avatar":"https://cdn.discordapp.com/avatars/830886800398221393/0a65872022ee1b3452cc03b312d8a67c.png"},"point":905},{"user":{"uid":25,"userid":96,"name":"[G-T-R]GrayWolf","avatar":"https://cdn.discordapp.com/avatars/463049453067173888/93e0f855de1c1bcdf6924d45b1789338.png"},"point":774},{"user":{"uid":424,"userid":351,"name":"༺ღ Chloe-Rose ღ༻","avatar":"https://cdn.discordapp.com/avatars/222093180248653825/6bcdb53ab795ecc1dcce216045e8b3ac.png"},"point":0},{"user":{"uid":516,"userid":417,"name":"Ravsh1k","avatar":"https://cdn.discordapp.com/avatars/901846074740858890/775a54f0f101fa2eb9b9fb54ad87ce55.png"},"point":0},{"user":{"uid":561,"userid":453,"name":"phevos","avatar":"https://cdn.discordapp.com/avatars/622325492716011561/7de674db261521ac520b656f5089d908.png"},"point":0}],"fma":[{"user":{"uid":608,"userid":489,"name":"Dylan aka Scott","avatar":"https://cdn.discordapp.com/avatars/287978186732732416/269da0519b0fb3b455df1752ceec3171.png"},"point":5229},{"user":{"uid":603,"userid":484,"name":"VJvijey","avatar":"https://cdn.discordapp.com/avatars/501001074782502912/25abb23bf0c24c97bf14a72fc880b1da.png"},"point":2412},{"user":{"uid":427,"userid":353,"name":"Versthappening","avatar":"https://cdn.discordapp.com/avatars/851032564801077258/b6762130b06d88078b10d519887e731b.png"},"point":2308},{"user":{"uid":578,"userid":465,"name":"indowes","avatar":"https://cdn.discordapp.com/avatars/556782581626961920/9bbf05b3bf683191f921cd6100734c0e.png"},"point":2276},{"user":{"uid":604,"userid":485,"name":"JULY 50","avatar":"https://cdn.discordapp.com/avatars/744250253192200253/4666b6bb62f4822c80c74bda55dc913a.png"},"point":1548},{"user":{"uid":25,"userid":96,"name":"[G-T-R]GrayWolf","avatar":"https://cdn.discordapp.com/avatars/463049453067173888/93e0f855de1c1bcdf6924d45b1789338.png"},"point":1287},{"user":{"uid":607,"userid":488,"name":"Alfie W.","avatar":"https://cdn.discordapp.com/avatars/1211337860096196668/96a6540f5ca78a23060f5410480dd709.png"},"point":915},{"user":{"uid":596,"userid":480,"name":"proximirones","avatar":"https://cdn.discordapp.com/avatars/830886800398221393/0a65872022ee1b3452cc03b312d8a67c.png"},"point":905},{"user":{"uid":424,"userid":351,"name":"༺ღ Chloe-Rose ღ༻","avatar":"https://cdn.discordapp.com/avatars/222093180248653825/6bcdb53ab795ecc1dcce216045e8b3ac.png"},"point":400},{"user":{"uid":203,"userid":194,"name":"Sajen","avatar":"https://cdn.discordapp.com/avatars/461624630143352832/a_c84fcd98ea86e5f707a383530a5bb0ef.gif"},"point":400},{"user":{"uid":341,"userid":285,"name":"Bestpadawan","avatar":"https://cdn.discordapp.com/avatars/116954631346716680/7d9007d6c735cb957ef368c03280281f.png"},"point":400},{"user":{"uid":516,"userid":417,"name":"Ravsh1k","avatar":"https://cdn.discordapp.com/avatars/901846074740858890/775a54f0f101fa2eb9b9fb54ad87ce55.png"},"point":308},{"user":{"uid":458,"userid":377,"name":"LordCancer420","avatar":"https://cdn.discordapp.com/avatars/412529924805492756/38365841d4eaa1db7d73bc11bc478124.png"},"point":107},{"user":{"uid":480,"userid":395,"name":"Sh0tBlow","avatar":"https://cdn.discordapp.com/avatars/462991116279611392/87bf1e3b76d220025f3fb4b0029427f8.png"},"point":85},{"user":{"uid":561,"userid":453,"name":"phevos","avatar":"https://cdn.discordapp.com/avatars/622325492716011561/7de674db261521ac520b656f5089d908.png"},"point":0}]}