{"fmd":[{"user":{"uid":175,"userid":148,"name":"(DRT) Prestimoin","avatar":"https://cdn.discordapp.com/avatars/635946792143421472/3d42f6ebd096c1bb1a69d2314f316763.png"},"point":5755},{"user":{"uid":157,"userid":130,"name":"(DR) Sparky92","avatar":"https://cdn.discordapp.com/avatars/473576104112947200/6cbb0a2f6d2be214938b423e02ea7c71.png"},"point":3132},{"user":{"uid":55,"userid":44,"name":"(DR)  Dougie","avatar":"https://cdn.discordapp.com/avatars/297388374409347072/4d61d8619083a93069be006fc82fdeb8.png"},"point":1506},{"user":{"uid":178,"userid":150,"name":"(DRT) ferroequinology","avatar":"https://cdn.discordapp.com/avatars/791319343233368074/36a840b8aafa5e7f6cae3e0569604aaf.png"},"point":950},{"user":{"uid":28,"userid":23,"name":"(CEO) Pete (DND)","avatar":"https://cdn.discordapp.com/avatars/316660255872516106/8a2dca3b679afae90df18edc44b1584c.png"},"point":843},{"user":{"uid":79,"userid":65,"name":"(DR) Pranto Sarker","avatar":"https://cdn.discordapp.com/avatars/308254991385231371/aab66cdf57aa340b8439bdcdf609d5fd.png"},"point":679},{"user":{"uid":174,"userid":147,"name":"(DRT) Knakkerxd","avatar":"https://cdn.discordapp.com/avatars/1063539820116332695/None.png"},"point":631},{"user":{"uid":118,"userid":96,"name":"(DR) ST1G","avatar":"https://cdn.discordapp.com/avatars/515890400494616608/f4bac7aef316082f7bad4fcbb6b39570.png"},"point":486},{"user":{"uid":1,"userid":0,"name":"(Owner) Essex","avatar":"https://cdn.discordapp.com/avatars/986728515892285461/a_c4301bd78f1d1d60c25f66672af89a9a.gif"},"point":404},{"user":{"uid":95,"userid":78,"name":"(DR) JYXH","avatar":"https://cdn.discordapp.com/avatars/1176564919861260309/6b24021290db5d66363b21aed762aed2.png"},"point":0}],"fma":[{"user":{"uid":175,"userid":148,"name":"(DRT) Prestimoin","avatar":"https://cdn.discordapp.com/avatars/635946792143421472/3d42f6ebd096c1bb1a69d2314f316763.png"},"point":15955},{"user":{"uid":157,"userid":130,"name":"(DR) Sparky92","avatar":"https://cdn.discordapp.com/avatars/473576104112947200/6cbb0a2f6d2be214938b423e02ea7c71.png"},"point":3132},{"user":{"uid":55,"userid":44,"name":"(DR)  Dougie","avatar":"https://cdn.discordapp.com/avatars/297388374409347072/4d61d8619083a93069be006fc82fdeb8.png"},"point":1506},{"user":{"uid":178,"userid":150,"name":"(DRT) ferroequinology","avatar":"https://cdn.discordapp.com/avatars/791319343233368074/36a840b8aafa5e7f6cae3e0569604aaf.png"},"point":950},{"user":{"uid":28,"userid":23,"name":"(CEO) Pete (DND)","avatar":"https://cdn.discordapp.com/avatars/316660255872516106/8a2dca3b679afae90df18edc44b1584c.png"},"point":843},{"user":{"uid":1,"userid":0,"name":"(Owner) Essex","avatar":"https://cdn.discordapp.com/avatars/986728515892285461/a_c4301bd78f1d1d60c25f66672af89a9a.gif"},"point":705},{"user":{"uid":79,"userid":65,"name":"(DR) Pranto Sarker","avatar":"https://cdn.discordapp.com/avatars/308254991385231371/aab66cdf57aa340b8439bdcdf609d5fd.png"},"point":679},{"user":{"uid":174,"userid":147,"name":"(DRT) Knakkerxd","avatar":"https://cdn.discordapp.com/avatars/1063539820116332695/None.png"},"point":631},{"user":{"uid":118,"userid":96,"name":"(DR) ST1G","avatar":"https://cdn.discordapp.com/avatars/515890400494616608/f4bac7aef316082f7bad4fcbb6b39570.png"},"point":486},{"user":{"uid":6,"userid":3,"name":"(Co Owner) Angry Raptor","avatar":"https://cdn.discordapp.com/avatars/474484979548815360/6347a182410a674dfb6f831275c1b803.png"},"point":101},{"user":{"uid":95,"userid":78,"name":"(DR) JYXH","avatar":"https://cdn.discordapp.com/avatars/1176564919861260309/6b24021290db5d66363b21aed762aed2.png"},"point":0}]}