{"fmd":[{"user":{"uid":3,"userid":2,"name":"Orlynsky","avatar":"https://avatars.steamstatic.com/63a4ac3dfc7c22d71119e814f4f124bde3149941_full.jpg"},"point":2852},{"user":{"uid":10,"userid":7,"name":"stanimir103","avatar":"https://avatars.steamstatic.com/83d87adbf692b7c38710922c890830ce1ae74376_full.jpg"},"point":2158},{"user":{"uid":19,"userid":18,"name":"Tarik","avatar":"https://avatars.akamai.steamstatic.com/65f26bc666c38e43c0eea2544b64ab1d263eee3c_full.jpg"},"point":1209}],"fma":[{"user":{"uid":3,"userid":2,"name":"Orlynsky","avatar":"https://avatars.steamstatic.com/63a4ac3dfc7c22d71119e814f4f124bde3149941_full.jpg"},"point":5704},{"user":{"uid":10,"userid":7,"name":"stanimir103","avatar":"https://avatars.steamstatic.com/83d87adbf692b7c38710922c890830ce1ae74376_full.jpg"},"point":4316},{"user":{"uid":19,"userid":18,"name":"Tarik","avatar":"https://avatars.akamai.steamstatic.com/65f26bc666c38e43c0eea2544b64ab1d263eee3c_full.jpg"},"point":2418}]}