{"fmd":[{"user":{"uid":8,"userid":6,"name":"ll iScuf ll","avatar":"https://cdn.discordapp.com/avatars/321795006178525186/a_b79d3e9a2be03b5fc4d9c795da893874.gif"},"point":34781},{"user":{"uid":259,"userid":197,"name":"I3uckfast","avatar":"https://cdn.discordapp.com/avatars/1004430807357722625/8824de375f59b95e388b5680710ead3f.png"},"point":3183},{"user":{"uid":106,"userid":81,"name":"Eman1234","avatar":"https://cdn.discordapp.com/avatars/1080554850699444255/d096291062d241160beffdcd8f0e5f36.png"},"point":1659},{"user":{"uid":253,"userid":193,"name":"LucienOlijf","avatar":"https://cdn.discordapp.com/avatars/169873049674448897/f66747383622ed7a57f769e76e5c4f9e.png"},"point":1162},{"user":{"uid":213,"userid":163,"name":"Sponge Bob","avatar":"https://cdn.discordapp.com/avatars/1019561099177234442/4e1af3ca1711ef51cd37aaf06e929133.png"},"point":1114},{"user":{"uid":204,"userid":155,"name":"Scarry","avatar":"https://cdn.discordapp.com/avatars/844243311656304640/97d5a76cb3a043c30ccf82e19a6869f9.png"},"point":1075},{"user":{"uid":109,"userid":84,"name":"bigboytrains","avatar":"https://static.truckersmp.com/avatarsN/defaultavatar.png"},"point":784},{"user":{"uid":1,"userid":1,"name":"!itsPeanutttt","avatar":"https://cdn.discordapp.com/avatars/208757218013609985/a_b8fae2196be237eb9612f9daed82c1e3.gif"},"point":721},{"user":{"uid":15,"userid":10,"name":"MarlonSkills","avatar":"https://cdn.discordapp.com/avatars/315956778884005890/9a3d00de17d4e51023e4dc7542353ce7.png"},"point":669},{"user":{"uid":112,"userid":86,"name":"PistonFace08","avatar":"https://cdn.discordapp.com/avatars/562334030612135968/a2f83155381251c95dc78b28c3ae46c6.png"},"point":619},{"user":{"uid":146,"userid":112,"name":"JENNAS JUGS","avatar":"https://cdn.discordapp.com/avatars/697145117458301013/8fc3d9c9fcb32f3b81c47ef234d1a62f.png"},"point":525},{"user":{"uid":271,"userid":205,"name":"NastyCrash","avatar":"https://cdn.discordapp.com/avatars/1215071595232501851/d43c896a417d199036e552c12852794e.png"},"point":440},{"user":{"uid":214,"userid":164,"name":"hamez","avatar":""},"point":408},{"user":{"uid":5,"userid":4,"name":"Dutchkiwi","avatar":"https://cdn.discordapp.com/avatars/757764740629135380/7db38fb02ba63b040c93e1df3a1fc462.png"},"point":230},{"user":{"uid":242,"userid":185,"name":"Itmehokiledu","avatar":"https://cdn.discordapp.com/avatars/384091675997241344/c8675ddaab83431958ee30dc5605b336.png"},"point":177},{"user":{"uid":102,"userid":143,"name":"TruckingWithMystic","avatar":"https://static.truckersmp.com/avatarsN/4982857.1710519460.png"},"point":0},{"user":{"uid":269,"userid":204,"name":"Phoenix","avatar":"https://cdn.discordapp.com/avatars/763003227749875713/7ff7c721d3258dd78a9e4986dce764f8.png"},"point":0}],"fma":[{"user":{"uid":8,"userid":6,"name":"ll iScuf ll","avatar":"https://cdn.discordapp.com/avatars/321795006178525186/a_b79d3e9a2be03b5fc4d9c795da893874.gif"},"point":36439},{"user":{"uid":108,"userid":83,"name":"mth.","avatar":"https://cdn.discordapp.com/avatars/1048895539606978651/a_ed23bd3b02d03ccafa443faf15ff38ca.gif"},"point":5100},{"user":{"uid":259,"userid":197,"name":"I3uckfast","avatar":"https://cdn.discordapp.com/avatars/1004430807357722625/8824de375f59b95e388b5680710ead3f.png"},"point":3855},{"user":{"uid":106,"userid":81,"name":"Eman1234","avatar":"https://cdn.discordapp.com/avatars/1080554850699444255/d096291062d241160beffdcd8f0e5f36.png"},"point":2358},{"user":{"uid":32,"userid":21,"name":"NateNZ","avatar":"https://cdn.discordapp.com/avatars/263779798327885834/54adfd241b87dc24073b7cc175209ad7.png"},"point":2250},{"user":{"uid":204,"userid":155,"name":"Scarry","avatar":"https://cdn.discordapp.com/avatars/844243311656304640/97d5a76cb3a043c30ccf82e19a6869f9.png"},"point":1353},{"user":{"uid":213,"userid":163,"name":"Sponge Bob","avatar":"https://cdn.discordapp.com/avatars/1019561099177234442/4e1af3ca1711ef51cd37aaf06e929133.png"},"point":1263},{"user":{"uid":253,"userid":193,"name":"LucienOlijf","avatar":"https://cdn.discordapp.com/avatars/169873049674448897/f66747383622ed7a57f769e76e5c4f9e.png"},"point":1162},{"user":{"uid":1,"userid":1,"name":"!itsPeanutttt","avatar":"https://cdn.discordapp.com/avatars/208757218013609985/a_b8fae2196be237eb9612f9daed82c1e3.gif"},"point":1035},{"user":{"uid":15,"userid":10,"name":"MarlonSkills","avatar":"https://cdn.discordapp.com/avatars/315956778884005890/9a3d00de17d4e51023e4dc7542353ce7.png"},"point":1006},{"user":{"uid":271,"userid":205,"name":"NastyCrash","avatar":"https://cdn.discordapp.com/avatars/1215071595232501851/d43c896a417d199036e552c12852794e.png"},"point":914},{"user":{"uid":109,"userid":84,"name":"bigboytrains","avatar":"https://static.truckersmp.com/avatarsN/defaultavatar.png"},"point":784},{"user":{"uid":214,"userid":164,"name":"hamez","avatar":""},"point":754},{"user":{"uid":146,"userid":112,"name":"JENNAS JUGS","avatar":"https://cdn.discordapp.com/avatars/697145117458301013/8fc3d9c9fcb32f3b81c47ef234d1a62f.png"},"point":731},{"user":{"uid":242,"userid":185,"name":"Itmehokiledu","avatar":"https://cdn.discordapp.com/avatars/384091675997241344/c8675ddaab83431958ee30dc5605b336.png"},"point":626},{"user":{"uid":112,"userid":86,"name":"PistonFace08","avatar":"https://cdn.discordapp.com/avatars/562334030612135968/a2f83155381251c95dc78b28c3ae46c6.png"},"point":619},{"user":{"uid":5,"userid":4,"name":"Dutchkiwi","avatar":"https://cdn.discordapp.com/avatars/757764740629135380/7db38fb02ba63b040c93e1df3a1fc462.png"},"point":375},{"user":{"uid":102,"userid":143,"name":"TruckingWithMystic","avatar":"https://static.truckersmp.com/avatarsN/4982857.1710519460.png"},"point":0},{"user":{"uid":269,"userid":204,"name":"Phoenix","avatar":"https://cdn.discordapp.com/avatars/763003227749875713/7ff7c721d3258dd78a9e4986dce764f8.png"},"point":0}]}