{"fmd":[{"user":{"uid":104,"userid":92,"name":"Mario","avatar":""},"point":6942},{"user":{"uid":171,"userid":154,"name":"dom_binda","avatar":"https://avatars.steamstatic.com/850c742b99f1bd3b7e51baab91a51db1ac4e08c8_full.jpg"},"point":6544},{"user":{"uid":29,"userid":23,"name":"Seitenbacher_Hanföl","avatar":"https://avatars.steamstatic.com/acf67207768cdc5be5f09aca6a9f7830bf27d6f7_full.jpg"},"point":3956},{"user":{"uid":177,"userid":158,"name":"Kloppster","avatar":"https://avatars.steamstatic.com/32e721501b65adb28b8fe6c8cfd103215969ae49_full.jpg"},"point":3474},{"user":{"uid":10,"userid":10,"name":"[RSL] -Anorak-","avatar":"https://cdn.discordapp.com/avatars/1211937272702697512/a_50597e0a2e786f55d56100f1a35257a7.gif"},"point":3442},{"user":{"uid":136,"userid":121,"name":"Fuzzi_One","avatar":"https://avatars.steamstatic.com/80dc5c843904a69c82033fa7600d24e61dc9b370_full.jpg"},"point":2761},{"user":{"uid":38,"userid":27,"name":"elmundo1992","avatar":"https://avatars.steamstatic.com/54be38c13d0e7792de2af9a76c4e376766cf697a_full.jpg"},"point":1817},{"user":{"uid":17,"userid":38,"name":"Julian","avatar":"https://avatars.steamstatic.com/bba9b676052e67e10f0ce8cec815c138e5c030b8_full.jpg"},"point":1376},{"user":{"uid":143,"userid":128,"name":"Tomm82m","avatar":"https://avatars.steamstatic.com/70845c436d1d1acef2a024c0a46d21d53c13eda5_full.jpg"},"point":1192},{"user":{"uid":113,"userid":98,"name":"Pumatv_20","avatar":"https://avatars.steamstatic.com/a8ae302ff03a84c1c05cbe29cc83cc437b9fce7c_full.jpg"},"point":1173},{"user":{"uid":62,"userid":55,"name":"Uhtred Ragnarson","avatar":"https://avatars.steamstatic.com/5ac96193edf39f0e7071bf69bf710db4a2352465_full.jpg"},"point":1104},{"user":{"uid":154,"userid":139,"name":"diedubblebres","avatar":"https://avatars.steamstatic.com/708b6fa271f19f23714dc247683d820bad1aa579_full.jpg"},"point":861},{"user":{"uid":164,"userid":146,"name":"RecordingBadass","avatar":"https://avatars.steamstatic.com/60a08004ab4caf17dee67aeabda1d156d08dff11_full.jpg"},"point":735},{"user":{"uid":175,"userid":156,"name":"Hennes","avatar":"https://avatars.steamstatic.com/95d8f1c00bbdc43e289e494f3dad027a6f930ac4_full.jpg"},"point":709},{"user":{"uid":46,"userid":37,"name":"GiiForce","avatar":"https://avatars.steamstatic.com/345c6ba953d6a7e56e2df6f319cbee50a72bf91d_full.jpg"},"point":628},{"user":{"uid":75,"userid":67,"name":"GunGamerTV","avatar":"https://avatars.steamstatic.com/64ae1da41a9c51a5ab44c29f0b054b14123aabe4_full.jpg"},"point":381},{"user":{"uid":25,"userid":19,"name":"Razoraptor","avatar":"https://avatars.steamstatic.com/411f0a1d08563b0dcd648c344b113688287bfb1f_full.jpg"},"point":240},{"user":{"uid":81,"userid":72,"name":"Wolfssturm1","avatar":"https://avatars.steamstatic.com/360236e555049f204b12d3a8685a3b9b9764ebfe_full.jpg"},"point":204},{"user":{"uid":168,"userid":151,"name":"LordMiLu","avatar":"https://avatars.steamstatic.com/90281bcb08a9d28ef4c343c5f6b8b75f093e4a9b_full.jpg"},"point":36}],"fma":[{"user":{"uid":104,"userid":92,"name":"Mario","avatar":""},"point":6942},{"user":{"uid":171,"userid":154,"name":"dom_binda","avatar":"https://avatars.steamstatic.com/850c742b99f1bd3b7e51baab91a51db1ac4e08c8_full.jpg"},"point":6544},{"user":{"uid":29,"userid":23,"name":"Seitenbacher_Hanföl","avatar":"https://avatars.steamstatic.com/acf67207768cdc5be5f09aca6a9f7830bf27d6f7_full.jpg"},"point":3956},{"user":{"uid":10,"userid":10,"name":"[RSL] -Anorak-","avatar":"https://cdn.discordapp.com/avatars/1211937272702697512/a_50597e0a2e786f55d56100f1a35257a7.gif"},"point":3642},{"user":{"uid":177,"userid":158,"name":"Kloppster","avatar":"https://avatars.steamstatic.com/32e721501b65adb28b8fe6c8cfd103215969ae49_full.jpg"},"point":3474},{"user":{"uid":136,"userid":121,"name":"Fuzzi_One","avatar":"https://avatars.steamstatic.com/80dc5c843904a69c82033fa7600d24e61dc9b370_full.jpg"},"point":2761},{"user":{"uid":38,"userid":27,"name":"elmundo1992","avatar":"https://avatars.steamstatic.com/54be38c13d0e7792de2af9a76c4e376766cf697a_full.jpg"},"point":1817},{"user":{"uid":17,"userid":38,"name":"Julian","avatar":"https://avatars.steamstatic.com/bba9b676052e67e10f0ce8cec815c138e5c030b8_full.jpg"},"point":1376},{"user":{"uid":143,"userid":128,"name":"Tomm82m","avatar":"https://avatars.steamstatic.com/70845c436d1d1acef2a024c0a46d21d53c13eda5_full.jpg"},"point":1192},{"user":{"uid":113,"userid":98,"name":"Pumatv_20","avatar":"https://avatars.steamstatic.com/a8ae302ff03a84c1c05cbe29cc83cc437b9fce7c_full.jpg"},"point":1173},{"user":{"uid":62,"userid":55,"name":"Uhtred Ragnarson","avatar":"https://avatars.steamstatic.com/5ac96193edf39f0e7071bf69bf710db4a2352465_full.jpg"},"point":1104},{"user":{"uid":154,"userid":139,"name":"diedubblebres","avatar":"https://avatars.steamstatic.com/708b6fa271f19f23714dc247683d820bad1aa579_full.jpg"},"point":861},{"user":{"uid":164,"userid":146,"name":"RecordingBadass","avatar":"https://avatars.steamstatic.com/60a08004ab4caf17dee67aeabda1d156d08dff11_full.jpg"},"point":735},{"user":{"uid":175,"userid":156,"name":"Hennes","avatar":"https://avatars.steamstatic.com/95d8f1c00bbdc43e289e494f3dad027a6f930ac4_full.jpg"},"point":709},{"user":{"uid":46,"userid":37,"name":"GiiForce","avatar":"https://avatars.steamstatic.com/345c6ba953d6a7e56e2df6f319cbee50a72bf91d_full.jpg"},"point":628},{"user":{"uid":75,"userid":67,"name":"GunGamerTV","avatar":"https://avatars.steamstatic.com/64ae1da41a9c51a5ab44c29f0b054b14123aabe4_full.jpg"},"point":381},{"user":{"uid":25,"userid":19,"name":"Razoraptor","avatar":"https://avatars.steamstatic.com/411f0a1d08563b0dcd648c344b113688287bfb1f_full.jpg"},"point":240},{"user":{"uid":81,"userid":72,"name":"Wolfssturm1","avatar":"https://avatars.steamstatic.com/360236e555049f204b12d3a8685a3b9b9764ebfe_full.jpg"},"point":204},{"user":{"uid":99,"userid":110,"name":"[RSL]Albanr.9","avatar":"https://avatars.steamstatic.com/b3773af8338e7a36b55ec298e6dee7f4e0cd9aa0_full.jpg"},"point":200},{"user":{"uid":168,"userid":151,"name":"LordMiLu","avatar":"https://avatars.steamstatic.com/90281bcb08a9d28ef4c343c5f6b8b75f093e4a9b_full.jpg"},"point":36}]}