{"fmd":[{"user":{"uid":3,"userid":3,"name":"HunterM7","avatar":"https://static.truckersmp.com/avatarsN/1409042.1708826162.png"},"point":1048},{"user":{"uid":5,"userid":5,"name":"UhNikez","avatar":"https://cdn.discordapp.com/avatars/516646179724066816/a_7043de204e579b64955005813b155de2.gif"},"point":734},{"user":{"uid":1,"userid":1,"name":"Marky","avatar":"https://cdn.discordapp.com/avatars/689263232204144772/247b7a4b1d49ff1dbb6a47a511bd2856.png"},"point":722}],"fma":[{"user":{"uid":3,"userid":3,"name":"HunterM7","avatar":"https://static.truckersmp.com/avatarsN/1409042.1708826162.png"},"point":1051},{"user":{"uid":5,"userid":5,"name":"UhNikez","avatar":"https://cdn.discordapp.com/avatars/516646179724066816/a_7043de204e579b64955005813b155de2.gif"},"point":741},{"user":{"uid":1,"userid":1,"name":"Marky","avatar":"https://cdn.discordapp.com/avatars/689263232204144772/247b7a4b1d49ff1dbb6a47a511bd2856.png"},"point":727}]}