{"fmd":[{"user":{"uid":5,"userid":3,"name":"{Wild Hogz} Dennisthe8th","avatar":"https://cdn.discordapp.com/avatars/575015095894016014/69fc086441725970662f0b9ba9bf5e32.png"},"point":5293},{"user":{"uid":8,"userid":6,"name":"{Wild Hogz} Murdernova256","avatar":"https://cdn.discordapp.com/avatars/549931745584349185/9647aabac5de7bc6ca63f26696871246.png"},"point":5026},{"user":{"uid":56,"userid":45,"name":"{Wild Hogz} jbica","avatar":"https://cdn.discordapp.com/avatars/394272398930739212/488d03490a2359e57a3622544f8bbba2.png"},"point":2831},{"user":{"uid":4,"userid":2,"name":"{Wild Hogz} A1 Canadian","avatar":"https://cdn.discordapp.com/avatars/212943181858209792/8ae2deba5c05a595e3f4f725cf0a110c.png"},"point":1584},{"user":{"uid":9,"userid":7,"name":"{Wild Hogz} TACOMAN","avatar":"https://cdn.discordapp.com/avatars/935175174700040252/03b7f8a6f6208443dd4eaabd052edd16.png"},"point":1503},{"user":{"uid":1,"userid":1,"name":"{Wild Hogz} Chappy1225","avatar":"https://cdn.discordapp.com/avatars/480244047311667201/b51db2fc9e7e314933519021bee4ae3e.png"},"point":1098},{"user":{"uid":57,"userid":46,"name":"Brick","avatar":"https://avatars.steamstatic.com/a941a682c23ed1e66560827e559727b93486c5e4_full.jpg"},"point":265}],"fma":[{"user":{"uid":8,"userid":6,"name":"{Wild Hogz} Murdernova256","avatar":"https://cdn.discordapp.com/avatars/549931745584349185/9647aabac5de7bc6ca63f26696871246.png"},"point":7526},{"user":{"uid":5,"userid":3,"name":"{Wild Hogz} Dennisthe8th","avatar":"https://cdn.discordapp.com/avatars/575015095894016014/69fc086441725970662f0b9ba9bf5e32.png"},"point":7393},{"user":{"uid":4,"userid":2,"name":"{Wild Hogz} A1 Canadian","avatar":"https://cdn.discordapp.com/avatars/212943181858209792/8ae2deba5c05a595e3f4f725cf0a110c.png"},"point":3584},{"user":{"uid":1,"userid":1,"name":"{Wild Hogz} Chappy1225","avatar":"https://cdn.discordapp.com/avatars/480244047311667201/b51db2fc9e7e314933519021bee4ae3e.png"},"point":3098},{"user":{"uid":56,"userid":45,"name":"{Wild Hogz} jbica","avatar":"https://cdn.discordapp.com/avatars/394272398930739212/488d03490a2359e57a3622544f8bbba2.png"},"point":2831},{"user":{"uid":6,"userid":4,"name":"{Wild Hogz} xBoss Hogx","avatar":"https://cdn.discordapp.com/avatars/395641245973741570/1d2f3aa509dfa1d50abcd99dc298bcf2.png"},"point":2050},{"user":{"uid":9,"userid":7,"name":"{Wild Hogz} TACOMAN","avatar":"https://cdn.discordapp.com/avatars/935175174700040252/03b7f8a6f6208443dd4eaabd052edd16.png"},"point":1503},{"user":{"uid":57,"userid":46,"name":"Brick","avatar":"https://avatars.steamstatic.com/a941a682c23ed1e66560827e559727b93486c5e4_full.jpg"},"point":315},{"user":{"uid":7,"userid":5,"name":"{Wild Hogz} Jacket","avatar":"https://cdn.discordapp.com/avatars/111638504500408320/880678f246665808c2165f5f693b72cd.png"},"point":50}]}