{"fmd":[{"user":{"uid":1380,"userid":845,"name":"The Flat Cap Spotter","avatar":"https://static.truckersmp.com/avatarsN/defaultavatar.png"},"point":2454},{"user":{"uid":1327,"userid":814,"name":"Sefo","avatar":"https://cdn.discordapp.com/avatars/421826472916025365/0c8a3216eb974494cd18a93af0ceb407.png"},"point":2343},{"user":{"uid":1192,"userid":724,"name":"Koskee","avatar":"https://cdn.discordapp.com/avatars/836575095664410654/2bbf7b28df277943d911b4ca67a9ac9e.png"},"point":2173},{"user":{"uid":1347,"userid":826,"name":"casualsunday","avatar":"https://cdn.discordapp.com/avatars/288689627584528384/2cd8a1252e40aa264b166905132d8746.png"},"point":2008},{"user":{"uid":1382,"userid":847,"name":"Aeroplane","avatar":"https://cdn.discordapp.com/avatars/919580354736705617/cd8c60e397730ab82e685faaf72d3c77.png"},"point":1705},{"user":{"uid":948,"userid":591,"name":"AidanTheSergal","avatar":"https://cdn.discordapp.com/avatars/608713452420333589/05b5738d3be88e0cc579b801d879288b.png"},"point":1667},{"user":{"uid":965,"userid":600,"name":"mousegamer","avatar":"https://cdn.discordapp.com/avatars/563349741635895299/9f1086b79ec569edd6f89033da833ce2.png"},"point":1612},{"user":{"uid":1306,"userid":801,"name":"kevbud.","avatar":"https://cdn.discordapp.com/avatars/799449670572048424/9d4968f9cd751d7b8af661f091a36558.png"},"point":1282},{"user":{"uid":570,"userid":393,"name":"ToxicityRTX","avatar":"https://cdn.discordapp.com/avatars/229785085551837184/e01c371c84c892884586e7a9a62b0f87.png"},"point":1084},{"user":{"uid":759,"userid":501,"name":"TheSkiller","avatar":"https://cdn.discordapp.com/avatars/665158641355325450/da6b6d4e62038b3f92dd42b7b34f7ec9.png"},"point":1074},{"user":{"uid":1061,"userid":656,"name":"Thy Night Owl","avatar":"https://cdn.discordapp.com/avatars/678366200312496154/7e3c44efb2393e0a9a4b593cb42f936d.png"},"point":1073},{"user":{"uid":32,"userid":87,"name":"MartinWolf","avatar":"https://cdn.discordapp.com/avatars/693618494071373824/0b22a83d6bc13d4db0c60b60aba7fef7.png"},"point":1040},{"user":{"uid":1097,"userid":670,"name":"Ramin Tanuwong [TH]","avatar":"https://static.truckersmp.com/avatarsN/3757199.1645214262.jpg"},"point":1020},{"user":{"uid":1266,"userid":775,"name":"Khan_X1","avatar":"https://static.truckersmp.com/avatarsN/5358897.1705606399.png"},"point":939},{"user":{"uid":1378,"userid":843,"name":"dandelion","avatar":"https://cdn.discordapp.com/avatars/924070723952209941/6d40e5aa69459181ef2bc03107156cc0.png"},"point":849},{"user":{"uid":1357,"userid":831,"name":"Rebeloutlaw22","avatar":"https://cdn.discordapp.com/avatars/1052542962099294260/34a84e19e1c9df75beb0bed1e11f4b06.png"},"point":795},{"user":{"uid":1381,"userid":846,"name":"Cav.D","avatar":"https://cdn.discordapp.com/avatars/513622217083322371/55c850f612137f10d1f4a7800b567371.png"},"point":780},{"user":{"uid":1213,"userid":742,"name":"♱ Spark DeLuca ♱","avatar":"https://cdn.discordapp.com/avatars/807678339514236989/283fb606004de5371e5b3e63ded107f8.png"},"point":624},{"user":{"uid":1355,"userid":829,"name":"TheStolenHydra","avatar":"https://cdn.discordapp.com/avatars/114642060383879170/66141443e620e4cd7b5a7e32f33d4f5f.png"},"point":593},{"user":{"uid":1244,"userid":767,"name":"Corvus #CHILLING #1 😊","avatar":"https://cdn.discordapp.com/avatars/1170949991548858411/a_0b9d8663c4bff06abcca8454a625b9d9.gif"},"point":582},{"user":{"uid":1034,"userid":635,"name":"Fox_Bot","avatar":"https://cdn.discordapp.com/avatars/673289306424475659/6760c43d2e087fd99eeef160473251a3.png"},"point":574},{"user":{"uid":561,"userid":386,"name":"richhscm","avatar":""},"point":464},{"user":{"uid":1383,"userid":848,"name":"snoopy","avatar":"https://cdn.discordapp.com/avatars/217113179317075968/a_b5d2620c7ce9aad914a29acbb98aa4b1.gif"},"point":452},{"user":{"uid":1305,"userid":799,"name":"MinoRoss","avatar":"https://cdn.discordapp.com/avatars/707509306517487626/a86ee83a9e2c9f70a98714ae355e0ccc.png"},"point":421},{"user":{"uid":1147,"userid":695,"name":"Kirito21","avatar":"https://cdn.discordapp.com/avatars/925803382680215572/f01e1941088675bf780245f15eb81bc4.png"},"point":409},{"user":{"uid":2,"userid":1,"name":"Shadows","avatar":"https://cdn.discordapp.com/avatars/763197983797149726/ceaa9c6e46978e9019ef555428d81f44.png"},"point":374},{"user":{"uid":1227,"userid":751,"name":"Arctee","avatar":"https://avatars.steamstatic.com/1c420d178f66d4691b32a82a49ec20a7825e74d9_full.jpg"},"point":223},{"user":{"uid":716,"userid":476,"name":"mwe2187","avatar":"https://cdn.discordapp.com/avatars/628250855899922448/93721c72d6dba299ffc43f2a9a13483b.png"},"point":0},{"user":{"uid":717,"userid":477,"name":"CrazyRussianCommrade","avatar":"https://static.truckersmp.com/avatarsN/defaultavatar.png"},"point":0},{"user":{"uid":18,"userid":718,"name":"Kanasteri","avatar":"https://cdn.discordapp.com/avatars/388688028056551425/cadea68055c984a8900142da586bf9e5.png"},"point":0}],"fma":[{"user":{"uid":119,"userid":258,"name":"LordLegend","avatar":"https://cdn.discordapp.com/avatars/507573290995417108/294e2517c647c3c8703945fbc200afcd.png"},"point":53812},{"user":{"uid":1097,"userid":670,"name":"Ramin Tanuwong [TH]","avatar":"https://static.truckersmp.com/avatarsN/3757199.1645214262.jpg"},"point":51915},{"user":{"uid":1026,"userid":630,"name":"Sehi","avatar":"https://cdn.discordapp.com/avatars/644522714916192275/4a28c46532b59c013ed5e9a3801e4a0c.png"},"point":50575},{"user":{"uid":2,"userid":1,"name":"Shadows","avatar":"https://cdn.discordapp.com/avatars/763197983797149726/ceaa9c6e46978e9019ef555428d81f44.png"},"point":50374},{"user":{"uid":1380,"userid":845,"name":"The Flat Cap Spotter","avatar":"https://static.truckersmp.com/avatarsN/defaultavatar.png"},"point":2540},{"user":{"uid":1327,"userid":814,"name":"Sefo","avatar":"https://cdn.discordapp.com/avatars/421826472916025365/0c8a3216eb974494cd18a93af0ceb407.png"},"point":2519},{"user":{"uid":1192,"userid":724,"name":"Koskee","avatar":"https://cdn.discordapp.com/avatars/836575095664410654/2bbf7b28df277943d911b4ca67a9ac9e.png"},"point":2266},{"user":{"uid":1347,"userid":826,"name":"casualsunday","avatar":"https://cdn.discordapp.com/avatars/288689627584528384/2cd8a1252e40aa264b166905132d8746.png"},"point":2138},{"user":{"uid":924,"userid":576,"name":"🌈Hearty_Laces🌈They/Them","avatar":"https://cdn.discordapp.com/avatars/461978281906929675/9128b3d5991d797b2e4060e71c4c5f41.png"},"point":1855},{"user":{"uid":948,"userid":591,"name":"AidanTheSergal","avatar":"https://cdn.discordapp.com/avatars/608713452420333589/05b5738d3be88e0cc579b801d879288b.png"},"point":1818},{"user":{"uid":965,"userid":600,"name":"mousegamer","avatar":"https://cdn.discordapp.com/avatars/563349741635895299/9f1086b79ec569edd6f89033da833ce2.png"},"point":1749},{"user":{"uid":1382,"userid":847,"name":"Aeroplane","avatar":"https://cdn.discordapp.com/avatars/919580354736705617/cd8c60e397730ab82e685faaf72d3c77.png"},"point":1745},{"user":{"uid":32,"userid":87,"name":"MartinWolf","avatar":"https://cdn.discordapp.com/avatars/693618494071373824/0b22a83d6bc13d4db0c60b60aba7fef7.png"},"point":1691},{"user":{"uid":1061,"userid":656,"name":"Thy Night Owl","avatar":"https://cdn.discordapp.com/avatars/678366200312496154/7e3c44efb2393e0a9a4b593cb42f936d.png"},"point":1507},{"user":{"uid":1306,"userid":801,"name":"kevbud.","avatar":"https://cdn.discordapp.com/avatars/799449670572048424/9d4968f9cd751d7b8af661f091a36558.png"},"point":1282},{"user":{"uid":570,"userid":393,"name":"ToxicityRTX","avatar":"https://cdn.discordapp.com/avatars/229785085551837184/e01c371c84c892884586e7a9a62b0f87.png"},"point":1176},{"user":{"uid":759,"userid":501,"name":"TheSkiller","avatar":"https://cdn.discordapp.com/avatars/665158641355325450/da6b6d4e62038b3f92dd42b7b34f7ec9.png"},"point":1165},{"user":{"uid":1266,"userid":775,"name":"Khan_X1","avatar":"https://static.truckersmp.com/avatarsN/5358897.1705606399.png"},"point":983},{"user":{"uid":1357,"userid":831,"name":"Rebeloutlaw22","avatar":"https://cdn.discordapp.com/avatars/1052542962099294260/34a84e19e1c9df75beb0bed1e11f4b06.png"},"point":964},{"user":{"uid":1316,"userid":807,"name":"Gota","avatar":"https://cdn.discordapp.com/avatars/167291299693723648/beb31f691ab4478e3268181a76f3a451.png"},"point":919},{"user":{"uid":1378,"userid":843,"name":"dandelion","avatar":"https://cdn.discordapp.com/avatars/924070723952209941/6d40e5aa69459181ef2bc03107156cc0.png"},"point":879},{"user":{"uid":1381,"userid":846,"name":"Cav.D","avatar":"https://cdn.discordapp.com/avatars/513622217083322371/55c850f612137f10d1f4a7800b567371.png"},"point":780},{"user":{"uid":1105,"userid":675,"name":"Jack3D60","avatar":"https://cdn.discordapp.com/avatars/805496381754048572/bcf10ae824b274e1c532971dcb857977.png"},"point":772},{"user":{"uid":1305,"userid":799,"name":"MinoRoss","avatar":"https://cdn.discordapp.com/avatars/707509306517487626/a86ee83a9e2c9f70a98714ae355e0ccc.png"},"point":671},{"user":{"uid":1034,"userid":635,"name":"Fox_Bot","avatar":"https://cdn.discordapp.com/avatars/673289306424475659/6760c43d2e087fd99eeef160473251a3.png"},"point":663},{"user":{"uid":1355,"userid":829,"name":"TheStolenHydra","avatar":"https://cdn.discordapp.com/avatars/114642060383879170/66141443e620e4cd7b5a7e32f33d4f5f.png"},"point":626},{"user":{"uid":1213,"userid":742,"name":"♱ Spark DeLuca ♱","avatar":"https://cdn.discordapp.com/avatars/807678339514236989/283fb606004de5371e5b3e63ded107f8.png"},"point":624},{"user":{"uid":1244,"userid":767,"name":"Corvus #CHILLING #1 😊","avatar":"https://cdn.discordapp.com/avatars/1170949991548858411/a_0b9d8663c4bff06abcca8454a625b9d9.gif"},"point":614},{"user":{"uid":561,"userid":386,"name":"richhscm","avatar":""},"point":464},{"user":{"uid":1383,"userid":848,"name":"snoopy","avatar":"https://cdn.discordapp.com/avatars/217113179317075968/a_b5d2620c7ce9aad914a29acbb98aa4b1.gif"},"point":452},{"user":{"uid":619,"userid":418,"name":"NumberHunter91","avatar":"https://cdn.discordapp.com/avatars/276407067223392256/c656134c8d2a712de1b2dbaf3856e995.png"},"point":450},{"user":{"uid":1147,"userid":695,"name":"Kirito21","avatar":"https://cdn.discordapp.com/avatars/925803382680215572/f01e1941088675bf780245f15eb81bc4.png"},"point":409},{"user":{"uid":1227,"userid":751,"name":"Arctee","avatar":"https://avatars.steamstatic.com/1c420d178f66d4691b32a82a49ec20a7825e74d9_full.jpg"},"point":223},{"user":{"uid":870,"userid":553,"name":"evilzocken","avatar":"https://cdn.discordapp.com/avatars/665665436678881280/bbf25d8e76ff45868d6e0a2e9b4f189b.png"},"point":213},{"user":{"uid":1033,"userid":634,"name":"Carrotr","avatar":"https://cdn.discordapp.com/avatars/611283419367735300/fe9772d6e9d023b0cb9a0f7585fc31c4.png"},"point":200},{"user":{"uid":716,"userid":476,"name":"mwe2187","avatar":"https://cdn.discordapp.com/avatars/628250855899922448/93721c72d6dba299ffc43f2a9a13483b.png"},"point":0},{"user":{"uid":717,"userid":477,"name":"CrazyRussianCommrade","avatar":"https://static.truckersmp.com/avatarsN/defaultavatar.png"},"point":0},{"user":{"uid":18,"userid":718,"name":"Kanasteri","avatar":"https://cdn.discordapp.com/avatars/388688028056551425/cadea68055c984a8900142da586bf9e5.png"},"point":0}]}