{"fmd":[{"user":{"uid":96,"userid":120,"name":"Pattarapon","avatar":"https://cdn.discordapp.com/avatars/687263407417720832/a_b7ede9d49dc998aecb68c07992055092.gif"},"point":2662},{"user":{"uid":421,"userid":233,"name":"Lefoux","avatar":"https://cdn.discordapp.com/avatars/859833212033564675/088b54447f39f52d1bf9157b904f07ea.png"},"point":2641},{"user":{"uid":409,"userid":226,"name":"𝙽𝙴𝚆𝚃𝚈𝙿𝙴𝚂","avatar":"https://cdn.discordapp.com/avatars/624501922531115019/720e6c9072e99985cd234df4183376af.png"},"point":2587},{"user":{"uid":178,"userid":142,"name":"Kai'Sa☆UnSyn Amagiri","avatar":"https://cdn.discordapp.com/avatars/234026448229367809/a_3e769a6aef362f7e3f4ea09b2d3f5367.gif"},"point":2042},{"user":{"uid":452,"userid":244,"name":"xihoヅ","avatar":"https://cdn.discordapp.com/avatars/571002754877882369/9cd9d3d0a42510c5a2426a3e6f230b19.png"},"point":1854},{"user":{"uid":428,"userid":238,"name":"shomy3997","avatar":"https://cdn.discordapp.com/avatars/348523996280782850/5f926f02f550db167797eacd95b69cee.png"},"point":1467},{"user":{"uid":300,"userid":197,"name":"zeup.langton","avatar":"https://cdn.discordapp.com/avatars/221167310986149888/3a5e16a8c7d7118cd586f6c28c2110df.png"},"point":1185},{"user":{"uid":337,"userid":208,"name":"Dr. Stevo","avatar":"https://cdn.discordapp.com/avatars/603859936434323456/a_8fb3ef826c61fa9bc1445843af78a75f.gif"},"point":1065},{"user":{"uid":75,"userid":87,"name":"Divaice","avatar":"https://cdn.discordapp.com/avatars/442566760277868546/036f730b9f21ac80ae369dbbaa692664.png"},"point":834},{"user":{"uid":204,"userid":155,"name":"Xenon_25","avatar":"https://avatars.steamstatic.com/8dfe278c7493b6984540e57ecd57b791df13841e_full.jpg"},"point":789},{"user":{"uid":328,"userid":206,"name":"k.karachorov","avatar":"https://cdn.discordapp.com/avatars/840288381014376479/33af5e99c09082954093bd9c394a467c.png"},"point":732},{"user":{"uid":341,"userid":211,"name":"thanhhuy","avatar":"https://cdn.discordapp.com/avatars/440698992041525260/ef5aaadaa5bf0c9256cd5d61eb370755.png"},"point":618},{"user":{"uid":425,"userid":235,"name":"𝐑𝐚𝐳𝐯𝐚𝐧𝐑𝐎","avatar":"https://cdn.discordapp.com/avatars/781186254976712794/2d6c733e78c760666fe6c9b332860609.png"},"point":548},{"user":{"uid":211,"userid":160,"name":"human?","avatar":"https://cdn.discordapp.com/avatars/698752151073194015/e626fce336d1295ab98959c084394e8b.png"},"point":81},{"user":{"uid":26,"userid":30,"name":"RealVladilena","avatar":"https://cdn.discordapp.com/avatars/304356725618769920/abca6f1d04bfec407e13d0a394f9fcc4.png"},"point":69},{"user":{"uid":15,"userid":17,"name":"Aashraye","avatar":"https://cdn.discordapp.com/avatars/514799622510739456/a_9fa635cb53a66b5da365a010bbced50e.gif"},"point":0}],"fma":[{"user":{"uid":96,"userid":120,"name":"Pattarapon","avatar":"https://cdn.discordapp.com/avatars/687263407417720832/a_b7ede9d49dc998aecb68c07992055092.gif"},"point":2662},{"user":{"uid":421,"userid":233,"name":"Lefoux","avatar":"https://cdn.discordapp.com/avatars/859833212033564675/088b54447f39f52d1bf9157b904f07ea.png"},"point":2641},{"user":{"uid":409,"userid":226,"name":"𝙽𝙴𝚆𝚃𝚈𝙿𝙴𝚂","avatar":"https://cdn.discordapp.com/avatars/624501922531115019/720e6c9072e99985cd234df4183376af.png"},"point":2587},{"user":{"uid":178,"userid":142,"name":"Kai'Sa☆UnSyn Amagiri","avatar":"https://cdn.discordapp.com/avatars/234026448229367809/a_3e769a6aef362f7e3f4ea09b2d3f5367.gif"},"point":2042},{"user":{"uid":452,"userid":244,"name":"xihoヅ","avatar":"https://cdn.discordapp.com/avatars/571002754877882369/9cd9d3d0a42510c5a2426a3e6f230b19.png"},"point":1854},{"user":{"uid":428,"userid":238,"name":"shomy3997","avatar":"https://cdn.discordapp.com/avatars/348523996280782850/5f926f02f550db167797eacd95b69cee.png"},"point":1467},{"user":{"uid":300,"userid":197,"name":"zeup.langton","avatar":"https://cdn.discordapp.com/avatars/221167310986149888/3a5e16a8c7d7118cd586f6c28c2110df.png"},"point":1185},{"user":{"uid":337,"userid":208,"name":"Dr. Stevo","avatar":"https://cdn.discordapp.com/avatars/603859936434323456/a_8fb3ef826c61fa9bc1445843af78a75f.gif"},"point":1065},{"user":{"uid":75,"userid":87,"name":"Divaice","avatar":"https://cdn.discordapp.com/avatars/442566760277868546/036f730b9f21ac80ae369dbbaa692664.png"},"point":834},{"user":{"uid":204,"userid":155,"name":"Xenon_25","avatar":"https://avatars.steamstatic.com/8dfe278c7493b6984540e57ecd57b791df13841e_full.jpg"},"point":789},{"user":{"uid":328,"userid":206,"name":"k.karachorov","avatar":"https://cdn.discordapp.com/avatars/840288381014376479/33af5e99c09082954093bd9c394a467c.png"},"point":732},{"user":{"uid":341,"userid":211,"name":"thanhhuy","avatar":"https://cdn.discordapp.com/avatars/440698992041525260/ef5aaadaa5bf0c9256cd5d61eb370755.png"},"point":618},{"user":{"uid":425,"userid":235,"name":"𝐑𝐚𝐳𝐯𝐚𝐧𝐑𝐎","avatar":"https://cdn.discordapp.com/avatars/781186254976712794/2d6c733e78c760666fe6c9b332860609.png"},"point":548},{"user":{"uid":211,"userid":160,"name":"human?","avatar":"https://cdn.discordapp.com/avatars/698752151073194015/e626fce336d1295ab98959c084394e8b.png"},"point":81},{"user":{"uid":26,"userid":30,"name":"RealVladilena","avatar":"https://cdn.discordapp.com/avatars/304356725618769920/abca6f1d04bfec407e13d0a394f9fcc4.png"},"point":69},{"user":{"uid":15,"userid":17,"name":"Aashraye","avatar":"https://cdn.discordapp.com/avatars/514799622510739456/a_9fa635cb53a66b5da365a010bbced50e.gif"},"point":0}]}