{"fmd":[{"user":{"uid":18,"userid":17,"name":"Ismailali","avatar":"https://static.truckersmp.com/avatarsN/5215089.1705341903.jpeg"},"point":6273},{"user":{"uid":20,"userid":18,"name":"Fate | 𝑬𝑩𝑵 𝒀𝑨𝑺𝑺𝑰𝑬𝑵","avatar":"https://cdn.discordapp.com/avatars/810634801371021312/9eb6c2d42cc4c8fdef9d67fb34e3664b.png"},"point":6156},{"user":{"uid":25,"userid":21,"name":"Mo kamal","avatar":"https://avatars.steamstatic.com/f865025db7f5971657f364d03aab4589b58e7976_full.jpg"},"point":1322},{"user":{"uid":48,"userid":44,"name":"Fate | Mohamed mostafa","avatar":"https://cdn.discordapp.com/avatars/1150961957206249502/e94b2eb56c16b7e8058c0a9c86787769.png"},"point":0}],"fma":[{"user":{"uid":20,"userid":18,"name":"Fate | 𝑬𝑩𝑵 𝒀𝑨𝑺𝑺𝑰𝑬𝑵","avatar":"https://cdn.discordapp.com/avatars/810634801371021312/9eb6c2d42cc4c8fdef9d67fb34e3664b.png"},"point":2001069},{"user":{"uid":18,"userid":17,"name":"Ismailali","avatar":"https://static.truckersmp.com/avatarsN/5215089.1705341903.jpeg"},"point":17139},{"user":{"uid":25,"userid":21,"name":"Mo kamal","avatar":"https://avatars.steamstatic.com/f865025db7f5971657f364d03aab4589b58e7976_full.jpg"},"point":1322},{"user":{"uid":6,"userid":4,"name":"ABN_ELFOULY","avatar":"https://static.truckersmp.com/avatarsN/4950792.1708555380.png"},"point":245},{"user":{"uid":48,"userid":44,"name":"Fate | Mohamed mostafa","avatar":"https://cdn.discordapp.com/avatars/1150961957206249502/e94b2eb56c16b7e8058c0a9c86787769.png"},"point":0}]}