{"fmd":[{"user":{"uid":152,"userid":135,"name":"manu7432","avatar":"https://cdn.discordapp.com/avatars/1024735246249373777/cef1115e757e0b8944a70bcd74e63455.png"},"point":5969},{"user":{"uid":50,"userid":41,"name":"Schnitzel.","avatar":"https://cdn.discordapp.com/avatars/690570896557211658/baa999791bdec64edf3c45f5ce158618.png"},"point":4642},{"user":{"uid":274,"userid":228,"name":"{FLG}AgentKire1987","avatar":"https://cdn.discordapp.com/avatars/425001789624942593/3820bba9111760526008ac24fcd99251.png"},"point":3611},{"user":{"uid":43,"userid":31,"name":"[GER]Christian","avatar":"https://static.truckersmp.com/avatarsN/196694.1705792859.png"},"point":1957},{"user":{"uid":275,"userid":229,"name":"ByEnderman_HD","avatar":"https://cdn.discordapp.com/avatars/664529284043636767/6b9fb4edd1d2c073428b956ede3c7228.png"},"point":1917},{"user":{"uid":18,"userid":16,"name":"teufelsfrucht","avatar":"https://cdn.discordapp.com/avatars/910595374702551050/061f37845160435b7e85a1e913491524.png"},"point":1891},{"user":{"uid":282,"userid":235,"name":"cyberstorm","avatar":""},"point":1637},{"user":{"uid":269,"userid":225,"name":"Kevo","avatar":"https://cdn.discordapp.com/avatars/1043231955954704457/None.png"},"point":1595},{"user":{"uid":281,"userid":233,"name":"gamert1239852","avatar":""},"point":1387},{"user":{"uid":214,"userid":179,"name":"Scottypols34","avatar":"https://cdn.discordapp.com/avatars/496307919449751582/76c3a93cea01c41856b26954db5f44e4.png"},"point":1382},{"user":{"uid":157,"userid":141,"name":"DerBackfisch","avatar":"https://cdn.discordapp.com/avatars/838683261244407809/237604f013fdfa84b60f5246e2249e04.png"},"point":1348},{"user":{"uid":244,"userid":200,"name":"Mike_Sniedi","avatar":""},"point":1235},{"user":{"uid":175,"userid":155,"name":"Desomazu","avatar":"https://cdn.discordapp.com/avatars/920735509251248139/72b5adb5b663ffeedbb767832a878772.png"},"point":1223},{"user":{"uid":190,"userid":165,"name":"Trike","avatar":"https://cdn.discordapp.com/avatars/445943553177288704/9c2d13d61cb7fdd2f732e28f979cfd3d.png"},"point":1167},{"user":{"uid":68,"userid":57,"name":"Anthonyaski","avatar":"https://cdn.discordapp.com/avatars/334780188703588362/4af94601e420a28c570fce2b038e0b23.png"},"point":1074},{"user":{"uid":192,"userid":218,"name":"Pepe7530","avatar":"https://cdn.discordapp.com/avatars/264676607032033280/162a9ff3830854a226bbd190e2ad07ff.png"},"point":994},{"user":{"uid":265,"userid":220,"name":"Rex9845","avatar":"https://cdn.discordapp.com/avatars/1052645528032264233/42d06d5fedd4a543cf490ec80c26af36.png"},"point":691},{"user":{"uid":13,"userid":11,"name":"Dignity.","avatar":"https://static.truckersmp.com/avatarsN/4603971.1691867837.png"},"point":634},{"user":{"uid":58,"userid":45,"name":"Knirpsi","avatar":"https://cdn.discordapp.com/avatars/680795972275666957/83cbd46025e4c642396e78b1fb4a60d0.png"},"point":601},{"user":{"uid":280,"userid":232,"name":"LuisDev","avatar":"https://static.truckersmp.com/avatarsN/defaultavatar.png"},"point":534},{"user":{"uid":12,"userid":10,"name":"Tchabalala/Axel","avatar":"https://cdn.discordapp.com/avatars/336794680454938624/c949fc0ae2a0b67356a833b7f2dfb640.png"},"point":522},{"user":{"uid":168,"userid":148,"name":"lachs","avatar":"https://cdn.discordapp.com/avatars/567677822085234688/d8f503f9cdfe5741ac4c46b50ebaf69a.png"},"point":512},{"user":{"uid":80,"userid":73,"name":"YasinAbi","avatar":"https://cdn.discordapp.com/avatars/847538667613454346/c0a331cbb54089df7ac19c80d2cbcb16.png"},"point":405},{"user":{"uid":276,"userid":230,"name":"BVG Joker","avatar":"https://cdn.discordapp.com/avatars/632654863821439016/4aa4e3726e3edc2c26b9288cd0b0e1c5.png"},"point":256},{"user":{"uid":31,"userid":36,"name":"Tedpli","avatar":"https://cdn.discordapp.com/avatars/501065020088647690/37ac2db1efd93758a8680c6c9ce7abc8.png"},"point":218},{"user":{"uid":252,"userid":205,"name":"Wutan Fall","avatar":"https://cdn.discordapp.com/avatars/204296481715388426/eb0c97b37333a5aef73f6cd7875bc750.png"},"point":144},{"user":{"uid":203,"userid":173,"name":"tobiii.","avatar":"https://cdn.discordapp.com/avatars/231897760406831105/5c1d3b42de02d1acdfa3146a26e770f2.png"},"point":2},{"user":{"uid":139,"userid":127,"name":"SturmNudelLP (PC)","avatar":"https://cdn.discordapp.com/avatars/686996505550258225/9fdc874a2ccce42bee7c48ef3ab9c80a.png"},"point":1},{"user":{"uid":137,"userid":125,"name":"ℳ𝒶𝓍","avatar":"https://cdn.discordapp.com/avatars/1058224503685140540/a_247f78c2288264c1e3f5ddb462017cfc.gif"},"point":0}],"fma":[{"user":{"uid":152,"userid":135,"name":"manu7432","avatar":"https://cdn.discordapp.com/avatars/1024735246249373777/cef1115e757e0b8944a70bcd74e63455.png"},"point":5969},{"user":{"uid":50,"userid":41,"name":"Schnitzel.","avatar":"https://cdn.discordapp.com/avatars/690570896557211658/baa999791bdec64edf3c45f5ce158618.png"},"point":4642},{"user":{"uid":203,"userid":173,"name":"tobiii.","avatar":"https://cdn.discordapp.com/avatars/231897760406831105/5c1d3b42de02d1acdfa3146a26e770f2.png"},"point":4582},{"user":{"uid":274,"userid":228,"name":"{FLG}AgentKire1987","avatar":"https://cdn.discordapp.com/avatars/425001789624942593/3820bba9111760526008ac24fcd99251.png"},"point":3611},{"user":{"uid":43,"userid":31,"name":"[GER]Christian","avatar":"https://static.truckersmp.com/avatarsN/196694.1705792859.png"},"point":1957},{"user":{"uid":275,"userid":229,"name":"ByEnderman_HD","avatar":"https://cdn.discordapp.com/avatars/664529284043636767/6b9fb4edd1d2c073428b956ede3c7228.png"},"point":1917},{"user":{"uid":18,"userid":16,"name":"teufelsfrucht","avatar":"https://cdn.discordapp.com/avatars/910595374702551050/061f37845160435b7e85a1e913491524.png"},"point":1891},{"user":{"uid":282,"userid":235,"name":"cyberstorm","avatar":""},"point":1637},{"user":{"uid":269,"userid":225,"name":"Kevo","avatar":"https://cdn.discordapp.com/avatars/1043231955954704457/None.png"},"point":1595},{"user":{"uid":281,"userid":233,"name":"gamert1239852","avatar":""},"point":1387},{"user":{"uid":214,"userid":179,"name":"Scottypols34","avatar":"https://cdn.discordapp.com/avatars/496307919449751582/76c3a93cea01c41856b26954db5f44e4.png"},"point":1382},{"user":{"uid":157,"userid":141,"name":"DerBackfisch","avatar":"https://cdn.discordapp.com/avatars/838683261244407809/237604f013fdfa84b60f5246e2249e04.png"},"point":1348},{"user":{"uid":244,"userid":200,"name":"Mike_Sniedi","avatar":""},"point":1235},{"user":{"uid":175,"userid":155,"name":"Desomazu","avatar":"https://cdn.discordapp.com/avatars/920735509251248139/72b5adb5b663ffeedbb767832a878772.png"},"point":1223},{"user":{"uid":190,"userid":165,"name":"Trike","avatar":"https://cdn.discordapp.com/avatars/445943553177288704/9c2d13d61cb7fdd2f732e28f979cfd3d.png"},"point":1167},{"user":{"uid":68,"userid":57,"name":"Anthonyaski","avatar":"https://cdn.discordapp.com/avatars/334780188703588362/4af94601e420a28c570fce2b038e0b23.png"},"point":1074},{"user":{"uid":192,"userid":218,"name":"Pepe7530","avatar":"https://cdn.discordapp.com/avatars/264676607032033280/162a9ff3830854a226bbd190e2ad07ff.png"},"point":994},{"user":{"uid":265,"userid":220,"name":"Rex9845","avatar":"https://cdn.discordapp.com/avatars/1052645528032264233/42d06d5fedd4a543cf490ec80c26af36.png"},"point":691},{"user":{"uid":13,"userid":11,"name":"Dignity.","avatar":"https://static.truckersmp.com/avatarsN/4603971.1691867837.png"},"point":634},{"user":{"uid":58,"userid":45,"name":"Knirpsi","avatar":"https://cdn.discordapp.com/avatars/680795972275666957/83cbd46025e4c642396e78b1fb4a60d0.png"},"point":601},{"user":{"uid":280,"userid":232,"name":"LuisDev","avatar":"https://static.truckersmp.com/avatarsN/defaultavatar.png"},"point":534},{"user":{"uid":12,"userid":10,"name":"Tchabalala/Axel","avatar":"https://cdn.discordapp.com/avatars/336794680454938624/c949fc0ae2a0b67356a833b7f2dfb640.png"},"point":522},{"user":{"uid":168,"userid":148,"name":"lachs","avatar":"https://cdn.discordapp.com/avatars/567677822085234688/d8f503f9cdfe5741ac4c46b50ebaf69a.png"},"point":512},{"user":{"uid":80,"userid":73,"name":"YasinAbi","avatar":"https://cdn.discordapp.com/avatars/847538667613454346/c0a331cbb54089df7ac19c80d2cbcb16.png"},"point":405},{"user":{"uid":276,"userid":230,"name":"BVG Joker","avatar":"https://cdn.discordapp.com/avatars/632654863821439016/4aa4e3726e3edc2c26b9288cd0b0e1c5.png"},"point":256},{"user":{"uid":31,"userid":36,"name":"Tedpli","avatar":"https://cdn.discordapp.com/avatars/501065020088647690/37ac2db1efd93758a8680c6c9ce7abc8.png"},"point":218},{"user":{"uid":252,"userid":205,"name":"Wutan Fall","avatar":"https://cdn.discordapp.com/avatars/204296481715388426/eb0c97b37333a5aef73f6cd7875bc750.png"},"point":144},{"user":{"uid":139,"userid":127,"name":"SturmNudelLP (PC)","avatar":"https://cdn.discordapp.com/avatars/686996505550258225/9fdc874a2ccce42bee7c48ef3ab9c80a.png"},"point":1},{"user":{"uid":137,"userid":125,"name":"ℳ𝒶𝓍","avatar":"https://cdn.discordapp.com/avatars/1058224503685140540/a_247f78c2288264c1e3f5ddb462017cfc.gif"},"point":0}]}