{"fmd":[{"user":{"uid":608,"userid":489,"name":"Dylan aka Scott","avatar":"https://cdn.discordapp.com/avatars/287978186732732416/269da0519b0fb3b455df1752ceec3171.png"},"point":7202},{"user":{"uid":610,"userid":491,"name":"zaytoven","avatar":"https://cdn.discordapp.com/avatars/386555958685335563/fbeb103a96e2b3811c54d70f59a6ea9d.png"},"point":3663},{"user":{"uid":578,"userid":465,"name":"indowes","avatar":"https://cdn.discordapp.com/avatars/556782581626961920/9bbf05b3bf683191f921cd6100734c0e.png"},"point":2913},{"user":{"uid":427,"userid":353,"name":"Versthappening","avatar":"https://cdn.discordapp.com/avatars/851032564801077258/b6762130b06d88078b10d519887e731b.png"},"point":2736},{"user":{"uid":596,"userid":480,"name":"proximirones","avatar":"https://cdn.discordapp.com/avatars/830886800398221393/0a65872022ee1b3452cc03b312d8a67c.png"},"point":2724},{"user":{"uid":595,"userid":479,"name":"Championrub","avatar":"https://cdn.discordapp.com/avatars/811982277474123786/57632d6c13f4de8235b03acd0aba016e.png"},"point":2644},{"user":{"uid":609,"userid":490,"name":"ralkinvx","avatar":"https://cdn.discordapp.com/avatars/626276063609225221/cdf27d657698337dc22e9a4ba4736900.png"},"point":1999},{"user":{"uid":603,"userid":484,"name":"VJvijey","avatar":"https://cdn.discordapp.com/avatars/501001074782502912/25abb23bf0c24c97bf14a72fc880b1da.png"},"point":1577},{"user":{"uid":260,"userid":221,"name":"NotPika","avatar":"https://cdn.discordapp.com/avatars/1067827165556650024/47c9f5f730ebb99916f6373cf7ec75ef.png"},"point":1539},{"user":{"uid":576,"userid":463,"name":"p4v3l","avatar":"https://cdn.discordapp.com/avatars/718093939768557582/cff5e98b999b78aa9e90528895e622dc.png"},"point":1475},{"user":{"uid":203,"userid":194,"name":"Sajen","avatar":"https://cdn.discordapp.com/avatars/461624630143352832/a_c84fcd98ea86e5f707a383530a5bb0ef.gif"},"point":1144},{"user":{"uid":391,"userid":329,"name":"Джеспер","avatar":"https://cdn.discordapp.com/avatars/632239961994821680/d4a0d65db94bed39bb7ee26b80fc9ddd.png"},"point":768},{"user":{"uid":4,"userid":7,"name":"Sang0kas","avatar":"https://cdn.discordapp.com/avatars/327061419818352641/f17a95aa48e93697f0853d91d0dd2a5f.png"},"point":766},{"user":{"uid":593,"userid":478,"name":"AZV9","avatar":"https://cdn.discordapp.com/avatars/379023177214590986/5dd1975bdc9d6b3ab0b192d2903aefc4.png"},"point":640},{"user":{"uid":516,"userid":417,"name":"Ravsh1k","avatar":"https://cdn.discordapp.com/avatars/901846074740858890/775a54f0f101fa2eb9b9fb54ad87ce55.png"},"point":601},{"user":{"uid":579,"userid":466,"name":"pieter.64","avatar":"https://cdn.discordapp.com/avatars/324877891852828683/00632119b31752fcb8171bbb4279d1f8.png"},"point":598},{"user":{"uid":561,"userid":453,"name":"phevos","avatar":"https://cdn.discordapp.com/avatars/622325492716011561/7de674db261521ac520b656f5089d908.png"},"point":584},{"user":{"uid":68,"userid":176,"name":"Ammaar","avatar":"https://cdn.discordapp.com/avatars/611183396210737167/6caf0b639709ab7bbca72b1f5d14b11a.png"},"point":574},{"user":{"uid":396,"userid":331,"name":"Lucas","avatar":"https://cdn.discordapp.com/avatars/1004644388888117258/40f0905fcd22843d4e831fa18fc7576d.png"},"point":510},{"user":{"uid":456,"userid":374,"name":"Jaroslavan1","avatar":"https://static.truckersmp.com/avatarsN/defaultavatar.png"},"point":347},{"user":{"uid":599,"userid":482,"name":"dood51","avatar":"https://cdn.discordapp.com/avatars/1215977765778489364/e2e4afccd7e82bb48dc1b4e183cb9feb.png"},"point":211}],"fma":[{"user":{"uid":608,"userid":489,"name":"Dylan aka Scott","avatar":"https://cdn.discordapp.com/avatars/287978186732732416/269da0519b0fb3b455df1752ceec3171.png"},"point":7202},{"user":{"uid":610,"userid":491,"name":"zaytoven","avatar":"https://cdn.discordapp.com/avatars/386555958685335563/fbeb103a96e2b3811c54d70f59a6ea9d.png"},"point":3663},{"user":{"uid":578,"userid":465,"name":"indowes","avatar":"https://cdn.discordapp.com/avatars/556782581626961920/9bbf05b3bf683191f921cd6100734c0e.png"},"point":2913},{"user":{"uid":427,"userid":353,"name":"Versthappening","avatar":"https://cdn.discordapp.com/avatars/851032564801077258/b6762130b06d88078b10d519887e731b.png"},"point":2736},{"user":{"uid":596,"userid":480,"name":"proximirones","avatar":"https://cdn.discordapp.com/avatars/830886800398221393/0a65872022ee1b3452cc03b312d8a67c.png"},"point":2724},{"user":{"uid":595,"userid":479,"name":"Championrub","avatar":"https://cdn.discordapp.com/avatars/811982277474123786/57632d6c13f4de8235b03acd0aba016e.png"},"point":2644},{"user":{"uid":609,"userid":490,"name":"ralkinvx","avatar":"https://cdn.discordapp.com/avatars/626276063609225221/cdf27d657698337dc22e9a4ba4736900.png"},"point":1999},{"user":{"uid":260,"userid":221,"name":"NotPika","avatar":"https://cdn.discordapp.com/avatars/1067827165556650024/47c9f5f730ebb99916f6373cf7ec75ef.png"},"point":1614},{"user":{"uid":603,"userid":484,"name":"VJvijey","avatar":"https://cdn.discordapp.com/avatars/501001074782502912/25abb23bf0c24c97bf14a72fc880b1da.png"},"point":1577},{"user":{"uid":576,"userid":463,"name":"p4v3l","avatar":"https://cdn.discordapp.com/avatars/718093939768557582/cff5e98b999b78aa9e90528895e622dc.png"},"point":1475},{"user":{"uid":203,"userid":194,"name":"Sajen","avatar":"https://cdn.discordapp.com/avatars/461624630143352832/a_c84fcd98ea86e5f707a383530a5bb0ef.gif"},"point":1144},{"user":{"uid":391,"userid":329,"name":"Джеспер","avatar":"https://cdn.discordapp.com/avatars/632239961994821680/d4a0d65db94bed39bb7ee26b80fc9ddd.png"},"point":768},{"user":{"uid":4,"userid":7,"name":"Sang0kas","avatar":"https://cdn.discordapp.com/avatars/327061419818352641/f17a95aa48e93697f0853d91d0dd2a5f.png"},"point":766},{"user":{"uid":593,"userid":478,"name":"AZV9","avatar":"https://cdn.discordapp.com/avatars/379023177214590986/5dd1975bdc9d6b3ab0b192d2903aefc4.png"},"point":640},{"user":{"uid":516,"userid":417,"name":"Ravsh1k","avatar":"https://cdn.discordapp.com/avatars/901846074740858890/775a54f0f101fa2eb9b9fb54ad87ce55.png"},"point":601},{"user":{"uid":579,"userid":466,"name":"pieter.64","avatar":"https://cdn.discordapp.com/avatars/324877891852828683/00632119b31752fcb8171bbb4279d1f8.png"},"point":598},{"user":{"uid":561,"userid":453,"name":"phevos","avatar":"https://cdn.discordapp.com/avatars/622325492716011561/7de674db261521ac520b656f5089d908.png"},"point":584},{"user":{"uid":68,"userid":176,"name":"Ammaar","avatar":"https://cdn.discordapp.com/avatars/611183396210737167/6caf0b639709ab7bbca72b1f5d14b11a.png"},"point":574},{"user":{"uid":396,"userid":331,"name":"Lucas","avatar":"https://cdn.discordapp.com/avatars/1004644388888117258/40f0905fcd22843d4e831fa18fc7576d.png"},"point":510},{"user":{"uid":456,"userid":374,"name":"Jaroslavan1","avatar":"https://static.truckersmp.com/avatarsN/defaultavatar.png"},"point":347},{"user":{"uid":599,"userid":482,"name":"dood51","avatar":"https://cdn.discordapp.com/avatars/1215977765778489364/e2e4afccd7e82bb48dc1b4e183cb9feb.png"},"point":211}]}