{"fmd":[{"user":{"uid":175,"userid":148,"name":"(DRT) Prestimoin","avatar":"https://cdn.discordapp.com/avatars/635946792143421472/3d42f6ebd096c1bb1a69d2314f316763.png"},"point":3217},{"user":{"uid":178,"userid":150,"name":"(DRT) ferroequinology","avatar":"https://cdn.discordapp.com/avatars/791319343233368074/36a840b8aafa5e7f6cae3e0569604aaf.png"},"point":2596},{"user":{"uid":180,"userid":152,"name":"(DRT) Fredm240i (TeslaTrucker08)","avatar":"https://cdn.discordapp.com/avatars/862380226965143572/310ea0bf4a810f46994ad13a581aa357.png"},"point":2195},{"user":{"uid":1,"userid":0,"name":"(Owner) Essex","avatar":"https://cdn.discordapp.com/avatars/986728515892285461/a_c4301bd78f1d1d60c25f66672af89a9a.gif"},"point":2164},{"user":{"uid":55,"userid":44,"name":"(DR)  Dougie","avatar":"https://cdn.discordapp.com/avatars/297388374409347072/4d61d8619083a93069be006fc82fdeb8.png"},"point":2123},{"user":{"uid":157,"userid":130,"name":"(DR) Sparky92","avatar":"https://cdn.discordapp.com/avatars/473576104112947200/6cbb0a2f6d2be214938b423e02ea7c71.png"},"point":2081},{"user":{"uid":28,"userid":23,"name":"(CEO) Pete (DND)","avatar":"https://cdn.discordapp.com/avatars/316660255872516106/8a2dca3b679afae90df18edc44b1584c.png"},"point":1600},{"user":{"uid":166,"userid":139,"name":"(DR) Cloven","avatar":"https://cdn.discordapp.com/avatars/897392805104734239/8fde5905c683ee11047bee0e47fa8db8.png"},"point":1513},{"user":{"uid":81,"userid":68,"name":"LOA (MD/ET) Madtycoon421","avatar":"https://cdn.discordapp.com/avatars/992047149292470282/d1609eecec6906e44e7f4d666d72248b.png"},"point":1024},{"user":{"uid":172,"userid":145,"name":"(DR) JortGlobe","avatar":"https://cdn.discordapp.com/avatars/821749276706734110/7962c232c2fcc443a70792b6c9d5979b.png"},"point":536},{"user":{"uid":152,"userid":125,"name":"(DR) driftakisa vadi kesha","avatar":"https://cdn.discordapp.com/avatars/1127995075436220517/cebc2b721a8810bb26009529a3bec870.png"},"point":511},{"user":{"uid":137,"userid":111,"name":"[LOA] (DR) The Fallen","avatar":"https://cdn.discordapp.com/avatars/365176026872938506/e3a0fb6fc3e046f79a25a0bee6311616.png"},"point":185}],"fma":[{"user":{"uid":175,"userid":148,"name":"(DRT) Prestimoin","avatar":"https://cdn.discordapp.com/avatars/635946792143421472/3d42f6ebd096c1bb1a69d2314f316763.png"},"point":3467},{"user":{"uid":178,"userid":150,"name":"(DRT) ferroequinology","avatar":"https://cdn.discordapp.com/avatars/791319343233368074/36a840b8aafa5e7f6cae3e0569604aaf.png"},"point":2596},{"user":{"uid":1,"userid":0,"name":"(Owner) Essex","avatar":"https://cdn.discordapp.com/avatars/986728515892285461/a_c4301bd78f1d1d60c25f66672af89a9a.gif"},"point":2364},{"user":{"uid":180,"userid":152,"name":"(DRT) Fredm240i (TeslaTrucker08)","avatar":"https://cdn.discordapp.com/avatars/862380226965143572/310ea0bf4a810f46994ad13a581aa357.png"},"point":2195},{"user":{"uid":55,"userid":44,"name":"(DR)  Dougie","avatar":"https://cdn.discordapp.com/avatars/297388374409347072/4d61d8619083a93069be006fc82fdeb8.png"},"point":2123},{"user":{"uid":157,"userid":130,"name":"(DR) Sparky92","avatar":"https://cdn.discordapp.com/avatars/473576104112947200/6cbb0a2f6d2be214938b423e02ea7c71.png"},"point":2081},{"user":{"uid":28,"userid":23,"name":"(CEO) Pete (DND)","avatar":"https://cdn.discordapp.com/avatars/316660255872516106/8a2dca3b679afae90df18edc44b1584c.png"},"point":1600},{"user":{"uid":166,"userid":139,"name":"(DR) Cloven","avatar":"https://cdn.discordapp.com/avatars/897392805104734239/8fde5905c683ee11047bee0e47fa8db8.png"},"point":1513},{"user":{"uid":81,"userid":68,"name":"LOA (MD/ET) Madtycoon421","avatar":"https://cdn.discordapp.com/avatars/992047149292470282/d1609eecec6906e44e7f4d666d72248b.png"},"point":1024},{"user":{"uid":172,"userid":145,"name":"(DR) JortGlobe","avatar":"https://cdn.discordapp.com/avatars/821749276706734110/7962c232c2fcc443a70792b6c9d5979b.png"},"point":536},{"user":{"uid":152,"userid":125,"name":"(DR) driftakisa vadi kesha","avatar":"https://cdn.discordapp.com/avatars/1127995075436220517/cebc2b721a8810bb26009529a3bec870.png"},"point":511},{"user":{"uid":137,"userid":111,"name":"[LOA] (DR) The Fallen","avatar":"https://cdn.discordapp.com/avatars/365176026872938506/e3a0fb6fc3e046f79a25a0bee6311616.png"},"point":185},{"user":{"uid":6,"userid":3,"name":"(Co Owner) Angry Raptor","avatar":"https://cdn.discordapp.com/avatars/474484979548815360/6347a182410a674dfb6f831275c1b803.png"},"point":103}]}