{"fmd":[{"user":{"uid":348,"userid":250,"name":"Junior","avatar":"https://cdn.discordapp.com/avatars/1064578657370251375/0cd62b1953cddfbfddd7f84203723e04.png"},"point":1241},{"user":{"uid":1,"userid":0,"name":"Brad","avatar":"https://cdn.discordapp.com/avatars/507570358782525451/0f8d2ac0cb4d5df4b45d8529b6efe809.png"},"point":944},{"user":{"uid":347,"userid":249,"name":"itzsherytuk ꭗ♥𝘰🍉","avatar":"https://cdn.discordapp.com/avatars/639525301164179475/6a36b9f1ffefd5da8208561c4b26d82d.png"},"point":436}],"fma":[{"user":{"uid":348,"userid":250,"name":"Junior","avatar":"https://cdn.discordapp.com/avatars/1064578657370251375/0cd62b1953cddfbfddd7f84203723e04.png"},"point":1241},{"user":{"uid":1,"userid":0,"name":"Brad","avatar":"https://cdn.discordapp.com/avatars/507570358782525451/0f8d2ac0cb4d5df4b45d8529b6efe809.png"},"point":944},{"user":{"uid":347,"userid":249,"name":"itzsherytuk ꭗ♥𝘰🍉","avatar":"https://cdn.discordapp.com/avatars/639525301164179475/6a36b9f1ffefd5da8208561c4b26d82d.png"},"point":436}]}