{"fmd":[{"user":{"uid":8,"userid":6,"name":"ll iScuf ll","avatar":"https://cdn.discordapp.com/avatars/321795006178525186/a_b79d3e9a2be03b5fc4d9c795da893874.gif"},"point":29080},{"user":{"uid":1,"userid":1,"name":"!itsPeanutttt","avatar":"https://cdn.discordapp.com/avatars/208757218013609985/a_b8fae2196be237eb9612f9daed82c1e3.gif"},"point":11232},{"user":{"uid":112,"userid":86,"name":"PistonFace08","avatar":"https://cdn.discordapp.com/avatars/562334030612135968/a2f83155381251c95dc78b28c3ae46c6.png"},"point":6298},{"user":{"uid":241,"userid":184,"name":"F_I_S_T","avatar":"https://cdn.discordapp.com/avatars/540017955413557258/525e165ce9fb3db253ba3e03ac9b58e3.png"},"point":3088},{"user":{"uid":108,"userid":83,"name":"mth.","avatar":"https://cdn.discordapp.com/avatars/1048895539606978651/a_ed23bd3b02d03ccafa443faf15ff38ca.gif"},"point":2768},{"user":{"uid":106,"userid":81,"name":"Eman1234","avatar":"https://cdn.discordapp.com/avatars/1080554850699444255/d096291062d241160beffdcd8f0e5f36.png"},"point":2423},{"user":{"uid":230,"userid":174,"name":"pauches","avatar":""},"point":2249},{"user":{"uid":23,"userid":14,"name":"ajjjjj","avatar":"https://cdn.discordapp.com/avatars/823704900780687381/ad59e1d2eb1afd9016e3578e1dacf6bb.png"},"point":1756},{"user":{"uid":214,"userid":164,"name":"hamez","avatar":""},"point":1442},{"user":{"uid":28,"userid":17,"name":"Mistyっ ゛","avatar":"https://cdn.discordapp.com/avatars/451086562617327616/3a7355e38c7bc476a871faee38e8f1c0.png"},"point":1326},{"user":{"uid":222,"userid":171,"name":"DRAKNESS","avatar":"https://cdn.discordapp.com/avatars/191435261777936384/cde25647f4a18c5f7427ee26497adb09.png"},"point":1015},{"user":{"uid":140,"userid":107,"name":"Ata35","avatar":"https://cdn.discordapp.com/avatars/320518548046741505/67114a1cf7e0397b1e94fc8af83fd158.png"},"point":839},{"user":{"uid":253,"userid":193,"name":"LucienOlijf","avatar":"https://cdn.discordapp.com/avatars/169873049674448897/f66747383622ed7a57f769e76e5c4f9e.png"},"point":642},{"user":{"uid":15,"userid":10,"name":"MarlonSkills","avatar":"https://cdn.discordapp.com/avatars/315956778884005890/9a3d00de17d4e51023e4dc7542353ce7.png"},"point":537},{"user":{"uid":213,"userid":163,"name":"Sponge Bob","avatar":"https://cdn.discordapp.com/avatars/1019561099177234442/4e1af3ca1711ef51cd37aaf06e929133.png"},"point":520},{"user":{"uid":197,"userid":152,"name":"EmotionlessMagic","avatar":"https://cdn.discordapp.com/avatars/310160170804051979/50bca36df64281da3baa1644d10b0e03.png"},"point":441},{"user":{"uid":146,"userid":112,"name":"JENNAS JUGS","avatar":"https://cdn.discordapp.com/avatars/697145117458301013/8fc3d9c9fcb32f3b81c47ef234d1a62f.png"},"point":111},{"user":{"uid":109,"userid":84,"name":"bigboytrains","avatar":"https://static.truckersmp.com/avatarsN/defaultavatar.png"},"point":0},{"user":{"uid":177,"userid":137,"name":"Empxre","avatar":"https://static.truckersmp.com/avatarsN/3970233.1704159881.png"},"point":0},{"user":{"uid":269,"userid":204,"name":"Phoenix","avatar":"https://cdn.discordapp.com/avatars/763003227749875713/7ff7c721d3258dd78a9e4986dce764f8.png"},"point":0}],"fma":[{"user":{"uid":1,"userid":1,"name":"!itsPeanutttt","avatar":"https://cdn.discordapp.com/avatars/208757218013609985/a_b8fae2196be237eb9612f9daed82c1e3.gif"},"point":32951},{"user":{"uid":8,"userid":6,"name":"ll iScuf ll","avatar":"https://cdn.discordapp.com/avatars/321795006178525186/a_b79d3e9a2be03b5fc4d9c795da893874.gif"},"point":29779},{"user":{"uid":108,"userid":83,"name":"mth.","avatar":"https://cdn.discordapp.com/avatars/1048895539606978651/a_ed23bd3b02d03ccafa443faf15ff38ca.gif"},"point":28068},{"user":{"uid":109,"userid":84,"name":"bigboytrains","avatar":"https://static.truckersmp.com/avatarsN/defaultavatar.png"},"point":20000},{"user":{"uid":112,"userid":86,"name":"PistonFace08","avatar":"https://cdn.discordapp.com/avatars/562334030612135968/a2f83155381251c95dc78b28c3ae46c6.png"},"point":8123},{"user":{"uid":241,"userid":184,"name":"F_I_S_T","avatar":"https://cdn.discordapp.com/avatars/540017955413557258/525e165ce9fb3db253ba3e03ac9b58e3.png"},"point":3088},{"user":{"uid":32,"userid":21,"name":"NateNZ","avatar":"https://cdn.discordapp.com/avatars/263779798327885834/54adfd241b87dc24073b7cc175209ad7.png"},"point":2450},{"user":{"uid":106,"userid":81,"name":"Eman1234","avatar":"https://cdn.discordapp.com/avatars/1080554850699444255/d096291062d241160beffdcd8f0e5f36.png"},"point":2423},{"user":{"uid":230,"userid":174,"name":"pauches","avatar":""},"point":2249},{"user":{"uid":140,"userid":107,"name":"Ata35","avatar":"https://cdn.discordapp.com/avatars/320518548046741505/67114a1cf7e0397b1e94fc8af83fd158.png"},"point":2144},{"user":{"uid":23,"userid":14,"name":"ajjjjj","avatar":"https://cdn.discordapp.com/avatars/823704900780687381/ad59e1d2eb1afd9016e3578e1dacf6bb.png"},"point":2136},{"user":{"uid":28,"userid":17,"name":"Mistyっ ゛","avatar":"https://cdn.discordapp.com/avatars/451086562617327616/3a7355e38c7bc476a871faee38e8f1c0.png"},"point":1699},{"user":{"uid":214,"userid":164,"name":"hamez","avatar":""},"point":1442},{"user":{"uid":222,"userid":171,"name":"DRAKNESS","avatar":"https://cdn.discordapp.com/avatars/191435261777936384/cde25647f4a18c5f7427ee26497adb09.png"},"point":1325},{"user":{"uid":197,"userid":152,"name":"EmotionlessMagic","avatar":"https://cdn.discordapp.com/avatars/310160170804051979/50bca36df64281da3baa1644d10b0e03.png"},"point":1045},{"user":{"uid":253,"userid":193,"name":"LucienOlijf","avatar":"https://cdn.discordapp.com/avatars/169873049674448897/f66747383622ed7a57f769e76e5c4f9e.png"},"point":642},{"user":{"uid":134,"userid":104,"name":"Freshmuscl3","avatar":"https://static.truckersmp.com/avatarsN/5222182.1706276666.png"},"point":550},{"user":{"uid":15,"userid":10,"name":"MarlonSkills","avatar":"https://cdn.discordapp.com/avatars/315956778884005890/9a3d00de17d4e51023e4dc7542353ce7.png"},"point":537},{"user":{"uid":213,"userid":163,"name":"Sponge Bob","avatar":"https://cdn.discordapp.com/avatars/1019561099177234442/4e1af3ca1711ef51cd37aaf06e929133.png"},"point":520},{"user":{"uid":100,"userid":75,"name":"I am KingHeet","avatar":"https://static.truckersmp.com/avatarsN/3141865.1659238151.jpeg"},"point":450},{"user":{"uid":146,"userid":112,"name":"JENNAS JUGS","avatar":"https://cdn.discordapp.com/avatars/697145117458301013/8fc3d9c9fcb32f3b81c47ef234d1a62f.png"},"point":111},{"user":{"uid":271,"userid":205,"name":"NastyCrash","avatar":"https://cdn.discordapp.com/avatars/1215071595232501851/d43c896a417d199036e552c12852794e.png"},"point":100},{"user":{"uid":177,"userid":137,"name":"Empxre","avatar":"https://static.truckersmp.com/avatarsN/3970233.1704159881.png"},"point":0},{"user":{"uid":269,"userid":204,"name":"Phoenix","avatar":"https://cdn.discordapp.com/avatars/763003227749875713/7ff7c721d3258dd78a9e4986dce764f8.png"},"point":0}]}