{"fmd":[{"user":{"uid":136,"userid":121,"name":"Fuzzi_One","avatar":"https://avatars.steamstatic.com/80dc5c843904a69c82033fa7600d24e61dc9b370_full.jpg"},"point":7993},{"user":{"uid":104,"userid":92,"name":"Mario","avatar":""},"point":3906},{"user":{"uid":73,"userid":65,"name":"AlterSack","avatar":"https://avatars.steamstatic.com/dbb56f070d18b66129214d1ba8763e3b8d7f0aa8_full.jpg"},"point":3201},{"user":{"uid":6,"userid":6,"name":"Rom77","avatar":"https://avatars.steamstatic.com/c949ed9e884ddd730097bfe8848bdc3fb152f582_full.jpg"},"point":2898},{"user":{"uid":176,"userid":157,"name":"SKELETOR96","avatar":"https://avatars.steamstatic.com/e2de94aa5b303690fc34a2784287b2ea576b1250_full.jpg"},"point":2826},{"user":{"uid":177,"userid":158,"name":"Kloppster","avatar":"https://avatars.steamstatic.com/32e721501b65adb28b8fe6c8cfd103215969ae49_full.jpg"},"point":2423},{"user":{"uid":27,"userid":40,"name":"Odin","avatar":"https://avatars.steamstatic.com/d85514129aa7b2bd055e58358fea8f36254dbc3b_full.jpg"},"point":2386},{"user":{"uid":180,"userid":159,"name":"HEFTI / Heiko","avatar":"https://avatars.steamstatic.com/377878dfc35ee55e1eac69a197f1347d78f35066_full.jpg"},"point":2303},{"user":{"uid":171,"userid":154,"name":"dom_binda","avatar":"https://avatars.steamstatic.com/850c742b99f1bd3b7e51baab91a51db1ac4e08c8_full.jpg"},"point":2205},{"user":{"uid":38,"userid":27,"name":"elmundo1992","avatar":"https://avatars.steamstatic.com/54be38c13d0e7792de2af9a76c4e376766cf697a_full.jpg"},"point":2040},{"user":{"uid":31,"userid":22,"name":"[RSL] Fun_irrenanstalt","avatar":""},"point":1957},{"user":{"uid":10,"userid":10,"name":"[RSL] -Anorak-","avatar":"https://cdn.discordapp.com/avatars/1211937272702697512/a_50597e0a2e786f55d56100f1a35257a7.gif"},"point":1884},{"user":{"uid":62,"userid":55,"name":"Uhtred Ragnarson","avatar":"https://avatars.steamstatic.com/5ac96193edf39f0e7071bf69bf710db4a2352465_full.jpg"},"point":1757},{"user":{"uid":129,"userid":114,"name":"Aykut","avatar":"https://avatars.steamstatic.com/e1dc7079faabd6aa122062cc19d9d7ada9ea3b81_full.jpg"},"point":1573},{"user":{"uid":153,"userid":138,"name":"anvo97","avatar":"https://avatars.steamstatic.com/cb20d4b269536a4a6a6b5ee95d21a8bdc6587639_full.jpg"},"point":1435},{"user":{"uid":91,"userid":82,"name":"Ninja_Kiwi","avatar":"https://avatars.steamstatic.com/1aaec1ed3f3cd8465fa42665b01eb70d7f701604_full.jpg"},"point":1182},{"user":{"uid":145,"userid":130,"name":"Mr.Korall","avatar":"https://avatars.steamstatic.com/71c5c5744ad9cda9e24a3cbb14bba2e238bf66af_full.jpg"},"point":1048},{"user":{"uid":17,"userid":38,"name":"Julian","avatar":"https://avatars.steamstatic.com/bba9b676052e67e10f0ce8cec815c138e5c030b8_full.jpg"},"point":988},{"user":{"uid":84,"userid":75,"name":"lolgamer5300","avatar":"https://avatars.steamstatic.com/76ad51d2c234085fc07dbe1396e3d39331376fd5_full.jpg"},"point":666},{"user":{"uid":72,"userid":64,"name":"BoucBrutal","avatar":"https://avatars.steamstatic.com/3b0d8bbe6bc98d9e4405baafe0d341663e8d5bf1_full.jpg"},"point":522},{"user":{"uid":112,"userid":97,"name":"Marko","avatar":"https://avatars.steamstatic.com/fef49e7fa7e1997310d705b2a6158ff8dc1cdfeb_full.jpg"},"point":501},{"user":{"uid":154,"userid":139,"name":"diedubblebres","avatar":"https://avatars.steamstatic.com/708b6fa271f19f23714dc247683d820bad1aa579_full.jpg"},"point":479},{"user":{"uid":117,"userid":102,"name":"LilMiiP :)","avatar":"https://avatars.steamstatic.com/5f49c38ec606469b6ecae76ea46b312b9fccb77c_full.jpg"},"point":377},{"user":{"uid":42,"userid":45,"name":"xSimogg","avatar":"https://avatars.steamstatic.com/f0e116a40ac026c80897f3568a6f6b0fd150a4cc_full.jpg"},"point":239},{"user":{"uid":168,"userid":151,"name":"LordMiLu","avatar":"https://avatars.steamstatic.com/90281bcb08a9d28ef4c343c5f6b8b75f093e4a9b_full.jpg"},"point":42},{"user":{"uid":116,"userid":101,"name":"Qiopoto","avatar":"https://avatars.steamstatic.com/b81d548442ebcbaef1258431da08bd7d985fdc08_full.jpg"},"point":31},{"user":{"uid":121,"userid":107,"name":"Stoffel","avatar":"https://avatars.steamstatic.com/f5a053006888d02d791fed0f3b467b0f22a72b75_full.jpg"},"point":2}],"fma":[{"user":{"uid":136,"userid":121,"name":"Fuzzi_One","avatar":"https://avatars.steamstatic.com/80dc5c843904a69c82033fa7600d24e61dc9b370_full.jpg"},"point":7993},{"user":{"uid":104,"userid":92,"name":"Mario","avatar":""},"point":3906},{"user":{"uid":73,"userid":65,"name":"AlterSack","avatar":"https://avatars.steamstatic.com/dbb56f070d18b66129214d1ba8763e3b8d7f0aa8_full.jpg"},"point":3201},{"user":{"uid":6,"userid":6,"name":"Rom77","avatar":"https://avatars.steamstatic.com/c949ed9e884ddd730097bfe8848bdc3fb152f582_full.jpg"},"point":2898},{"user":{"uid":176,"userid":157,"name":"SKELETOR96","avatar":"https://avatars.steamstatic.com/e2de94aa5b303690fc34a2784287b2ea576b1250_full.jpg"},"point":2826},{"user":{"uid":177,"userid":158,"name":"Kloppster","avatar":"https://avatars.steamstatic.com/32e721501b65adb28b8fe6c8cfd103215969ae49_full.jpg"},"point":2423},{"user":{"uid":27,"userid":40,"name":"Odin","avatar":"https://avatars.steamstatic.com/d85514129aa7b2bd055e58358fea8f36254dbc3b_full.jpg"},"point":2386},{"user":{"uid":180,"userid":159,"name":"HEFTI / Heiko","avatar":"https://avatars.steamstatic.com/377878dfc35ee55e1eac69a197f1347d78f35066_full.jpg"},"point":2303},{"user":{"uid":171,"userid":154,"name":"dom_binda","avatar":"https://avatars.steamstatic.com/850c742b99f1bd3b7e51baab91a51db1ac4e08c8_full.jpg"},"point":2205},{"user":{"uid":38,"userid":27,"name":"elmundo1992","avatar":"https://avatars.steamstatic.com/54be38c13d0e7792de2af9a76c4e376766cf697a_full.jpg"},"point":2040},{"user":{"uid":31,"userid":22,"name":"[RSL] Fun_irrenanstalt","avatar":""},"point":1957},{"user":{"uid":10,"userid":10,"name":"[RSL] -Anorak-","avatar":"https://cdn.discordapp.com/avatars/1211937272702697512/a_50597e0a2e786f55d56100f1a35257a7.gif"},"point":1884},{"user":{"uid":62,"userid":55,"name":"Uhtred Ragnarson","avatar":"https://avatars.steamstatic.com/5ac96193edf39f0e7071bf69bf710db4a2352465_full.jpg"},"point":1757},{"user":{"uid":129,"userid":114,"name":"Aykut","avatar":"https://avatars.steamstatic.com/e1dc7079faabd6aa122062cc19d9d7ada9ea3b81_full.jpg"},"point":1573},{"user":{"uid":153,"userid":138,"name":"anvo97","avatar":"https://avatars.steamstatic.com/cb20d4b269536a4a6a6b5ee95d21a8bdc6587639_full.jpg"},"point":1435},{"user":{"uid":91,"userid":82,"name":"Ninja_Kiwi","avatar":"https://avatars.steamstatic.com/1aaec1ed3f3cd8465fa42665b01eb70d7f701604_full.jpg"},"point":1182},{"user":{"uid":145,"userid":130,"name":"Mr.Korall","avatar":"https://avatars.steamstatic.com/71c5c5744ad9cda9e24a3cbb14bba2e238bf66af_full.jpg"},"point":1048},{"user":{"uid":17,"userid":38,"name":"Julian","avatar":"https://avatars.steamstatic.com/bba9b676052e67e10f0ce8cec815c138e5c030b8_full.jpg"},"point":988},{"user":{"uid":84,"userid":75,"name":"lolgamer5300","avatar":"https://avatars.steamstatic.com/76ad51d2c234085fc07dbe1396e3d39331376fd5_full.jpg"},"point":666},{"user":{"uid":72,"userid":64,"name":"BoucBrutal","avatar":"https://avatars.steamstatic.com/3b0d8bbe6bc98d9e4405baafe0d341663e8d5bf1_full.jpg"},"point":522},{"user":{"uid":112,"userid":97,"name":"Marko","avatar":"https://avatars.steamstatic.com/fef49e7fa7e1997310d705b2a6158ff8dc1cdfeb_full.jpg"},"point":501},{"user":{"uid":154,"userid":139,"name":"diedubblebres","avatar":"https://avatars.steamstatic.com/708b6fa271f19f23714dc247683d820bad1aa579_full.jpg"},"point":479},{"user":{"uid":117,"userid":102,"name":"LilMiiP :)","avatar":"https://avatars.steamstatic.com/5f49c38ec606469b6ecae76ea46b312b9fccb77c_full.jpg"},"point":377},{"user":{"uid":42,"userid":45,"name":"xSimogg","avatar":"https://avatars.steamstatic.com/f0e116a40ac026c80897f3568a6f6b0fd150a4cc_full.jpg"},"point":239},{"user":{"uid":99,"userid":110,"name":"[RSL]Albanr.9","avatar":"https://avatars.steamstatic.com/b3773af8338e7a36b55ec298e6dee7f4e0cd9aa0_full.jpg"},"point":200},{"user":{"uid":168,"userid":151,"name":"LordMiLu","avatar":"https://avatars.steamstatic.com/90281bcb08a9d28ef4c343c5f6b8b75f093e4a9b_full.jpg"},"point":42},{"user":{"uid":116,"userid":101,"name":"Qiopoto","avatar":"https://avatars.steamstatic.com/b81d548442ebcbaef1258431da08bd7d985fdc08_full.jpg"},"point":31},{"user":{"uid":121,"userid":107,"name":"Stoffel","avatar":"https://avatars.steamstatic.com/f5a053006888d02d791fed0f3b467b0f22a72b75_full.jpg"},"point":2}]}