{"fmd":[{"user":{"uid":1,"userid":1,"name":"Marky","avatar":"https://cdn.discordapp.com/avatars/689263232204144772/247b7a4b1d49ff1dbb6a47a511bd2856.png"},"point":1768},{"user":{"uid":3,"userid":3,"name":"HunterM7","avatar":"https://static.truckersmp.com/avatarsN/1409042.1708826162.png"},"point":762},{"user":{"uid":20,"userid":18,"name":"ryan","avatar":"https://cdn.discordapp.com/avatars/1161733270988390550/5db8a3552a049657fd59eabce5b8af5c.png"},"point":643},{"user":{"uid":23,"userid":21,"name":"Dadolexs","avatar":""},"point":554},{"user":{"uid":18,"userid":17,"name":"Jamiered","avatar":"https://cdn.discordapp.com/avatars/1147262697226915871/1523f32d38e02b1f90ec920f719680da.png"},"point":11},{"user":{"uid":14,"userid":14,"name":"kylebeast_20","avatar":"https://cdn.discordapp.com/avatars/718190426821099560/b429b3271570a75f3d277f64b73af5e8.png"},"point":0}],"fma":[{"user":{"uid":1,"userid":1,"name":"Marky","avatar":"https://cdn.discordapp.com/avatars/689263232204144772/247b7a4b1d49ff1dbb6a47a511bd2856.png"},"point":1786},{"user":{"uid":20,"userid":18,"name":"ryan","avatar":"https://cdn.discordapp.com/avatars/1161733270988390550/5db8a3552a049657fd59eabce5b8af5c.png"},"point":843},{"user":{"uid":3,"userid":3,"name":"HunterM7","avatar":"https://static.truckersmp.com/avatarsN/1409042.1708826162.png"},"point":767},{"user":{"uid":23,"userid":21,"name":"Dadolexs","avatar":""},"point":754},{"user":{"uid":18,"userid":17,"name":"Jamiered","avatar":"https://cdn.discordapp.com/avatars/1147262697226915871/1523f32d38e02b1f90ec920f719680da.png"},"point":111},{"user":{"uid":14,"userid":14,"name":"kylebeast_20","avatar":"https://cdn.discordapp.com/avatars/718190426821099560/b429b3271570a75f3d277f64b73af5e8.png"},"point":100}]}