{"fmd":[{"user":{"uid":58,"userid":47,"name":"{Wild Hogz} tigerpaws228","avatar":"https://cdn.discordapp.com/avatars/1076334805026865224/9754cc3fa4400c7c63e36c2370494b5b.png"},"point":10635},{"user":{"uid":60,"userid":48,"name":"{Wild Hogz} K/D Ranger Gaming","avatar":"https://cdn.discordapp.com/avatars/703424674729689109/c17aaf6e5b1ebb8b1231e89004ee01a4.png"},"point":9232},{"user":{"uid":4,"userid":2,"name":"{Wild Hogz} A1 Canadian","avatar":"https://cdn.discordapp.com/avatars/212943181858209792/8ae2deba5c05a595e3f4f725cf0a110c.png"},"point":6490},{"user":{"uid":1,"userid":1,"name":"{Wild Hogz} Chappy1225","avatar":"https://cdn.discordapp.com/avatars/480244047311667201/b51db2fc9e7e314933519021bee4ae3e.png"},"point":5722},{"user":{"uid":57,"userid":46,"name":"Brick","avatar":"https://avatars.steamstatic.com/a941a682c23ed1e66560827e559727b93486c5e4_full.jpg"},"point":4721},{"user":{"uid":5,"userid":3,"name":"{Wild Hogz} Dennisthe8th","avatar":"https://cdn.discordapp.com/avatars/575015095894016014/69fc086441725970662f0b9ba9bf5e32.png"},"point":4585},{"user":{"uid":56,"userid":45,"name":"{Wild Hogz} jbica","avatar":"https://cdn.discordapp.com/avatars/394272398930739212/488d03490a2359e57a3622544f8bbba2.png"},"point":3615},{"user":{"uid":27,"userid":49,"name":"{Wild Hogz} BULLBAR","avatar":"https://cdn.discordapp.com/avatars/1168390732541870212/b129a6a8ab2cafe319142a6a84a152cb.png"},"point":2995},{"user":{"uid":6,"userid":4,"name":"{Wild Hogz} xBoss Hogx","avatar":"https://cdn.discordapp.com/avatars/395641245973741570/1d2f3aa509dfa1d50abcd99dc298bcf2.png"},"point":2424},{"user":{"uid":46,"userid":37,"name":"MysticalKief","avatar":"https://static.truckersmp.com/avatarsN/5392881.1708315948.jpeg"},"point":2256},{"user":{"uid":9,"userid":7,"name":"{Wild Hogz} TACOMAN","avatar":"https://cdn.discordapp.com/avatars/935175174700040252/03b7f8a6f6208443dd4eaabd052edd16.png"},"point":1791},{"user":{"uid":13,"userid":11,"name":"{Wild Hogz} AirForcePilotF22","avatar":"https://cdn.discordapp.com/avatars/606966605796343820/f3600332ec8fbf750a4e640f470c1ac9.png"},"point":1721},{"user":{"uid":8,"userid":6,"name":"{Wild Hogz} Murdernova256","avatar":"https://cdn.discordapp.com/avatars/549931745584349185/9647aabac5de7bc6ca63f26696871246.png"},"point":647}],"fma":[{"user":{"uid":58,"userid":47,"name":"{Wild Hogz} tigerpaws228","avatar":"https://cdn.discordapp.com/avatars/1076334805026865224/9754cc3fa4400c7c63e36c2370494b5b.png"},"point":11135},{"user":{"uid":60,"userid":48,"name":"{Wild Hogz} K/D Ranger Gaming","avatar":"https://cdn.discordapp.com/avatars/703424674729689109/c17aaf6e5b1ebb8b1231e89004ee01a4.png"},"point":9732},{"user":{"uid":4,"userid":2,"name":"{Wild Hogz} A1 Canadian","avatar":"https://cdn.discordapp.com/avatars/212943181858209792/8ae2deba5c05a595e3f4f725cf0a110c.png"},"point":6990},{"user":{"uid":1,"userid":1,"name":"{Wild Hogz} Chappy1225","avatar":"https://cdn.discordapp.com/avatars/480244047311667201/b51db2fc9e7e314933519021bee4ae3e.png"},"point":6222},{"user":{"uid":57,"userid":46,"name":"Brick","avatar":"https://avatars.steamstatic.com/a941a682c23ed1e66560827e559727b93486c5e4_full.jpg"},"point":4777},{"user":{"uid":5,"userid":3,"name":"{Wild Hogz} Dennisthe8th","avatar":"https://cdn.discordapp.com/avatars/575015095894016014/69fc086441725970662f0b9ba9bf5e32.png"},"point":4585},{"user":{"uid":56,"userid":45,"name":"{Wild Hogz} jbica","avatar":"https://cdn.discordapp.com/avatars/394272398930739212/488d03490a2359e57a3622544f8bbba2.png"},"point":3615},{"user":{"uid":27,"userid":49,"name":"{Wild Hogz} BULLBAR","avatar":"https://cdn.discordapp.com/avatars/1168390732541870212/b129a6a8ab2cafe319142a6a84a152cb.png"},"point":2995},{"user":{"uid":6,"userid":4,"name":"{Wild Hogz} xBoss Hogx","avatar":"https://cdn.discordapp.com/avatars/395641245973741570/1d2f3aa509dfa1d50abcd99dc298bcf2.png"},"point":2424},{"user":{"uid":46,"userid":37,"name":"MysticalKief","avatar":"https://static.truckersmp.com/avatarsN/5392881.1708315948.jpeg"},"point":2306},{"user":{"uid":9,"userid":7,"name":"{Wild Hogz} TACOMAN","avatar":"https://cdn.discordapp.com/avatars/935175174700040252/03b7f8a6f6208443dd4eaabd052edd16.png"},"point":1791},{"user":{"uid":13,"userid":11,"name":"{Wild Hogz} AirForcePilotF22","avatar":"https://cdn.discordapp.com/avatars/606966605796343820/f3600332ec8fbf750a4e640f470c1ac9.png"},"point":1721},{"user":{"uid":8,"userid":6,"name":"{Wild Hogz} Murdernova256","avatar":"https://cdn.discordapp.com/avatars/549931745584349185/9647aabac5de7bc6ca63f26696871246.png"},"point":647},{"user":{"uid":7,"userid":5,"name":"{Wild Hogz} Jacket","avatar":"https://cdn.discordapp.com/avatars/111638504500408320/880678f246665808c2165f5f693b72cd.png"},"point":56}]}