{"fmd":[{"user":{"uid":1365,"userid":837,"name":"Chrone.","avatar":"https://cdn.discordapp.com/avatars/916678368227917836/b4f4daf71ebd73372a00265ad0bf8042.png"},"point":3019},{"user":{"uid":827,"userid":533,"name":"Luca","avatar":"https://cdn.discordapp.com/avatars/765249420152537168/199fbd5942f996ba95651dbb1943f7de.png"},"point":2419},{"user":{"uid":1271,"userid":780,"name":"brazvo (Bruno)","avatar":"https://cdn.discordapp.com/avatars/823826275964682251/c28159cbabe58874bd1244a97d68d24b.png"},"point":1339},{"user":{"uid":87,"userid":203,"name":"pvfcmatt1","avatar":"https://cdn.discordapp.com/avatars/668822602806198278/eb4c4684efc13d2a58ddeae555edc5a7.png"},"point":1336},{"user":{"uid":1274,"userid":781,"name":"Damon L.","avatar":"https://cdn.discordapp.com/avatars/232115847756382208/05d4ae0cc6e2512f699421321283352c.png"},"point":1315},{"user":{"uid":1327,"userid":814,"name":"Sefo","avatar":"https://cdn.discordapp.com/avatars/421826472916025365/0c8a3216eb974494cd18a93af0ceb407.png"},"point":1286},{"user":{"uid":1355,"userid":829,"name":"TheStolenHydra","avatar":"https://cdn.discordapp.com/avatars/114642060383879170/66141443e620e4cd7b5a7e32f33d4f5f.png"},"point":964},{"user":{"uid":1378,"userid":843,"name":"dandelion","avatar":"https://cdn.discordapp.com/avatars/924070723952209941/6d40e5aa69459181ef2bc03107156cc0.png"},"point":730},{"user":{"uid":68,"userid":388,"name":"atg.🦆","avatar":"https://cdn.discordapp.com/avatars/748911314533089422/641eca1d7f73ff03c53fc23f092553e3.png"},"point":660},{"user":{"uid":1232,"userid":755,"name":"glitchy","avatar":"https://cdn.discordapp.com/avatars/692068158487396362/71e60bc757892e1a1ec6bb79b9053abf.png"},"point":618},{"user":{"uid":1015,"userid":626,"name":"HaulmilesLtd","avatar":"https://cdn.discordapp.com/avatars/1025467595983421540/f25df107191c753884caee95fe8ebacc.png"},"point":556},{"user":{"uid":870,"userid":553,"name":"evilzocken","avatar":"https://cdn.discordapp.com/avatars/665665436678881280/bbf25d8e76ff45868d6e0a2e9b4f189b.png"},"point":495},{"user":{"uid":561,"userid":386,"name":"richhscm","avatar":""},"point":385},{"user":{"uid":1097,"userid":670,"name":"Ramin Tanuwong [TH]","avatar":"https://static.truckersmp.com/avatarsN/3757199.1645214262.jpg"},"point":215},{"user":{"uid":169,"userid":327,"name":"Carlos King","avatar":"https://cdn.discordapp.com/avatars/506487248217309184/bd6c4d705e13abd33b3b26c5bdcd897d.png"},"point":186},{"user":{"uid":7,"userid":605,"name":"BoZo","avatar":"https://cdn.discordapp.com/avatars/1113580915684278282/6ef7669e784dabec7bdea51b55266319.png"},"point":180},{"user":{"uid":1300,"userid":797,"name":"Lucas","avatar":"https://cdn.discordapp.com/avatars/394462499342254091/1dcd14961b9d6bd7028b0ffafbfff29c.png"},"point":0},{"user":{"uid":1306,"userid":801,"name":"kevbud.","avatar":"https://cdn.discordapp.com/avatars/799449670572048424/9d4968f9cd751d7b8af661f091a36558.png"},"point":0},{"user":{"uid":1380,"userid":845,"name":"The Flat Cap Spotter","avatar":"https://static.truckersmp.com/avatarsN/defaultavatar.png"},"point":0}],"fma":[{"user":{"uid":87,"userid":203,"name":"pvfcmatt1","avatar":"https://cdn.discordapp.com/avatars/668822602806198278/eb4c4684efc13d2a58ddeae555edc5a7.png"},"point":3133},{"user":{"uid":1365,"userid":837,"name":"Chrone.","avatar":"https://cdn.discordapp.com/avatars/916678368227917836/b4f4daf71ebd73372a00265ad0bf8042.png"},"point":3113},{"user":{"uid":119,"userid":258,"name":"LordLegend","avatar":"https://cdn.discordapp.com/avatars/507573290995417108/294e2517c647c3c8703945fbc200afcd.png"},"point":2768},{"user":{"uid":827,"userid":533,"name":"Luca","avatar":"https://cdn.discordapp.com/avatars/765249420152537168/199fbd5942f996ba95651dbb1943f7de.png"},"point":2600},{"user":{"uid":1271,"userid":780,"name":"brazvo (Bruno)","avatar":"https://cdn.discordapp.com/avatars/823826275964682251/c28159cbabe58874bd1244a97d68d24b.png"},"point":2032},{"user":{"uid":924,"userid":576,"name":"🌈Hearty_Laces🌈They/Them","avatar":"https://cdn.discordapp.com/avatars/461978281906929675/9128b3d5991d797b2e4060e71c4c5f41.png"},"point":1822},{"user":{"uid":1274,"userid":781,"name":"Damon L.","avatar":"https://cdn.discordapp.com/avatars/232115847756382208/05d4ae0cc6e2512f699421321283352c.png"},"point":1414},{"user":{"uid":1327,"userid":814,"name":"Sefo","avatar":"https://cdn.discordapp.com/avatars/421826472916025365/0c8a3216eb974494cd18a93af0ceb407.png"},"point":1369},{"user":{"uid":1355,"userid":829,"name":"TheStolenHydra","avatar":"https://cdn.discordapp.com/avatars/114642060383879170/66141443e620e4cd7b5a7e32f33d4f5f.png"},"point":993},{"user":{"uid":1316,"userid":807,"name":"Gota","avatar":"https://cdn.discordapp.com/avatars/167291299693723648/beb31f691ab4478e3268181a76f3a451.png"},"point":879},{"user":{"uid":1378,"userid":843,"name":"dandelion","avatar":"https://cdn.discordapp.com/avatars/924070723952209941/6d40e5aa69459181ef2bc03107156cc0.png"},"point":748},{"user":{"uid":870,"userid":553,"name":"evilzocken","avatar":"https://cdn.discordapp.com/avatars/665665436678881280/bbf25d8e76ff45868d6e0a2e9b4f189b.png"},"point":708},{"user":{"uid":68,"userid":388,"name":"atg.🦆","avatar":"https://cdn.discordapp.com/avatars/748911314533089422/641eca1d7f73ff03c53fc23f092553e3.png"},"point":660},{"user":{"uid":1232,"userid":755,"name":"glitchy","avatar":"https://cdn.discordapp.com/avatars/692068158487396362/71e60bc757892e1a1ec6bb79b9053abf.png"},"point":646},{"user":{"uid":1015,"userid":626,"name":"HaulmilesLtd","avatar":"https://cdn.discordapp.com/avatars/1025467595983421540/f25df107191c753884caee95fe8ebacc.png"},"point":626},{"user":{"uid":619,"userid":418,"name":"NumberHunter91","avatar":"https://cdn.discordapp.com/avatars/276407067223392256/c656134c8d2a712de1b2dbaf3856e995.png"},"point":539},{"user":{"uid":561,"userid":386,"name":"richhscm","avatar":""},"point":385},{"user":{"uid":1034,"userid":635,"name":"Fox_Bot","avatar":"https://cdn.discordapp.com/avatars/673289306424475659/6760c43d2e087fd99eeef160473251a3.png"},"point":350},{"user":{"uid":3,"userid":2,"name":"Hive 🍀","avatar":"https://cdn.discordapp.com/avatars/710535657650651157/79e041f024cba14b0636a6dcdeb59600.png"},"point":267},{"user":{"uid":892,"userid":567,"name":"KuroSerpent","avatar":"https://cdn.discordapp.com/avatars/249645812726890497/a_21c0489bbb0c99be7db8bbbfb1ed5e85.gif"},"point":250},{"user":{"uid":1097,"userid":670,"name":"Ramin Tanuwong [TH]","avatar":"https://static.truckersmp.com/avatarsN/3757199.1645214262.jpg"},"point":215},{"user":{"uid":169,"userid":327,"name":"Carlos King","avatar":"https://cdn.discordapp.com/avatars/506487248217309184/bd6c4d705e13abd33b3b26c5bdcd897d.png"},"point":186},{"user":{"uid":7,"userid":605,"name":"BoZo","avatar":"https://cdn.discordapp.com/avatars/1113580915684278282/6ef7669e784dabec7bdea51b55266319.png"},"point":180},{"user":{"uid":1300,"userid":797,"name":"Lucas","avatar":"https://cdn.discordapp.com/avatars/394462499342254091/1dcd14961b9d6bd7028b0ffafbfff29c.png"},"point":0},{"user":{"uid":1306,"userid":801,"name":"kevbud.","avatar":"https://cdn.discordapp.com/avatars/799449670572048424/9d4968f9cd751d7b8af661f091a36558.png"},"point":0},{"user":{"uid":1380,"userid":845,"name":"The Flat Cap Spotter","avatar":"https://static.truckersmp.com/avatarsN/defaultavatar.png"},"point":0}]}