{"fmd":[{"user":{"uid":96,"userid":120,"name":"Pattarapon","avatar":"https://cdn.discordapp.com/avatars/687263407417720832/a_b7ede9d49dc998aecb68c07992055092.gif"},"point":2879},{"user":{"uid":75,"userid":87,"name":"Divaice","avatar":"https://cdn.discordapp.com/avatars/442566760277868546/036f730b9f21ac80ae369dbbaa692664.png"},"point":2624},{"user":{"uid":441,"userid":242,"name":"Sirky","avatar":"https://cdn.discordapp.com/avatars/221323793027563521/94c8a6552f9d0bb3a5cb641afab66532.png"},"point":2497},{"user":{"uid":421,"userid":233,"name":"Lefoux","avatar":"https://cdn.discordapp.com/avatars/859833212033564675/49340ceb0fd24171d8f5d92bf60ee617.png"},"point":2309},{"user":{"uid":409,"userid":226,"name":"𝙽𝙴𝚆𝚃𝚈𝙿𝙴𝚂","avatar":"https://cdn.discordapp.com/avatars/624501922531115019/720e6c9072e99985cd234df4183376af.png"},"point":2001},{"user":{"uid":448,"userid":243,"name":"zeydox916","avatar":"https://cdn.discordapp.com/avatars/408691397345148929/d0e65576034b590e019ac69b962815a3.png"},"point":1565},{"user":{"uid":337,"userid":208,"name":"Dr. Stevo","avatar":"https://cdn.discordapp.com/avatars/603859936434323456/a_8fb3ef826c61fa9bc1445843af78a75f.gif"},"point":1554},{"user":{"uid":300,"userid":197,"name":"zeup.langton","avatar":"https://cdn.discordapp.com/avatars/221167310986149888/3a5e16a8c7d7118cd586f6c28c2110df.png"},"point":1537},{"user":{"uid":244,"userid":174,"name":"basho10","avatar":"https://cdn.discordapp.com/avatars/1007578377475067904/None.png"},"point":1508},{"user":{"uid":211,"userid":160,"name":"human?","avatar":"https://cdn.discordapp.com/avatars/698752151073194015/e626fce336d1295ab98959c084394e8b.png"},"point":1371},{"user":{"uid":16,"userid":19,"name":"Tom","avatar":"https://cdn.discordapp.com/avatars/306758358092742657/7dbf9c7d7d722293be630bfec34dd631.png"},"point":1349},{"user":{"uid":14,"userid":15,"name":"Cel","avatar":"https://cdn.discordapp.com/avatars/388906563043065861/ea2e630b6ace3b5676e334f4f61e039f.png"},"point":1035},{"user":{"uid":328,"userid":206,"name":"k.karachorov","avatar":"https://cdn.discordapp.com/avatars/840288381014376479/33af5e99c09082954093bd9c394a467c.png"},"point":869},{"user":{"uid":204,"userid":155,"name":"Xenon_25","avatar":"https://avatars.steamstatic.com/8dfe278c7493b6984540e57ecd57b791df13841e_full.jpg"},"point":833},{"user":{"uid":364,"userid":215,"name":"[MCG] Danish_v8","avatar":"https://static.truckersmp.com/avatarsN/3882826.1651322428.jpg"},"point":368}],"fma":[{"user":{"uid":96,"userid":120,"name":"Pattarapon","avatar":"https://cdn.discordapp.com/avatars/687263407417720832/a_b7ede9d49dc998aecb68c07992055092.gif"},"point":2879},{"user":{"uid":75,"userid":87,"name":"Divaice","avatar":"https://cdn.discordapp.com/avatars/442566760277868546/036f730b9f21ac80ae369dbbaa692664.png"},"point":2624},{"user":{"uid":441,"userid":242,"name":"Sirky","avatar":"https://cdn.discordapp.com/avatars/221323793027563521/94c8a6552f9d0bb3a5cb641afab66532.png"},"point":2497},{"user":{"uid":421,"userid":233,"name":"Lefoux","avatar":"https://cdn.discordapp.com/avatars/859833212033564675/49340ceb0fd24171d8f5d92bf60ee617.png"},"point":2309},{"user":{"uid":409,"userid":226,"name":"𝙽𝙴𝚆𝚃𝚈𝙿𝙴𝚂","avatar":"https://cdn.discordapp.com/avatars/624501922531115019/720e6c9072e99985cd234df4183376af.png"},"point":2001},{"user":{"uid":448,"userid":243,"name":"zeydox916","avatar":"https://cdn.discordapp.com/avatars/408691397345148929/d0e65576034b590e019ac69b962815a3.png"},"point":1565},{"user":{"uid":337,"userid":208,"name":"Dr. Stevo","avatar":"https://cdn.discordapp.com/avatars/603859936434323456/a_8fb3ef826c61fa9bc1445843af78a75f.gif"},"point":1554},{"user":{"uid":300,"userid":197,"name":"zeup.langton","avatar":"https://cdn.discordapp.com/avatars/221167310986149888/3a5e16a8c7d7118cd586f6c28c2110df.png"},"point":1537},{"user":{"uid":244,"userid":174,"name":"basho10","avatar":"https://cdn.discordapp.com/avatars/1007578377475067904/None.png"},"point":1508},{"user":{"uid":211,"userid":160,"name":"human?","avatar":"https://cdn.discordapp.com/avatars/698752151073194015/e626fce336d1295ab98959c084394e8b.png"},"point":1371},{"user":{"uid":16,"userid":19,"name":"Tom","avatar":"https://cdn.discordapp.com/avatars/306758358092742657/7dbf9c7d7d722293be630bfec34dd631.png"},"point":1349},{"user":{"uid":14,"userid":15,"name":"Cel","avatar":"https://cdn.discordapp.com/avatars/388906563043065861/ea2e630b6ace3b5676e334f4f61e039f.png"},"point":1035},{"user":{"uid":328,"userid":206,"name":"k.karachorov","avatar":"https://cdn.discordapp.com/avatars/840288381014376479/33af5e99c09082954093bd9c394a467c.png"},"point":869},{"user":{"uid":204,"userid":155,"name":"Xenon_25","avatar":"https://avatars.steamstatic.com/8dfe278c7493b6984540e57ecd57b791df13841e_full.jpg"},"point":833},{"user":{"uid":364,"userid":215,"name":"[MCG] Danish_v8","avatar":"https://static.truckersmp.com/avatarsN/3882826.1651322428.jpg"},"point":368}]}