{"fmd":[{"user":{"uid":10,"userid":9,"name":"Fate | mortada","avatar":"https://cdn.discordapp.com/avatars/938364860536877096/f3e9ec00103214a3159d401fdc361c7a.png"},"point":4471},{"user":{"uid":18,"userid":17,"name":"Ismailali","avatar":"https://static.truckersmp.com/avatarsN/5215089.1705341903.jpeg"},"point":4009},{"user":{"uid":20,"userid":18,"name":"Fate | 𝑬𝑩𝑵 𝒀𝑨𝑺𝑺𝑰𝑬𝑵","avatar":"https://cdn.discordapp.com/avatars/810634801371021312/9eb6c2d42cc4c8fdef9d67fb34e3664b.png"},"point":2547},{"user":{"uid":11,"userid":10,"name":"ALI_ALARAFEEN","avatar":"https://static.truckersmp.com/avatarsN/3548432.1702237396.png"},"point":2397},{"user":{"uid":49,"userid":45,"name":"BOYKA K.M","avatar":"https://cdn.discordapp.com/avatars/1165376827376799754/ca70e777a8502d11a67202b17fdb8fb3.png"},"point":2261},{"user":{"uid":32,"userid":27,"name":"egwolf2004","avatar":"https://static.truckersmp.com/avatarsN/5298601.1704219238.png"},"point":1267},{"user":{"uid":12,"userid":11,"name":"Fate | OMAR IBRAHIM","avatar":"https://cdn.discordapp.com/avatars/817042346188472330/4613a8261bf809a23cc03ccfd30fdf2c.png"},"point":1124},{"user":{"uid":45,"userid":41,"name":"Fate I Kareem Rashad","avatar":"https://cdn.discordapp.com/avatars/952581067687206994/031938f413aa0688d5aabfeeb350a7b9.png"},"point":948},{"user":{"uid":29,"userid":28,"name":"Fate | Salah","avatar":"https://cdn.discordapp.com/avatars/803759858343346196/f65b198885829f9f2205e31777422ec0.png"},"point":274},{"user":{"uid":38,"userid":36,"name":"Fate | bassl","avatar":"https://cdn.discordapp.com/avatars/1192176645319168061/17215a601cd2c9aad83710f129270258.png"},"point":199},{"user":{"uid":48,"userid":44,"name":"Fate | Mohamed mostafa","avatar":"https://cdn.discordapp.com/avatars/1150961957206249502/e94b2eb56c16b7e8058c0a9c86787769.png"},"point":4}],"fma":[{"user":{"uid":10,"userid":9,"name":"Fate | mortada","avatar":"https://cdn.discordapp.com/avatars/938364860536877096/f3e9ec00103214a3159d401fdc361c7a.png"},"point":4471},{"user":{"uid":18,"userid":17,"name":"Ismailali","avatar":"https://static.truckersmp.com/avatarsN/5215089.1705341903.jpeg"},"point":4009},{"user":{"uid":20,"userid":18,"name":"Fate | 𝑬𝑩𝑵 𝒀𝑨𝑺𝑺𝑰𝑬𝑵","avatar":"https://cdn.discordapp.com/avatars/810634801371021312/9eb6c2d42cc4c8fdef9d67fb34e3664b.png"},"point":2547},{"user":{"uid":11,"userid":10,"name":"ALI_ALARAFEEN","avatar":"https://static.truckersmp.com/avatarsN/3548432.1702237396.png"},"point":2397},{"user":{"uid":49,"userid":45,"name":"BOYKA K.M","avatar":"https://cdn.discordapp.com/avatars/1165376827376799754/ca70e777a8502d11a67202b17fdb8fb3.png"},"point":2261},{"user":{"uid":32,"userid":27,"name":"egwolf2004","avatar":"https://static.truckersmp.com/avatarsN/5298601.1704219238.png"},"point":1678},{"user":{"uid":12,"userid":11,"name":"Fate | OMAR IBRAHIM","avatar":"https://cdn.discordapp.com/avatars/817042346188472330/4613a8261bf809a23cc03ccfd30fdf2c.png"},"point":1124},{"user":{"uid":45,"userid":41,"name":"Fate I Kareem Rashad","avatar":"https://cdn.discordapp.com/avatars/952581067687206994/031938f413aa0688d5aabfeeb350a7b9.png"},"point":948},{"user":{"uid":29,"userid":28,"name":"Fate | Salah","avatar":"https://cdn.discordapp.com/avatars/803759858343346196/f65b198885829f9f2205e31777422ec0.png"},"point":274},{"user":{"uid":38,"userid":36,"name":"Fate | bassl","avatar":"https://cdn.discordapp.com/avatars/1192176645319168061/17215a601cd2c9aad83710f129270258.png"},"point":199},{"user":{"uid":48,"userid":44,"name":"Fate | Mohamed mostafa","avatar":"https://cdn.discordapp.com/avatars/1150961957206249502/e94b2eb56c16b7e8058c0a9c86787769.png"},"point":4}]}