{"fmd":[{"user":{"uid":85,"userid":76,"name":"BratPfanne","avatar":"https://cdn.discordapp.com/avatars/280066593428340739/935c5dc2cac4ab6850284f71bacf7134.png"},"point":13306},{"user":{"uid":36,"userid":82,"name":"SchakalGER","avatar":"https://cdn.discordapp.com/avatars/328243784703803413/0815cbf6b00e890a8030cd7d0042d596.png"},"point":11113},{"user":{"uid":194,"userid":188,"name":"[FLG] derMicha","avatar":"https://cdn.discordapp.com/avatars/951482086072660018/6f6fb9e5f328bec8c769d872bed5109a.png"},"point":6537},{"user":{"uid":244,"userid":200,"name":"Mike_Sniedi","avatar":""},"point":4091},{"user":{"uid":203,"userid":173,"name":"tobiii.","avatar":"https://cdn.discordapp.com/avatars/231897760406831105/5c1d3b42de02d1acdfa3146a26e770f2.png"},"point":3024},{"user":{"uid":167,"userid":149,"name":"Devsk1892","avatar":"https://cdn.discordapp.com/avatars/891260417769340938/f261339ca8cd7c6a0aa5b3abe83602be.png"},"point":2978},{"user":{"uid":9,"userid":5,"name":"Fast-rider","avatar":"https://static.truckersmp.com/avatarsN/4041389.1709222265.png"},"point":2968},{"user":{"uid":175,"userid":155,"name":"Desomazu","avatar":"https://cdn.discordapp.com/avatars/920735509251248139/72b5adb5b663ffeedbb767832a878772.png"},"point":2769},{"user":{"uid":281,"userid":233,"name":"gamert1239852","avatar":""},"point":2731},{"user":{"uid":119,"userid":105,"name":"annoxz","avatar":"https://cdn.discordapp.com/avatars/584497248767967263/dc4e3f991aba525ca4839013723063de.png"},"point":2526},{"user":{"uid":13,"userid":11,"name":"Dignity.","avatar":"https://static.truckersmp.com/avatarsN/4603971.1691867837.png"},"point":2496},{"user":{"uid":152,"userid":135,"name":"manu7432","avatar":"https://cdn.discordapp.com/avatars/1024735246249373777/cef1115e757e0b8944a70bcd74e63455.png"},"point":2210},{"user":{"uid":126,"userid":115,"name":"FeelinaraIRL","avatar":"https://cdn.discordapp.com/avatars/200288092807102468/752990beade158ba2313f71c4a99b3d8.png"},"point":1922},{"user":{"uid":172,"userid":151,"name":"Jack Hodgins","avatar":"https://cdn.discordapp.com/avatars/826723576928272385/02b5821703017d0c5c78d23394e5af33.png"},"point":1808},{"user":{"uid":242,"userid":199,"name":"DerErdMensch","avatar":"https://static.truckersmp.com/avatarsN/1471308.1699747343.png"},"point":1775},{"user":{"uid":50,"userid":41,"name":"Schnitzel.","avatar":"https://cdn.discordapp.com/avatars/690570896557211658/baa999791bdec64edf3c45f5ce158618.png"},"point":1774},{"user":{"uid":38,"userid":33,"name":"[FLG] derDome","avatar":"https://cdn.discordapp.com/avatars/847551771249344564/0ae2aee9871db467f88aa78addecffa6.png"},"point":1720},{"user":{"uid":280,"userid":232,"name":"LuisDev","avatar":"https://static.truckersmp.com/avatarsN/defaultavatar.png"},"point":1676},{"user":{"uid":274,"userid":228,"name":"{FLG}AgentKire1987","avatar":"https://cdn.discordapp.com/avatars/425001789624942593/3820bba9111760526008ac24fcd99251.png"},"point":1540},{"user":{"uid":12,"userid":10,"name":"Tchabalala/Axel","avatar":"https://cdn.discordapp.com/avatars/336794680454938624/c949fc0ae2a0b67356a833b7f2dfb640.png"},"point":1356},{"user":{"uid":70,"userid":58,"name":"xXTessiXx","avatar":"https://cdn.discordapp.com/avatars/463730546108006400/bf4f2be098740e31f90426afd209ad89.png"},"point":1349},{"user":{"uid":18,"userid":16,"name":"teufelsfrucht","avatar":"https://cdn.discordapp.com/avatars/910595374702551050/061f37845160435b7e85a1e913491524.png"},"point":1318},{"user":{"uid":154,"userid":137,"name":"gamezocker300","avatar":"https://cdn.discordapp.com/avatars/571059962831437860/3e7f16a5afefd61b70d4bf5711255b89.png"},"point":1295},{"user":{"uid":43,"userid":31,"name":"[GER]Christian","avatar":"https://static.truckersmp.com/avatarsN/196694.1705792859.png"},"point":1084},{"user":{"uid":147,"userid":132,"name":"MisterMaster","avatar":"https://cdn.discordapp.com/avatars/1059889752918216834/172c1da2f0cee42be94d6977a70786a6.png"},"point":1043},{"user":{"uid":79,"userid":68,"name":"kevinnartor","avatar":"https://cdn.discordapp.com/avatars/332536235765530624/8b55e50924dd510472f9c32a0afc5d09.png"},"point":980},{"user":{"uid":90,"userid":92,"name":"Truck Driver(GER)","avatar":"https://cdn.discordapp.com/avatars/697753575450738759/7fd627982dc1053d0feca23ee052e524.png"},"point":961},{"user":{"uid":125,"userid":114,"name":"Best_Offline","avatar":"https://cdn.discordapp.com/avatars/427147191614963713/f4fd038e7c2d396fd8754d2b0bf2510e.png"},"point":899},{"user":{"uid":192,"userid":218,"name":"Pepe7530","avatar":"https://cdn.discordapp.com/avatars/264676607032033280/162a9ff3830854a226bbd190e2ad07ff.png"},"point":825},{"user":{"uid":141,"userid":196,"name":"MAX294","avatar":"https://cdn.discordapp.com/avatars/488323894831349760/f0ffd3875b74459d0656375b17aa0e6d.png"},"point":824},{"user":{"uid":275,"userid":229,"name":"ByEnderman_HD","avatar":"https://cdn.discordapp.com/avatars/664529284043636767/6b9fb4edd1d2c073428b956ede3c7228.png"},"point":723},{"user":{"uid":49,"userid":46,"name":"Franco","avatar":"https://cdn.discordapp.com/avatars/750020969627648080/0153e303ff706fdc97afd1c7aaadf81a.png"},"point":605},{"user":{"uid":272,"userid":227,"name":"Pfindus","avatar":"https://static.truckersmp.com/avatarsN/4311053.1710660288.png"},"point":592},{"user":{"uid":168,"userid":148,"name":"lachs","avatar":"https://cdn.discordapp.com/avatars/567677822085234688/d8f503f9cdfe5741ac4c46b50ebaf69a.png"},"point":480},{"user":{"uid":190,"userid":165,"name":"Trike","avatar":"https://cdn.discordapp.com/avatars/445943553177288704/9c2d13d61cb7fdd2f732e28f979cfd3d.png"},"point":389},{"user":{"uid":93,"userid":79,"name":"Starvin Marvin","avatar":"https://cdn.discordapp.com/avatars/616564166379044893/597930cdaf15fb1a0044037d135a7ceb.png"},"point":386},{"user":{"uid":56,"userid":42,"name":"Glaceon","avatar":"https://cdn.discordapp.com/avatars/348428309018705930/f1b68bf1b8a5121559e1b782c8941327.png"},"point":318},{"user":{"uid":252,"userid":205,"name":"Wutan Fall","avatar":"https://cdn.discordapp.com/avatars/204296481715388426/eb0c97b37333a5aef73f6cd7875bc750.png"},"point":267},{"user":{"uid":176,"userid":157,"name":"Identity","avatar":"https://cdn.discordapp.com/avatars/383724197744214016/092d4968871fb432b7129173b5c1dc78.png"},"point":229},{"user":{"uid":46,"userid":44,"name":"Linus14_trucker","avatar":"https://cdn.discordapp.com/avatars/973298563750719518/f8077addf056d9aaf51c748928a4a6d2.png"},"point":0}],"fma":[{"user":{"uid":85,"userid":76,"name":"BratPfanne","avatar":"https://cdn.discordapp.com/avatars/280066593428340739/935c5dc2cac4ab6850284f71bacf7134.png"},"point":13306},{"user":{"uid":36,"userid":82,"name":"SchakalGER","avatar":"https://cdn.discordapp.com/avatars/328243784703803413/0815cbf6b00e890a8030cd7d0042d596.png"},"point":11113},{"user":{"uid":194,"userid":188,"name":"[FLG] derMicha","avatar":"https://cdn.discordapp.com/avatars/951482086072660018/6f6fb9e5f328bec8c769d872bed5109a.png"},"point":6537},{"user":{"uid":244,"userid":200,"name":"Mike_Sniedi","avatar":""},"point":4091},{"user":{"uid":203,"userid":173,"name":"tobiii.","avatar":"https://cdn.discordapp.com/avatars/231897760406831105/5c1d3b42de02d1acdfa3146a26e770f2.png"},"point":3024},{"user":{"uid":167,"userid":149,"name":"Devsk1892","avatar":"https://cdn.discordapp.com/avatars/891260417769340938/f261339ca8cd7c6a0aa5b3abe83602be.png"},"point":2978},{"user":{"uid":9,"userid":5,"name":"Fast-rider","avatar":"https://static.truckersmp.com/avatarsN/4041389.1709222265.png"},"point":2968},{"user":{"uid":175,"userid":155,"name":"Desomazu","avatar":"https://cdn.discordapp.com/avatars/920735509251248139/72b5adb5b663ffeedbb767832a878772.png"},"point":2769},{"user":{"uid":281,"userid":233,"name":"gamert1239852","avatar":""},"point":2731},{"user":{"uid":119,"userid":105,"name":"annoxz","avatar":"https://cdn.discordapp.com/avatars/584497248767967263/dc4e3f991aba525ca4839013723063de.png"},"point":2526},{"user":{"uid":13,"userid":11,"name":"Dignity.","avatar":"https://static.truckersmp.com/avatarsN/4603971.1691867837.png"},"point":2496},{"user":{"uid":152,"userid":135,"name":"manu7432","avatar":"https://cdn.discordapp.com/avatars/1024735246249373777/cef1115e757e0b8944a70bcd74e63455.png"},"point":2210},{"user":{"uid":126,"userid":115,"name":"FeelinaraIRL","avatar":"https://cdn.discordapp.com/avatars/200288092807102468/752990beade158ba2313f71c4a99b3d8.png"},"point":1922},{"user":{"uid":172,"userid":151,"name":"Jack Hodgins","avatar":"https://cdn.discordapp.com/avatars/826723576928272385/02b5821703017d0c5c78d23394e5af33.png"},"point":1808},{"user":{"uid":242,"userid":199,"name":"DerErdMensch","avatar":"https://static.truckersmp.com/avatarsN/1471308.1699747343.png"},"point":1775},{"user":{"uid":50,"userid":41,"name":"Schnitzel.","avatar":"https://cdn.discordapp.com/avatars/690570896557211658/baa999791bdec64edf3c45f5ce158618.png"},"point":1774},{"user":{"uid":38,"userid":33,"name":"[FLG] derDome","avatar":"https://cdn.discordapp.com/avatars/847551771249344564/0ae2aee9871db467f88aa78addecffa6.png"},"point":1720},{"user":{"uid":280,"userid":232,"name":"LuisDev","avatar":"https://static.truckersmp.com/avatarsN/defaultavatar.png"},"point":1676},{"user":{"uid":274,"userid":228,"name":"{FLG}AgentKire1987","avatar":"https://cdn.discordapp.com/avatars/425001789624942593/3820bba9111760526008ac24fcd99251.png"},"point":1540},{"user":{"uid":12,"userid":10,"name":"Tchabalala/Axel","avatar":"https://cdn.discordapp.com/avatars/336794680454938624/c949fc0ae2a0b67356a833b7f2dfb640.png"},"point":1356},{"user":{"uid":70,"userid":58,"name":"xXTessiXx","avatar":"https://cdn.discordapp.com/avatars/463730546108006400/bf4f2be098740e31f90426afd209ad89.png"},"point":1349},{"user":{"uid":18,"userid":16,"name":"teufelsfrucht","avatar":"https://cdn.discordapp.com/avatars/910595374702551050/061f37845160435b7e85a1e913491524.png"},"point":1318},{"user":{"uid":154,"userid":137,"name":"gamezocker300","avatar":"https://cdn.discordapp.com/avatars/571059962831437860/3e7f16a5afefd61b70d4bf5711255b89.png"},"point":1295},{"user":{"uid":43,"userid":31,"name":"[GER]Christian","avatar":"https://static.truckersmp.com/avatarsN/196694.1705792859.png"},"point":1084},{"user":{"uid":147,"userid":132,"name":"MisterMaster","avatar":"https://cdn.discordapp.com/avatars/1059889752918216834/172c1da2f0cee42be94d6977a70786a6.png"},"point":1043},{"user":{"uid":79,"userid":68,"name":"kevinnartor","avatar":"https://cdn.discordapp.com/avatars/332536235765530624/8b55e50924dd510472f9c32a0afc5d09.png"},"point":980},{"user":{"uid":90,"userid":92,"name":"Truck Driver(GER)","avatar":"https://cdn.discordapp.com/avatars/697753575450738759/7fd627982dc1053d0feca23ee052e524.png"},"point":961},{"user":{"uid":125,"userid":114,"name":"Best_Offline","avatar":"https://cdn.discordapp.com/avatars/427147191614963713/f4fd038e7c2d396fd8754d2b0bf2510e.png"},"point":899},{"user":{"uid":192,"userid":218,"name":"Pepe7530","avatar":"https://cdn.discordapp.com/avatars/264676607032033280/162a9ff3830854a226bbd190e2ad07ff.png"},"point":825},{"user":{"uid":141,"userid":196,"name":"MAX294","avatar":"https://cdn.discordapp.com/avatars/488323894831349760/f0ffd3875b74459d0656375b17aa0e6d.png"},"point":824},{"user":{"uid":275,"userid":229,"name":"ByEnderman_HD","avatar":"https://cdn.discordapp.com/avatars/664529284043636767/6b9fb4edd1d2c073428b956ede3c7228.png"},"point":723},{"user":{"uid":49,"userid":46,"name":"Franco","avatar":"https://cdn.discordapp.com/avatars/750020969627648080/0153e303ff706fdc97afd1c7aaadf81a.png"},"point":605},{"user":{"uid":272,"userid":227,"name":"Pfindus","avatar":"https://static.truckersmp.com/avatarsN/4311053.1710660288.png"},"point":592},{"user":{"uid":168,"userid":148,"name":"lachs","avatar":"https://cdn.discordapp.com/avatars/567677822085234688/d8f503f9cdfe5741ac4c46b50ebaf69a.png"},"point":480},{"user":{"uid":190,"userid":165,"name":"Trike","avatar":"https://cdn.discordapp.com/avatars/445943553177288704/9c2d13d61cb7fdd2f732e28f979cfd3d.png"},"point":389},{"user":{"uid":93,"userid":79,"name":"Starvin Marvin","avatar":"https://cdn.discordapp.com/avatars/616564166379044893/597930cdaf15fb1a0044037d135a7ceb.png"},"point":386},{"user":{"uid":56,"userid":42,"name":"Glaceon","avatar":"https://cdn.discordapp.com/avatars/348428309018705930/f1b68bf1b8a5121559e1b782c8941327.png"},"point":318},{"user":{"uid":252,"userid":205,"name":"Wutan Fall","avatar":"https://cdn.discordapp.com/avatars/204296481715388426/eb0c97b37333a5aef73f6cd7875bc750.png"},"point":267},{"user":{"uid":176,"userid":157,"name":"Identity","avatar":"https://cdn.discordapp.com/avatars/383724197744214016/092d4968871fb432b7129173b5c1dc78.png"},"point":229},{"user":{"uid":46,"userid":44,"name":"Linus14_trucker","avatar":"https://cdn.discordapp.com/avatars/973298563750719518/f8077addf056d9aaf51c748928a4a6d2.png"},"point":0}]}