{"fmd":[{"user":{"uid":3,"userid":2,"name":"GB |     M.Faruk {21}","avatar":"https://cdn.discordapp.com/avatars/284769507271245825/a_f4d7f890b3d45b4fcc2acc412335e13a.gif"},"point":2300},{"user":{"uid":30,"userid":35,"name":"GB | Mikey [20]","avatar":"https://cdn.discordapp.com/avatars/359045731048357888/a_e27f09c576944cb47196bcc128001deb.gif"},"point":1480},{"user":{"uid":31,"userid":37,"name":"GB | Dave [19]","avatar":"https://cdn.discordapp.com/avatars/679370137639583746/5a436e69af2bf32b41a283d26468ffc2.png"},"point":1050}],"fma":[{"user":{"uid":3,"userid":2,"name":"GB |     M.Faruk {21}","avatar":"https://cdn.discordapp.com/avatars/284769507271245825/a_f4d7f890b3d45b4fcc2acc412335e13a.gif"},"point":2841},{"user":{"uid":30,"userid":35,"name":"GB | Mikey [20]","avatar":"https://cdn.discordapp.com/avatars/359045731048357888/a_e27f09c576944cb47196bcc128001deb.gif"},"point":1653},{"user":{"uid":31,"userid":37,"name":"GB | Dave [19]","avatar":"https://cdn.discordapp.com/avatars/679370137639583746/5a436e69af2bf32b41a283d26468ffc2.png"},"point":1234}]}