{"fmd":[{"user":{"uid":25,"userid":96,"name":"[G-T-R]GrayWolf","avatar":"https://cdn.discordapp.com/avatars/463049453067173888/93e0f855de1c1bcdf6924d45b1789338.png"},"point":3347},{"user":{"uid":68,"userid":176,"name":"Ammaar","avatar":"https://cdn.discordapp.com/avatars/611183396210737167/6caf0b639709ab7bbca72b1f5d14b11a.png"},"point":3249},{"user":{"uid":596,"userid":480,"name":"proximirones","avatar":"https://cdn.discordapp.com/avatars/830886800398221393/0a65872022ee1b3452cc03b312d8a67c.png"},"point":3072},{"user":{"uid":576,"userid":463,"name":"p4v3l","avatar":"https://cdn.discordapp.com/avatars/718093939768557582/cff5e98b999b78aa9e90528895e622dc.png"},"point":2776},{"user":{"uid":516,"userid":417,"name":"Ravsh1k","avatar":"https://cdn.discordapp.com/avatars/901846074740858890/775a54f0f101fa2eb9b9fb54ad87ce55.png"},"point":1604},{"user":{"uid":607,"userid":488,"name":"Alfie W.","avatar":"https://cdn.discordapp.com/avatars/1211337860096196668/96a6540f5ca78a23060f5410480dd709.png"},"point":1304},{"user":{"uid":50,"userid":156,"name":"Marshallvet","avatar":"https://cdn.discordapp.com/avatars/365295813187862568/2dc1aabcc7382486a66d1dc8f514dd2e.png"},"point":1236},{"user":{"uid":240,"userid":324,"name":"El cigala","avatar":"https://cdn.discordapp.com/avatars/303581906015092739/832ad8f1b8494b72b34f5c2f1bf642ce.png"},"point":988},{"user":{"uid":427,"userid":353,"name":"Versthappening","avatar":"https://cdn.discordapp.com/avatars/851032564801077258/b6762130b06d88078b10d519887e731b.png"},"point":860},{"user":{"uid":379,"userid":318,"name":"anton","avatar":"https://cdn.discordapp.com/avatars/316993386320101396/f3b8f04566e732e290072e00b7062636.png"},"point":699},{"user":{"uid":546,"userid":443,"name":"Shuuu","avatar":""},"point":638},{"user":{"uid":504,"userid":411,"name":"ArgotheWolf","avatar":"https://static.truckersmp.com/avatarsN/defaultavatar.png"},"point":585},{"user":{"uid":260,"userid":221,"name":"NotPika","avatar":"https://cdn.discordapp.com/avatars/1067827165556650024/47c9f5f730ebb99916f6373cf7ec75ef.png"},"point":558},{"user":{"uid":561,"userid":453,"name":"phevos","avatar":"https://cdn.discordapp.com/avatars/622325492716011561/7de674db261521ac520b656f5089d908.png"},"point":476},{"user":{"uid":582,"userid":470,"name":"BelievedMoney87","avatar":"https://cdn.discordapp.com/avatars/709197432940003389/a0997e5f44e61d454aa00b808b09299c.png"},"point":476},{"user":{"uid":599,"userid":482,"name":"dood51","avatar":"https://cdn.discordapp.com/avatars/1215977765778489364/e2e4afccd7e82bb48dc1b4e183cb9feb.png"},"point":424},{"user":{"uid":604,"userid":485,"name":"JULY 50","avatar":"https://cdn.discordapp.com/avatars/744250253192200253/4666b6bb62f4822c80c74bda55dc913a.png"},"point":404},{"user":{"uid":391,"userid":329,"name":"Джеспер","avatar":"https://cdn.discordapp.com/avatars/632239961994821680/d4a0d65db94bed39bb7ee26b80fc9ddd.png"},"point":286},{"user":{"uid":4,"userid":7,"name":"Sang0kas","avatar":"https://cdn.discordapp.com/avatars/327061419818352641/f17a95aa48e93697f0853d91d0dd2a5f.png"},"point":230},{"user":{"uid":483,"userid":394,"name":"Xikxzy","avatar":"https://cdn.discordapp.com/avatars/960949402191683595/1270700e622dfb0e702498378ecf1317.png"},"point":0}],"fma":[{"user":{"uid":25,"userid":96,"name":"[G-T-R]GrayWolf","avatar":"https://cdn.discordapp.com/avatars/463049453067173888/93e0f855de1c1bcdf6924d45b1789338.png"},"point":5544},{"user":{"uid":596,"userid":480,"name":"proximirones","avatar":"https://cdn.discordapp.com/avatars/830886800398221393/0a65872022ee1b3452cc03b312d8a67c.png"},"point":3472},{"user":{"uid":68,"userid":176,"name":"Ammaar","avatar":"https://cdn.discordapp.com/avatars/611183396210737167/6caf0b639709ab7bbca72b1f5d14b11a.png"},"point":3249},{"user":{"uid":576,"userid":463,"name":"p4v3l","avatar":"https://cdn.discordapp.com/avatars/718093939768557582/cff5e98b999b78aa9e90528895e622dc.png"},"point":2776},{"user":{"uid":516,"userid":417,"name":"Ravsh1k","avatar":"https://cdn.discordapp.com/avatars/901846074740858890/775a54f0f101fa2eb9b9fb54ad87ce55.png"},"point":2004},{"user":{"uid":427,"userid":353,"name":"Versthappening","avatar":"https://cdn.discordapp.com/avatars/851032564801077258/b6762130b06d88078b10d519887e731b.png"},"point":1360},{"user":{"uid":607,"userid":488,"name":"Alfie W.","avatar":"https://cdn.discordapp.com/avatars/1211337860096196668/96a6540f5ca78a23060f5410480dd709.png"},"point":1304},{"user":{"uid":50,"userid":156,"name":"Marshallvet","avatar":"https://cdn.discordapp.com/avatars/365295813187862568/2dc1aabcc7382486a66d1dc8f514dd2e.png"},"point":1236},{"user":{"uid":240,"userid":324,"name":"El cigala","avatar":"https://cdn.discordapp.com/avatars/303581906015092739/832ad8f1b8494b72b34f5c2f1bf642ce.png"},"point":988},{"user":{"uid":260,"userid":221,"name":"NotPika","avatar":"https://cdn.discordapp.com/avatars/1067827165556650024/47c9f5f730ebb99916f6373cf7ec75ef.png"},"point":958},{"user":{"uid":379,"userid":318,"name":"anton","avatar":"https://cdn.discordapp.com/avatars/316993386320101396/f3b8f04566e732e290072e00b7062636.png"},"point":699},{"user":{"uid":546,"userid":443,"name":"Shuuu","avatar":""},"point":638},{"user":{"uid":504,"userid":411,"name":"ArgotheWolf","avatar":"https://static.truckersmp.com/avatarsN/defaultavatar.png"},"point":585},{"user":{"uid":561,"userid":453,"name":"phevos","avatar":"https://cdn.discordapp.com/avatars/622325492716011561/7de674db261521ac520b656f5089d908.png"},"point":476},{"user":{"uid":582,"userid":470,"name":"BelievedMoney87","avatar":"https://cdn.discordapp.com/avatars/709197432940003389/a0997e5f44e61d454aa00b808b09299c.png"},"point":476},{"user":{"uid":599,"userid":482,"name":"dood51","avatar":"https://cdn.discordapp.com/avatars/1215977765778489364/e2e4afccd7e82bb48dc1b4e183cb9feb.png"},"point":424},{"user":{"uid":604,"userid":485,"name":"JULY 50","avatar":"https://cdn.discordapp.com/avatars/744250253192200253/4666b6bb62f4822c80c74bda55dc913a.png"},"point":404},{"user":{"uid":203,"userid":194,"name":"Sajen","avatar":"https://cdn.discordapp.com/avatars/461624630143352832/a_c84fcd98ea86e5f707a383530a5bb0ef.gif"},"point":400},{"user":{"uid":579,"userid":466,"name":"pieter.64","avatar":"https://cdn.discordapp.com/avatars/324877891852828683/00632119b31752fcb8171bbb4279d1f8.png"},"point":400},{"user":{"uid":391,"userid":329,"name":"Джеспер","avatar":"https://cdn.discordapp.com/avatars/632239961994821680/d4a0d65db94bed39bb7ee26b80fc9ddd.png"},"point":286},{"user":{"uid":4,"userid":7,"name":"Sang0kas","avatar":"https://cdn.discordapp.com/avatars/327061419818352641/f17a95aa48e93697f0853d91d0dd2a5f.png"},"point":230},{"user":{"uid":402,"userid":337,"name":"viriusek","avatar":"https://cdn.discordapp.com/avatars/814466964918370305/4491219e03ffb01a401aa3b5d09ad470.png"},"point":100},{"user":{"uid":458,"userid":377,"name":"LordCancer420","avatar":"https://cdn.discordapp.com/avatars/412529924805492756/38365841d4eaa1db7d73bc11bc478124.png"},"point":100},{"user":{"uid":480,"userid":395,"name":"Sh0tBlow","avatar":"https://cdn.discordapp.com/avatars/462991116279611392/87bf1e3b76d220025f3fb4b0029427f8.png"},"point":80},{"user":{"uid":483,"userid":394,"name":"Xikxzy","avatar":"https://cdn.discordapp.com/avatars/960949402191683595/1270700e622dfb0e702498378ecf1317.png"},"point":0}]}