{"fmd":[{"user":{"uid":55,"userid":44,"name":"(DR)  Dougie","avatar":"https://cdn.discordapp.com/avatars/297388374409347072/4d61d8619083a93069be006fc82fdeb8.png"},"point":5571},{"user":{"uid":172,"userid":145,"name":"(DR) JortGlobe","avatar":"https://cdn.discordapp.com/avatars/821749276706734110/7962c232c2fcc443a70792b6c9d5979b.png"},"point":4071},{"user":{"uid":28,"userid":23,"name":"(CEO) Pete (DND)","avatar":"https://cdn.discordapp.com/avatars/316660255872516106/8a2dca3b679afae90df18edc44b1584c.png"},"point":2596},{"user":{"uid":79,"userid":65,"name":"(DR) Pranto Sarker","avatar":"https://cdn.discordapp.com/avatars/308254991385231371/aab66cdf57aa340b8439bdcdf609d5fd.png"},"point":1746},{"user":{"uid":157,"userid":130,"name":"(DR) Sparky92","avatar":"https://cdn.discordapp.com/avatars/473576104112947200/6cbb0a2f6d2be214938b423e02ea7c71.png"},"point":1605},{"user":{"uid":6,"userid":3,"name":"(Co Owner) Angry Raptor","avatar":"https://cdn.discordapp.com/avatars/474484979548815360/6347a182410a674dfb6f831275c1b803.png"},"point":1414},{"user":{"uid":81,"userid":68,"name":"LOA (MD/ET) Madtycoon421","avatar":"https://cdn.discordapp.com/avatars/992047149292470282/d1609eecec6906e44e7f4d666d72248b.png"},"point":1065},{"user":{"uid":95,"userid":78,"name":"(DR) JYXH","avatar":"https://cdn.discordapp.com/avatars/1176564919861260309/6b24021290db5d66363b21aed762aed2.png"},"point":331},{"user":{"uid":158,"userid":131,"name":"(HRT) Infantry4life","avatar":"https://cdn.discordapp.com/avatars/313867376707895298/eaeca34699613c2d815224f6096fa34a.png"},"point":307},{"user":{"uid":118,"userid":96,"name":"(DR) ST1G","avatar":"https://cdn.discordapp.com/avatars/515890400494616608/f4bac7aef316082f7bad4fcbb6b39570.png"},"point":67}],"fma":[{"user":{"uid":28,"userid":23,"name":"(CEO) Pete (DND)","avatar":"https://cdn.discordapp.com/avatars/316660255872516106/8a2dca3b679afae90df18edc44b1584c.png"},"point":12596},{"user":{"uid":157,"userid":130,"name":"(DR) Sparky92","avatar":"https://cdn.discordapp.com/avatars/473576104112947200/6cbb0a2f6d2be214938b423e02ea7c71.png"},"point":12455},{"user":{"uid":118,"userid":96,"name":"(DR) ST1G","avatar":"https://cdn.discordapp.com/avatars/515890400494616608/f4bac7aef316082f7bad4fcbb6b39570.png"},"point":10317},{"user":{"uid":55,"userid":44,"name":"(DR)  Dougie","avatar":"https://cdn.discordapp.com/avatars/297388374409347072/4d61d8619083a93069be006fc82fdeb8.png"},"point":5571},{"user":{"uid":172,"userid":145,"name":"(DR) JortGlobe","avatar":"https://cdn.discordapp.com/avatars/821749276706734110/7962c232c2fcc443a70792b6c9d5979b.png"},"point":4071},{"user":{"uid":79,"userid":65,"name":"(DR) Pranto Sarker","avatar":"https://cdn.discordapp.com/avatars/308254991385231371/aab66cdf57aa340b8439bdcdf609d5fd.png"},"point":1746},{"user":{"uid":6,"userid":3,"name":"(Co Owner) Angry Raptor","avatar":"https://cdn.discordapp.com/avatars/474484979548815360/6347a182410a674dfb6f831275c1b803.png"},"point":1514},{"user":{"uid":81,"userid":68,"name":"LOA (MD/ET) Madtycoon421","avatar":"https://cdn.discordapp.com/avatars/992047149292470282/d1609eecec6906e44e7f4d666d72248b.png"},"point":1265},{"user":{"uid":95,"userid":78,"name":"(DR) JYXH","avatar":"https://cdn.discordapp.com/avatars/1176564919861260309/6b24021290db5d66363b21aed762aed2.png"},"point":331},{"user":{"uid":158,"userid":131,"name":"(HRT) Infantry4life","avatar":"https://cdn.discordapp.com/avatars/313867376707895298/eaeca34699613c2d815224f6096fa34a.png"},"point":307},{"user":{"uid":1,"userid":0,"name":"(Owner) Essex","avatar":"https://cdn.discordapp.com/avatars/986728515892285461/a_c4301bd78f1d1d60c25f66672af89a9a.gif"},"point":100}]}