{"fmd":[{"user":{"uid":1,"userid":0,"name":"Brad","avatar":"https://cdn.discordapp.com/avatars/507570358782525451/0f8d2ac0cb4d5df4b45d8529b6efe809.png"},"point":8702},{"user":{"uid":240,"userid":194,"name":"Kuz","avatar":"https://cdn.discordapp.com/avatars/832669736994209862/ff7517c2ce19c2ae7910bdd66a68d466.png"},"point":1323},{"user":{"uid":153,"userid":186,"name":"LeoM","avatar":"https://cdn.discordapp.com/avatars/337951742475894786/980a1f3ff23017ee6d2dcd0ce57dbe03.png"},"point":748}],"fma":[{"user":{"uid":1,"userid":0,"name":"Brad","avatar":"https://cdn.discordapp.com/avatars/507570358782525451/0f8d2ac0cb4d5df4b45d8529b6efe809.png"},"point":8702},{"user":{"uid":240,"userid":194,"name":"Kuz","avatar":"https://cdn.discordapp.com/avatars/832669736994209862/ff7517c2ce19c2ae7910bdd66a68d466.png"},"point":1323},{"user":{"uid":153,"userid":186,"name":"LeoM","avatar":"https://cdn.discordapp.com/avatars/337951742475894786/980a1f3ff23017ee6d2dcd0ce57dbe03.png"},"point":748}]}