{"fmd":[{"user":{"uid":8,"userid":6,"name":"ll iScuf ll","avatar":"https://cdn.discordapp.com/avatars/321795006178525186/a_b79d3e9a2be03b5fc4d9c795da893874.gif"},"point":33809},{"user":{"uid":241,"userid":184,"name":"F_I_S_T","avatar":"https://cdn.discordapp.com/avatars/540017955413557258/525e165ce9fb3db253ba3e03ac9b58e3.png"},"point":10896},{"user":{"uid":76,"userid":60,"name":"V8 Gaming","avatar":"https://cdn.discordapp.com/avatars/793808849404559452/3ad45fe419c80a0cc727643ff48b4a6c.png"},"point":10702},{"user":{"uid":112,"userid":86,"name":"PistonFace08","avatar":"https://cdn.discordapp.com/avatars/562334030612135968/a2f83155381251c95dc78b28c3ae46c6.png"},"point":7788},{"user":{"uid":15,"userid":10,"name":"MarlonSkills","avatar":"https://cdn.discordapp.com/avatars/315956778884005890/9a3d00de17d4e51023e4dc7542353ce7.png"},"point":4734},{"user":{"uid":109,"userid":84,"name":"bigboytrains","avatar":"https://static.truckersmp.com/avatarsN/defaultavatar.png"},"point":3857},{"user":{"uid":259,"userid":197,"name":"I3uckfast","avatar":"https://cdn.discordapp.com/avatars/1004430807357722625/8824de375f59b95e388b5680710ead3f.png"},"point":2596},{"user":{"uid":146,"userid":112,"name":"JENNAS JUGS","avatar":"https://cdn.discordapp.com/avatars/697145117458301013/8fc3d9c9fcb32f3b81c47ef234d1a62f.png"},"point":2411},{"user":{"uid":29,"userid":18,"name":"Wesjet","avatar":"https://cdn.discordapp.com/avatars/680834715388870687/a_b96031e2cba9196dacc295bf0c52b280.gif"},"point":1368},{"user":{"uid":271,"userid":205,"name":"NastyCrash","avatar":"https://cdn.discordapp.com/avatars/1215071595232501851/d43c896a417d199036e552c12852794e.png"},"point":1349},{"user":{"uid":269,"userid":204,"name":"Phoenix","avatar":"https://cdn.discordapp.com/avatars/763003227749875713/7ff7c721d3258dd78a9e4986dce764f8.png"},"point":1267},{"user":{"uid":255,"userid":195,"name":"danl","avatar":"https://cdn.discordapp.com/avatars/109097646110552064/ecc38a9d813406d64511abb2d7bb05b8.png"},"point":1116},{"user":{"uid":234,"userid":178,"name":"Saga Virtanen","avatar":"https://static.truckersmp.com/avatarsN/343160.1685564872.png"},"point":741},{"user":{"uid":260,"userid":198,"name":"TJ2006","avatar":"https://cdn.discordapp.com/avatars/405456778772480001/929852eed2b7943bbbde706a2a381e14.png"},"point":448},{"user":{"uid":213,"userid":163,"name":"Sponge Bob","avatar":"https://cdn.discordapp.com/avatars/1019561099177234442/4e1af3ca1711ef51cd37aaf06e929133.png"},"point":441},{"user":{"uid":214,"userid":164,"name":"hamez","avatar":""},"point":365},{"user":{"uid":154,"userid":119,"name":"WhatsAptyp","avatar":"https://cdn.discordapp.com/avatars/755731783030407199/21bf829739ff5cb6fa0c9f6a11773ec3.png"},"point":321},{"user":{"uid":163,"userid":124,"name":"N1CK904","avatar":"https://cdn.discordapp.com/avatars/1056467542824206346/382880aa0ba504228fe5c5478bda93b2.png"},"point":50},{"user":{"uid":222,"userid":171,"name":"DRAKNESS","avatar":"https://cdn.discordapp.com/avatars/191435261777936384/cde25647f4a18c5f7427ee26497adb09.png"},"point":29},{"user":{"uid":106,"userid":81,"name":"Eman1234","avatar":"https://cdn.discordapp.com/avatars/1080554850699444255/d096291062d241160beffdcd8f0e5f36.png"},"point":8},{"user":{"uid":267,"userid":203,"name":"Sticks","avatar":"https://cdn.discordapp.com/avatars/1017196087276220447/69432ca72ed34db31f7a0cb99c8fbdae.png"},"point":0}],"fma":[{"user":{"uid":8,"userid":6,"name":"ll iScuf ll","avatar":"https://cdn.discordapp.com/avatars/321795006178525186/a_b79d3e9a2be03b5fc4d9c795da893874.gif"},"point":34823},{"user":{"uid":76,"userid":60,"name":"V8 Gaming","avatar":"https://cdn.discordapp.com/avatars/793808849404559452/3ad45fe419c80a0cc727643ff48b4a6c.png"},"point":12364},{"user":{"uid":241,"userid":184,"name":"F_I_S_T","avatar":"https://cdn.discordapp.com/avatars/540017955413557258/525e165ce9fb3db253ba3e03ac9b58e3.png"},"point":11071},{"user":{"uid":112,"userid":86,"name":"PistonFace08","avatar":"https://cdn.discordapp.com/avatars/562334030612135968/a2f83155381251c95dc78b28c3ae46c6.png"},"point":8820},{"user":{"uid":15,"userid":10,"name":"MarlonSkills","avatar":"https://cdn.discordapp.com/avatars/315956778884005890/9a3d00de17d4e51023e4dc7542353ce7.png"},"point":6996},{"user":{"uid":108,"userid":83,"name":"mth.","avatar":"https://cdn.discordapp.com/avatars/1048895539606978651/a_ed23bd3b02d03ccafa443faf15ff38ca.gif"},"point":5000},{"user":{"uid":109,"userid":84,"name":"bigboytrains","avatar":"https://static.truckersmp.com/avatarsN/defaultavatar.png"},"point":4341},{"user":{"uid":259,"userid":197,"name":"I3uckfast","avatar":"https://cdn.discordapp.com/avatars/1004430807357722625/8824de375f59b95e388b5680710ead3f.png"},"point":3332},{"user":{"uid":146,"userid":112,"name":"JENNAS JUGS","avatar":"https://cdn.discordapp.com/avatars/697145117458301013/8fc3d9c9fcb32f3b81c47ef234d1a62f.png"},"point":2839},{"user":{"uid":269,"userid":204,"name":"Phoenix","avatar":"https://cdn.discordapp.com/avatars/763003227749875713/7ff7c721d3258dd78a9e4986dce764f8.png"},"point":2207},{"user":{"uid":32,"userid":21,"name":"NateNZ","avatar":"https://cdn.discordapp.com/avatars/263779798327885834/54adfd241b87dc24073b7cc175209ad7.png"},"point":2150},{"user":{"uid":100,"userid":75,"name":"I am KingHeet","avatar":"https://static.truckersmp.com/avatarsN/3141865.1659238151.jpeg"},"point":1850},{"user":{"uid":29,"userid":18,"name":"Wesjet","avatar":"https://cdn.discordapp.com/avatars/680834715388870687/a_b96031e2cba9196dacc295bf0c52b280.gif"},"point":1771},{"user":{"uid":134,"userid":104,"name":"Freshmuscl3","avatar":"https://static.truckersmp.com/avatarsN/5222182.1706276666.png"},"point":1650},{"user":{"uid":271,"userid":205,"name":"NastyCrash","avatar":"https://cdn.discordapp.com/avatars/1215071595232501851/d43c896a417d199036e552c12852794e.png"},"point":1521},{"user":{"uid":255,"userid":195,"name":"danl","avatar":"https://cdn.discordapp.com/avatars/109097646110552064/ecc38a9d813406d64511abb2d7bb05b8.png"},"point":1116},{"user":{"uid":234,"userid":178,"name":"Saga Virtanen","avatar":"https://static.truckersmp.com/avatarsN/343160.1685564872.png"},"point":1046},{"user":{"uid":213,"userid":163,"name":"Sponge Bob","avatar":"https://cdn.discordapp.com/avatars/1019561099177234442/4e1af3ca1711ef51cd37aaf06e929133.png"},"point":863},{"user":{"uid":154,"userid":119,"name":"WhatsAptyp","avatar":"https://cdn.discordapp.com/avatars/755731783030407199/21bf829739ff5cb6fa0c9f6a11773ec3.png"},"point":572},{"user":{"uid":214,"userid":164,"name":"hamez","avatar":""},"point":540},{"user":{"uid":260,"userid":198,"name":"TJ2006","avatar":"https://cdn.discordapp.com/avatars/405456778772480001/929852eed2b7943bbbde706a2a381e14.png"},"point":448},{"user":{"uid":163,"userid":124,"name":"N1CK904","avatar":"https://cdn.discordapp.com/avatars/1056467542824206346/382880aa0ba504228fe5c5478bda93b2.png"},"point":50},{"user":{"uid":222,"userid":171,"name":"DRAKNESS","avatar":"https://cdn.discordapp.com/avatars/191435261777936384/cde25647f4a18c5f7427ee26497adb09.png"},"point":29},{"user":{"uid":106,"userid":81,"name":"Eman1234","avatar":"https://cdn.discordapp.com/avatars/1080554850699444255/d096291062d241160beffdcd8f0e5f36.png"},"point":8},{"user":{"uid":267,"userid":203,"name":"Sticks","avatar":"https://cdn.discordapp.com/avatars/1017196087276220447/69432ca72ed34db31f7a0cb99c8fbdae.png"},"point":0}]}