{"fmd":[{"user":{"uid":136,"userid":121,"name":"Fuzzi_One","avatar":"https://avatars.steamstatic.com/80dc5c843904a69c82033fa7600d24e61dc9b370_full.jpg"},"point":11226},{"user":{"uid":104,"userid":92,"name":"Mario","avatar":""},"point":11028},{"user":{"uid":151,"userid":136,"name":"rosiilein","avatar":"https://avatars.steamstatic.com/fef49e7fa7e1997310d705b2a6158ff8dc1cdfeb_full.jpg"},"point":10659},{"user":{"uid":169,"userid":153,"name":"Ca24","avatar":"https://avatars.steamstatic.com/fef49e7fa7e1997310d705b2a6158ff8dc1cdfeb_full.jpg"},"point":5448},{"user":{"uid":28,"userid":21,"name":"Lenkradgreifer / Peter","avatar":"https://avatars.steamstatic.com/acf67207768cdc5be5f09aca6a9f7830bf27d6f7_full.jpg"},"point":4225},{"user":{"uid":165,"userid":147,"name":"Bernd.R","avatar":"https://avatars.steamstatic.com/1632837e2e6f9bff2970254d35d06bae45d9a395_full.jpg"},"point":4005},{"user":{"uid":6,"userid":6,"name":"Rom77","avatar":"https://avatars.steamstatic.com/c949ed9e884ddd730097bfe8848bdc3fb152f582_full.jpg"},"point":3081},{"user":{"uid":171,"userid":154,"name":"dom_binda","avatar":"https://avatars.steamstatic.com/850c742b99f1bd3b7e51baab91a51db1ac4e08c8_full.jpg"},"point":2941},{"user":{"uid":148,"userid":133,"name":"justin__zockt","avatar":"https://avatars.steamstatic.com/8f6916be3dcc60a0c3e9391276bce389a138b83a_full.jpg"},"point":2900},{"user":{"uid":62,"userid":55,"name":"Uhtred Ragnarson","avatar":"https://avatars.steamstatic.com/5ac96193edf39f0e7071bf69bf710db4a2352465_full.jpg"},"point":2546},{"user":{"uid":143,"userid":128,"name":"Tomm82m","avatar":"https://avatars.steamstatic.com/70845c436d1d1acef2a024c0a46d21d53c13eda5_full.jpg"},"point":2535},{"user":{"uid":26,"userid":33,"name":"[RSL] Mambo","avatar":"https://cdn.discordapp.com/avatars/768651199607734294/a_ee77029fae0aa73c1dacc5bae7a62aac.gif"},"point":2370},{"user":{"uid":50,"userid":43,"name":"Tarial","avatar":"https://avatars.steamstatic.com/c3829d514710543c20c3a2f18b3820418db458ca_full.jpg"},"point":2140},{"user":{"uid":77,"userid":69,"name":"petschu","avatar":"https://avatars.steamstatic.com/0b25d0c7ae09b25b5b8181b3759231284797f3df_full.jpg"},"point":2116},{"user":{"uid":38,"userid":27,"name":"elmundo1992","avatar":"https://avatars.steamstatic.com/54be38c13d0e7792de2af9a76c4e376766cf697a_full.jpg"},"point":2066},{"user":{"uid":32,"userid":35,"name":"[RSL] ChrisHB","avatar":"https://cdn.discordapp.com/avatars/366671506568380416/1d5eae9a69a984644203cc64ef87a14d.png"},"point":1992},{"user":{"uid":161,"userid":144,"name":"Marian","avatar":"https://cdn.discordapp.com/avatars/583290029909213184/24bc7994a80bd53bab469d683dd3a2d6.png"},"point":1625},{"user":{"uid":10,"userid":10,"name":"[RSL] -Anorak-","avatar":"https://cdn.discordapp.com/avatars/1211937272702697512/a_50597e0a2e786f55d56100f1a35257a7.gif"},"point":1469},{"user":{"uid":25,"userid":19,"name":"Razoraptor","avatar":"https://avatars.steamstatic.com/411f0a1d08563b0dcd648c344b113688287bfb1f_full.jpg"},"point":1376},{"user":{"uid":17,"userid":38,"name":"Julian","avatar":"https://avatars.steamstatic.com/bba9b676052e67e10f0ce8cec815c138e5c030b8_full.jpg"},"point":1185},{"user":{"uid":177,"userid":158,"name":"Kloppster","avatar":"https://avatars.steamstatic.com/32e721501b65adb28b8fe6c8cfd103215969ae49_full.jpg"},"point":991},{"user":{"uid":31,"userid":22,"name":"[RSL] Fun_irrenanstalt","avatar":""},"point":924},{"user":{"uid":112,"userid":97,"name":"Marko","avatar":"https://avatars.steamstatic.com/fef49e7fa7e1997310d705b2a6158ff8dc1cdfeb_full.jpg"},"point":924},{"user":{"uid":87,"userid":78,"name":"JonasMcPotter","avatar":"https://avatars.steamstatic.com/5a130ded2be398408680c2526b5408ce08d13834_full.jpg"},"point":923},{"user":{"uid":1,"userid":1,"name":"[RSL] Reamonn","avatar":"https://cdn.discordapp.com/avatars/208630023626817536/d6b5a101ffa2655e917e9e2ca950025a.png"},"point":922},{"user":{"uid":55,"userid":50,"name":"zogger9000","avatar":"https://static.truckersmp.com/avatarsN/defaultavatar.png"},"point":922},{"user":{"uid":175,"userid":156,"name":"Hennes","avatar":"https://avatars.steamstatic.com/95d8f1c00bbdc43e289e494f3dad027a6f930ac4_full.jpg"},"point":922},{"user":{"uid":75,"userid":67,"name":"GunGamerTV","avatar":"https://avatars.steamstatic.com/64ae1da41a9c51a5ab44c29f0b054b14123aabe4_full.jpg"},"point":857},{"user":{"uid":69,"userid":61,"name":"Cordova_901","avatar":"https://avatars.steamstatic.com/30fe0fec254500730ad4ec2c2284bb366cec6dac_full.jpg"},"point":796},{"user":{"uid":73,"userid":65,"name":"AlterSack","avatar":"https://avatars.steamstatic.com/dbb56f070d18b66129214d1ba8763e3b8d7f0aa8_full.jpg"},"point":716},{"user":{"uid":72,"userid":64,"name":"BoucBrutal","avatar":"https://avatars.steamstatic.com/3b0d8bbe6bc98d9e4405baafe0d341663e8d5bf1_full.jpg"},"point":589},{"user":{"uid":51,"userid":42,"name":"Holy Kiwinger <3™","avatar":"https://avatars.steamstatic.com/83d2ab083eb76aebed718fd01921fbe2af2b7e35_full.jpg"},"point":485},{"user":{"uid":132,"userid":117,"name":"!Pinocchio","avatar":"https://avatars.steamstatic.com/ad6d05f99b19d6a006f36db6008f93a6b4d5fe3a_full.jpg"},"point":461},{"user":{"uid":176,"userid":157,"name":"SKELETOR96","avatar":"https://avatars.steamstatic.com/e2de94aa5b303690fc34a2784287b2ea576b1250_full.jpg"},"point":459},{"user":{"uid":41,"userid":25,"name":"Marvin","avatar":"https://avatars.steamstatic.com/fef49e7fa7e1997310d705b2a6158ff8dc1cdfeb_full.jpg"},"point":365},{"user":{"uid":139,"userid":124,"name":"felix-menzler","avatar":"https://avatars.steamstatic.com/92f23da5d9678dfe7c3d530a1c449c98331a0cca_full.jpg"},"point":322},{"user":{"uid":46,"userid":37,"name":"GiiForce","avatar":"https://avatars.steamstatic.com/345c6ba953d6a7e56e2df6f319cbee50a72bf91d_full.jpg"},"point":70}],"fma":[{"user":{"uid":136,"userid":121,"name":"Fuzzi_One","avatar":"https://avatars.steamstatic.com/80dc5c843904a69c82033fa7600d24e61dc9b370_full.jpg"},"point":11226},{"user":{"uid":104,"userid":92,"name":"Mario","avatar":""},"point":11028},{"user":{"uid":151,"userid":136,"name":"rosiilein","avatar":"https://avatars.steamstatic.com/fef49e7fa7e1997310d705b2a6158ff8dc1cdfeb_full.jpg"},"point":10659},{"user":{"uid":169,"userid":153,"name":"Ca24","avatar":"https://avatars.steamstatic.com/fef49e7fa7e1997310d705b2a6158ff8dc1cdfeb_full.jpg"},"point":5448},{"user":{"uid":28,"userid":21,"name":"Lenkradgreifer / Peter","avatar":"https://avatars.steamstatic.com/acf67207768cdc5be5f09aca6a9f7830bf27d6f7_full.jpg"},"point":4225},{"user":{"uid":165,"userid":147,"name":"Bernd.R","avatar":"https://avatars.steamstatic.com/1632837e2e6f9bff2970254d35d06bae45d9a395_full.jpg"},"point":4005},{"user":{"uid":6,"userid":6,"name":"Rom77","avatar":"https://avatars.steamstatic.com/c949ed9e884ddd730097bfe8848bdc3fb152f582_full.jpg"},"point":3081},{"user":{"uid":171,"userid":154,"name":"dom_binda","avatar":"https://avatars.steamstatic.com/850c742b99f1bd3b7e51baab91a51db1ac4e08c8_full.jpg"},"point":2941},{"user":{"uid":148,"userid":133,"name":"justin__zockt","avatar":"https://avatars.steamstatic.com/8f6916be3dcc60a0c3e9391276bce389a138b83a_full.jpg"},"point":2900},{"user":{"uid":62,"userid":55,"name":"Uhtred Ragnarson","avatar":"https://avatars.steamstatic.com/5ac96193edf39f0e7071bf69bf710db4a2352465_full.jpg"},"point":2546},{"user":{"uid":143,"userid":128,"name":"Tomm82m","avatar":"https://avatars.steamstatic.com/70845c436d1d1acef2a024c0a46d21d53c13eda5_full.jpg"},"point":2535},{"user":{"uid":26,"userid":33,"name":"[RSL] Mambo","avatar":"https://cdn.discordapp.com/avatars/768651199607734294/a_ee77029fae0aa73c1dacc5bae7a62aac.gif"},"point":2370},{"user":{"uid":50,"userid":43,"name":"Tarial","avatar":"https://avatars.steamstatic.com/c3829d514710543c20c3a2f18b3820418db458ca_full.jpg"},"point":2140},{"user":{"uid":77,"userid":69,"name":"petschu","avatar":"https://avatars.steamstatic.com/0b25d0c7ae09b25b5b8181b3759231284797f3df_full.jpg"},"point":2116},{"user":{"uid":38,"userid":27,"name":"elmundo1992","avatar":"https://avatars.steamstatic.com/54be38c13d0e7792de2af9a76c4e376766cf697a_full.jpg"},"point":2066},{"user":{"uid":32,"userid":35,"name":"[RSL] ChrisHB","avatar":"https://cdn.discordapp.com/avatars/366671506568380416/1d5eae9a69a984644203cc64ef87a14d.png"},"point":1992},{"user":{"uid":161,"userid":144,"name":"Marian","avatar":"https://cdn.discordapp.com/avatars/583290029909213184/24bc7994a80bd53bab469d683dd3a2d6.png"},"point":1625},{"user":{"uid":10,"userid":10,"name":"[RSL] -Anorak-","avatar":"https://cdn.discordapp.com/avatars/1211937272702697512/a_50597e0a2e786f55d56100f1a35257a7.gif"},"point":1469},{"user":{"uid":25,"userid":19,"name":"Razoraptor","avatar":"https://avatars.steamstatic.com/411f0a1d08563b0dcd648c344b113688287bfb1f_full.jpg"},"point":1376},{"user":{"uid":17,"userid":38,"name":"Julian","avatar":"https://avatars.steamstatic.com/bba9b676052e67e10f0ce8cec815c138e5c030b8_full.jpg"},"point":1185},{"user":{"uid":177,"userid":158,"name":"Kloppster","avatar":"https://avatars.steamstatic.com/32e721501b65adb28b8fe6c8cfd103215969ae49_full.jpg"},"point":991},{"user":{"uid":31,"userid":22,"name":"[RSL] Fun_irrenanstalt","avatar":""},"point":924},{"user":{"uid":112,"userid":97,"name":"Marko","avatar":"https://avatars.steamstatic.com/fef49e7fa7e1997310d705b2a6158ff8dc1cdfeb_full.jpg"},"point":924},{"user":{"uid":87,"userid":78,"name":"JonasMcPotter","avatar":"https://avatars.steamstatic.com/5a130ded2be398408680c2526b5408ce08d13834_full.jpg"},"point":923},{"user":{"uid":1,"userid":1,"name":"[RSL] Reamonn","avatar":"https://cdn.discordapp.com/avatars/208630023626817536/d6b5a101ffa2655e917e9e2ca950025a.png"},"point":922},{"user":{"uid":55,"userid":50,"name":"zogger9000","avatar":"https://static.truckersmp.com/avatarsN/defaultavatar.png"},"point":922},{"user":{"uid":175,"userid":156,"name":"Hennes","avatar":"https://avatars.steamstatic.com/95d8f1c00bbdc43e289e494f3dad027a6f930ac4_full.jpg"},"point":922},{"user":{"uid":75,"userid":67,"name":"GunGamerTV","avatar":"https://avatars.steamstatic.com/64ae1da41a9c51a5ab44c29f0b054b14123aabe4_full.jpg"},"point":857},{"user":{"uid":69,"userid":61,"name":"Cordova_901","avatar":"https://avatars.steamstatic.com/30fe0fec254500730ad4ec2c2284bb366cec6dac_full.jpg"},"point":796},{"user":{"uid":73,"userid":65,"name":"AlterSack","avatar":"https://avatars.steamstatic.com/dbb56f070d18b66129214d1ba8763e3b8d7f0aa8_full.jpg"},"point":716},{"user":{"uid":72,"userid":64,"name":"BoucBrutal","avatar":"https://avatars.steamstatic.com/3b0d8bbe6bc98d9e4405baafe0d341663e8d5bf1_full.jpg"},"point":589},{"user":{"uid":51,"userid":42,"name":"Holy Kiwinger <3™","avatar":"https://avatars.steamstatic.com/83d2ab083eb76aebed718fd01921fbe2af2b7e35_full.jpg"},"point":485},{"user":{"uid":132,"userid":117,"name":"!Pinocchio","avatar":"https://avatars.steamstatic.com/ad6d05f99b19d6a006f36db6008f93a6b4d5fe3a_full.jpg"},"point":461},{"user":{"uid":176,"userid":157,"name":"SKELETOR96","avatar":"https://avatars.steamstatic.com/e2de94aa5b303690fc34a2784287b2ea576b1250_full.jpg"},"point":459},{"user":{"uid":41,"userid":25,"name":"Marvin","avatar":"https://avatars.steamstatic.com/fef49e7fa7e1997310d705b2a6158ff8dc1cdfeb_full.jpg"},"point":365},{"user":{"uid":139,"userid":124,"name":"felix-menzler","avatar":"https://avatars.steamstatic.com/92f23da5d9678dfe7c3d530a1c449c98331a0cca_full.jpg"},"point":322},{"user":{"uid":99,"userid":110,"name":"[RSL]Albanr.9","avatar":"https://avatars.steamstatic.com/b3773af8338e7a36b55ec298e6dee7f4e0cd9aa0_full.jpg"},"point":200},{"user":{"uid":46,"userid":37,"name":"GiiForce","avatar":"https://avatars.steamstatic.com/345c6ba953d6a7e56e2df6f319cbee50a72bf91d_full.jpg"},"point":70}]}