{"fmd":[{"user":{"uid":16,"userid":16,"name":"Mxchine","avatar":"https://cdn.discordapp.com/avatars/474235253196587008/f1e9c5b7333c7077311269649e3da964.png"},"point":2011},{"user":{"uid":3,"userid":3,"name":"HunterM7","avatar":"https://static.truckersmp.com/avatarsN/1409042.1708826162.png"},"point":1068},{"user":{"uid":6,"userid":6,"name":"Turnerr","avatar":"https://cdn.discordapp.com/avatars/312631180811960323/c949424f0736baed8a5224440edd7a6f.png"},"point":691}],"fma":[{"user":{"uid":16,"userid":16,"name":"Mxchine","avatar":"https://cdn.discordapp.com/avatars/474235253196587008/f1e9c5b7333c7077311269649e3da964.png"},"point":2311},{"user":{"uid":3,"userid":3,"name":"HunterM7","avatar":"https://static.truckersmp.com/avatarsN/1409042.1708826162.png"},"point":1279},{"user":{"uid":6,"userid":6,"name":"Turnerr","avatar":"https://cdn.discordapp.com/avatars/312631180811960323/c949424f0736baed8a5224440edd7a6f.png"},"point":991},{"user":{"uid":1,"userid":1,"name":"Marky","avatar":"https://cdn.discordapp.com/avatars/689263232204144772/247b7a4b1d49ff1dbb6a47a511bd2856.png"},"point":200},{"user":{"uid":5,"userid":5,"name":"UhNikez","avatar":"https://cdn.discordapp.com/avatars/516646179724066816/a_7043de204e579b64955005813b155de2.gif"},"point":200},{"user":{"uid":14,"userid":14,"name":"kylebeast_20","avatar":"https://cdn.discordapp.com/avatars/718190426821099560/303e629c5dea34ae07a573359efde413.png"},"point":200},{"user":{"uid":15,"userid":15,"name":"thomson18","avatar":"https://cdn.discordapp.com/avatars/598517721239650305/658257a4f6c8b083170d9af190f5829c.png"},"point":200}]}