{"fmd":[{"user":{"uid":4,"userid":2,"name":"{Wild Hogz} A1 Canadian","avatar":"https://cdn.discordapp.com/avatars/212943181858209792/8ae2deba5c05a595e3f4f725cf0a110c.png"},"point":8764},{"user":{"uid":5,"userid":3,"name":"{Wild Hogz} Dennisthe8th","avatar":"https://cdn.discordapp.com/avatars/575015095894016014/69fc086441725970662f0b9ba9bf5e32.png"},"point":6270},{"user":{"uid":46,"userid":37,"name":"MysticalKief","avatar":"https://static.truckersmp.com/avatarsN/5392881.1708315948.jpeg"},"point":3998},{"user":{"uid":8,"userid":6,"name":"{Wild Hogz} Murdernova256","avatar":"https://cdn.discordapp.com/avatars/549931745584349185/9647aabac5de7bc6ca63f26696871246.png"},"point":3472},{"user":{"uid":42,"userid":35,"name":"{Wild Hogz} Kazuhira","avatar":"https://cdn.discordapp.com/avatars/225785171977175051/779111ac52e92c35a220db70980ab7e0.png"},"point":2765},{"user":{"uid":26,"userid":22,"name":"{Wild Hogz} Papa Pitbull","avatar":"https://cdn.discordapp.com/avatars/551884638939906058/33a88bf5abd6ffcaa757f71c4fcf1eac.png"},"point":2764},{"user":{"uid":6,"userid":4,"name":"{Wild Hogz} xBoss Hogx","avatar":"https://cdn.discordapp.com/avatars/395641245973741570/1d2f3aa509dfa1d50abcd99dc298bcf2.png"},"point":1418},{"user":{"uid":1,"userid":1,"name":"{Wild Hogz} Chappy1225","avatar":"https://cdn.discordapp.com/avatars/480244047311667201/b51db2fc9e7e314933519021bee4ae3e.png"},"point":932},{"user":{"uid":9,"userid":7,"name":"{Wild Hogz} TACOMAN","avatar":"https://cdn.discordapp.com/avatars/935175174700040252/03b7f8a6f6208443dd4eaabd052edd16.png"},"point":731}],"fma":[{"user":{"uid":4,"userid":2,"name":"{Wild Hogz} A1 Canadian","avatar":"https://cdn.discordapp.com/avatars/212943181858209792/8ae2deba5c05a595e3f4f725cf0a110c.png"},"point":9764},{"user":{"uid":5,"userid":3,"name":"{Wild Hogz} Dennisthe8th","avatar":"https://cdn.discordapp.com/avatars/575015095894016014/69fc086441725970662f0b9ba9bf5e32.png"},"point":6270},{"user":{"uid":46,"userid":37,"name":"MysticalKief","avatar":"https://static.truckersmp.com/avatarsN/5392881.1708315948.jpeg"},"point":4548},{"user":{"uid":8,"userid":6,"name":"{Wild Hogz} Murdernova256","avatar":"https://cdn.discordapp.com/avatars/549931745584349185/9647aabac5de7bc6ca63f26696871246.png"},"point":3472},{"user":{"uid":42,"userid":35,"name":"{Wild Hogz} Kazuhira","avatar":"https://cdn.discordapp.com/avatars/225785171977175051/779111ac52e92c35a220db70980ab7e0.png"},"point":3265},{"user":{"uid":26,"userid":22,"name":"{Wild Hogz} Papa Pitbull","avatar":"https://cdn.discordapp.com/avatars/551884638939906058/33a88bf5abd6ffcaa757f71c4fcf1eac.png"},"point":3264},{"user":{"uid":6,"userid":4,"name":"{Wild Hogz} xBoss Hogx","avatar":"https://cdn.discordapp.com/avatars/395641245973741570/1d2f3aa509dfa1d50abcd99dc298bcf2.png"},"point":1418},{"user":{"uid":1,"userid":1,"name":"{Wild Hogz} Chappy1225","avatar":"https://cdn.discordapp.com/avatars/480244047311667201/b51db2fc9e7e314933519021bee4ae3e.png"},"point":932},{"user":{"uid":9,"userid":7,"name":"{Wild Hogz} TACOMAN","avatar":"https://cdn.discordapp.com/avatars/935175174700040252/03b7f8a6f6208443dd4eaabd052edd16.png"},"point":731}]}