{"fmd":[{"user":{"uid":1382,"userid":847,"name":"Aeroplane","avatar":"https://cdn.discordapp.com/avatars/919580354736705617/cd8c60e397730ab82e685faaf72d3c77.png"},"point":6858},{"user":{"uid":1039,"userid":637,"name":"Dutchman6149","avatar":"https://cdn.discordapp.com/avatars/1089970918169776317/518899061d0c7aa71638cf2a46dfa547.png"},"point":3786},{"user":{"uid":1316,"userid":807,"name":"Gota","avatar":"https://cdn.discordapp.com/avatars/167291299693723648/beb31f691ab4478e3268181a76f3a451.png"},"point":3414},{"user":{"uid":1456,"userid":899,"name":"Fean","avatar":"https://cdn.discordapp.com/avatars/508717226690478081/e7645881dc32e71c57dc44ac1c2c3d6d.png"},"point":3056},{"user":{"uid":971,"userid":604,"name":"patriotic clone trooper","avatar":"https://cdn.discordapp.com/avatars/577748827470168075/3f3c57f906d80e80dff8ed6e54c70d25.png"},"point":2978},{"user":{"uid":1291,"userid":792,"name":"Zachey","avatar":"https://cdn.discordapp.com/avatars/612403127517315072/893927ce746b4f8b330c12123026fec5.png"},"point":2852},{"user":{"uid":892,"userid":567,"name":"KuroSerpent","avatar":"https://cdn.discordapp.com/avatars/249645812726890497/a_21c0489bbb0c99be7db8bbbfb1ed5e85.gif"},"point":2345},{"user":{"uid":1414,"userid":870,"name":"Azure Phantom","avatar":"https://avatars.steamstatic.com/8a78a24d3ae3031caf2695bc4dede2d6eb7af7cf_full.jpg"},"point":1839},{"user":{"uid":1411,"userid":867,"name":"Coolengineer","avatar":"https://cdn.discordapp.com/avatars/247159248272752640/59e18cf589e2aaee61edb8d0a62b6b48.png"},"point":1768},{"user":{"uid":171,"userid":858,"name":"Jean #1 Renault Trucks fan","avatar":"https://cdn.discordapp.com/avatars/729830742418260028/532c688a0a373a5f36342f13030652be.png"},"point":1767},{"user":{"uid":1253,"userid":769,"name":"Sunny","avatar":"https://cdn.discordapp.com/avatars/335148756653572098/00a5292662c6be574ce781717de8bfeb.png"},"point":1697},{"user":{"uid":1461,"userid":901,"name":"OSSIPEDIA","avatar":"https://cdn.discordapp.com/avatars/507338888671395860/5be81c1884195f5051cb12326bfbb8f9.png"},"point":1641},{"user":{"uid":1034,"userid":635,"name":"fox_bot","avatar":"https://cdn.discordapp.com/avatars/673289306424475659/6760c43d2e087fd99eeef160473251a3.png"},"point":1471},{"user":{"uid":619,"userid":418,"name":"NumberHunter91","avatar":"https://cdn.discordapp.com/avatars/276407067223392256/c656134c8d2a712de1b2dbaf3856e995.png"},"point":1432},{"user":{"uid":1458,"userid":900,"name":"Beedog743","avatar":"https://cdn.discordapp.com/avatars/220336049082073088/ff94f0776f1b99318f32d0a961b942d7.png"},"point":1403},{"user":{"uid":1061,"userid":656,"name":"Thy Night Owl","avatar":"https://cdn.discordapp.com/avatars/678366200312496154/7e3c44efb2393e0a9a4b593cb42f936d.png"},"point":1193},{"user":{"uid":1457,"userid":898,"name":"Evil Fuzion","avatar":"https://cdn.discordapp.com/avatars/190097876972470273/2540bb21830ff6d4b38cb2d91e42f064.png"},"point":930},{"user":{"uid":1245,"userid":764,"name":"Eiffel Tower Owner","avatar":"https://cdn.discordapp.com/avatars/909015760347734036/c8847952f95c26f402e44d41e997c8cd.png"},"point":832},{"user":{"uid":159,"userid":312,"name":"SugarFr33","avatar":"https://cdn.discordapp.com/avatars/201772157087383553/f9067034f4df1893aef1e1bf739998d1.png"},"point":819},{"user":{"uid":596,"userid":403,"name":"x3menzi_","avatar":"https://cdn.discordapp.com/avatars/1028633597445423154/22bddd650b8215e87d17f076de904893.png"},"point":679},{"user":{"uid":1227,"userid":751,"name":"Arctee","avatar":"https://avatars.steamstatic.com/1c420d178f66d4691b32a82a49ec20a7825e74d9_full.jpg"},"point":522},{"user":{"uid":1390,"userid":856,"name":"LJFundzz","avatar":"https://cdn.discordapp.com/avatars/1164197661897937026/a96645fb3e8cb223bba5d871e140e917.png"},"point":434},{"user":{"uid":119,"userid":258,"name":"LordLegend","avatar":"https://cdn.discordapp.com/avatars/507573290995417108/294e2517c647c3c8703945fbc200afcd.png"},"point":428},{"user":{"uid":2,"userid":1,"name":"Shadows","avatar":"https://cdn.discordapp.com/avatars/763197983797149726/0b354643c3176f343b4337cda14d8820.png"},"point":410},{"user":{"uid":866,"userid":550,"name":"RoudeLéiw","avatar":"https://cdn.discordapp.com/avatars/497412687257534464/53a76d2cc11ce4a0171c5d1f84df139a.png"},"point":356},{"user":{"uid":1305,"userid":799,"name":"MinoRoss","avatar":"https://cdn.discordapp.com/avatars/707509306517487626/54229c31f2d6e957fb24f0faad0a7adb.png"},"point":323},{"user":{"uid":793,"userid":516,"name":"Yeltta","avatar":"https://cdn.discordapp.com/avatars/1091420988115259442/e754a9767deffcf8b01f23c55dd3da46.png"},"point":320},{"user":{"uid":968,"userid":602,"name":"Svampen Bob","avatar":"https://cdn.discordapp.com/avatars/323528455209877505/bd28ff6f721d0a3c44f06e7301bb8ff4.png"},"point":180},{"user":{"uid":3,"userid":2,"name":"Delta","avatar":"https://cdn.discordapp.com/avatars/710535657650651157/e21a44412b740e2e3bba4f4cc015a9e8.png"},"point":0},{"user":{"uid":1192,"userid":724,"name":"Koskee","avatar":"https://cdn.discordapp.com/avatars/836575095664410654/34bd5b395ebc17c4ca0d51b982cb0a7b.png"},"point":0},{"user":{"uid":1287,"userid":791,"name":"#ChansiriOut | SWFCOwls","avatar":"https://cdn.discordapp.com/avatars/663075204121100290/9d48211708d09004febab6e0af6fc665.png"},"point":0}],"fma":[{"user":{"uid":1382,"userid":847,"name":"Aeroplane","avatar":"https://cdn.discordapp.com/avatars/919580354736705617/cd8c60e397730ab82e685faaf72d3c77.png"},"point":17041},{"user":{"uid":1316,"userid":807,"name":"Gota","avatar":"https://cdn.discordapp.com/avatars/167291299693723648/beb31f691ab4478e3268181a76f3a451.png"},"point":8808},{"user":{"uid":1291,"userid":792,"name":"Zachey","avatar":"https://cdn.discordapp.com/avatars/612403127517315072/893927ce746b4f8b330c12123026fec5.png"},"point":5499},{"user":{"uid":1039,"userid":637,"name":"Dutchman6149","avatar":"https://cdn.discordapp.com/avatars/1089970918169776317/518899061d0c7aa71638cf2a46dfa547.png"},"point":4259},{"user":{"uid":619,"userid":418,"name":"NumberHunter91","avatar":"https://cdn.discordapp.com/avatars/276407067223392256/c656134c8d2a712de1b2dbaf3856e995.png"},"point":4243},{"user":{"uid":119,"userid":258,"name":"LordLegend","avatar":"https://cdn.discordapp.com/avatars/507573290995417108/294e2517c647c3c8703945fbc200afcd.png"},"point":3980},{"user":{"uid":171,"userid":858,"name":"Jean #1 Renault Trucks fan","avatar":"https://cdn.discordapp.com/avatars/729830742418260028/532c688a0a373a5f36342f13030652be.png"},"point":3801},{"user":{"uid":1253,"userid":769,"name":"Sunny","avatar":"https://cdn.discordapp.com/avatars/335148756653572098/00a5292662c6be574ce781717de8bfeb.png"},"point":3457},{"user":{"uid":971,"userid":604,"name":"patriotic clone trooper","avatar":"https://cdn.discordapp.com/avatars/577748827470168075/3f3c57f906d80e80dff8ed6e54c70d25.png"},"point":3231},{"user":{"uid":1456,"userid":899,"name":"Fean","avatar":"https://cdn.discordapp.com/avatars/508717226690478081/e7645881dc32e71c57dc44ac1c2c3d6d.png"},"point":3187},{"user":{"uid":892,"userid":567,"name":"KuroSerpent","avatar":"https://cdn.discordapp.com/avatars/249645812726890497/a_21c0489bbb0c99be7db8bbbfb1ed5e85.gif"},"point":2856},{"user":{"uid":1061,"userid":656,"name":"Thy Night Owl","avatar":"https://cdn.discordapp.com/avatars/678366200312496154/7e3c44efb2393e0a9a4b593cb42f936d.png"},"point":2693},{"user":{"uid":1034,"userid":635,"name":"fox_bot","avatar":"https://cdn.discordapp.com/avatars/673289306424475659/6760c43d2e087fd99eeef160473251a3.png"},"point":2685},{"user":{"uid":1411,"userid":867,"name":"Coolengineer","avatar":"https://cdn.discordapp.com/avatars/247159248272752640/59e18cf589e2aaee61edb8d0a62b6b48.png"},"point":2007},{"user":{"uid":1414,"userid":870,"name":"Azure Phantom","avatar":"https://avatars.steamstatic.com/8a78a24d3ae3031caf2695bc4dede2d6eb7af7cf_full.jpg"},"point":1887},{"user":{"uid":1461,"userid":901,"name":"OSSIPEDIA","avatar":"https://cdn.discordapp.com/avatars/507338888671395860/5be81c1884195f5051cb12326bfbb8f9.png"},"point":1682},{"user":{"uid":924,"userid":576,"name":"🌈Hearty_Laces🌈They/Them","avatar":"https://cdn.discordapp.com/avatars/461978281906929675/a_8a1b92c021299d4453d7c81805b7a9d5.gif"},"point":1642},{"user":{"uid":1457,"userid":898,"name":"Evil Fuzion","avatar":"https://cdn.discordapp.com/avatars/190097876972470273/2540bb21830ff6d4b38cb2d91e42f064.png"},"point":1465},{"user":{"uid":1458,"userid":900,"name":"Beedog743","avatar":"https://cdn.discordapp.com/avatars/220336049082073088/ff94f0776f1b99318f32d0a961b942d7.png"},"point":1422},{"user":{"uid":1105,"userid":675,"name":"Jack3D60","avatar":"https://cdn.discordapp.com/avatars/805496381754048572/bcf10ae824b274e1c532971dcb857977.png"},"point":1298},{"user":{"uid":1305,"userid":799,"name":"MinoRoss","avatar":"https://cdn.discordapp.com/avatars/707509306517487626/54229c31f2d6e957fb24f0faad0a7adb.png"},"point":1191},{"user":{"uid":1227,"userid":751,"name":"Arctee","avatar":"https://avatars.steamstatic.com/1c420d178f66d4691b32a82a49ec20a7825e74d9_full.jpg"},"point":1082},{"user":{"uid":159,"userid":312,"name":"SugarFr33","avatar":"https://cdn.discordapp.com/avatars/201772157087383553/f9067034f4df1893aef1e1bf739998d1.png"},"point":913},{"user":{"uid":2,"userid":1,"name":"Shadows","avatar":"https://cdn.discordapp.com/avatars/763197983797149726/0b354643c3176f343b4337cda14d8820.png"},"point":910},{"user":{"uid":1245,"userid":764,"name":"Eiffel Tower Owner","avatar":"https://cdn.discordapp.com/avatars/909015760347734036/c8847952f95c26f402e44d41e997c8cd.png"},"point":894},{"user":{"uid":596,"userid":403,"name":"x3menzi_","avatar":"https://cdn.discordapp.com/avatars/1028633597445423154/22bddd650b8215e87d17f076de904893.png"},"point":679},{"user":{"uid":87,"userid":203,"name":"pvfcmatt1","avatar":"https://cdn.discordapp.com/avatars/668822602806198278/eb4c4684efc13d2a58ddeae555edc5a7.png"},"point":626},{"user":{"uid":1390,"userid":856,"name":"LJFundzz","avatar":"https://cdn.discordapp.com/avatars/1164197661897937026/a96645fb3e8cb223bba5d871e140e917.png"},"point":434},{"user":{"uid":112,"userid":657,"name":"zatrisss","avatar":"https://cdn.discordapp.com/avatars/270114281280765956/4dc89eaaac37811ab06058499942981b.png"},"point":397},{"user":{"uid":866,"userid":550,"name":"RoudeLéiw","avatar":"https://cdn.discordapp.com/avatars/497412687257534464/53a76d2cc11ce4a0171c5d1f84df139a.png"},"point":356},{"user":{"uid":870,"userid":553,"name":"evilzocken","avatar":"https://cdn.discordapp.com/avatars/665665436678881280/25d7fd2d1432b799ac4b37a8d7592c6a.png"},"point":338},{"user":{"uid":793,"userid":516,"name":"Yeltta","avatar":"https://cdn.discordapp.com/avatars/1091420988115259442/e754a9767deffcf8b01f23c55dd3da46.png"},"point":320},{"user":{"uid":671,"userid":448,"name":"Rocky","avatar":"https://cdn.discordapp.com/avatars/508226509744635904/6696b0bd9167804479c233924b375fa1.png"},"point":275},{"user":{"uid":968,"userid":602,"name":"Svampen Bob","avatar":"https://cdn.discordapp.com/avatars/323528455209877505/bd28ff6f721d0a3c44f06e7301bb8ff4.png"},"point":180},{"user":{"uid":3,"userid":2,"name":"Delta","avatar":"https://cdn.discordapp.com/avatars/710535657650651157/e21a44412b740e2e3bba4f4cc015a9e8.png"},"point":0},{"user":{"uid":1192,"userid":724,"name":"Koskee","avatar":"https://cdn.discordapp.com/avatars/836575095664410654/34bd5b395ebc17c4ca0d51b982cb0a7b.png"},"point":0},{"user":{"uid":1287,"userid":791,"name":"#ChansiriOut | SWFCOwls","avatar":"https://cdn.discordapp.com/avatars/663075204121100290/9d48211708d09004febab6e0af6fc665.png"},"point":0}]}