{"fmd":[{"user":{"uid":10,"userid":11,"name":"Xavogad","avatar":"https://cdn.discordapp.com/avatars/742325632691863564/8d806af82b9a597d6538e72fd8e9bdae.png"},"point":1688},{"user":{"uid":82,"userid":99,"name":"PepyNox 🤖","avatar":"https://cdn.discordapp.com/avatars/261473263752839168/a_32058670e7fcdb9136bb159147e62d09.gif"},"point":1555},{"user":{"uid":19,"userid":22,"name":"Garmy","avatar":"https://cdn.discordapp.com/avatars/537294435617341451/513dcf25a48a7f737f1643ad3c103e65.png"},"point":1142},{"user":{"uid":460,"userid":245,"name":"Malinois","avatar":"https://cdn.discordapp.com/avatars/674758857154887710/9984f9f4d45a58816391042a4ec4d2da.png"},"point":1073},{"user":{"uid":364,"userid":215,"name":"[MCG] Danish_v8","avatar":"https://static.truckersmp.com/avatarsN/3882826.1651322428.jpg"},"point":698},{"user":{"uid":278,"userid":188,"name":"abatata.","avatar":"https://cdn.discordapp.com/avatars/835078651853930507/76d4f002428f5c6559f6df82889f2ae5.png"},"point":615},{"user":{"uid":113,"userid":138,"name":"Valentin | ☯","avatar":"https://cdn.discordapp.com/avatars/541192182116253717/0350657a9bb4ace10c520a758fdea4b2.png"},"point":568},{"user":{"uid":15,"userid":17,"name":"Aashraye","avatar":"https://cdn.discordapp.com/avatars/514799622510739456/a_9fa635cb53a66b5da365a010bbced50e.gif"},"point":507},{"user":{"uid":14,"userid":15,"name":"Cel","avatar":"https://cdn.discordapp.com/avatars/388906563043065861/ea2e630b6ace3b5676e334f4f61e039f.png"},"point":226},{"user":{"uid":499,"userid":259,"name":"fluxity","avatar":"https://cdn.discordapp.com/avatars/518809895198392345/eb0bed3b6b469eb7589bd6bb8e403d0d.png"},"point":194},{"user":{"uid":470,"userid":253,"name":"[MCG] Lucasg4329 [FR]","avatar":"https://static.truckersmp.com/avatarsN/defaultavatar.png"},"point":68}],"fma":[{"user":{"uid":10,"userid":11,"name":"Xavogad","avatar":"https://cdn.discordapp.com/avatars/742325632691863564/8d806af82b9a597d6538e72fd8e9bdae.png"},"point":1688},{"user":{"uid":82,"userid":99,"name":"PepyNox 🤖","avatar":"https://cdn.discordapp.com/avatars/261473263752839168/a_32058670e7fcdb9136bb159147e62d09.gif"},"point":1555},{"user":{"uid":19,"userid":22,"name":"Garmy","avatar":"https://cdn.discordapp.com/avatars/537294435617341451/513dcf25a48a7f737f1643ad3c103e65.png"},"point":1142},{"user":{"uid":460,"userid":245,"name":"Malinois","avatar":"https://cdn.discordapp.com/avatars/674758857154887710/9984f9f4d45a58816391042a4ec4d2da.png"},"point":1073},{"user":{"uid":364,"userid":215,"name":"[MCG] Danish_v8","avatar":"https://static.truckersmp.com/avatarsN/3882826.1651322428.jpg"},"point":698},{"user":{"uid":278,"userid":188,"name":"abatata.","avatar":"https://cdn.discordapp.com/avatars/835078651853930507/76d4f002428f5c6559f6df82889f2ae5.png"},"point":615},{"user":{"uid":113,"userid":138,"name":"Valentin | ☯","avatar":"https://cdn.discordapp.com/avatars/541192182116253717/0350657a9bb4ace10c520a758fdea4b2.png"},"point":568},{"user":{"uid":15,"userid":17,"name":"Aashraye","avatar":"https://cdn.discordapp.com/avatars/514799622510739456/a_9fa635cb53a66b5da365a010bbced50e.gif"},"point":507},{"user":{"uid":14,"userid":15,"name":"Cel","avatar":"https://cdn.discordapp.com/avatars/388906563043065861/ea2e630b6ace3b5676e334f4f61e039f.png"},"point":226},{"user":{"uid":499,"userid":259,"name":"fluxity","avatar":"https://cdn.discordapp.com/avatars/518809895198392345/eb0bed3b6b469eb7589bd6bb8e403d0d.png"},"point":194},{"user":{"uid":470,"userid":253,"name":"[MCG] Lucasg4329 [FR]","avatar":"https://static.truckersmp.com/avatarsN/defaultavatar.png"},"point":68}]}