{"fmd":[{"user":{"uid":636,"userid":513,"name":"MementoMori","avatar":"https://cdn.discordapp.com/avatars/978142750681731182/884e73c1f41e29c7cc3518441545a1f8.png"},"point":3395},{"user":{"uid":664,"userid":533,"name":"Oscar","avatar":"https://cdn.discordapp.com/avatars/753279277679640647/469bd493af1db8a90fc0fe5b999147a1.png"},"point":1926},{"user":{"uid":680,"userid":545,"name":"Chloee <3","avatar":"https://cdn.discordapp.com/avatars/942134177728458839/7fdb30ffe59ce3f1b4fc3c3d88eeeae1.png"},"point":1874},{"user":{"uid":679,"userid":544,"name":"Beau…","avatar":"https://cdn.discordapp.com/avatars/1029512908549394503/ba01ba3bd03dd82326a7395e5b12c88d.png"},"point":1624},{"user":{"uid":25,"userid":96,"name":"[G-T-R]GrayWolf","avatar":"https://cdn.discordapp.com/avatars/463049453067173888/93e0f855de1c1bcdf6924d45b1789338.png"},"point":1541},{"user":{"uid":539,"userid":436,"name":"Pyrozen","avatar":"https://cdn.discordapp.com/avatars/161364596987265024/a_5fb233aca7be875c38d65789539f1b87.gif"},"point":1454},{"user":{"uid":463,"userid":380,"name":"nightwolf64","avatar":"https://cdn.discordapp.com/avatars/869142578514259979/45017b37b3e500d5861ec6491b471cf3.png"},"point":1426},{"user":{"uid":678,"userid":543,"name":"Poco","avatar":"https://cdn.discordapp.com/avatars/396291126002188298/26e461e154bf9db4d6fc492c395aaa65.png"},"point":1158},{"user":{"uid":675,"userid":539,"name":"gamer2dk","avatar":"https://cdn.discordapp.com/avatars/888475573284925461/02a35533764a55b05b0d49a7155adad3.png"},"point":876},{"user":{"uid":609,"userid":490,"name":"ralkinvx","avatar":"https://cdn.discordapp.com/avatars/626276063609225221/cdf27d657698337dc22e9a4ba4736900.png"},"point":844},{"user":{"uid":579,"userid":466,"name":"pieter.64","avatar":"https://cdn.discordapp.com/avatars/324877891852828683/00632119b31752fcb8171bbb4279d1f8.png"},"point":497},{"user":{"uid":595,"userid":479,"name":"Championrub","avatar":"https://cdn.discordapp.com/avatars/811982277474123786/57632d6c13f4de8235b03acd0aba016e.png"},"point":490},{"user":{"uid":396,"userid":331,"name":"Lucas","avatar":"https://cdn.discordapp.com/avatars/1004644388888117258/ea826f4f3083b8b805c29d765c52e04f.png"},"point":351},{"user":{"uid":260,"userid":221,"name":"NotPika","avatar":"https://cdn.discordapp.com/avatars/1067827165556650024/47c9f5f730ebb99916f6373cf7ec75ef.png"},"point":115},{"user":{"uid":643,"userid":518,"name":"modunga fodunga","avatar":"https://cdn.discordapp.com/avatars/975800453986136114/4b29d690fbcaea1ab4410acbcc0ba316.png"},"point":70},{"user":{"uid":68,"userid":176,"name":"Ammaar","avatar":"https://cdn.discordapp.com/avatars/611183396210737167/83c6d8f59f35509744d9eb2b420625ee.png"},"point":0}],"fma":[{"user":{"uid":636,"userid":513,"name":"MementoMori","avatar":"https://cdn.discordapp.com/avatars/978142750681731182/884e73c1f41e29c7cc3518441545a1f8.png"},"point":4551},{"user":{"uid":25,"userid":96,"name":"[G-T-R]GrayWolf","avatar":"https://cdn.discordapp.com/avatars/463049453067173888/93e0f855de1c1bcdf6924d45b1789338.png"},"point":2521},{"user":{"uid":664,"userid":533,"name":"Oscar","avatar":"https://cdn.discordapp.com/avatars/753279277679640647/469bd493af1db8a90fc0fe5b999147a1.png"},"point":1926},{"user":{"uid":680,"userid":545,"name":"Chloee <3","avatar":"https://cdn.discordapp.com/avatars/942134177728458839/7fdb30ffe59ce3f1b4fc3c3d88eeeae1.png"},"point":1874},{"user":{"uid":679,"userid":544,"name":"Beau…","avatar":"https://cdn.discordapp.com/avatars/1029512908549394503/ba01ba3bd03dd82326a7395e5b12c88d.png"},"point":1624},{"user":{"uid":539,"userid":436,"name":"Pyrozen","avatar":"https://cdn.discordapp.com/avatars/161364596987265024/a_5fb233aca7be875c38d65789539f1b87.gif"},"point":1454},{"user":{"uid":463,"userid":380,"name":"nightwolf64","avatar":"https://cdn.discordapp.com/avatars/869142578514259979/45017b37b3e500d5861ec6491b471cf3.png"},"point":1426},{"user":{"uid":678,"userid":543,"name":"Poco","avatar":"https://cdn.discordapp.com/avatars/396291126002188298/26e461e154bf9db4d6fc492c395aaa65.png"},"point":1158},{"user":{"uid":579,"userid":466,"name":"pieter.64","avatar":"https://cdn.discordapp.com/avatars/324877891852828683/00632119b31752fcb8171bbb4279d1f8.png"},"point":987},{"user":{"uid":675,"userid":539,"name":"gamer2dk","avatar":"https://cdn.discordapp.com/avatars/888475573284925461/02a35533764a55b05b0d49a7155adad3.png"},"point":876},{"user":{"uid":609,"userid":490,"name":"ralkinvx","avatar":"https://cdn.discordapp.com/avatars/626276063609225221/cdf27d657698337dc22e9a4ba4736900.png"},"point":844},{"user":{"uid":595,"userid":479,"name":"Championrub","avatar":"https://cdn.discordapp.com/avatars/811982277474123786/57632d6c13f4de8235b03acd0aba016e.png"},"point":490},{"user":{"uid":396,"userid":331,"name":"Lucas","avatar":"https://cdn.discordapp.com/avatars/1004644388888117258/ea826f4f3083b8b805c29d765c52e04f.png"},"point":351},{"user":{"uid":480,"userid":395,"name":"Sh0tBlow","avatar":"https://cdn.discordapp.com/avatars/462991116279611392/87bf1e3b76d220025f3fb4b0029427f8.png"},"point":223},{"user":{"uid":516,"userid":417,"name":"Ravsh1k","avatar":"https://cdn.discordapp.com/avatars/901846074740858890/d8ce555a273409259cad27c86b082469.png"},"point":149},{"user":{"uid":260,"userid":221,"name":"NotPika","avatar":"https://cdn.discordapp.com/avatars/1067827165556650024/47c9f5f730ebb99916f6373cf7ec75ef.png"},"point":115},{"user":{"uid":643,"userid":518,"name":"modunga fodunga","avatar":"https://cdn.discordapp.com/avatars/975800453986136114/4b29d690fbcaea1ab4410acbcc0ba316.png"},"point":70},{"user":{"uid":68,"userid":176,"name":"Ammaar","avatar":"https://cdn.discordapp.com/avatars/611183396210737167/83c6d8f59f35509744d9eb2b420625ee.png"},"point":0}]}