{"fmd":[{"user":{"uid":203,"userid":173,"name":"(DR) Billy1bob","avatar":""},"point":7564},{"user":{"uid":128,"userid":103,"name":"(DR) johnny7610","avatar":"https://cdn.discordapp.com/avatars/191355230326095878/dc8aefac45d186a6c649ecc1e8efb7ba.png"},"point":934},{"user":{"uid":192,"userid":163,"name":"(DR) Diican","avatar":""},"point":0}],"fma":[{"user":{"uid":203,"userid":173,"name":"(DR) Billy1bob","avatar":""},"point":7564},{"user":{"uid":128,"userid":103,"name":"(DR) johnny7610","avatar":"https://cdn.discordapp.com/avatars/191355230326095878/dc8aefac45d186a6c649ecc1e8efb7ba.png"},"point":934},{"user":{"uid":192,"userid":163,"name":"(DR) Diican","avatar":""},"point":0}]}