{"fmd":[{"user":{"uid":352,"userid":255,"name":"Deilia","avatar":"https://static.truckersmp.com/avatarsN/5164534.1711935146.png"},"point":1942},{"user":{"uid":363,"userid":261,"name":"Hen_Saf","avatar":"https://cdn.discordapp.com/avatars/767735764599439360/7dafddaf3752db3fc0d05dfe2a6ba8cb.png"},"point":954},{"user":{"uid":360,"userid":259,"name":"EisenWolf","avatar":"https://static.truckersmp.com/avatarsN/4112608.1704752368.jpg"},"point":653},{"user":{"uid":373,"userid":268,"name":"Jay J","avatar":"https://cdn.discordapp.com/avatars/430093029299322890/910f8d1f39038ee2dca23b5d856790ea.png"},"point":587},{"user":{"uid":367,"userid":265,"name":"Big Blazie","avatar":"https://cdn.discordapp.com/avatars/118134703143387143/88e6d6274c252de8f124b4ad9879b580.png"},"point":532},{"user":{"uid":153,"userid":186,"name":"LeoM","avatar":"https://cdn.discordapp.com/avatars/337951742475894786/980a1f3ff23017ee6d2dcd0ce57dbe03.png"},"point":514},{"user":{"uid":369,"userid":266,"name":"KRNBR4N","avatar":"https://static.truckersmp.com/avatarsN/5311993.1702834926.jpg"},"point":147},{"user":{"uid":1,"userid":0,"name":"Brad","avatar":"https://cdn.discordapp.com/avatars/507570358782525451/0f8d2ac0cb4d5df4b45d8529b6efe809.png"},"point":69},{"user":{"uid":370,"userid":267,"name":"Uhh_Rob","avatar":"https://cdn.discordapp.com/avatars/920268890976690216/a_19913b6f60ddff70bc667d6288bd3f9e.gif"},"point":0}],"fma":[{"user":{"uid":360,"userid":259,"name":"EisenWolf","avatar":"https://static.truckersmp.com/avatarsN/4112608.1704752368.jpg"},"point":25653},{"user":{"uid":367,"userid":265,"name":"Big Blazie","avatar":"https://cdn.discordapp.com/avatars/118134703143387143/88e6d6274c252de8f124b4ad9879b580.png"},"point":25532},{"user":{"uid":312,"userid":239,"name":"Two Trappy","avatar":"https://cdn.discordapp.com/avatars/460444257250181120/e1fe6b34c1ce8b3d86f89e7e210ca57e.png"},"point":25000},{"user":{"uid":365,"userid":262,"name":"Nino","avatar":"https://cdn.discordapp.com/avatars/400694856827011073/ec52f8c6645244614e85a449413b0b89.png"},"point":25000},{"user":{"uid":1,"userid":0,"name":"Brad","avatar":"https://cdn.discordapp.com/avatars/507570358782525451/0f8d2ac0cb4d5df4b45d8529b6efe809.png"},"point":2569},{"user":{"uid":352,"userid":255,"name":"Deilia","avatar":"https://static.truckersmp.com/avatarsN/5164534.1711935146.png"},"point":1942},{"user":{"uid":363,"userid":261,"name":"Hen_Saf","avatar":"https://cdn.discordapp.com/avatars/767735764599439360/7dafddaf3752db3fc0d05dfe2a6ba8cb.png"},"point":954},{"user":{"uid":373,"userid":268,"name":"Jay J","avatar":"https://cdn.discordapp.com/avatars/430093029299322890/910f8d1f39038ee2dca23b5d856790ea.png"},"point":587},{"user":{"uid":153,"userid":186,"name":"LeoM","avatar":"https://cdn.discordapp.com/avatars/337951742475894786/980a1f3ff23017ee6d2dcd0ce57dbe03.png"},"point":514},{"user":{"uid":369,"userid":266,"name":"KRNBR4N","avatar":"https://static.truckersmp.com/avatarsN/5311993.1702834926.jpg"},"point":147},{"user":{"uid":370,"userid":267,"name":"Uhh_Rob","avatar":"https://cdn.discordapp.com/avatars/920268890976690216/a_19913b6f60ddff70bc667d6288bd3f9e.gif"},"point":0}]}