{"fmd":[{"user":{"uid":1,"userid":1,"name":"!itsPeanutttt","avatar":"https://cdn.discordapp.com/avatars/208757218013609985/a_b8fae2196be237eb9612f9daed82c1e3.gif"},"point":3035},{"user":{"uid":100,"userid":75,"name":"I am KingHeet","avatar":"https://static.truckersmp.com/avatarsN/3141865.1659238151.jpeg"},"point":2881},{"user":{"uid":15,"userid":10,"name":"MarlonSkills","avatar":"https://cdn.discordapp.com/avatars/315956778884005890/9a3d00de17d4e51023e4dc7542353ce7.png"},"point":2006},{"user":{"uid":76,"userid":60,"name":"V8 Gaming","avatar":"https://cdn.discordapp.com/avatars/793808849404559452/e782ec658aad4569bdf5267052741c37.png"},"point":1818},{"user":{"uid":180,"userid":144,"name":"berokose","avatar":"https://static.truckersmp.com/avatarsN/defaultavatar.png"},"point":1562},{"user":{"uid":173,"userid":133,"name":"LizzyM#290199","avatar":""},"point":1061},{"user":{"uid":204,"userid":155,"name":"Scarry","avatar":"https://cdn.discordapp.com/avatars/844243311656304640/34337f2ae0ca3d703181973aea9b9aac.png"},"point":492},{"user":{"uid":261,"userid":199,"name":"Lucas M","avatar":"https://cdn.discordapp.com/avatars/1051127166659731467/f493ca1a7a6f64b4735c1773ac210027.png"},"point":478},{"user":{"uid":160,"userid":125,"name":"mu han","avatar":"https://cdn.discordapp.com/avatars/1121405880924123219/4fa32749d7c53cc30aa99181c81f851f.png"},"point":426},{"user":{"uid":43,"userid":34,"name":"TigerPlayz302","avatar":"https://cdn.discordapp.com/avatars/925072966021152798/efc0896809722ff397dd18e15ee8afc3.png"},"point":244},{"user":{"uid":269,"userid":204,"name":"Phoenix","avatar":"https://cdn.discordapp.com/avatars/763003227749875713/7ff7c721d3258dd78a9e4986dce764f8.png"},"point":0}],"fma":[{"user":{"uid":32,"userid":21,"name":"NateNZ","avatar":"https://cdn.discordapp.com/avatars/263779798327885834/54adfd241b87dc24073b7cc175209ad7.png"},"point":3725},{"user":{"uid":1,"userid":1,"name":"!itsPeanutttt","avatar":"https://cdn.discordapp.com/avatars/208757218013609985/a_b8fae2196be237eb9612f9daed82c1e3.gif"},"point":3576},{"user":{"uid":100,"userid":75,"name":"I am KingHeet","avatar":"https://static.truckersmp.com/avatarsN/3141865.1659238151.jpeg"},"point":3556},{"user":{"uid":15,"userid":10,"name":"MarlonSkills","avatar":"https://cdn.discordapp.com/avatars/315956778884005890/9a3d00de17d4e51023e4dc7542353ce7.png"},"point":2813},{"user":{"uid":76,"userid":60,"name":"V8 Gaming","avatar":"https://cdn.discordapp.com/avatars/793808849404559452/e782ec658aad4569bdf5267052741c37.png"},"point":2475},{"user":{"uid":173,"userid":133,"name":"LizzyM#290199","avatar":""},"point":1914},{"user":{"uid":180,"userid":144,"name":"berokose","avatar":"https://static.truckersmp.com/avatarsN/defaultavatar.png"},"point":1743},{"user":{"uid":134,"userid":104,"name":"Freshmuscl3","avatar":"https://static.truckersmp.com/avatarsN/5222182.1706276666.png"},"point":1025},{"user":{"uid":160,"userid":125,"name":"mu han","avatar":"https://cdn.discordapp.com/avatars/1121405880924123219/4fa32749d7c53cc30aa99181c81f851f.png"},"point":879},{"user":{"uid":43,"userid":34,"name":"TigerPlayz302","avatar":"https://cdn.discordapp.com/avatars/925072966021152798/efc0896809722ff397dd18e15ee8afc3.png"},"point":694},{"user":{"uid":204,"userid":155,"name":"Scarry","avatar":"https://cdn.discordapp.com/avatars/844243311656304640/34337f2ae0ca3d703181973aea9b9aac.png"},"point":492},{"user":{"uid":261,"userid":199,"name":"Lucas M","avatar":"https://cdn.discordapp.com/avatars/1051127166659731467/f493ca1a7a6f64b4735c1773ac210027.png"},"point":478},{"user":{"uid":269,"userid":204,"name":"Phoenix","avatar":"https://cdn.discordapp.com/avatars/763003227749875713/7ff7c721d3258dd78a9e4986dce764f8.png"},"point":0}]}