{"fmd":[{"user":{"uid":165,"userid":147,"name":"Bernd.R","avatar":"https://avatars.steamstatic.com/1632837e2e6f9bff2970254d35d06bae45d9a395_full.jpg"},"point":9010},{"user":{"uid":136,"userid":121,"name":"Fuzzi_One","avatar":"https://avatars.steamstatic.com/80dc5c843904a69c82033fa7600d24e61dc9b370_full.jpg"},"point":5021},{"user":{"uid":31,"userid":22,"name":"[RSL] Fun_irrenanstalt","avatar":""},"point":3744},{"user":{"uid":223,"userid":194,"name":"Fidk","avatar":"https://avatars.steamstatic.com/315a03c038d583b82044d2289104d6b2c6929131_full.jpg"},"point":2288},{"user":{"uid":118,"userid":103,"name":"EinfachnurWolf","avatar":"https://avatars.steamstatic.com/dcddc28153a03ef589ba9b54c11a1edc4384acdf_full.jpg"},"point":2112},{"user":{"uid":64,"userid":57,"name":"captainbubatz","avatar":"https://avatars.steamstatic.com/05e287bb68b9dd3798bae459b8e7d4cc59c5e9a5_full.jpg"},"point":2100},{"user":{"uid":17,"userid":38,"name":"Julian","avatar":"https://avatars.steamstatic.com/bba9b676052e67e10f0ce8cec815c138e5c030b8_full.jpg"},"point":1821},{"user":{"uid":145,"userid":130,"name":"Mr.Korall","avatar":"https://avatars.steamstatic.com/71c5c5744ad9cda9e24a3cbb14bba2e238bf66af_full.jpg"},"point":1707},{"user":{"uid":147,"userid":132,"name":"Der  Opa","avatar":"https://cdn.discordapp.com/avatars/390841934358249482/5182d95c0600108142ddbca2b09a1bb4.png"},"point":1465},{"user":{"uid":192,"userid":172,"name":"TopsyCret","avatar":"https://avatars.steamstatic.com/82aecb83684b9c1d29f6f26a4642971416734fcc_full.jpg"},"point":1438},{"user":{"uid":50,"userid":43,"name":"Tarial","avatar":"https://avatars.steamstatic.com/852cd2da47222f03895ad2c285d0980e4f003168_full.jpg"},"point":1161},{"user":{"uid":1,"userid":1,"name":"RSL | Domi","avatar":"https://cdn.discordapp.com/avatars/208630023626817536/d6b5a101ffa2655e917e9e2ca950025a.png"},"point":1160},{"user":{"uid":55,"userid":50,"name":"zogger9000","avatar":"https://static.truckersmp.com/avatarsN/defaultavatar.png"},"point":1160},{"user":{"uid":166,"userid":148,"name":"Mr. Flamerbob","avatar":"https://avatars.steamstatic.com/f09c6f0a5e09fe9c72513549759e782358641670_full.jpg"},"point":1160},{"user":{"uid":227,"userid":197,"name":"flighttime","avatar":"https://cdn.discordapp.com/avatars/680800675931619343/f79b46f59970fe2f55d821ed68464bb5.png"},"point":1160},{"user":{"uid":91,"userid":82,"name":"Ninja_Kiwi","avatar":"https://avatars.steamstatic.com/1aaec1ed3f3cd8465fa42665b01eb70d7f701604_full.jpg"},"point":1143},{"user":{"uid":72,"userid":64,"name":"BoucBrutal","avatar":"https://avatars.steamstatic.com/3b0d8bbe6bc98d9e4405baafe0d341663e8d5bf1_full.jpg"},"point":970},{"user":{"uid":236,"userid":204,"name":"THEniceCARGUY69","avatar":"https://avatars.steamstatic.com/9a6adc484b00e9de2bd28bd236f3c464eec33fdc_full.jpg"},"point":813},{"user":{"uid":25,"userid":19,"name":"Razoraptor","avatar":"https://avatars.steamstatic.com/411f0a1d08563b0dcd648c344b113688287bfb1f_full.jpg"},"point":795},{"user":{"uid":235,"userid":203,"name":"Kubixx ツ","avatar":"https://avatars.steamstatic.com/97caee00eb9e2fd9f78eaf034b7f9f4d2fd9210d_full.jpg"},"point":735},{"user":{"uid":226,"userid":196,"name":"Nico[DE]","avatar":"https://avatars.steamstatic.com/50767cea96889a121066ed45c098873cb258f8f3_full.jpg"},"point":590},{"user":{"uid":77,"userid":69,"name":"petschu","avatar":"https://avatars.steamstatic.com/0b25d0c7ae09b25b5b8181b3759231284797f3df_full.jpg"},"point":584},{"user":{"uid":70,"userid":62,"name":"Tr4xe","avatar":"https://avatars.steamstatic.com/f2113fe4c56a40abf11f5b2ba82a922b9362e305_full.jpg"},"point":502},{"user":{"uid":230,"userid":201,"name":"DavidRad","avatar":"https://avatars.steamstatic.com/a573dc6845f12dde449a1e9ab7ef991c12229e28_full.jpg"},"point":448},{"user":{"uid":75,"userid":67,"name":"GunGamerTV","avatar":"https://avatars.steamstatic.com/64ae1da41a9c51a5ab44c29f0b054b14123aabe4_full.jpg"},"point":447},{"user":{"uid":233,"userid":200,"name":"[RSL] Leroy","avatar":"https://cdn.discordapp.com/avatars/1181998617528107149/11ab699a704dbd154f4a3b5e604177ee.png"},"point":356},{"user":{"uid":121,"userid":107,"name":"Stoffel","avatar":"https://avatars.steamstatic.com/f5a053006888d02d791fed0f3b467b0f22a72b75_full.jpg"},"point":0},{"user":{"uid":154,"userid":139,"name":"diedubblebres","avatar":"https://avatars.steamstatic.com/708b6fa271f19f23714dc247683d820bad1aa579_full.jpg"},"point":0},{"user":{"uid":234,"userid":202,"name":"Martin Hans Sonneborn","avatar":"https://avatars.steamstatic.com/6317911d82a5a9c48d0db3d2e6770cb6769d91cf_full.jpg"},"point":0}],"fma":[{"user":{"uid":165,"userid":147,"name":"Bernd.R","avatar":"https://avatars.steamstatic.com/1632837e2e6f9bff2970254d35d06bae45d9a395_full.jpg"},"point":9010},{"user":{"uid":136,"userid":121,"name":"Fuzzi_One","avatar":"https://avatars.steamstatic.com/80dc5c843904a69c82033fa7600d24e61dc9b370_full.jpg"},"point":5021},{"user":{"uid":31,"userid":22,"name":"[RSL] Fun_irrenanstalt","avatar":""},"point":3744},{"user":{"uid":223,"userid":194,"name":"Fidk","avatar":"https://avatars.steamstatic.com/315a03c038d583b82044d2289104d6b2c6929131_full.jpg"},"point":2288},{"user":{"uid":118,"userid":103,"name":"EinfachnurWolf","avatar":"https://avatars.steamstatic.com/dcddc28153a03ef589ba9b54c11a1edc4384acdf_full.jpg"},"point":2112},{"user":{"uid":64,"userid":57,"name":"captainbubatz","avatar":"https://avatars.steamstatic.com/05e287bb68b9dd3798bae459b8e7d4cc59c5e9a5_full.jpg"},"point":2100},{"user":{"uid":17,"userid":38,"name":"Julian","avatar":"https://avatars.steamstatic.com/bba9b676052e67e10f0ce8cec815c138e5c030b8_full.jpg"},"point":1821},{"user":{"uid":145,"userid":130,"name":"Mr.Korall","avatar":"https://avatars.steamstatic.com/71c5c5744ad9cda9e24a3cbb14bba2e238bf66af_full.jpg"},"point":1707},{"user":{"uid":147,"userid":132,"name":"Der  Opa","avatar":"https://cdn.discordapp.com/avatars/390841934358249482/5182d95c0600108142ddbca2b09a1bb4.png"},"point":1465},{"user":{"uid":192,"userid":172,"name":"TopsyCret","avatar":"https://avatars.steamstatic.com/82aecb83684b9c1d29f6f26a4642971416734fcc_full.jpg"},"point":1438},{"user":{"uid":50,"userid":43,"name":"Tarial","avatar":"https://avatars.steamstatic.com/852cd2da47222f03895ad2c285d0980e4f003168_full.jpg"},"point":1161},{"user":{"uid":1,"userid":1,"name":"RSL | Domi","avatar":"https://cdn.discordapp.com/avatars/208630023626817536/d6b5a101ffa2655e917e9e2ca950025a.png"},"point":1160},{"user":{"uid":55,"userid":50,"name":"zogger9000","avatar":"https://static.truckersmp.com/avatarsN/defaultavatar.png"},"point":1160},{"user":{"uid":166,"userid":148,"name":"Mr. Flamerbob","avatar":"https://avatars.steamstatic.com/f09c6f0a5e09fe9c72513549759e782358641670_full.jpg"},"point":1160},{"user":{"uid":227,"userid":197,"name":"flighttime","avatar":"https://cdn.discordapp.com/avatars/680800675931619343/f79b46f59970fe2f55d821ed68464bb5.png"},"point":1160},{"user":{"uid":91,"userid":82,"name":"Ninja_Kiwi","avatar":"https://avatars.steamstatic.com/1aaec1ed3f3cd8465fa42665b01eb70d7f701604_full.jpg"},"point":1143},{"user":{"uid":72,"userid":64,"name":"BoucBrutal","avatar":"https://avatars.steamstatic.com/3b0d8bbe6bc98d9e4405baafe0d341663e8d5bf1_full.jpg"},"point":970},{"user":{"uid":236,"userid":204,"name":"THEniceCARGUY69","avatar":"https://avatars.steamstatic.com/9a6adc484b00e9de2bd28bd236f3c464eec33fdc_full.jpg"},"point":813},{"user":{"uid":25,"userid":19,"name":"Razoraptor","avatar":"https://avatars.steamstatic.com/411f0a1d08563b0dcd648c344b113688287bfb1f_full.jpg"},"point":795},{"user":{"uid":235,"userid":203,"name":"Kubixx ツ","avatar":"https://avatars.steamstatic.com/97caee00eb9e2fd9f78eaf034b7f9f4d2fd9210d_full.jpg"},"point":735},{"user":{"uid":226,"userid":196,"name":"Nico[DE]","avatar":"https://avatars.steamstatic.com/50767cea96889a121066ed45c098873cb258f8f3_full.jpg"},"point":590},{"user":{"uid":77,"userid":69,"name":"petschu","avatar":"https://avatars.steamstatic.com/0b25d0c7ae09b25b5b8181b3759231284797f3df_full.jpg"},"point":584},{"user":{"uid":70,"userid":62,"name":"Tr4xe","avatar":"https://avatars.steamstatic.com/f2113fe4c56a40abf11f5b2ba82a922b9362e305_full.jpg"},"point":502},{"user":{"uid":230,"userid":201,"name":"DavidRad","avatar":"https://avatars.steamstatic.com/a573dc6845f12dde449a1e9ab7ef991c12229e28_full.jpg"},"point":448},{"user":{"uid":75,"userid":67,"name":"GunGamerTV","avatar":"https://avatars.steamstatic.com/64ae1da41a9c51a5ab44c29f0b054b14123aabe4_full.jpg"},"point":447},{"user":{"uid":233,"userid":200,"name":"[RSL] Leroy","avatar":"https://cdn.discordapp.com/avatars/1181998617528107149/11ab699a704dbd154f4a3b5e604177ee.png"},"point":356},{"user":{"uid":99,"userid":110,"name":"[RSL]Albanr.9","avatar":"https://avatars.steamstatic.com/b3773af8338e7a36b55ec298e6dee7f4e0cd9aa0_full.jpg"},"point":200},{"user":{"uid":121,"userid":107,"name":"Stoffel","avatar":"https://avatars.steamstatic.com/f5a053006888d02d791fed0f3b467b0f22a72b75_full.jpg"},"point":0},{"user":{"uid":154,"userid":139,"name":"diedubblebres","avatar":"https://avatars.steamstatic.com/708b6fa271f19f23714dc247683d820bad1aa579_full.jpg"},"point":0},{"user":{"uid":234,"userid":202,"name":"Martin Hans Sonneborn","avatar":"https://avatars.steamstatic.com/6317911d82a5a9c48d0db3d2e6770cb6769d91cf_full.jpg"},"point":0}]}