{"fmd":[{"user":{"uid":113,"userid":105,"name":"Lz_TMP [UK]","avatar":"https://cdn.discordapp.com/avatars/523427833159221249/e393473e2f079f4bdf69b75d20b051b4.png"},"point":3822},{"user":{"uid":37,"userid":33,"name":"TTDTheo","avatar":"https://cdn.discordapp.com/avatars/1145683091176833114/b5db924ff0fe5de313fb1f3d6c2526cd.png"},"point":3602},{"user":{"uid":14,"userid":11,"name":"L O R E N Z","avatar":"https://static.truckersmp.com/avatarsN/4486749.1715514352.png"},"point":3146},{"user":{"uid":97,"userid":93,"name":"NIKLAS(GER)","avatar":"https://cdn.discordapp.com/avatars/1056647833937256468/7a72e642bd21663baa3294199578cffc.png"},"point":2178},{"user":{"uid":55,"userid":51,"name":"TenStepik_CZ","avatar":"https://cdn.discordapp.com/avatars/623189470556061706/ec52db3255e72929d85bb705a7d599b6.png"},"point":2077},{"user":{"uid":104,"userid":99,"name":"EMP_Orlygur","avatar":"https://cdn.discordapp.com/avatars/652200559448686602/5da9b900d1b4736a82edfdecb0921f0d.png"},"point":2073},{"user":{"uid":38,"userid":34,"name":"BGwarrior_49","avatar":"https://cdn.discordapp.com/avatars/588444287843172363/2ed83c8492581aa1c2555ecaa5180e82.png"},"point":1816},{"user":{"uid":87,"userid":85,"name":"ExtaZzZ","avatar":"https://cdn.discordapp.com/avatars/433657630364532737/f747bb2e4dd39bef2a6dd4ce6fc711db.png"},"point":1578},{"user":{"uid":111,"userid":109,"name":"🚀Nico0627🚀","avatar":"https://cdn.discordapp.com/avatars/491665473679785985/09b8109b801d95536c96a28f382ac5dd.png"},"point":1577},{"user":{"uid":34,"userid":26,"name":"WiLczuR77","avatar":"https://cdn.discordapp.com/avatars/786282772255211560/805e88c750ff03f556cc99fdbb7902a4.png"},"point":1573},{"user":{"uid":62,"userid":61,"name":"Thomas.","avatar":"https://cdn.discordapp.com/avatars/1000353949620117514/b42831995cac9fc332f49722a7656a19.png"},"point":1366},{"user":{"uid":115,"userid":107,"name":"Leon","avatar":"https://avatars.steamstatic.com/7ee62c29d262d3d53924b657ed6cd8583509d4ab_full.jpg"},"point":1334},{"user":{"uid":30,"userid":24,"name":"User_2636041","avatar":"https://static.truckersmp.com/avatarsN/2636041.1713489251.png"},"point":1303},{"user":{"uid":74,"userid":78,"name":"callum","avatar":""},"point":1066},{"user":{"uid":49,"userid":47,"name":"90s_s","avatar":"https://avatars.steamstatic.com/4a0e9b42f2229b905fb58255d76001d0f262d117_full.jpg"},"point":1051},{"user":{"uid":103,"userid":98,"name":"JET2471_TMP","avatar":"https://cdn.discordapp.com/avatars/651436659857948682/3e1d883a3e6287635bcfdd16d6b8dc19.png"},"point":1044},{"user":{"uid":94,"userid":91,"name":"J A N N E S","avatar":"https://cdn.discordapp.com/avatars/1123967274680856697/caf131b96d413aa3f8d2341a14399f3b.png"},"point":934},{"user":{"uid":106,"userid":100,"name":"Mrkrisp","avatar":"https://avatars.steamstatic.com/da1ac25305264db6b5248d68f8b6612f070ab9ed_full.jpg"},"point":826},{"user":{"uid":86,"userid":84,"name":"мσρρу_тмρ","avatar":"https://static.truckersmp.com/avatarsN/3916396.1690030869.png"},"point":578},{"user":{"uid":39,"userid":36,"name":"' Jonas.","avatar":"https://static.truckersmp.com/avatarsN/defaultavatar.png"},"point":523},{"user":{"uid":24,"userid":23,"name":"Gnurken","avatar":"https://static.truckersmp.com/avatarsN/1166949.1704562524.png"},"point":520},{"user":{"uid":28,"userid":27,"name":"reissverschlussverfahren","avatar":"https://avatars.steamstatic.com/7b74c751b8e0bb519b02aa069a2d74d24c2356ae_full.jpg"},"point":501},{"user":{"uid":52,"userid":50,"name":"spanchikus","avatar":"https://cdn.discordapp.com/avatars/693884881419108432/2e5d58f8fe552e4d7cd49f3f1350966e.png"},"point":190},{"user":{"uid":8,"userid":6,"name":"𝐒kyHεadεя","avatar":"https://cdn.discordapp.com/avatars/368478030504525825/0e043adf10e519ea7205a27fc0f2bf23.png"},"point":1},{"user":{"uid":15,"userid":12,"name":"Lorenzo br","avatar":"https://cdn.discordapp.com/avatars/635968015371862082/8ca41d930d87fb4266f4c1666828d3f3.png"},"point":0},{"user":{"uid":61,"userid":57,"name":"[ff0000]Finley24","avatar":"https://avatars.steamstatic.com/599373ab2992ec4433027c72c173e102109a3aff_full.jpg"},"point":0}],"fma":[{"user":{"uid":113,"userid":105,"name":"Lz_TMP [UK]","avatar":"https://cdn.discordapp.com/avatars/523427833159221249/e393473e2f079f4bdf69b75d20b051b4.png"},"point":3822},{"user":{"uid":37,"userid":33,"name":"TTDTheo","avatar":"https://cdn.discordapp.com/avatars/1145683091176833114/b5db924ff0fe5de313fb1f3d6c2526cd.png"},"point":3602},{"user":{"uid":14,"userid":11,"name":"L O R E N Z","avatar":"https://static.truckersmp.com/avatarsN/4486749.1715514352.png"},"point":3146},{"user":{"uid":97,"userid":93,"name":"NIKLAS(GER)","avatar":"https://cdn.discordapp.com/avatars/1056647833937256468/7a72e642bd21663baa3294199578cffc.png"},"point":2178},{"user":{"uid":55,"userid":51,"name":"TenStepik_CZ","avatar":"https://cdn.discordapp.com/avatars/623189470556061706/ec52db3255e72929d85bb705a7d599b6.png"},"point":2077},{"user":{"uid":104,"userid":99,"name":"EMP_Orlygur","avatar":"https://cdn.discordapp.com/avatars/652200559448686602/5da9b900d1b4736a82edfdecb0921f0d.png"},"point":2073},{"user":{"uid":38,"userid":34,"name":"BGwarrior_49","avatar":"https://cdn.discordapp.com/avatars/588444287843172363/2ed83c8492581aa1c2555ecaa5180e82.png"},"point":1816},{"user":{"uid":87,"userid":85,"name":"ExtaZzZ","avatar":"https://cdn.discordapp.com/avatars/433657630364532737/f747bb2e4dd39bef2a6dd4ce6fc711db.png"},"point":1578},{"user":{"uid":111,"userid":109,"name":"🚀Nico0627🚀","avatar":"https://cdn.discordapp.com/avatars/491665473679785985/09b8109b801d95536c96a28f382ac5dd.png"},"point":1577},{"user":{"uid":34,"userid":26,"name":"WiLczuR77","avatar":"https://cdn.discordapp.com/avatars/786282772255211560/805e88c750ff03f556cc99fdbb7902a4.png"},"point":1573},{"user":{"uid":62,"userid":61,"name":"Thomas.","avatar":"https://cdn.discordapp.com/avatars/1000353949620117514/b42831995cac9fc332f49722a7656a19.png"},"point":1366},{"user":{"uid":115,"userid":107,"name":"Leon","avatar":"https://avatars.steamstatic.com/7ee62c29d262d3d53924b657ed6cd8583509d4ab_full.jpg"},"point":1334},{"user":{"uid":30,"userid":24,"name":"User_2636041","avatar":"https://static.truckersmp.com/avatarsN/2636041.1713489251.png"},"point":1303},{"user":{"uid":74,"userid":78,"name":"callum","avatar":""},"point":1066},{"user":{"uid":49,"userid":47,"name":"90s_s","avatar":"https://avatars.steamstatic.com/4a0e9b42f2229b905fb58255d76001d0f262d117_full.jpg"},"point":1051},{"user":{"uid":103,"userid":98,"name":"JET2471_TMP","avatar":"https://cdn.discordapp.com/avatars/651436659857948682/3e1d883a3e6287635bcfdd16d6b8dc19.png"},"point":1044},{"user":{"uid":94,"userid":91,"name":"J A N N E S","avatar":"https://cdn.discordapp.com/avatars/1123967274680856697/caf131b96d413aa3f8d2341a14399f3b.png"},"point":934},{"user":{"uid":106,"userid":100,"name":"Mrkrisp","avatar":"https://avatars.steamstatic.com/da1ac25305264db6b5248d68f8b6612f070ab9ed_full.jpg"},"point":826},{"user":{"uid":28,"userid":27,"name":"reissverschlussverfahren","avatar":"https://avatars.steamstatic.com/7b74c751b8e0bb519b02aa069a2d74d24c2356ae_full.jpg"},"point":601},{"user":{"uid":86,"userid":84,"name":"мσρρу_тмρ","avatar":"https://static.truckersmp.com/avatarsN/3916396.1690030869.png"},"point":578},{"user":{"uid":39,"userid":36,"name":"' Jonas.","avatar":"https://static.truckersmp.com/avatarsN/defaultavatar.png"},"point":523},{"user":{"uid":24,"userid":23,"name":"Gnurken","avatar":"https://static.truckersmp.com/avatarsN/1166949.1704562524.png"},"point":520},{"user":{"uid":52,"userid":50,"name":"spanchikus","avatar":"https://cdn.discordapp.com/avatars/693884881419108432/2e5d58f8fe552e4d7cd49f3f1350966e.png"},"point":190},{"user":{"uid":8,"userid":6,"name":"𝐒kyHεadεя","avatar":"https://cdn.discordapp.com/avatars/368478030504525825/0e043adf10e519ea7205a27fc0f2bf23.png"},"point":1},{"user":{"uid":15,"userid":12,"name":"Lorenzo br","avatar":"https://cdn.discordapp.com/avatars/635968015371862082/8ca41d930d87fb4266f4c1666828d3f3.png"},"point":0},{"user":{"uid":61,"userid":57,"name":"[ff0000]Finley24","avatar":"https://avatars.steamstatic.com/599373ab2992ec4433027c72c173e102109a3aff_full.jpg"},"point":0}]}