{"fmd":[{"user":{"uid":76,"userid":62,"name":"WH | KaiDarkmoon","avatar":"https://cdn.discordapp.com/avatars/315297650641731584/5c864015c3ed86cf32302fb0adac5796.png"},"point":6868},{"user":{"uid":77,"userid":63,"name":"WH | MyztikGecko","avatar":"https://cdn.discordapp.com/avatars/1242261625449353266/fc9fc26777d5540f7b44a0c805708300.png"},"point":1695},{"user":{"uid":1,"userid":1,"name":"WHT CEO | Chappy1225","avatar":"https://cdn.discordapp.com/avatars/480244047311667201/b51db2fc9e7e314933519021bee4ae3e.png"},"point":990},{"user":{"uid":73,"userid":60,"name":"WH | ONDAROAD2","avatar":"https://cdn.discordapp.com/avatars/383806148010049557/1962b816d972b64542031cc025361b36.png"},"point":949},{"user":{"uid":69,"userid":58,"name":"WH | Cougar","avatar":""},"point":391},{"user":{"uid":8,"userid":6,"name":"WHT Dir Recruiter| Murdernova256","avatar":"https://cdn.discordapp.com/avatars/549931745584349185/9647aabac5de7bc6ca63f26696871246.png"},"point":0}],"fma":[{"user":{"uid":76,"userid":62,"name":"WH | KaiDarkmoon","avatar":"https://cdn.discordapp.com/avatars/315297650641731584/5c864015c3ed86cf32302fb0adac5796.png"},"point":7868},{"user":{"uid":77,"userid":63,"name":"WH | MyztikGecko","avatar":"https://cdn.discordapp.com/avatars/1242261625449353266/fc9fc26777d5540f7b44a0c805708300.png"},"point":1695},{"user":{"uid":1,"userid":1,"name":"WHT CEO | Chappy1225","avatar":"https://cdn.discordapp.com/avatars/480244047311667201/b51db2fc9e7e314933519021bee4ae3e.png"},"point":990},{"user":{"uid":73,"userid":60,"name":"WH | ONDAROAD2","avatar":"https://cdn.discordapp.com/avatars/383806148010049557/1962b816d972b64542031cc025361b36.png"},"point":949},{"user":{"uid":7,"userid":5,"name":"WHT FOUNDER Jacket","avatar":"https://cdn.discordapp.com/avatars/111638504500408320/880678f246665808c2165f5f693b72cd.png"},"point":584},{"user":{"uid":69,"userid":58,"name":"WH | Cougar","avatar":""},"point":391},{"user":{"uid":8,"userid":6,"name":"WHT Dir Recruiter| Murdernova256","avatar":"https://cdn.discordapp.com/avatars/549931745584349185/9647aabac5de7bc6ca63f26696871246.png"},"point":0}]}