{"fmd":[{"user":{"uid":1160,"userid":699,"name":"jodycc","avatar":"https://cdn.discordapp.com/avatars/623249122761375760/adc25e15fe96d56656319e2a159d9458.png"},"point":5605},{"user":{"uid":1316,"userid":807,"name":"Gota","avatar":"https://cdn.discordapp.com/avatars/167291299693723648/beb31f691ab4478e3268181a76f3a451.png"},"point":5037},{"user":{"uid":619,"userid":418,"name":"NumberHunter91","avatar":"https://cdn.discordapp.com/avatars/276407067223392256/c656134c8d2a712de1b2dbaf3856e995.png"},"point":4995},{"user":{"uid":1061,"userid":656,"name":"Thy Night Owl","avatar":"https://cdn.discordapp.com/avatars/678366200312496154/7e3c44efb2393e0a9a4b593cb42f936d.png"},"point":4666},{"user":{"uid":1382,"userid":847,"name":"Aeroplane","avatar":"https://cdn.discordapp.com/avatars/919580354736705617/cd8c60e397730ab82e685faaf72d3c77.png"},"point":3456},{"user":{"uid":1378,"userid":843,"name":"dandelion","avatar":"https://cdn.discordapp.com/avatars/924070723952209941/6d40e5aa69459181ef2bc03107156cc0.png"},"point":3017},{"user":{"uid":924,"userid":576,"name":"🌈Hearty_Laces🌈They/Them","avatar":"https://cdn.discordapp.com/avatars/461978281906929675/9128b3d5991d797b2e4060e71c4c5f41.png"},"point":2882},{"user":{"uid":1411,"userid":867,"name":"Coolengineer","avatar":"https://cdn.discordapp.com/avatars/247159248272752640/59e18cf589e2aaee61edb8d0a62b6b48.png"},"point":1821},{"user":{"uid":1325,"userid":816,"name":"Kian UK","avatar":"https://avatars.steamstatic.com/fef49e7fa7e1997310d705b2a6158ff8dc1cdfeb_full.jpg"},"point":1770},{"user":{"uid":1105,"userid":675,"name":"Jack3D60","avatar":"https://cdn.discordapp.com/avatars/805496381754048572/bcf10ae824b274e1c532971dcb857977.png"},"point":1567},{"user":{"uid":191,"userid":352,"name":"kia_nokia","avatar":"https://cdn.discordapp.com/avatars/946038819118022666/9613cd97518544022b55252d1952e174.png"},"point":1085},{"user":{"uid":494,"userid":361,"name":"Alpha","avatar":"https://cdn.discordapp.com/avatars/1063397515149455423/371d081952e74ccdc6f23925074dd094.png"},"point":1071},{"user":{"uid":1034,"userid":635,"name":"Foxbot","avatar":"https://cdn.discordapp.com/avatars/673289306424475659/6760c43d2e087fd99eeef160473251a3.png"},"point":1002},{"user":{"uid":125,"userid":265,"name":"Issac","avatar":"https://cdn.discordapp.com/avatars/343167874006777857/e97cad9459740cf160980c2165b7acb3.png"},"point":983},{"user":{"uid":1412,"userid":868,"name":"K1ngSteven","avatar":"https://cdn.discordapp.com/avatars/520314388855652353/f1179b1232edc33997e0f982aec10dba.png"},"point":869},{"user":{"uid":1039,"userid":637,"name":"Dutchman6149","avatar":"https://cdn.discordapp.com/avatars/1089970918169776317/518899061d0c7aa71638cf2a46dfa547.png"},"point":745},{"user":{"uid":1200,"userid":729,"name":"velocite","avatar":"https://cdn.discordapp.com/avatars/424825875377422346/660f7fac8fbd0f885aa4175f63fa6748.png"},"point":679},{"user":{"uid":1271,"userid":780,"name":"brazvo (Bruno)","avatar":"https://cdn.discordapp.com/avatars/823826275964682251/c28159cbabe58874bd1244a97d68d24b.png"},"point":612},{"user":{"uid":1408,"userid":865,"name":"R4","avatar":"https://cdn.discordapp.com/avatars/229936554896916481/bc055d1db5245677b5e67e2a0f3df2af.png"},"point":585},{"user":{"uid":2,"userid":1,"name":"Shadows","avatar":"https://cdn.discordapp.com/avatars/763197983797149726/a_67439a2a368b345074723e4caf768179.gif"},"point":299},{"user":{"uid":1419,"userid":880,"name":"Mister E","avatar":"https://cdn.discordapp.com/avatars/519617154782461991/4a0616a32ffc7f7ee6eeeeab8c9952e5.png"},"point":241}],"fma":[{"user":{"uid":619,"userid":418,"name":"NumberHunter91","avatar":"https://cdn.discordapp.com/avatars/276407067223392256/c656134c8d2a712de1b2dbaf3856e995.png"},"point":12783},{"user":{"uid":924,"userid":576,"name":"🌈Hearty_Laces🌈They/Them","avatar":"https://cdn.discordapp.com/avatars/461978281906929675/9128b3d5991d797b2e4060e71c4c5f41.png"},"point":10913},{"user":{"uid":1316,"userid":807,"name":"Gota","avatar":"https://cdn.discordapp.com/avatars/167291299693723648/beb31f691ab4478e3268181a76f3a451.png"},"point":10497},{"user":{"uid":1061,"userid":656,"name":"Thy Night Owl","avatar":"https://cdn.discordapp.com/avatars/678366200312496154/7e3c44efb2393e0a9a4b593cb42f936d.png"},"point":10168},{"user":{"uid":1378,"userid":843,"name":"dandelion","avatar":"https://cdn.discordapp.com/avatars/924070723952209941/6d40e5aa69459181ef2bc03107156cc0.png"},"point":8991},{"user":{"uid":1382,"userid":847,"name":"Aeroplane","avatar":"https://cdn.discordapp.com/avatars/919580354736705617/cd8c60e397730ab82e685faaf72d3c77.png"},"point":8086},{"user":{"uid":1160,"userid":699,"name":"jodycc","avatar":"https://cdn.discordapp.com/avatars/623249122761375760/adc25e15fe96d56656319e2a159d9458.png"},"point":6766},{"user":{"uid":1325,"userid":816,"name":"Kian UK","avatar":"https://avatars.steamstatic.com/fef49e7fa7e1997310d705b2a6158ff8dc1cdfeb_full.jpg"},"point":4087},{"user":{"uid":1105,"userid":675,"name":"Jack3D60","avatar":"https://cdn.discordapp.com/avatars/805496381754048572/bcf10ae824b274e1c532971dcb857977.png"},"point":3780},{"user":{"uid":119,"userid":258,"name":"LordLegend","avatar":"https://cdn.discordapp.com/avatars/507573290995417108/294e2517c647c3c8703945fbc200afcd.png"},"point":3000},{"user":{"uid":125,"userid":265,"name":"Issac","avatar":"https://cdn.discordapp.com/avatars/343167874006777857/e97cad9459740cf160980c2165b7acb3.png"},"point":2983},{"user":{"uid":1411,"userid":867,"name":"Coolengineer","avatar":"https://cdn.discordapp.com/avatars/247159248272752640/59e18cf589e2aaee61edb8d0a62b6b48.png"},"point":2956},{"user":{"uid":494,"userid":361,"name":"Alpha","avatar":"https://cdn.discordapp.com/avatars/1063397515149455423/371d081952e74ccdc6f23925074dd094.png"},"point":2953},{"user":{"uid":1200,"userid":729,"name":"velocite","avatar":"https://cdn.discordapp.com/avatars/424825875377422346/660f7fac8fbd0f885aa4175f63fa6748.png"},"point":2479},{"user":{"uid":1034,"userid":635,"name":"Foxbot","avatar":"https://cdn.discordapp.com/avatars/673289306424475659/6760c43d2e087fd99eeef160473251a3.png"},"point":1587},{"user":{"uid":1271,"userid":780,"name":"brazvo (Bruno)","avatar":"https://cdn.discordapp.com/avatars/823826275964682251/c28159cbabe58874bd1244a97d68d24b.png"},"point":1512},{"user":{"uid":1097,"userid":670,"name":"Ramin Tanuwong [TH]","avatar":"https://static.truckersmp.com/avatarsN/3757199.1645214262.jpg"},"point":1200},{"user":{"uid":191,"userid":352,"name":"kia_nokia","avatar":"https://cdn.discordapp.com/avatars/946038819118022666/9613cd97518544022b55252d1952e174.png"},"point":1166},{"user":{"uid":1412,"userid":868,"name":"K1ngSteven","avatar":"https://cdn.discordapp.com/avatars/520314388855652353/f1179b1232edc33997e0f982aec10dba.png"},"point":869},{"user":{"uid":1039,"userid":637,"name":"Dutchman6149","avatar":"https://cdn.discordapp.com/avatars/1089970918169776317/518899061d0c7aa71638cf2a46dfa547.png"},"point":838},{"user":{"uid":2,"userid":1,"name":"Shadows","avatar":"https://cdn.discordapp.com/avatars/763197983797149726/a_67439a2a368b345074723e4caf768179.gif"},"point":799},{"user":{"uid":1419,"userid":880,"name":"Mister E","avatar":"https://cdn.discordapp.com/avatars/519617154782461991/4a0616a32ffc7f7ee6eeeeab8c9952e5.png"},"point":741},{"user":{"uid":1408,"userid":865,"name":"R4","avatar":"https://cdn.discordapp.com/avatars/229936554896916481/bc055d1db5245677b5e67e2a0f3df2af.png"},"point":585},{"user":{"uid":3,"userid":2,"name":"Delta","avatar":"https://cdn.discordapp.com/avatars/710535657650651157/e21a44412b740e2e3bba4f4cc015a9e8.png"},"point":553},{"user":{"uid":87,"userid":203,"name":"pvfcmatt1","avatar":"https://cdn.discordapp.com/avatars/668822602806198278/eb4c4684efc13d2a58ddeae555edc5a7.png"},"point":550},{"user":{"uid":1305,"userid":799,"name":"MinoRoss","avatar":"https://cdn.discordapp.com/avatars/707509306517487626/54229c31f2d6e957fb24f0faad0a7adb.png"},"point":321},{"user":{"uid":870,"userid":553,"name":"evilzocken","avatar":"https://cdn.discordapp.com/avatars/665665436678881280/20f2b988f85911a0abd599c8eb4b0bd8.png"},"point":289}]}