{"fmd":[{"user":{"uid":178,"userid":142,"name":"Kai'Sa☆UnSyn Amagiri","avatar":"https://cdn.discordapp.com/avatars/234026448229367809/3e769a6aef362f7e3f4ea09b2d3f5367.png"},"point":13883},{"user":{"uid":479,"userid":252,"name":"ST1G","avatar":"https://cdn.discordapp.com/avatars/515890400494616608/f4bac7aef316082f7bad4fcbb6b39570.png"},"point":3802},{"user":{"uid":19,"userid":22,"name":"Garmy","avatar":"https://cdn.discordapp.com/avatars/537294435617341451/513dcf25a48a7f737f1643ad3c103e65.png"},"point":1735},{"user":{"uid":82,"userid":99,"name":"PepyNox 🤖","avatar":"https://cdn.discordapp.com/avatars/261473263752839168/a_32058670e7fcdb9136bb159147e62d09.gif"},"point":1531},{"user":{"uid":470,"userid":253,"name":"[MCG] Lucasg4329 [FR]","avatar":"https://static.truckersmp.com/avatarsN/defaultavatar.png"},"point":1101},{"user":{"uid":104,"userid":128,"name":"Jablko 47","avatar":"https://cdn.discordapp.com/avatars/496659970696282112/c598da5e3493f03048d4831a1b806273.png"},"point":1099},{"user":{"uid":96,"userid":120,"name":"Pattarapon","avatar":"https://cdn.discordapp.com/avatars/687263407417720832/a_c8f593c66e5dce0aeea7d8e0dc04e0cc.gif"},"point":1041},{"user":{"uid":204,"userid":155,"name":"Xenon_25","avatar":"https://avatars.steamstatic.com/8dfe278c7493b6984540e57ecd57b791df13841e_full.jpg"},"point":812},{"user":{"uid":100,"userid":124,"name":"Nexusover","avatar":"https://cdn.discordapp.com/avatars/531793623331635201/a_200acad6bb16f43fd5eda378ea422f0e.gif"},"point":698},{"user":{"uid":259,"userid":180,"name":"Tom Smith","avatar":"https://cdn.discordapp.com/avatars/634875282087739402/d7f37b180267028c04a70bf39b51a974.png"},"point":683},{"user":{"uid":364,"userid":215,"name":"[MCG] Danish_v8","avatar":"https://static.truckersmp.com/avatarsN/3882826.1651322428.jpg"},"point":650},{"user":{"uid":14,"userid":15,"name":"Cel","avatar":"https://cdn.discordapp.com/avatars/388906563043065861/ea2e630b6ace3b5676e334f4f61e039f.png"},"point":567}],"fma":[{"user":{"uid":178,"userid":142,"name":"Kai'Sa☆UnSyn Amagiri","avatar":"https://cdn.discordapp.com/avatars/234026448229367809/3e769a6aef362f7e3f4ea09b2d3f5367.png"},"point":13883},{"user":{"uid":479,"userid":252,"name":"ST1G","avatar":"https://cdn.discordapp.com/avatars/515890400494616608/f4bac7aef316082f7bad4fcbb6b39570.png"},"point":3802},{"user":{"uid":19,"userid":22,"name":"Garmy","avatar":"https://cdn.discordapp.com/avatars/537294435617341451/513dcf25a48a7f737f1643ad3c103e65.png"},"point":1735},{"user":{"uid":82,"userid":99,"name":"PepyNox 🤖","avatar":"https://cdn.discordapp.com/avatars/261473263752839168/a_32058670e7fcdb9136bb159147e62d09.gif"},"point":1531},{"user":{"uid":470,"userid":253,"name":"[MCG] Lucasg4329 [FR]","avatar":"https://static.truckersmp.com/avatarsN/defaultavatar.png"},"point":1101},{"user":{"uid":104,"userid":128,"name":"Jablko 47","avatar":"https://cdn.discordapp.com/avatars/496659970696282112/c598da5e3493f03048d4831a1b806273.png"},"point":1099},{"user":{"uid":96,"userid":120,"name":"Pattarapon","avatar":"https://cdn.discordapp.com/avatars/687263407417720832/a_c8f593c66e5dce0aeea7d8e0dc04e0cc.gif"},"point":1041},{"user":{"uid":204,"userid":155,"name":"Xenon_25","avatar":"https://avatars.steamstatic.com/8dfe278c7493b6984540e57ecd57b791df13841e_full.jpg"},"point":812},{"user":{"uid":100,"userid":124,"name":"Nexusover","avatar":"https://cdn.discordapp.com/avatars/531793623331635201/a_200acad6bb16f43fd5eda378ea422f0e.gif"},"point":698},{"user":{"uid":259,"userid":180,"name":"Tom Smith","avatar":"https://cdn.discordapp.com/avatars/634875282087739402/d7f37b180267028c04a70bf39b51a974.png"},"point":683},{"user":{"uid":364,"userid":215,"name":"[MCG] Danish_v8","avatar":"https://static.truckersmp.com/avatarsN/3882826.1651322428.jpg"},"point":650},{"user":{"uid":14,"userid":15,"name":"Cel","avatar":"https://cdn.discordapp.com/avatars/388906563043065861/ea2e630b6ace3b5676e334f4f61e039f.png"},"point":567}]}