{"fmd":[{"user":{"uid":36,"userid":82,"name":"SchakalGER","avatar":"https://cdn.discordapp.com/avatars/328243784703803413/0815cbf6b00e890a8030cd7d0042d596.png"},"point":5851},{"user":{"uid":71,"userid":60,"name":"geronimo8815","avatar":"https://static.truckersmp.com/avatarsN/5294261.1711913743.png"},"point":5112},{"user":{"uid":148,"userid":145,"name":"weisserkreuzer","avatar":"https://cdn.discordapp.com/avatars/303094283752308737/651be3b81b2b904cd1112f8501fd2e49.png"},"point":3966},{"user":{"uid":152,"userid":135,"name":"manu7432","avatar":"https://cdn.discordapp.com/avatars/1024735246249373777/2d7e240ada7e8d3f41e4150fb6b1d0aa.png"},"point":3869},{"user":{"uid":213,"userid":178,"name":"Matthias","avatar":"https://cdn.discordapp.com/avatars/986724450647048212/ef0b2ff6aa97e9db1171cbaa6a78805c.png"},"point":3363},{"user":{"uid":329,"userid":269,"name":"Vandros","avatar":"https://cdn.discordapp.com/avatars/159231251960561664/74a01b7ba2d7d5bb76d61807fa3c69b6.png"},"point":3276},{"user":{"uid":333,"userid":272,"name":"[GER] KevBro","avatar":"https://cdn.discordapp.com/avatars/399288507555905537/97f95e9067d504126694afa5b193d2fa.png"},"point":3176},{"user":{"uid":272,"userid":227,"name":"Pfindus","avatar":"https://static.truckersmp.com/avatarsN/4311053.1710660288.png"},"point":3100},{"user":{"uid":73,"userid":65,"name":"Ersque","avatar":"https://cdn.discordapp.com/avatars/219183521711915008/d8224c427b6d0b5f9a2b151734d67e76.png"},"point":2723},{"user":{"uid":43,"userid":31,"name":"[GER]Christian","avatar":"https://static.truckersmp.com/avatarsN/196694.1705792859.png"},"point":2389},{"user":{"uid":328,"userid":268,"name":"PhantomGhost702","avatar":"https://static.truckersmp.com/avatarsN/defaultavatar.png"},"point":1731},{"user":{"uid":295,"userid":246,"name":"Tiberius","avatar":"https://cdn.discordapp.com/avatars/305385843428950026/6c00ebb9bf00d5c68028e29af849b1ad.png"},"point":1638},{"user":{"uid":205,"userid":207,"name":"Taro Kun","avatar":"https://cdn.discordapp.com/avatars/690602863499673660/2f5c46ca1b40b993b01f73dd3c1fdb9a.png"},"point":1527},{"user":{"uid":59,"userid":48,"name":"Patrick","avatar":"https://cdn.discordapp.com/avatars/408688712223031306/0cfcbf6ba2fb06d7f4ef39a9d5f8f496.png"},"point":1017},{"user":{"uid":276,"userid":230,"name":"BVG Joker","avatar":"https://cdn.discordapp.com/avatars/632654863821439016/4aa4e3726e3edc2c26b9288cd0b0e1c5.png"},"point":1011},{"user":{"uid":326,"userid":266,"name":"Maurice19","avatar":"https://cdn.discordapp.com/avatars/1206036847852257352/492ccf7623f8bb21d7676148fcf3daae.png"},"point":997},{"user":{"uid":46,"userid":44,"name":"Linus14_trucker","avatar":"https://cdn.discordapp.com/avatars/973298563750719518/f8077addf056d9aaf51c748928a4a6d2.png"},"point":950},{"user":{"uid":269,"userid":225,"name":"Lord_Kevo22","avatar":"https://cdn.discordapp.com/avatars/705330452508049408/61c39c05ae5ed99170b76303b795d9c0.png"},"point":864},{"user":{"uid":12,"userid":10,"name":"Tchabalala/Axel","avatar":"https://cdn.discordapp.com/avatars/336794680454938624/c949fc0ae2a0b67356a833b7f2dfb640.png"},"point":799},{"user":{"uid":87,"userid":90,"name":"Carolus","avatar":"https://cdn.discordapp.com/avatars/1018500971095142471/7020d4b60e743ddab1f546f20958df7e.png"},"point":798},{"user":{"uid":92,"userid":84,"name":"Corosion","avatar":"https://cdn.discordapp.com/avatars/233911033859670016/d066a4ff18b288553ae04a47a1c59ed8.png"},"point":758},{"user":{"uid":278,"userid":231,"name":"Euroachi","avatar":"https://cdn.discordapp.com/avatars/1054431223541399562/b2fb77788b7cb88d88699ed50b0e7bc6.png"},"point":550},{"user":{"uid":124,"userid":113,"name":"Terrase","avatar":"https://cdn.discordapp.com/avatars/625396497911119882/364fbbd9cf4c0c505f8784af01f4dc2e.png"},"point":490},{"user":{"uid":56,"userid":42,"name":"Glaceon","avatar":"https://cdn.discordapp.com/avatars/348428309018705930/f1b68bf1b8a5121559e1b782c8941327.png"},"point":427},{"user":{"uid":322,"userid":262,"name":"999stormzy","avatar":"https://cdn.discordapp.com/avatars/664568473690832917/d89179c3a8b60c18583cec924eb4b625.png"},"point":371},{"user":{"uid":25,"userid":22,"name":"IceTea2603","avatar":"https://cdn.discordapp.com/avatars/776556329963749449/0148bf32bf7371c32ef11a991bb45ddd.png"},"point":272},{"user":{"uid":336,"userid":275,"name":"Spitzy","avatar":"https://cdn.discordapp.com/avatars/1147502090843852990/06c37c46495547505740875f1d626fac.png"},"point":70},{"user":{"uid":325,"userid":265,"name":"[GER] Sääm","avatar":"https://static.truckersmp.com/avatarsN/2524791.1714481709.jpg"},"point":2},{"user":{"uid":307,"userid":251,"name":"julex_07","avatar":"https://cdn.discordapp.com/avatars/878671512801009684/b8b0cc1e4da62e31f9c17e52a1054f8b.png"},"point":1},{"user":{"uid":74,"userid":66,"name":"Kucki122","avatar":"https://cdn.discordapp.com/avatars/980522557365157938/bb19a21068e5e3d9d8c349e066d33d6e.png"},"point":0}],"fma":[{"user":{"uid":36,"userid":82,"name":"SchakalGER","avatar":"https://cdn.discordapp.com/avatars/328243784703803413/0815cbf6b00e890a8030cd7d0042d596.png"},"point":5851},{"user":{"uid":71,"userid":60,"name":"geronimo8815","avatar":"https://static.truckersmp.com/avatarsN/5294261.1711913743.png"},"point":5112},{"user":{"uid":152,"userid":135,"name":"manu7432","avatar":"https://cdn.discordapp.com/avatars/1024735246249373777/2d7e240ada7e8d3f41e4150fb6b1d0aa.png"},"point":4996},{"user":{"uid":148,"userid":145,"name":"weisserkreuzer","avatar":"https://cdn.discordapp.com/avatars/303094283752308737/651be3b81b2b904cd1112f8501fd2e49.png"},"point":3966},{"user":{"uid":213,"userid":178,"name":"Matthias","avatar":"https://cdn.discordapp.com/avatars/986724450647048212/ef0b2ff6aa97e9db1171cbaa6a78805c.png"},"point":3363},{"user":{"uid":329,"userid":269,"name":"Vandros","avatar":"https://cdn.discordapp.com/avatars/159231251960561664/74a01b7ba2d7d5bb76d61807fa3c69b6.png"},"point":3276},{"user":{"uid":333,"userid":272,"name":"[GER] KevBro","avatar":"https://cdn.discordapp.com/avatars/399288507555905537/97f95e9067d504126694afa5b193d2fa.png"},"point":3176},{"user":{"uid":272,"userid":227,"name":"Pfindus","avatar":"https://static.truckersmp.com/avatarsN/4311053.1710660288.png"},"point":3100},{"user":{"uid":73,"userid":65,"name":"Ersque","avatar":"https://cdn.discordapp.com/avatars/219183521711915008/d8224c427b6d0b5f9a2b151734d67e76.png"},"point":2723},{"user":{"uid":43,"userid":31,"name":"[GER]Christian","avatar":"https://static.truckersmp.com/avatarsN/196694.1705792859.png"},"point":2389},{"user":{"uid":12,"userid":10,"name":"Tchabalala/Axel","avatar":"https://cdn.discordapp.com/avatars/336794680454938624/c949fc0ae2a0b67356a833b7f2dfb640.png"},"point":2171},{"user":{"uid":328,"userid":268,"name":"PhantomGhost702","avatar":"https://static.truckersmp.com/avatarsN/defaultavatar.png"},"point":1731},{"user":{"uid":295,"userid":246,"name":"Tiberius","avatar":"https://cdn.discordapp.com/avatars/305385843428950026/6c00ebb9bf00d5c68028e29af849b1ad.png"},"point":1638},{"user":{"uid":205,"userid":207,"name":"Taro Kun","avatar":"https://cdn.discordapp.com/avatars/690602863499673660/2f5c46ca1b40b993b01f73dd3c1fdb9a.png"},"point":1527},{"user":{"uid":59,"userid":48,"name":"Patrick","avatar":"https://cdn.discordapp.com/avatars/408688712223031306/0cfcbf6ba2fb06d7f4ef39a9d5f8f496.png"},"point":1017},{"user":{"uid":276,"userid":230,"name":"BVG Joker","avatar":"https://cdn.discordapp.com/avatars/632654863821439016/4aa4e3726e3edc2c26b9288cd0b0e1c5.png"},"point":1011},{"user":{"uid":326,"userid":266,"name":"Maurice19","avatar":"https://cdn.discordapp.com/avatars/1206036847852257352/492ccf7623f8bb21d7676148fcf3daae.png"},"point":997},{"user":{"uid":46,"userid":44,"name":"Linus14_trucker","avatar":"https://cdn.discordapp.com/avatars/973298563750719518/f8077addf056d9aaf51c748928a4a6d2.png"},"point":950},{"user":{"uid":269,"userid":225,"name":"Lord_Kevo22","avatar":"https://cdn.discordapp.com/avatars/705330452508049408/61c39c05ae5ed99170b76303b795d9c0.png"},"point":864},{"user":{"uid":87,"userid":90,"name":"Carolus","avatar":"https://cdn.discordapp.com/avatars/1018500971095142471/7020d4b60e743ddab1f546f20958df7e.png"},"point":798},{"user":{"uid":92,"userid":84,"name":"Corosion","avatar":"https://cdn.discordapp.com/avatars/233911033859670016/d066a4ff18b288553ae04a47a1c59ed8.png"},"point":758},{"user":{"uid":39,"userid":34,"name":"[GER] Chrissy1968","avatar":"https://static.truckersmp.com/avatarsN/defaultavatar.png"},"point":703},{"user":{"uid":278,"userid":231,"name":"Euroachi","avatar":"https://cdn.discordapp.com/avatars/1054431223541399562/b2fb77788b7cb88d88699ed50b0e7bc6.png"},"point":550},{"user":{"uid":124,"userid":113,"name":"Terrase","avatar":"https://cdn.discordapp.com/avatars/625396497911119882/364fbbd9cf4c0c505f8784af01f4dc2e.png"},"point":490},{"user":{"uid":56,"userid":42,"name":"Glaceon","avatar":"https://cdn.discordapp.com/avatars/348428309018705930/f1b68bf1b8a5121559e1b782c8941327.png"},"point":427},{"user":{"uid":322,"userid":262,"name":"999stormzy","avatar":"https://cdn.discordapp.com/avatars/664568473690832917/d89179c3a8b60c18583cec924eb4b625.png"},"point":371},{"user":{"uid":25,"userid":22,"name":"IceTea2603","avatar":"https://cdn.discordapp.com/avatars/776556329963749449/0148bf32bf7371c32ef11a991bb45ddd.png"},"point":272},{"user":{"uid":336,"userid":275,"name":"Spitzy","avatar":"https://cdn.discordapp.com/avatars/1147502090843852990/06c37c46495547505740875f1d626fac.png"},"point":70},{"user":{"uid":325,"userid":265,"name":"[GER] Sääm","avatar":"https://static.truckersmp.com/avatarsN/2524791.1714481709.jpg"},"point":2},{"user":{"uid":307,"userid":251,"name":"julex_07","avatar":"https://cdn.discordapp.com/avatars/878671512801009684/b8b0cc1e4da62e31f9c17e52a1054f8b.png"},"point":1},{"user":{"uid":74,"userid":66,"name":"Kucki122","avatar":"https://cdn.discordapp.com/avatars/980522557365157938/bb19a21068e5e3d9d8c349e066d33d6e.png"},"point":0}]}