{"fmd":[{"user":{"uid":504,"userid":411,"name":"ArgotheWolf","avatar":"https://static.truckersmp.com/avatarsN/1940165.1712798979.png"},"point":3057},{"user":{"uid":577,"userid":464,"name":"𝙙𝙮𝙡...","avatar":"https://cdn.discordapp.com/avatars/784825526279864341/0b76ddbf318e758e0fda0f3d130589a8.png"},"point":1991},{"user":{"uid":402,"userid":337,"name":"viriusek","avatar":"https://cdn.discordapp.com/avatars/814466964918370305/78f995b4dea90ade36a4984506d67d5b.png"},"point":1868},{"user":{"uid":424,"userid":351,"name":"༺ღ Chloe-Rose ღ༻","avatar":"https://cdn.discordapp.com/avatars/222093180248653825/6bcdb53ab795ecc1dcce216045e8b3ac.png"},"point":1864},{"user":{"uid":642,"userid":516,"name":"Aljaz Miklic","avatar":"https://cdn.discordapp.com/avatars/771794563680436234/1d775092d4983d2143b8a4f98b6b0979.png"},"point":1778},{"user":{"uid":551,"userid":448,"name":"Capt_Tom","avatar":"https://cdn.discordapp.com/avatars/1189926623739400235/76a1784b7640fe89bfca945587db07e3.png"},"point":1760},{"user":{"uid":427,"userid":353,"name":"Versthappening","avatar":"https://cdn.discordapp.com/avatars/851032564801077258/b6762130b06d88078b10d519887e731b.png"},"point":661},{"user":{"uid":561,"userid":453,"name":"phevos","avatar":"https://cdn.discordapp.com/avatars/622325492716011561/7de674db261521ac520b656f5089d908.png"},"point":477},{"user":{"uid":651,"userid":523,"name":"Elfik","avatar":"https://cdn.discordapp.com/avatars/648958483185795083/8f18b7e6f4570233b30ed904712c00da.png"},"point":347},{"user":{"uid":483,"userid":394,"name":"Xikxzy","avatar":"https://cdn.discordapp.com/avatars/960949402191683595/1270700e622dfb0e702498378ecf1317.png"},"point":0}],"fma":[{"user":{"uid":504,"userid":411,"name":"ArgotheWolf","avatar":"https://static.truckersmp.com/avatarsN/1940165.1712798979.png"},"point":3057},{"user":{"uid":577,"userid":464,"name":"𝙙𝙮𝙡...","avatar":"https://cdn.discordapp.com/avatars/784825526279864341/0b76ddbf318e758e0fda0f3d130589a8.png"},"point":1991},{"user":{"uid":402,"userid":337,"name":"viriusek","avatar":"https://cdn.discordapp.com/avatars/814466964918370305/78f995b4dea90ade36a4984506d67d5b.png"},"point":1968},{"user":{"uid":424,"userid":351,"name":"༺ღ Chloe-Rose ღ༻","avatar":"https://cdn.discordapp.com/avatars/222093180248653825/6bcdb53ab795ecc1dcce216045e8b3ac.png"},"point":1864},{"user":{"uid":642,"userid":516,"name":"Aljaz Miklic","avatar":"https://cdn.discordapp.com/avatars/771794563680436234/1d775092d4983d2143b8a4f98b6b0979.png"},"point":1778},{"user":{"uid":551,"userid":448,"name":"Capt_Tom","avatar":"https://cdn.discordapp.com/avatars/1189926623739400235/76a1784b7640fe89bfca945587db07e3.png"},"point":1760},{"user":{"uid":427,"userid":353,"name":"Versthappening","avatar":"https://cdn.discordapp.com/avatars/851032564801077258/b6762130b06d88078b10d519887e731b.png"},"point":881},{"user":{"uid":561,"userid":453,"name":"phevos","avatar":"https://cdn.discordapp.com/avatars/622325492716011561/7de674db261521ac520b656f5089d908.png"},"point":477},{"user":{"uid":651,"userid":523,"name":"Elfik","avatar":"https://cdn.discordapp.com/avatars/648958483185795083/8f18b7e6f4570233b30ed904712c00da.png"},"point":347},{"user":{"uid":516,"userid":417,"name":"Ravsh1k","avatar":"https://cdn.discordapp.com/avatars/901846074740858890/775a54f0f101fa2eb9b9fb54ad87ce55.png"},"point":275},{"user":{"uid":480,"userid":395,"name":"Sh0tBlow","avatar":"https://cdn.discordapp.com/avatars/462991116279611392/87bf1e3b76d220025f3fb4b0029427f8.png"},"point":164},{"user":{"uid":25,"userid":96,"name":"[G-T-R]GrayWolf","avatar":"https://cdn.discordapp.com/avatars/463049453067173888/93e0f855de1c1bcdf6924d45b1789338.png"},"point":119},{"user":{"uid":636,"userid":513,"name":"MementoMori","avatar":"https://cdn.discordapp.com/avatars/978142750681731182/21fe43da5d69da6ce55d794c5c9c9e17.png"},"point":113},{"user":{"uid":483,"userid":394,"name":"Xikxzy","avatar":"https://cdn.discordapp.com/avatars/960949402191683595/1270700e622dfb0e702498378ecf1317.png"},"point":0}]}