{"fmd":[{"user":{"uid":203,"userid":173,"name":"(DR) Billy1bob","avatar":""},"point":9160},{"user":{"uid":13,"userid":9,"name":"(Co Owner) BRDYVPR","avatar":"https://cdn.discordapp.com/avatars/760196239022489633/e52474f8d25af8ac2dbffaddb6943c37.png"},"point":3738},{"user":{"uid":147,"userid":121,"name":"(DR) Bait","avatar":"https://cdn.discordapp.com/avatars/784933468768305152/bd96fdb7307124edc59dac71d429f36d.png"},"point":2101},{"user":{"uid":202,"userid":172,"name":"LOA(DRT) WeeMenace06","avatar":"https://cdn.discordapp.com/avatars/970355206590181376/76a0b6ef3a5eca2c11e5ca399efa3a52.png"},"point":1243},{"user":{"uid":205,"userid":175,"name":"Magnusw001","avatar":"https://static.truckersmp.com/avatarsN/3834490.1714252624.jpg"},"point":508},{"user":{"uid":1,"userid":0,"name":"(Owner) Essex","avatar":"https://cdn.discordapp.com/avatars/986728515892285461/a_c4301bd78f1d1d60c25f66672af89a9a.gif"},"point":492},{"user":{"uid":192,"userid":163,"name":"(DR) Diican","avatar":""},"point":0},{"user":{"uid":207,"userid":177,"name":"JT352","avatar":""},"point":0},{"user":{"uid":208,"userid":178,"name":"[LOA] hullfc203 (truckingboss90)","avatar":"https://cdn.discordapp.com/avatars/434696049962254336/a6491b27e31a4418d691d09bbc3b636e.png"},"point":0}],"fma":[{"user":{"uid":203,"userid":173,"name":"(DR) Billy1bob","avatar":""},"point":9160},{"user":{"uid":13,"userid":9,"name":"(Co Owner) BRDYVPR","avatar":"https://cdn.discordapp.com/avatars/760196239022489633/e52474f8d25af8ac2dbffaddb6943c37.png"},"point":3738},{"user":{"uid":147,"userid":121,"name":"(DR) Bait","avatar":"https://cdn.discordapp.com/avatars/784933468768305152/bd96fdb7307124edc59dac71d429f36d.png"},"point":2101},{"user":{"uid":202,"userid":172,"name":"LOA(DRT) WeeMenace06","avatar":"https://cdn.discordapp.com/avatars/970355206590181376/76a0b6ef3a5eca2c11e5ca399efa3a52.png"},"point":1243},{"user":{"uid":1,"userid":0,"name":"(Owner) Essex","avatar":"https://cdn.discordapp.com/avatars/986728515892285461/a_c4301bd78f1d1d60c25f66672af89a9a.gif"},"point":592},{"user":{"uid":205,"userid":175,"name":"Magnusw001","avatar":"https://static.truckersmp.com/avatarsN/3834490.1714252624.jpg"},"point":528},{"user":{"uid":192,"userid":163,"name":"(DR) Diican","avatar":""},"point":0},{"user":{"uid":207,"userid":177,"name":"JT352","avatar":""},"point":0},{"user":{"uid":208,"userid":178,"name":"[LOA] hullfc203 (truckingboss90)","avatar":"https://cdn.discordapp.com/avatars/434696049962254336/a6491b27e31a4418d691d09bbc3b636e.png"},"point":0}]}