{"fmd":[{"user":{"uid":366,"userid":264,"name":"kieran07","avatar":"https://static.truckersmp.com/avatarsN/defaultavatar.png"},"point":5232},{"user":{"uid":287,"userid":226,"name":"PRO100WRYJ","avatar":"https://cdn.discordapp.com/avatars/402794199306600449/399a5fb92a48f415aa8d88afb01f26a2.png"},"point":1874},{"user":{"uid":360,"userid":259,"name":"EisenWolf","avatar":"https://static.truckersmp.com/avatarsN/4112608.1704752368.jpg"},"point":1458},{"user":{"uid":1,"userid":0,"name":"Brad","avatar":"https://cdn.discordapp.com/avatars/507570358782525451/0f8d2ac0cb4d5df4b45d8529b6efe809.png"},"point":744},{"user":{"uid":367,"userid":265,"name":"xXBlazieXx","avatar":"https://cdn.discordapp.com/avatars/118134703143387143/a_0c9c8f10bf9b081401d4b68f2e0948fd.gif"},"point":744},{"user":{"uid":356,"userid":257,"name":"prince","avatar":"https://cdn.discordapp.com/avatars/561960385750761472/baa8187f57979991d38812e415d41191.png"},"point":743},{"user":{"uid":312,"userid":239,"name":"Two Trappy","avatar":"https://cdn.discordapp.com/avatars/460444257250181120/e1fe6b34c1ce8b3d86f89e7e210ca57e.png"},"point":519},{"user":{"uid":351,"userid":254,"name":"nini","avatar":"https://cdn.discordapp.com/avatars/288301509396135938/f02d103af07193e5fa4452628f6d749a.png"},"point":135}],"fma":[{"user":{"uid":1,"userid":0,"name":"Brad","avatar":"https://cdn.discordapp.com/avatars/507570358782525451/0f8d2ac0cb4d5df4b45d8529b6efe809.png"},"point":25744},{"user":{"uid":356,"userid":257,"name":"prince","avatar":"https://cdn.discordapp.com/avatars/561960385750761472/baa8187f57979991d38812e415d41191.png"},"point":25743},{"user":{"uid":312,"userid":239,"name":"Two Trappy","avatar":"https://cdn.discordapp.com/avatars/460444257250181120/e1fe6b34c1ce8b3d86f89e7e210ca57e.png"},"point":25519},{"user":{"uid":366,"userid":264,"name":"kieran07","avatar":"https://static.truckersmp.com/avatarsN/defaultavatar.png"},"point":5232},{"user":{"uid":287,"userid":226,"name":"PRO100WRYJ","avatar":"https://cdn.discordapp.com/avatars/402794199306600449/399a5fb92a48f415aa8d88afb01f26a2.png"},"point":1874},{"user":{"uid":360,"userid":259,"name":"EisenWolf","avatar":"https://static.truckersmp.com/avatarsN/4112608.1704752368.jpg"},"point":1458},{"user":{"uid":367,"userid":265,"name":"xXBlazieXx","avatar":"https://cdn.discordapp.com/avatars/118134703143387143/a_0c9c8f10bf9b081401d4b68f2e0948fd.gif"},"point":744},{"user":{"uid":351,"userid":254,"name":"nini","avatar":"https://cdn.discordapp.com/avatars/288301509396135938/f02d103af07193e5fa4452628f6d749a.png"},"point":135}]}