{"fmd":[{"user":{"uid":259,"userid":197,"name":"I3uckfast","avatar":"https://cdn.discordapp.com/avatars/1004430807357722625/3d5554ddf82b40ee06741800e85afa7a.png"},"point":3077},{"user":{"uid":1,"userid":1,"name":"!itsPeanutttt","avatar":"https://cdn.discordapp.com/avatars/208757218013609985/a_b8fae2196be237eb9612f9daed82c1e3.gif"},"point":1841},{"user":{"uid":260,"userid":198,"name":"TJ2006","avatar":"https://cdn.discordapp.com/avatars/405456778772480001/929852eed2b7943bbbde706a2a381e14.png"},"point":1139},{"user":{"uid":173,"userid":133,"name":"LizzyM#290199","avatar":""},"point":1136},{"user":{"uid":176,"userid":136,"name":"Para","avatar":""},"point":745},{"user":{"uid":253,"userid":193,"name":"Lucien_Schildpad","avatar":"https://static.truckersmp.com/avatarsN/defaultavatar.png"},"point":599},{"user":{"uid":127,"userid":97,"name":"Gaurav.","avatar":"https://cdn.discordapp.com/avatars/845983678651826186/3a0f817580092e1c841c31ecb3a19525.png"},"point":583},{"user":{"uid":289,"userid":214,"name":"realjetro007","avatar":"https://cdn.discordapp.com/avatars/390698464775766016/77e5c944c3bd4702a3ac3e0ee206d4e9.png"},"point":511},{"user":{"uid":213,"userid":163,"name":"Little Meow","avatar":"https://cdn.discordapp.com/avatars/1019561099177234442/ddd644a232498d08379163bd4797740e.png"},"point":507},{"user":{"uid":112,"userid":86,"name":"PistonFace08","avatar":"https://cdn.discordapp.com/avatars/562334030612135968/a2f83155381251c95dc78b28c3ae46c6.png"},"point":479},{"user":{"uid":15,"userid":10,"name":"MarlonSkills","avatar":"https://cdn.discordapp.com/avatars/315956778884005890/9a3d00de17d4e51023e4dc7542353ce7.png"},"point":465},{"user":{"uid":160,"userid":125,"name":"mu han","avatar":"https://cdn.discordapp.com/avatars/1121405880924123219/4fa32749d7c53cc30aa99181c81f851f.png"},"point":434},{"user":{"uid":206,"userid":161,"name":"adrie de ovenschaal","avatar":"https://cdn.discordapp.com/avatars/1028215593716953150/6a2a359fdf5b23bdfd6275e70b910a3b.png"},"point":0},{"user":{"uid":273,"userid":206,"name":"TootsGaming","avatar":"https://cdn.discordapp.com/avatars/822199520846282793/b0470670f15d8600df10133eee7a2156.png"},"point":0}],"fma":[{"user":{"uid":259,"userid":197,"name":"I3uckfast","avatar":"https://cdn.discordapp.com/avatars/1004430807357722625/3d5554ddf82b40ee06741800e85afa7a.png"},"point":4164},{"user":{"uid":1,"userid":1,"name":"!itsPeanutttt","avatar":"https://cdn.discordapp.com/avatars/208757218013609985/a_b8fae2196be237eb9612f9daed82c1e3.gif"},"point":2559},{"user":{"uid":260,"userid":198,"name":"TJ2006","avatar":"https://cdn.discordapp.com/avatars/405456778772480001/929852eed2b7943bbbde706a2a381e14.png"},"point":2496},{"user":{"uid":173,"userid":133,"name":"LizzyM#290199","avatar":""},"point":1859},{"user":{"uid":32,"userid":21,"name":"NateNZ","avatar":"https://cdn.discordapp.com/avatars/263779798327885834/54adfd241b87dc24073b7cc175209ad7.png"},"point":1500},{"user":{"uid":100,"userid":75,"name":"I am KingHeet","avatar":"https://static.truckersmp.com/avatarsN/3141865.1659238151.jpeg"},"point":975},{"user":{"uid":160,"userid":125,"name":"mu han","avatar":"https://cdn.discordapp.com/avatars/1121405880924123219/4fa32749d7c53cc30aa99181c81f851f.png"},"point":915},{"user":{"uid":176,"userid":136,"name":"Para","avatar":""},"point":892},{"user":{"uid":15,"userid":10,"name":"MarlonSkills","avatar":"https://cdn.discordapp.com/avatars/315956778884005890/9a3d00de17d4e51023e4dc7542353ce7.png"},"point":851},{"user":{"uid":112,"userid":86,"name":"PistonFace08","avatar":"https://cdn.discordapp.com/avatars/562334030612135968/a2f83155381251c95dc78b28c3ae46c6.png"},"point":836},{"user":{"uid":134,"userid":104,"name":"Freshmuscl3","avatar":"https://static.truckersmp.com/avatarsN/5222182.1706276666.png"},"point":700},{"user":{"uid":253,"userid":193,"name":"Lucien_Schildpad","avatar":"https://static.truckersmp.com/avatarsN/defaultavatar.png"},"point":599},{"user":{"uid":127,"userid":97,"name":"Gaurav.","avatar":"https://cdn.discordapp.com/avatars/845983678651826186/3a0f817580092e1c841c31ecb3a19525.png"},"point":583},{"user":{"uid":289,"userid":214,"name":"realjetro007","avatar":"https://cdn.discordapp.com/avatars/390698464775766016/77e5c944c3bd4702a3ac3e0ee206d4e9.png"},"point":511},{"user":{"uid":213,"userid":163,"name":"Little Meow","avatar":"https://cdn.discordapp.com/avatars/1019561099177234442/ddd644a232498d08379163bd4797740e.png"},"point":507},{"user":{"uid":206,"userid":161,"name":"adrie de ovenschaal","avatar":"https://cdn.discordapp.com/avatars/1028215593716953150/6a2a359fdf5b23bdfd6275e70b910a3b.png"},"point":0},{"user":{"uid":273,"userid":206,"name":"TootsGaming","avatar":"https://cdn.discordapp.com/avatars/822199520846282793/b0470670f15d8600df10133eee7a2156.png"},"point":0}]}