{"fmd":[{"user":{"uid":52,"userid":50,"name":"spanchikus","avatar":"https://cdn.discordapp.com/avatars/693884881419108432/2e5d58f8fe552e4d7cd49f3f1350966e.png"},"point":5637},{"user":{"uid":53,"userid":62,"name":"Black_Dragon33","avatar":"https://avatars.steamstatic.com/7a98d429d9fb61bb6065773f2005fce7257463a8_full.jpg"},"point":3404},{"user":{"uid":75,"userid":73,"name":"‘Banks’","avatar":"https://cdn.discordapp.com/avatars/932033227873480744/434d27d9bc5505df6a7edd0779591282.png"},"point":2654},{"user":{"uid":12,"userid":15,"name":"hαllєlujαh","avatar":"https://cdn.discordapp.com/avatars/489787824397352970/42ff6b81d02f4d7b1083fdebdb00a305.png"},"point":2390},{"user":{"uid":38,"userid":34,"name":"BGwarrior_49","avatar":"https://cdn.discordapp.com/avatars/588444287843172363/2ed83c8492581aa1c2555ecaa5180e82.png"},"point":2344},{"user":{"uid":28,"userid":27,"name":"reissverschlussverfahren","avatar":"https://avatars.steamstatic.com/7b74c751b8e0bb519b02aa069a2d74d24c2356ae_full.jpg"},"point":1577},{"user":{"uid":34,"userid":26,"name":"WiLczuR77","avatar":"https://cdn.discordapp.com/avatars/786282772255211560/215b343cd011110bf98e4157bab6f2cb.png"},"point":1463},{"user":{"uid":66,"userid":66,"name":"Malte","avatar":"https://cdn.discordapp.com/avatars/919274731662897233/bbd677145e6a56949be1630fe335e6fe.png"},"point":1448},{"user":{"uid":16,"userid":13,"name":"chad vectron","avatar":"https://cdn.discordapp.com/avatars/657613617906057247/81f8851d92f3ac1f80da82575197921f.png"},"point":1214},{"user":{"uid":30,"userid":24,"name":"Keff[ηl]","avatar":"https://static.truckersmp.com/avatarsN/2636041.1713489251.png"},"point":769},{"user":{"uid":3,"userid":3,"name":"Exotic","avatar":"https://cdn.discordapp.com/avatars/700374237877239900/a_21e1ff939d6a4f746de039650ff02a1d.gif"},"point":625},{"user":{"uid":62,"userid":61,"name":"Thomas.","avatar":"https://cdn.discordapp.com/avatars/1000353949620117514/b42831995cac9fc332f49722a7656a19.png"},"point":531},{"user":{"uid":37,"userid":33,"name":"TTDTheo","avatar":"https://cdn.discordapp.com/avatars/1145683091176833114/b5db924ff0fe5de313fb1f3d6c2526cd.png"},"point":530},{"user":{"uid":70,"userid":68,"name":"oεrrty","avatar":"https://avatars.steamstatic.com/25300570391d4c1d8604cacae35443fc07a51c9d_full.jpg"},"point":528},{"user":{"uid":48,"userid":46,"name":"TommyNL","avatar":"https://avatars.steamstatic.com/7767402c41b8102fe85ec7d919dbb1c8c36cc8c6_full.jpg"},"point":527},{"user":{"uid":54,"userid":53,"name":"nikosenos","avatar":"https://cdn.discordapp.com/avatars/385849670578077709/89afaee0019e2114289578582d6e7773.png"},"point":527},{"user":{"uid":74,"userid":78,"name":"callum","avatar":""},"point":527},{"user":{"uid":58,"userid":58,"name":"yoro","avatar":"https://cdn.discordapp.com/avatars/294435902447550464/e402845af66680c7f9285e8fecd5e47b.png"},"point":482},{"user":{"uid":14,"userid":11,"name":"L O R E N Z","avatar":"https://static.truckersmp.com/avatarsN/4486749.1691828789.png"},"point":479},{"user":{"uid":39,"userid":36,"name":"' Jonas.","avatar":"https://static.truckersmp.com/avatarsN/defaultavatar.png"},"point":381},{"user":{"uid":15,"userid":12,"name":"Lorenzo br","avatar":"https://cdn.discordapp.com/avatars/635968015371862082/8ca41d930d87fb4266f4c1666828d3f3.png"},"point":0}],"fma":[{"user":{"uid":85,"userid":83,"name":"SzoferDavid","avatar":"https://avatars.steamstatic.com/058afec257679c5da35b9f830aa73358028a110a_full.jpg"},"point":50500},{"user":{"uid":54,"userid":53,"name":"nikosenos","avatar":"https://cdn.discordapp.com/avatars/385849670578077709/89afaee0019e2114289578582d6e7773.png"},"point":12549},{"user":{"uid":52,"userid":50,"name":"spanchikus","avatar":"https://cdn.discordapp.com/avatars/693884881419108432/2e5d58f8fe552e4d7cd49f3f1350966e.png"},"point":5637},{"user":{"uid":53,"userid":62,"name":"Black_Dragon33","avatar":"https://avatars.steamstatic.com/7a98d429d9fb61bb6065773f2005fce7257463a8_full.jpg"},"point":3904},{"user":{"uid":75,"userid":73,"name":"‘Banks’","avatar":"https://cdn.discordapp.com/avatars/932033227873480744/434d27d9bc5505df6a7edd0779591282.png"},"point":2654},{"user":{"uid":12,"userid":15,"name":"hαllєlujαh","avatar":"https://cdn.discordapp.com/avatars/489787824397352970/42ff6b81d02f4d7b1083fdebdb00a305.png"},"point":2390},{"user":{"uid":38,"userid":34,"name":"BGwarrior_49","avatar":"https://cdn.discordapp.com/avatars/588444287843172363/2ed83c8492581aa1c2555ecaa5180e82.png"},"point":2344},{"user":{"uid":28,"userid":27,"name":"reissverschlussverfahren","avatar":"https://avatars.steamstatic.com/7b74c751b8e0bb519b02aa069a2d74d24c2356ae_full.jpg"},"point":1677},{"user":{"uid":34,"userid":26,"name":"WiLczuR77","avatar":"https://cdn.discordapp.com/avatars/786282772255211560/215b343cd011110bf98e4157bab6f2cb.png"},"point":1463},{"user":{"uid":66,"userid":66,"name":"Malte","avatar":"https://cdn.discordapp.com/avatars/919274731662897233/bbd677145e6a56949be1630fe335e6fe.png"},"point":1448},{"user":{"uid":16,"userid":13,"name":"chad vectron","avatar":"https://cdn.discordapp.com/avatars/657613617906057247/81f8851d92f3ac1f80da82575197921f.png"},"point":1214},{"user":{"uid":30,"userid":24,"name":"Keff[ηl]","avatar":"https://static.truckersmp.com/avatarsN/2636041.1713489251.png"},"point":769},{"user":{"uid":3,"userid":3,"name":"Exotic","avatar":"https://cdn.discordapp.com/avatars/700374237877239900/a_21e1ff939d6a4f746de039650ff02a1d.gif"},"point":625},{"user":{"uid":62,"userid":61,"name":"Thomas.","avatar":"https://cdn.discordapp.com/avatars/1000353949620117514/b42831995cac9fc332f49722a7656a19.png"},"point":531},{"user":{"uid":37,"userid":33,"name":"TTDTheo","avatar":"https://cdn.discordapp.com/avatars/1145683091176833114/b5db924ff0fe5de313fb1f3d6c2526cd.png"},"point":530},{"user":{"uid":70,"userid":68,"name":"oεrrty","avatar":"https://avatars.steamstatic.com/25300570391d4c1d8604cacae35443fc07a51c9d_full.jpg"},"point":528},{"user":{"uid":48,"userid":46,"name":"TommyNL","avatar":"https://avatars.steamstatic.com/7767402c41b8102fe85ec7d919dbb1c8c36cc8c6_full.jpg"},"point":527},{"user":{"uid":74,"userid":78,"name":"callum","avatar":""},"point":527},{"user":{"uid":1,"userid":1,"name":"RageDev","avatar":"https://cdn.discordapp.com/avatars/461836521335685120/dda93fcefdcfe9188fdda0adc2a5b012.png"},"point":500},{"user":{"uid":58,"userid":58,"name":"yoro","avatar":"https://cdn.discordapp.com/avatars/294435902447550464/e402845af66680c7f9285e8fecd5e47b.png"},"point":482},{"user":{"uid":14,"userid":11,"name":"L O R E N Z","avatar":"https://static.truckersmp.com/avatarsN/4486749.1691828789.png"},"point":479},{"user":{"uid":39,"userid":36,"name":"' Jonas.","avatar":"https://static.truckersmp.com/avatarsN/defaultavatar.png"},"point":381},{"user":{"uid":15,"userid":12,"name":"Lorenzo br","avatar":"https://cdn.discordapp.com/avatars/635968015371862082/8ca41d930d87fb4266f4c1666828d3f3.png"},"point":0}]}