{"fmd":[{"user":{"uid":21,"userid":20,"name":"Howling Rex","avatar":"https://cdn.discordapp.com/avatars/337293473260634113/a_0f39025b731d0a2a283e3f8b7074ba4b.gif"},"point":1179},{"user":{"uid":29,"userid":23,"name":"Tyler23","avatar":"https://cdn.discordapp.com/avatars/376484356820303872/ac68e90848524f7fdba22362300a9b63.png"},"point":490}],"fma":[{"user":{"uid":21,"userid":20,"name":"Howling Rex","avatar":"https://cdn.discordapp.com/avatars/337293473260634113/a_0f39025b731d0a2a283e3f8b7074ba4b.gif"},"point":1185},{"user":{"uid":29,"userid":23,"name":"Tyler23","avatar":"https://cdn.discordapp.com/avatars/376484356820303872/ac68e90848524f7fdba22362300a9b63.png"},"point":495}]}