{"fmd":[{"user":{"uid":1,"userid":1,"name":"WH | Chappy1225","avatar":"https://cdn.discordapp.com/avatars/480244047311667201/b51db2fc9e7e314933519021bee4ae3e.png"},"point":3292},{"user":{"uid":70,"userid":59,"name":"WH | luffydelian","avatar":"https://cdn.discordapp.com/avatars/368966792384872457/1ba6cada00ab23e5423b412610f4952d.png"},"point":2644},{"user":{"uid":69,"userid":58,"name":"WH | Cougar","avatar":""},"point":2570},{"user":{"uid":9,"userid":7,"name":"WH | TACOMAN","avatar":"https://cdn.discordapp.com/avatars/935175174700040252/2d6dbed1ba891f242274b7e80e50a9ae.png"},"point":2431},{"user":{"uid":56,"userid":45,"name":"WH | jbica","avatar":"https://cdn.discordapp.com/avatars/394272398930739212/488d03490a2359e57a3622544f8bbba2.png"},"point":938},{"user":{"uid":57,"userid":46,"name":"WH | Brick","avatar":"https://cdn.discordapp.com/avatars/190198403420913674/d24dcb5b9b430174de2be0ce99c595e6.png"},"point":879}],"fma":[{"user":{"uid":1,"userid":1,"name":"WH | Chappy1225","avatar":"https://cdn.discordapp.com/avatars/480244047311667201/b51db2fc9e7e314933519021bee4ae3e.png"},"point":3542},{"user":{"uid":70,"userid":59,"name":"WH | luffydelian","avatar":"https://cdn.discordapp.com/avatars/368966792384872457/1ba6cada00ab23e5423b412610f4952d.png"},"point":3144},{"user":{"uid":69,"userid":58,"name":"WH | Cougar","avatar":""},"point":2570},{"user":{"uid":9,"userid":7,"name":"WH | TACOMAN","avatar":"https://cdn.discordapp.com/avatars/935175174700040252/2d6dbed1ba891f242274b7e80e50a9ae.png"},"point":2481},{"user":{"uid":5,"userid":3,"name":"WH | Dennisthe8th","avatar":"https://cdn.discordapp.com/avatars/575015095894016014/69fc086441725970662f0b9ba9bf5e32.png"},"point":1244},{"user":{"uid":56,"userid":45,"name":"WH | jbica","avatar":"https://cdn.discordapp.com/avatars/394272398930739212/488d03490a2359e57a3622544f8bbba2.png"},"point":1188},{"user":{"uid":57,"userid":46,"name":"WH | Brick","avatar":"https://cdn.discordapp.com/avatars/190198403420913674/d24dcb5b9b430174de2be0ce99c595e6.png"},"point":879},{"user":{"uid":7,"userid":5,"name":"WH | Jacket","avatar":"https://cdn.discordapp.com/avatars/111638504500408320/880678f246665808c2165f5f693b72cd.png"},"point":738}]}