{"fmd":[{"user":{"uid":1316,"userid":807,"name":"Gota","avatar":"https://cdn.discordapp.com/avatars/167291299693723648/beb31f691ab4478e3268181a76f3a451.png"},"point":11979},{"user":{"uid":1105,"userid":675,"name":"Jack3D60","avatar":"https://cdn.discordapp.com/avatars/805496381754048572/bcf10ae824b274e1c532971dcb857977.png"},"point":6662},{"user":{"uid":1271,"userid":780,"name":"brazvo (Bruno)","avatar":"https://cdn.discordapp.com/avatars/823826275964682251/c28159cbabe58874bd1244a97d68d24b.png"},"point":6434},{"user":{"uid":1378,"userid":843,"name":"dandelion","avatar":"https://cdn.discordapp.com/avatars/924070723952209941/6d40e5aa69459181ef2bc03107156cc0.png"},"point":5785},{"user":{"uid":1382,"userid":847,"name":"Aeroplane","avatar":"https://cdn.discordapp.com/avatars/919580354736705617/cd8c60e397730ab82e685faaf72d3c77.png"},"point":5595},{"user":{"uid":1391,"userid":855,"name":"Den_Bruce_","avatar":"https://cdn.discordapp.com/avatars/760190579010830337/6ab1f6c6baee22e03ce68c6ca83f8c91.png"},"point":5325},{"user":{"uid":1061,"userid":656,"name":"Thy Night Owl","avatar":"https://cdn.discordapp.com/avatars/678366200312496154/7e3c44efb2393e0a9a4b593cb42f936d.png"},"point":4496},{"user":{"uid":619,"userid":418,"name":"NumberHunter91","avatar":"https://cdn.discordapp.com/avatars/276407067223392256/c656134c8d2a712de1b2dbaf3856e995.png"},"point":4128},{"user":{"uid":1399,"userid":860,"name":"TEA_K1NG","avatar":"https://cdn.discordapp.com/avatars/945052168287826030/94eed3b4af44fdf462ad35f0974091cf.png"},"point":4078},{"user":{"uid":863,"userid":854,"name":"jelledude","avatar":"https://cdn.discordapp.com/avatars/503143884080021514/5647b53045a177f1d215d6dbcf415d10.png"},"point":4036},{"user":{"uid":171,"userid":858,"name":"Jean #1 Renault Trucks fan","avatar":"https://cdn.discordapp.com/avatars/729830742418260028/532c688a0a373a5f36342f13030652be.png"},"point":3521},{"user":{"uid":29,"userid":79,"name":"Andrew B.","avatar":"https://cdn.discordapp.com/avatars/224307743073239040/820d5fa00cb1d416d2b00ca8c296d7bf.png"},"point":2829},{"user":{"uid":1026,"userid":630,"name":"Sehi hazmat #1, #1 Volvo fan","avatar":"https://cdn.discordapp.com/avatars/644522714916192275/eccb7f2838b4e97903f71767e9250f3f.png"},"point":2777},{"user":{"uid":1253,"userid":769,"name":"Sunny","avatar":"https://cdn.discordapp.com/avatars/335148756653572098/00a5292662c6be574ce781717de8bfeb.png"},"point":2614},{"user":{"uid":717,"userid":477,"name":"CrazyRussianCommrade","avatar":"https://static.truckersmp.com/avatarsN/defaultavatar.png"},"point":2514},{"user":{"uid":1398,"userid":862,"name":"2222Y","avatar":"https://cdn.discordapp.com/avatars/702624334036074646/1b14cc6963653ea32a778ea6e4f23a4d.png"},"point":2455},{"user":{"uid":1124,"userid":686,"name":"sunday","avatar":"https://cdn.discordapp.com/avatars/114834844961341443/f0ce48c55d876a6a05455c8f5fd0a564.png"},"point":1834},{"user":{"uid":1039,"userid":637,"name":"Dutchman6149","avatar":"https://cdn.discordapp.com/avatars/1089970918169776317/518899061d0c7aa71638cf2a46dfa547.png"},"point":1746},{"user":{"uid":1162,"userid":701,"name":"Will.","avatar":"https://cdn.discordapp.com/avatars/852685146884276264/a_c08a8ed6fb8a342066d346408c933751.gif"},"point":1681},{"user":{"uid":1097,"userid":670,"name":"Ramin Tanuwong [TH]","avatar":"https://static.truckersmp.com/avatarsN/3757199.1645214262.jpg"},"point":1576},{"user":{"uid":716,"userid":476,"name":"mwe2187","avatar":"https://cdn.discordapp.com/avatars/628250855899922448/93721c72d6dba299ffc43f2a9a13483b.png"},"point":1184},{"user":{"uid":1227,"userid":751,"name":"Arctee","avatar":"https://avatars.steamstatic.com/1c420d178f66d4691b32a82a49ec20a7825e74d9_full.jpg"},"point":1067},{"user":{"uid":1348,"userid":827,"name":"Eco_Aviation","avatar":"https://cdn.discordapp.com/avatars/647421178301906964/012c4e813d633fdf72604cbea907e083.png"},"point":1033},{"user":{"uid":87,"userid":203,"name":"pvfcmatt1","avatar":"https://cdn.discordapp.com/avatars/668822602806198278/eb4c4684efc13d2a58ddeae555edc5a7.png"},"point":994},{"user":{"uid":1270,"userid":779,"name":"ANTICHEESEBOY","avatar":"https://cdn.discordapp.com/avatars/788835562660036619/9e77413648d54188e7bcdc62d7461a7a.png"},"point":892},{"user":{"uid":1147,"userid":695,"name":"Kirito21","avatar":"https://cdn.discordapp.com/avatars/925803382680215572/f01e1941088675bf780245f15eb81bc4.png"},"point":736},{"user":{"uid":1325,"userid":816,"name":"Kian UK","avatar":"https://avatars.steamstatic.com/fef49e7fa7e1997310d705b2a6158ff8dc1cdfeb_full.jpg"},"point":516},{"user":{"uid":1244,"userid":767,"name":"Corvus #CHILLING #1 😊","avatar":"https://cdn.discordapp.com/avatars/1170949991548858411/a_f80111b5f83d3a0d16f815733a750e22.gif"},"point":456},{"user":{"uid":2,"userid":1,"name":"Shadows","avatar":"https://cdn.discordapp.com/avatars/763197983797149726/ceaa9c6e46978e9019ef555428d81f44.png"},"point":439},{"user":{"uid":1408,"userid":865,"name":"R4","avatar":"https://cdn.discordapp.com/avatars/229936554896916481/bc055d1db5245677b5e67e2a0f3df2af.png"},"point":406},{"user":{"uid":1284,"userid":787,"name":"T.Mckenzie","avatar":"https://cdn.discordapp.com/avatars/478766743930667038/b5df8290803a59cd8771bd94ed013644.png"},"point":244},{"user":{"uid":169,"userid":327,"name":"Carlos King","avatar":"https://cdn.discordapp.com/avatars/506487248217309184/bd6c4d705e13abd33b3b26c5bdcd897d.png"},"point":90},{"user":{"uid":1191,"userid":722,"name":"Tedo ☢","avatar":"https://cdn.discordapp.com/avatars/736941608167276555/845c97e52edbb176f8380c20c0b347ae.png"},"point":17},{"user":{"uid":173,"userid":528,"name":"Cronbo","avatar":"https://cdn.discordapp.com/avatars/687367459418013753/a_e21a0ee9b8c24d75a286549b2ea8e7a7.gif"},"point":2},{"user":{"uid":155,"userid":305,"name":"HighNinja52117","avatar":""},"point":1},{"user":{"uid":184,"userid":345,"name":"NFLD","avatar":"https://cdn.discordapp.com/avatars/538772758461677578/5f1d024574ed37a8cbaf69c186d93cb1.png"},"point":0},{"user":{"uid":191,"userid":352,"name":"kia_nokia","avatar":"https://cdn.discordapp.com/avatars/946038819118022666/9613cd97518544022b55252d1952e174.png"},"point":0},{"user":{"uid":803,"userid":521,"name":"AK47_GARCHA","avatar":"https://cdn.discordapp.com/avatars/718236348217032774/b952eb6e0574a2f51a6458ddb48120fb.png"},"point":0}],"fma":[{"user":{"uid":1316,"userid":807,"name":"Gota","avatar":"https://cdn.discordapp.com/avatars/167291299693723648/beb31f691ab4478e3268181a76f3a451.png"},"point":17578},{"user":{"uid":1271,"userid":780,"name":"brazvo (Bruno)","avatar":"https://cdn.discordapp.com/avatars/823826275964682251/c28159cbabe58874bd1244a97d68d24b.png"},"point":10646},{"user":{"uid":1391,"userid":855,"name":"Den_Bruce_","avatar":"https://cdn.discordapp.com/avatars/760190579010830337/6ab1f6c6baee22e03ce68c6ca83f8c91.png"},"point":9242},{"user":{"uid":1382,"userid":847,"name":"Aeroplane","avatar":"https://cdn.discordapp.com/avatars/919580354736705617/cd8c60e397730ab82e685faaf72d3c77.png"},"point":8256},{"user":{"uid":1105,"userid":675,"name":"Jack3D60","avatar":"https://cdn.discordapp.com/avatars/805496381754048572/bcf10ae824b274e1c532971dcb857977.png"},"point":8231},{"user":{"uid":1378,"userid":843,"name":"dandelion","avatar":"https://cdn.discordapp.com/avatars/924070723952209941/6d40e5aa69459181ef2bc03107156cc0.png"},"point":8196},{"user":{"uid":619,"userid":418,"name":"NumberHunter91","avatar":"https://cdn.discordapp.com/avatars/276407067223392256/c656134c8d2a712de1b2dbaf3856e995.png"},"point":6958},{"user":{"uid":1061,"userid":656,"name":"Thy Night Owl","avatar":"https://cdn.discordapp.com/avatars/678366200312496154/7e3c44efb2393e0a9a4b593cb42f936d.png"},"point":6774},{"user":{"uid":171,"userid":858,"name":"Jean #1 Renault Trucks fan","avatar":"https://cdn.discordapp.com/avatars/729830742418260028/532c688a0a373a5f36342f13030652be.png"},"point":6482},{"user":{"uid":119,"userid":258,"name":"LordLegend","avatar":"https://cdn.discordapp.com/avatars/507573290995417108/294e2517c647c3c8703945fbc200afcd.png"},"point":5880},{"user":{"uid":863,"userid":854,"name":"jelledude","avatar":"https://cdn.discordapp.com/avatars/503143884080021514/5647b53045a177f1d215d6dbcf415d10.png"},"point":5205},{"user":{"uid":1399,"userid":860,"name":"TEA_K1NG","avatar":"https://cdn.discordapp.com/avatars/945052168287826030/94eed3b4af44fdf462ad35f0974091cf.png"},"point":4861},{"user":{"uid":1097,"userid":670,"name":"Ramin Tanuwong [TH]","avatar":"https://static.truckersmp.com/avatarsN/3757199.1645214262.jpg"},"point":4694},{"user":{"uid":1253,"userid":769,"name":"Sunny","avatar":"https://cdn.discordapp.com/avatars/335148756653572098/00a5292662c6be574ce781717de8bfeb.png"},"point":3982},{"user":{"uid":1026,"userid":630,"name":"Sehi hazmat #1, #1 Volvo fan","avatar":"https://cdn.discordapp.com/avatars/644522714916192275/eccb7f2838b4e97903f71767e9250f3f.png"},"point":3458},{"user":{"uid":29,"userid":79,"name":"Andrew B.","avatar":"https://cdn.discordapp.com/avatars/224307743073239040/820d5fa00cb1d416d2b00ca8c296d7bf.png"},"point":3126},{"user":{"uid":717,"userid":477,"name":"CrazyRussianCommrade","avatar":"https://static.truckersmp.com/avatarsN/defaultavatar.png"},"point":2702},{"user":{"uid":1398,"userid":862,"name":"2222Y","avatar":"https://cdn.discordapp.com/avatars/702624334036074646/1b14cc6963653ea32a778ea6e4f23a4d.png"},"point":2590},{"user":{"uid":924,"userid":576,"name":"🌈Hearty_Laces🌈They/Them","avatar":"https://cdn.discordapp.com/avatars/461978281906929675/9128b3d5991d797b2e4060e71c4c5f41.png"},"point":2022},{"user":{"uid":1039,"userid":637,"name":"Dutchman6149","avatar":"https://cdn.discordapp.com/avatars/1089970918169776317/518899061d0c7aa71638cf2a46dfa547.png"},"point":1947},{"user":{"uid":1124,"userid":686,"name":"sunday","avatar":"https://cdn.discordapp.com/avatars/114834844961341443/f0ce48c55d876a6a05455c8f5fd0a564.png"},"point":1879},{"user":{"uid":1162,"userid":701,"name":"Will.","avatar":"https://cdn.discordapp.com/avatars/852685146884276264/a_c08a8ed6fb8a342066d346408c933751.gif"},"point":1756},{"user":{"uid":1227,"userid":751,"name":"Arctee","avatar":"https://avatars.steamstatic.com/1c420d178f66d4691b32a82a49ec20a7825e74d9_full.jpg"},"point":1690},{"user":{"uid":87,"userid":203,"name":"pvfcmatt1","avatar":"https://cdn.discordapp.com/avatars/668822602806198278/eb4c4684efc13d2a58ddeae555edc5a7.png"},"point":1635},{"user":{"uid":716,"userid":476,"name":"mwe2187","avatar":"https://cdn.discordapp.com/avatars/628250855899922448/93721c72d6dba299ffc43f2a9a13483b.png"},"point":1222},{"user":{"uid":1348,"userid":827,"name":"Eco_Aviation","avatar":"https://cdn.discordapp.com/avatars/647421178301906964/012c4e813d633fdf72604cbea907e083.png"},"point":1069},{"user":{"uid":1270,"userid":779,"name":"ANTICHEESEBOY","avatar":"https://cdn.discordapp.com/avatars/788835562660036619/9e77413648d54188e7bcdc62d7461a7a.png"},"point":924},{"user":{"uid":1200,"userid":729,"name":"velocite","avatar":"https://cdn.discordapp.com/avatars/424825875377422346/9fd0fab33afb5d4b51f9fe68374cfa90.png"},"point":899},{"user":{"uid":1147,"userid":695,"name":"Kirito21","avatar":"https://cdn.discordapp.com/avatars/925803382680215572/f01e1941088675bf780245f15eb81bc4.png"},"point":826},{"user":{"uid":1244,"userid":767,"name":"Corvus #CHILLING #1 😊","avatar":"https://cdn.discordapp.com/avatars/1170949991548858411/a_f80111b5f83d3a0d16f815733a750e22.gif"},"point":597},{"user":{"uid":1325,"userid":816,"name":"Kian UK","avatar":"https://avatars.steamstatic.com/fef49e7fa7e1997310d705b2a6158ff8dc1cdfeb_full.jpg"},"point":550},{"user":{"uid":2,"userid":1,"name":"Shadows","avatar":"https://cdn.discordapp.com/avatars/763197983797149726/ceaa9c6e46978e9019ef555428d81f44.png"},"point":439},{"user":{"uid":1408,"userid":865,"name":"R4","avatar":"https://cdn.discordapp.com/avatars/229936554896916481/bc055d1db5245677b5e67e2a0f3df2af.png"},"point":406},{"user":{"uid":1034,"userid":635,"name":"Fox_Bot","avatar":"https://cdn.discordapp.com/avatars/673289306424475659/6760c43d2e087fd99eeef160473251a3.png"},"point":375},{"user":{"uid":1284,"userid":787,"name":"T.Mckenzie","avatar":"https://cdn.discordapp.com/avatars/478766743930667038/b5df8290803a59cd8771bd94ed013644.png"},"point":244},{"user":{"uid":870,"userid":553,"name":"evilzocken","avatar":"https://cdn.discordapp.com/avatars/665665436678881280/bbf25d8e76ff45868d6e0a2e9b4f189b.png"},"point":213},{"user":{"uid":169,"userid":327,"name":"Carlos King","avatar":"https://cdn.discordapp.com/avatars/506487248217309184/bd6c4d705e13abd33b3b26c5bdcd897d.png"},"point":90},{"user":{"uid":1191,"userid":722,"name":"Tedo ☢","avatar":"https://cdn.discordapp.com/avatars/736941608167276555/845c97e52edbb176f8380c20c0b347ae.png"},"point":17},{"user":{"uid":173,"userid":528,"name":"Cronbo","avatar":"https://cdn.discordapp.com/avatars/687367459418013753/a_e21a0ee9b8c24d75a286549b2ea8e7a7.gif"},"point":2},{"user":{"uid":155,"userid":305,"name":"HighNinja52117","avatar":""},"point":1},{"user":{"uid":184,"userid":345,"name":"NFLD","avatar":"https://cdn.discordapp.com/avatars/538772758461677578/5f1d024574ed37a8cbaf69c186d93cb1.png"},"point":0},{"user":{"uid":191,"userid":352,"name":"kia_nokia","avatar":"https://cdn.discordapp.com/avatars/946038819118022666/9613cd97518544022b55252d1952e174.png"},"point":0},{"user":{"uid":803,"userid":521,"name":"AK47_GARCHA","avatar":"https://cdn.discordapp.com/avatars/718236348217032774/b952eb6e0574a2f51a6458ddb48120fb.png"},"point":0}]}