{"fmd":[{"user":{"uid":85,"userid":76,"name":"BratPfanne","avatar":"https://cdn.discordapp.com/avatars/280066593428340739/935c5dc2cac4ab6850284f71bacf7134.png"},"point":18398},{"user":{"uid":36,"userid":82,"name":"SchakalGER","avatar":"https://cdn.discordapp.com/avatars/328243784703803413/0815cbf6b00e890a8030cd7d0042d596.png"},"point":16801},{"user":{"uid":194,"userid":188,"name":"[FLG] derMicha","avatar":"https://cdn.discordapp.com/avatars/951482086072660018/6f6fb9e5f328bec8c769d872bed5109a.png"},"point":4237},{"user":{"uid":18,"userid":16,"name":"teufelsfrucht","avatar":"https://static.truckersmp.com/avatarsN/4047213.1699434878.png"},"point":4191},{"user":{"uid":148,"userid":145,"name":"weisserkreuzer","avatar":"https://cdn.discordapp.com/avatars/303094283752308737/651be3b81b2b904cd1112f8501fd2e49.png"},"point":3771},{"user":{"uid":152,"userid":135,"name":"manu7432","avatar":"https://cdn.discordapp.com/avatars/1024735246249373777/5f18f9e373e000269bae1ae973e2cfd0.png"},"point":3335},{"user":{"uid":71,"userid":60,"name":"geronimo8815","avatar":"https://static.truckersmp.com/avatarsN/5294261.1711913743.png"},"point":2422},{"user":{"uid":50,"userid":41,"name":"Schnitzel.","avatar":"https://cdn.discordapp.com/avatars/690570896557211658/ae7d3f32a78a923191f8d72c0cf40ce3.png"},"point":2177},{"user":{"uid":157,"userid":141,"name":"DerBackfisch","avatar":"https://cdn.discordapp.com/avatars/838683261244407809/237604f013fdfa84b60f5246e2249e04.png"},"point":2135},{"user":{"uid":63,"userid":69,"name":"Asphaltcowboy2609","avatar":"https://cdn.discordapp.com/avatars/1145513809855914014/690011bec0a7191524d6c29f3f2baf8f.png"},"point":2091},{"user":{"uid":54,"userid":52,"name":"Fleiing","avatar":"https://cdn.discordapp.com/avatars/893916261011054612/18cfd8b3c9b3852ca32a9741050ab87c.png"},"point":1731},{"user":{"uid":175,"userid":155,"name":"Desomazu","avatar":"https://cdn.discordapp.com/avatars/920735509251248139/72b5adb5b663ffeedbb767832a878772.png"},"point":1422},{"user":{"uid":51,"userid":71,"name":"Joerg45701","avatar":"https://static.truckersmp.com/avatarsN/defaultavatar.png"},"point":1419},{"user":{"uid":161,"userid":143,"name":"Mikazu","avatar":"https://cdn.discordapp.com/avatars/705875203997302805/f4c1333cc4ccef01fedcb199ed314627.png"},"point":1364},{"user":{"uid":21,"userid":18,"name":"Gregory","avatar":"https://cdn.discordapp.com/avatars/650421299323338762/dae0258c1a7c95a73bdcbd75db3db5d4.png"},"point":1348},{"user":{"uid":79,"userid":68,"name":"kevinnartor","avatar":"https://cdn.discordapp.com/avatars/332536235765530624/8b55e50924dd510472f9c32a0afc5d09.png"},"point":1224},{"user":{"uid":56,"userid":42,"name":"Glaceon","avatar":"https://cdn.discordapp.com/avatars/348428309018705930/f1b68bf1b8a5121559e1b782c8941327.png"},"point":1023},{"user":{"uid":133,"userid":121,"name":"FerdeAndy","avatar":"https://static.truckersmp.com/avatarsN/defaultavatar.png"},"point":859},{"user":{"uid":151,"userid":134,"name":"Fl!x","avatar":"https://static.truckersmp.com/avatarsN/defaultavatar.png"},"point":846},{"user":{"uid":258,"userid":210,"name":"Mr_Wassermelone","avatar":"https://cdn.discordapp.com/avatars/660115165819437097/62f2b0a155b5fb9b62b9d65db6690d46.png"},"point":811},{"user":{"uid":239,"userid":212,"name":"[FLG] Martin","avatar":"https://cdn.discordapp.com/avatars/983797646219178004/eeb3d1c948b12e0140cc622748e0dc8a.png"},"point":697},{"user":{"uid":58,"userid":45,"name":"Knirpsi","avatar":"https://cdn.discordapp.com/avatars/680795972275666957/83cbd46025e4c642396e78b1fb4a60d0.png"},"point":593},{"user":{"uid":74,"userid":66,"name":"Kucki122","avatar":"https://cdn.discordapp.com/avatars/980522557365157938/bb19a21068e5e3d9d8c349e066d33d6e.png"},"point":553},{"user":{"uid":68,"userid":57,"name":"Anthonyaski","avatar":"https://cdn.discordapp.com/avatars/334780188703588362/4af94601e420a28c570fce2b038e0b23.png"},"point":530},{"user":{"uid":93,"userid":79,"name":"Starvin Marvin","avatar":"https://cdn.discordapp.com/avatars/616564166379044893/597930cdaf15fb1a0044037d135a7ceb.png"},"point":513},{"user":{"uid":275,"userid":229,"name":"ByEnderman_HD","avatar":"https://cdn.discordapp.com/avatars/664529284043636767/6b9fb4edd1d2c073428b956ede3c7228.png"},"point":508},{"user":{"uid":291,"userid":243,"name":"Javeex","avatar":"https://cdn.discordapp.com/avatars/449671195273723904/f437023536c004b981b1f09339448ad8.png"},"point":508},{"user":{"uid":138,"userid":126,"name":"Luide2023","avatar":"https://cdn.discordapp.com/avatars/601828782642429982/None.png"},"point":495},{"user":{"uid":90,"userid":92,"name":"Truck Driver(GER)","avatar":"https://cdn.discordapp.com/avatars/697753575450738759/7fd627982dc1053d0feca23ee052e524.png"},"point":457},{"user":{"uid":91,"userid":85,"name":"Chris94","avatar":"https://cdn.discordapp.com/avatars/618891974765838336/d2fa711dddd045b14969332972ba64b3.png"},"point":400},{"user":{"uid":286,"userid":238,"name":"Cortain","avatar":"https://cdn.discordapp.com/avatars/264756755932774400/b92bddec4543c8b93a6922a31c7f40e4.png"},"point":351},{"user":{"uid":296,"userid":245,"name":"CoasterJumper","avatar":"https://cdn.discordapp.com/avatars/249603286372581376/504492ebcd27d5419080fde84738ff1d.png"},"point":290},{"user":{"uid":61,"userid":75,"name":"𝕲𝖍𝖔𝖘𝖙𝖕𝖆𝖚𝖑𝖔𝖔","avatar":"https://cdn.discordapp.com/avatars/964420212864741376/e8283a2f908472c913999fda7149c790.png"},"point":288},{"user":{"uid":8,"userid":6,"name":"Kluner123","avatar":"https://cdn.discordapp.com/avatars/342304860450062337/a29e6a6c3365a87119c10bb7d4a075c8.png"},"point":42},{"user":{"uid":12,"userid":10,"name":"Tchabalala/Axel","avatar":"https://cdn.discordapp.com/avatars/336794680454938624/c949fc0ae2a0b67356a833b7f2dfb640.png"},"point":30},{"user":{"uid":13,"userid":11,"name":"Dignity.","avatar":"https://static.truckersmp.com/avatarsN/4603971.1691867837.png"},"point":2},{"user":{"uid":27,"userid":24,"name":"theredmachine","avatar":"https://static.truckersmp.com/avatarsN/3462295.1710611272.png"},"point":0}],"fma":[{"user":{"uid":85,"userid":76,"name":"BratPfanne","avatar":"https://cdn.discordapp.com/avatars/280066593428340739/935c5dc2cac4ab6850284f71bacf7134.png"},"point":18398},{"user":{"uid":36,"userid":82,"name":"SchakalGER","avatar":"https://cdn.discordapp.com/avatars/328243784703803413/0815cbf6b00e890a8030cd7d0042d596.png"},"point":16801},{"user":{"uid":194,"userid":188,"name":"[FLG] derMicha","avatar":"https://cdn.discordapp.com/avatars/951482086072660018/6f6fb9e5f328bec8c769d872bed5109a.png"},"point":4237},{"user":{"uid":18,"userid":16,"name":"teufelsfrucht","avatar":"https://static.truckersmp.com/avatarsN/4047213.1699434878.png"},"point":4191},{"user":{"uid":148,"userid":145,"name":"weisserkreuzer","avatar":"https://cdn.discordapp.com/avatars/303094283752308737/651be3b81b2b904cd1112f8501fd2e49.png"},"point":3771},{"user":{"uid":152,"userid":135,"name":"manu7432","avatar":"https://cdn.discordapp.com/avatars/1024735246249373777/5f18f9e373e000269bae1ae973e2cfd0.png"},"point":3335},{"user":{"uid":71,"userid":60,"name":"geronimo8815","avatar":"https://static.truckersmp.com/avatarsN/5294261.1711913743.png"},"point":2422},{"user":{"uid":50,"userid":41,"name":"Schnitzel.","avatar":"https://cdn.discordapp.com/avatars/690570896557211658/ae7d3f32a78a923191f8d72c0cf40ce3.png"},"point":2177},{"user":{"uid":157,"userid":141,"name":"DerBackfisch","avatar":"https://cdn.discordapp.com/avatars/838683261244407809/237604f013fdfa84b60f5246e2249e04.png"},"point":2135},{"user":{"uid":63,"userid":69,"name":"Asphaltcowboy2609","avatar":"https://cdn.discordapp.com/avatars/1145513809855914014/690011bec0a7191524d6c29f3f2baf8f.png"},"point":2091},{"user":{"uid":54,"userid":52,"name":"Fleiing","avatar":"https://cdn.discordapp.com/avatars/893916261011054612/18cfd8b3c9b3852ca32a9741050ab87c.png"},"point":1731},{"user":{"uid":175,"userid":155,"name":"Desomazu","avatar":"https://cdn.discordapp.com/avatars/920735509251248139/72b5adb5b663ffeedbb767832a878772.png"},"point":1422},{"user":{"uid":51,"userid":71,"name":"Joerg45701","avatar":"https://static.truckersmp.com/avatarsN/defaultavatar.png"},"point":1419},{"user":{"uid":161,"userid":143,"name":"Mikazu","avatar":"https://cdn.discordapp.com/avatars/705875203997302805/f4c1333cc4ccef01fedcb199ed314627.png"},"point":1364},{"user":{"uid":21,"userid":18,"name":"Gregory","avatar":"https://cdn.discordapp.com/avatars/650421299323338762/dae0258c1a7c95a73bdcbd75db3db5d4.png"},"point":1348},{"user":{"uid":79,"userid":68,"name":"kevinnartor","avatar":"https://cdn.discordapp.com/avatars/332536235765530624/8b55e50924dd510472f9c32a0afc5d09.png"},"point":1224},{"user":{"uid":56,"userid":42,"name":"Glaceon","avatar":"https://cdn.discordapp.com/avatars/348428309018705930/f1b68bf1b8a5121559e1b782c8941327.png"},"point":1023},{"user":{"uid":133,"userid":121,"name":"FerdeAndy","avatar":"https://static.truckersmp.com/avatarsN/defaultavatar.png"},"point":859},{"user":{"uid":151,"userid":134,"name":"Fl!x","avatar":"https://static.truckersmp.com/avatarsN/defaultavatar.png"},"point":846},{"user":{"uid":258,"userid":210,"name":"Mr_Wassermelone","avatar":"https://cdn.discordapp.com/avatars/660115165819437097/62f2b0a155b5fb9b62b9d65db6690d46.png"},"point":811},{"user":{"uid":239,"userid":212,"name":"[FLG] Martin","avatar":"https://cdn.discordapp.com/avatars/983797646219178004/eeb3d1c948b12e0140cc622748e0dc8a.png"},"point":697},{"user":{"uid":58,"userid":45,"name":"Knirpsi","avatar":"https://cdn.discordapp.com/avatars/680795972275666957/83cbd46025e4c642396e78b1fb4a60d0.png"},"point":593},{"user":{"uid":74,"userid":66,"name":"Kucki122","avatar":"https://cdn.discordapp.com/avatars/980522557365157938/bb19a21068e5e3d9d8c349e066d33d6e.png"},"point":553},{"user":{"uid":68,"userid":57,"name":"Anthonyaski","avatar":"https://cdn.discordapp.com/avatars/334780188703588362/4af94601e420a28c570fce2b038e0b23.png"},"point":530},{"user":{"uid":93,"userid":79,"name":"Starvin Marvin","avatar":"https://cdn.discordapp.com/avatars/616564166379044893/597930cdaf15fb1a0044037d135a7ceb.png"},"point":513},{"user":{"uid":275,"userid":229,"name":"ByEnderman_HD","avatar":"https://cdn.discordapp.com/avatars/664529284043636767/6b9fb4edd1d2c073428b956ede3c7228.png"},"point":508},{"user":{"uid":291,"userid":243,"name":"Javeex","avatar":"https://cdn.discordapp.com/avatars/449671195273723904/f437023536c004b981b1f09339448ad8.png"},"point":508},{"user":{"uid":138,"userid":126,"name":"Luide2023","avatar":"https://cdn.discordapp.com/avatars/601828782642429982/None.png"},"point":495},{"user":{"uid":90,"userid":92,"name":"Truck Driver(GER)","avatar":"https://cdn.discordapp.com/avatars/697753575450738759/7fd627982dc1053d0feca23ee052e524.png"},"point":457},{"user":{"uid":91,"userid":85,"name":"Chris94","avatar":"https://cdn.discordapp.com/avatars/618891974765838336/d2fa711dddd045b14969332972ba64b3.png"},"point":400},{"user":{"uid":286,"userid":238,"name":"Cortain","avatar":"https://cdn.discordapp.com/avatars/264756755932774400/b92bddec4543c8b93a6922a31c7f40e4.png"},"point":351},{"user":{"uid":296,"userid":245,"name":"CoasterJumper","avatar":"https://cdn.discordapp.com/avatars/249603286372581376/504492ebcd27d5419080fde84738ff1d.png"},"point":290},{"user":{"uid":61,"userid":75,"name":"𝕲𝖍𝖔𝖘𝖙𝖕𝖆𝖚𝖑𝖔𝖔","avatar":"https://cdn.discordapp.com/avatars/964420212864741376/e8283a2f908472c913999fda7149c790.png"},"point":288},{"user":{"uid":8,"userid":6,"name":"Kluner123","avatar":"https://cdn.discordapp.com/avatars/342304860450062337/a29e6a6c3365a87119c10bb7d4a075c8.png"},"point":42},{"user":{"uid":12,"userid":10,"name":"Tchabalala/Axel","avatar":"https://cdn.discordapp.com/avatars/336794680454938624/c949fc0ae2a0b67356a833b7f2dfb640.png"},"point":30},{"user":{"uid":13,"userid":11,"name":"Dignity.","avatar":"https://static.truckersmp.com/avatarsN/4603971.1691867837.png"},"point":2},{"user":{"uid":27,"userid":24,"name":"theredmachine","avatar":"https://static.truckersmp.com/avatarsN/3462295.1710611272.png"},"point":0}]}