{"fmd":[{"user":{"uid":3,"userid":2,"name":"GB |     M.Faruk {21}","avatar":"https://cdn.discordapp.com/avatars/284769507271245825/f4d7f890b3d45b4fcc2acc412335e13a.png"},"point":1942},{"user":{"uid":102,"userid":89,"name":"GB | Umut  [16]","avatar":"https://cdn.discordapp.com/avatars/373521932336758785/db9321895b7f301e1f088a4ae090910f.png"},"point":933}],"fma":[{"user":{"uid":3,"userid":2,"name":"GB |     M.Faruk {21}","avatar":"https://cdn.discordapp.com/avatars/284769507271245825/f4d7f890b3d45b4fcc2acc412335e13a.png"},"point":2399},{"user":{"uid":102,"userid":89,"name":"GB | Umut  [16]","avatar":"https://cdn.discordapp.com/avatars/373521932336758785/db9321895b7f301e1f088a4ae090910f.png"},"point":1003}]}