{"fmd":[{"user":{"uid":636,"userid":513,"name":"BybiDriver","avatar":"https://static.truckersmp.com/avatarsN/3834590.1713037068.png"},"point":5477},{"user":{"uid":634,"userid":511,"name":"Ern","avatar":"https://cdn.discordapp.com/avatars/238745312296960011/d189f4a3dc567d70350715ae35634bec.png"},"point":4386},{"user":{"uid":25,"userid":96,"name":"[G-T-R]GrayWolf","avatar":"https://cdn.discordapp.com/avatars/463049453067173888/93e0f855de1c1bcdf6924d45b1789338.png"},"point":2503},{"user":{"uid":551,"userid":448,"name":"Capt_Tom","avatar":"https://cdn.discordapp.com/avatars/1189926623739400235/76a1784b7640fe89bfca945587db07e3.png"},"point":1631},{"user":{"uid":516,"userid":417,"name":"Ravsh1k","avatar":"https://cdn.discordapp.com/avatars/901846074740858890/775a54f0f101fa2eb9b9fb54ad87ce55.png"},"point":1618},{"user":{"uid":629,"userid":506,"name":"Bin_Tyler","avatar":"https://cdn.discordapp.com/avatars/778660332570804325/c854253e1f12ab7a70384535a84fae7d.png"},"point":1061},{"user":{"uid":622,"userid":500,"name":"Yinmei","avatar":"https://cdn.discordapp.com/avatars/1152484045549211749/3487bb42c54b1cae8115bbba55ab7617.png"},"point":974},{"user":{"uid":578,"userid":465,"name":"indowes","avatar":"https://cdn.discordapp.com/avatars/556782581626961920/4f21483bc72236511d1bd929721efbdc.png"},"point":930},{"user":{"uid":635,"userid":512,"name":"ruthlessducky","avatar":"https://cdn.discordapp.com/avatars/586356271343599623/630a34ace8f201030d7d0f1c81cf8257.png"},"point":559},{"user":{"uid":561,"userid":453,"name":"phevos","avatar":"https://cdn.discordapp.com/avatars/622325492716011561/7de674db261521ac520b656f5089d908.png"},"point":519},{"user":{"uid":391,"userid":329,"name":"Джеспер","avatar":"https://cdn.discordapp.com/avatars/632239961994821680/d4a0d65db94bed39bb7ee26b80fc9ddd.png"},"point":517},{"user":{"uid":312,"userid":263,"name":"Enrikas15","avatar":"https://cdn.discordapp.com/avatars/924617012926365736/c56a4ae3f4cdc47f207c1625044e8354.png"},"point":436},{"user":{"uid":480,"userid":395,"name":"Sh0tBlow","avatar":"https://cdn.discordapp.com/avatars/462991116279611392/87bf1e3b76d220025f3fb4b0029427f8.png"},"point":260},{"user":{"uid":385,"userid":325,"name":"ladbur2000xx","avatar":"https://cdn.discordapp.com/avatars/971245090267881474/b9b9c6d735bc88afabe74203e5481492.png"},"point":256},{"user":{"uid":550,"userid":447,"name":"Jayftd","avatar":"https://cdn.discordapp.com/avatars/1192649532090109952/3054905a0cea1c6fa90b1009fecd72d7.png"},"point":0},{"user":{"uid":633,"userid":510,"name":"𝓘𝓶𝓹𝓮𝓻𝓲𝓪𝓵𝓣𝓱𝓮𝓬𝓪","avatar":"https://cdn.discordapp.com/avatars/1014563270969008269/c43edc4e857cd33bff1eeb4ecfe6956a.png"},"point":0}],"fma":[{"user":{"uid":636,"userid":513,"name":"BybiDriver","avatar":"https://static.truckersmp.com/avatarsN/3834590.1713037068.png"},"point":5477},{"user":{"uid":634,"userid":511,"name":"Ern","avatar":"https://cdn.discordapp.com/avatars/238745312296960011/d189f4a3dc567d70350715ae35634bec.png"},"point":4386},{"user":{"uid":25,"userid":96,"name":"[G-T-R]GrayWolf","avatar":"https://cdn.discordapp.com/avatars/463049453067173888/93e0f855de1c1bcdf6924d45b1789338.png"},"point":3309},{"user":{"uid":551,"userid":448,"name":"Capt_Tom","avatar":"https://cdn.discordapp.com/avatars/1189926623739400235/76a1784b7640fe89bfca945587db07e3.png"},"point":1631},{"user":{"uid":516,"userid":417,"name":"Ravsh1k","avatar":"https://cdn.discordapp.com/avatars/901846074740858890/775a54f0f101fa2eb9b9fb54ad87ce55.png"},"point":1618},{"user":{"uid":629,"userid":506,"name":"Bin_Tyler","avatar":"https://cdn.discordapp.com/avatars/778660332570804325/c854253e1f12ab7a70384535a84fae7d.png"},"point":1061},{"user":{"uid":622,"userid":500,"name":"Yinmei","avatar":"https://cdn.discordapp.com/avatars/1152484045549211749/3487bb42c54b1cae8115bbba55ab7617.png"},"point":974},{"user":{"uid":578,"userid":465,"name":"indowes","avatar":"https://cdn.discordapp.com/avatars/556782581626961920/4f21483bc72236511d1bd929721efbdc.png"},"point":930},{"user":{"uid":635,"userid":512,"name":"ruthlessducky","avatar":"https://cdn.discordapp.com/avatars/586356271343599623/630a34ace8f201030d7d0f1c81cf8257.png"},"point":559},{"user":{"uid":312,"userid":263,"name":"Enrikas15","avatar":"https://cdn.discordapp.com/avatars/924617012926365736/c56a4ae3f4cdc47f207c1625044e8354.png"},"point":536},{"user":{"uid":561,"userid":453,"name":"phevos","avatar":"https://cdn.discordapp.com/avatars/622325492716011561/7de674db261521ac520b656f5089d908.png"},"point":519},{"user":{"uid":391,"userid":329,"name":"Джеспер","avatar":"https://cdn.discordapp.com/avatars/632239961994821680/d4a0d65db94bed39bb7ee26b80fc9ddd.png"},"point":517},{"user":{"uid":480,"userid":395,"name":"Sh0tBlow","avatar":"https://cdn.discordapp.com/avatars/462991116279611392/87bf1e3b76d220025f3fb4b0029427f8.png"},"point":368},{"user":{"uid":385,"userid":325,"name":"ladbur2000xx","avatar":"https://cdn.discordapp.com/avatars/971245090267881474/b9b9c6d735bc88afabe74203e5481492.png"},"point":256},{"user":{"uid":550,"userid":447,"name":"Jayftd","avatar":"https://cdn.discordapp.com/avatars/1192649532090109952/3054905a0cea1c6fa90b1009fecd72d7.png"},"point":0},{"user":{"uid":633,"userid":510,"name":"𝓘𝓶𝓹𝓮𝓻𝓲𝓪𝓵𝓣𝓱𝓮𝓬𝓪","avatar":"https://cdn.discordapp.com/avatars/1014563270969008269/c43edc4e857cd33bff1eeb4ecfe6956a.png"},"point":0}]}