{"fmd":[{"user":{"uid":172,"userid":145,"name":"(DR) JortGlobe","avatar":"https://cdn.discordapp.com/avatars/821749276706734110/7962c232c2fcc443a70792b6c9d5979b.png"},"point":2780},{"user":{"uid":173,"userid":146,"name":"(DR) Liam","avatar":"https://cdn.discordapp.com/avatars/851490830840889354/5573f1564aacc140704ae8b24f22b114.png"},"point":2450},{"user":{"uid":6,"userid":3,"name":"(Co Owner) Angry Raptor","avatar":"https://cdn.discordapp.com/avatars/474484979548815360/6347a182410a674dfb6f831275c1b803.png"},"point":1778},{"user":{"uid":166,"userid":139,"name":"(DR) Cloven","avatar":"https://cdn.discordapp.com/avatars/897392805104734239/8fde5905c683ee11047bee0e47fa8db8.png"},"point":612},{"user":{"uid":1,"userid":0,"name":"(Owner) Essex","avatar":"https://cdn.discordapp.com/avatars/986728515892285461/a_c4301bd78f1d1d60c25f66672af89a9a.gif"},"point":536},{"user":{"uid":5,"userid":2,"name":"(owner) Boss 𝓙𝓸𝓻𝓭1498","avatar":"https://cdn.discordapp.com/avatars/613745490646925352/64aef3a50f31a7fbf4deca8ad2915a69.png"},"point":533},{"user":{"uid":159,"userid":132,"name":"(DR) JMCGPHOTGRAPHY","avatar":"https://cdn.discordapp.com/avatars/909849031100989450/175672eb7ba5131485de4f8dc0a52d17.png"},"point":504},{"user":{"uid":200,"userid":170,"name":"(DRT) Intercooledrblx (1future)","avatar":"https://cdn.discordapp.com/avatars/564068770465710080/9a99b36e3746d79c523ae525549aa391.png"},"point":184},{"user":{"uid":105,"userid":86,"name":"(DR) Amazingbuik","avatar":"https://cdn.discordapp.com/avatars/839966237299572756/a100c0d7c960d71c7c93832e14953597.png"},"point":159},{"user":{"uid":28,"userid":23,"name":"(CEO) Pete (DND)","avatar":"https://cdn.discordapp.com/avatars/316660255872516106/8a2dca3b679afae90df18edc44b1584c.png"},"point":0},{"user":{"uid":42,"userid":35,"name":"(DR) Aggyg","avatar":"https://cdn.discordapp.com/avatars/1117791762124115968/ef168e1f36b49018b55b049355120a02.png"},"point":0},{"user":{"uid":186,"userid":158,"name":"(DRT) Atakusi","avatar":"https://cdn.discordapp.com/avatars/1210299728307425291/3461ae3980c2d4264628879bb3d41111.png"},"point":0}],"fma":[{"user":{"uid":172,"userid":145,"name":"(DR) JortGlobe","avatar":"https://cdn.discordapp.com/avatars/821749276706734110/7962c232c2fcc443a70792b6c9d5979b.png"},"point":2780},{"user":{"uid":173,"userid":146,"name":"(DR) Liam","avatar":"https://cdn.discordapp.com/avatars/851490830840889354/5573f1564aacc140704ae8b24f22b114.png"},"point":2450},{"user":{"uid":6,"userid":3,"name":"(Co Owner) Angry Raptor","avatar":"https://cdn.discordapp.com/avatars/474484979548815360/6347a182410a674dfb6f831275c1b803.png"},"point":2378},{"user":{"uid":1,"userid":0,"name":"(Owner) Essex","avatar":"https://cdn.discordapp.com/avatars/986728515892285461/a_c4301bd78f1d1d60c25f66672af89a9a.gif"},"point":1136},{"user":{"uid":166,"userid":139,"name":"(DR) Cloven","avatar":"https://cdn.discordapp.com/avatars/897392805104734239/8fde5905c683ee11047bee0e47fa8db8.png"},"point":612},{"user":{"uid":200,"userid":170,"name":"(DRT) Intercooledrblx (1future)","avatar":"https://cdn.discordapp.com/avatars/564068770465710080/9a99b36e3746d79c523ae525549aa391.png"},"point":584},{"user":{"uid":5,"userid":2,"name":"(owner) Boss 𝓙𝓸𝓻𝓭1498","avatar":"https://cdn.discordapp.com/avatars/613745490646925352/64aef3a50f31a7fbf4deca8ad2915a69.png"},"point":533},{"user":{"uid":159,"userid":132,"name":"(DR) JMCGPHOTGRAPHY","avatar":"https://cdn.discordapp.com/avatars/909849031100989450/175672eb7ba5131485de4f8dc0a52d17.png"},"point":504},{"user":{"uid":105,"userid":86,"name":"(DR) Amazingbuik","avatar":"https://cdn.discordapp.com/avatars/839966237299572756/a100c0d7c960d71c7c93832e14953597.png"},"point":159},{"user":{"uid":28,"userid":23,"name":"(CEO) Pete (DND)","avatar":"https://cdn.discordapp.com/avatars/316660255872516106/8a2dca3b679afae90df18edc44b1584c.png"},"point":0},{"user":{"uid":42,"userid":35,"name":"(DR) Aggyg","avatar":"https://cdn.discordapp.com/avatars/1117791762124115968/ef168e1f36b49018b55b049355120a02.png"},"point":0},{"user":{"uid":186,"userid":158,"name":"(DRT) Atakusi","avatar":"https://cdn.discordapp.com/avatars/1210299728307425291/3461ae3980c2d4264628879bb3d41111.png"},"point":0}]}