{"fmd":[{"user":{"uid":350,"userid":251,"name":"Charon IV","avatar":"https://cdn.discordapp.com/avatars/336964513033093130/da18a1808802bdf3485f3b885a65072c.png"},"point":3429},{"user":{"uid":351,"userid":254,"name":"nini","avatar":"https://cdn.discordapp.com/avatars/288301509396135938/f02d103af07193e5fa4452628f6d749a.png"},"point":1714},{"user":{"uid":12,"userid":253,"name":"Arcon_","avatar":"https://cdn.discordapp.com/avatars/590425598552440833/4610e0fe8e3eb4f12c2841d1d8fba137.png"},"point":1060},{"user":{"uid":1,"userid":0,"name":"Brad","avatar":"https://cdn.discordapp.com/avatars/507570358782525451/0f8d2ac0cb4d5df4b45d8529b6efe809.png"},"point":2}],"fma":[{"user":{"uid":312,"userid":239,"name":"Two Trappy","avatar":"https://cdn.discordapp.com/avatars/460444257250181120/e1fe6b34c1ce8b3d86f89e7e210ca57e.png"},"point":50000},{"user":{"uid":350,"userid":251,"name":"Charon IV","avatar":"https://cdn.discordapp.com/avatars/336964513033093130/da18a1808802bdf3485f3b885a65072c.png"},"point":3429},{"user":{"uid":351,"userid":254,"name":"nini","avatar":"https://cdn.discordapp.com/avatars/288301509396135938/f02d103af07193e5fa4452628f6d749a.png"},"point":1714},{"user":{"uid":12,"userid":253,"name":"Arcon_","avatar":"https://cdn.discordapp.com/avatars/590425598552440833/4610e0fe8e3eb4f12c2841d1d8fba137.png"},"point":1060},{"user":{"uid":1,"userid":0,"name":"Brad","avatar":"https://cdn.discordapp.com/avatars/507570358782525451/0f8d2ac0cb4d5df4b45d8529b6efe809.png"},"point":2}]}