{"fmd":[{"user":{"uid":8,"userid":6,"name":"shipmate","avatar":"https://avatars.steamstatic.com/3a4bdab4c8b08247c0e12345ba110647e9464041_full.jpg"},"point":2176},{"user":{"uid":3,"userid":2,"name":"Orlynsky","avatar":"https://avatars.steamstatic.com/63a4ac3dfc7c22d71119e814f4f124bde3149941_full.jpg"},"point":549},{"user":{"uid":13,"userid":11,"name":"Captain Codpeice","avatar":"https://avatars.steamstatic.com/542c53aa722f46d9d5214c1ffa794db92238b76f_full.jpg"},"point":0}],"fma":[{"user":{"uid":8,"userid":6,"name":"shipmate","avatar":"https://avatars.steamstatic.com/3a4bdab4c8b08247c0e12345ba110647e9464041_full.jpg"},"point":2176},{"user":{"uid":3,"userid":2,"name":"Orlynsky","avatar":"https://avatars.steamstatic.com/63a4ac3dfc7c22d71119e814f4f124bde3149941_full.jpg"},"point":549},{"user":{"uid":13,"userid":11,"name":"Captain Codpeice","avatar":"https://avatars.steamstatic.com/542c53aa722f46d9d5214c1ffa794db92238b76f_full.jpg"},"point":0}]}