{"fmd":[{"user":{"uid":136,"userid":121,"name":"Fuzzi_One","avatar":"https://avatars.steamstatic.com/80dc5c843904a69c82033fa7600d24e61dc9b370_full.jpg"},"point":11456},{"user":{"uid":194,"userid":171,"name":"subnayzz","avatar":"https://avatars.steamstatic.com/541d03601aebfb8436b10da6b9d4d1275ec7edc4_full.jpg"},"point":3245},{"user":{"uid":147,"userid":132,"name":"Der  Opa","avatar":"https://cdn.discordapp.com/avatars/390841934358249482/5182d95c0600108142ddbca2b09a1bb4.png"},"point":3196},{"user":{"uid":104,"userid":92,"name":"Mario","avatar":""},"point":3081},{"user":{"uid":3,"userid":3,"name":"Yglo233","avatar":"https://avatars.steamstatic.com/31b7c52f47bfc7fdf48a7793bcc63254fbb4d4e0_full.jpg"},"point":2917},{"user":{"uid":177,"userid":158,"name":"Kloppster","avatar":"https://avatars.steamstatic.com/32e721501b65adb28b8fe6c8cfd103215969ae49_full.jpg"},"point":2205},{"user":{"uid":32,"userid":35,"name":"ChrisHB","avatar":"https://static.truckersmp.com/avatarsN/1701744.1706334814.jpg"},"point":2172},{"user":{"uid":25,"userid":19,"name":"Razoraptor","avatar":"https://avatars.steamstatic.com/411f0a1d08563b0dcd648c344b113688287bfb1f_full.jpg"},"point":1711},{"user":{"uid":84,"userid":75,"name":"lolgamer5300","avatar":"https://avatars.steamstatic.com/76ad51d2c234085fc07dbe1396e3d39331376fd5_full.jpg"},"point":1619},{"user":{"uid":157,"userid":149,"name":"[RSL] SlapVEVO","avatar":"https://cdn.discordapp.com/avatars/263769453165019148/9bbe47d6a17fa7b410126bcb9a98e7e5.png"},"point":1542},{"user":{"uid":81,"userid":72,"name":"Wolfssturm1","avatar":"https://avatars.steamstatic.com/360236e555049f204b12d3a8685a3b9b9764ebfe_full.jpg"},"point":1290},{"user":{"uid":154,"userid":139,"name":"diedubblebres","avatar":"https://avatars.steamstatic.com/708b6fa271f19f23714dc247683d820bad1aa579_full.jpg"},"point":1172},{"user":{"uid":196,"userid":174,"name":"Th3_RS","avatar":"https://avatars.steamstatic.com/db3bd0a387e73f7853a3a00ec81cafc962c949cc_full.jpg"},"point":1056},{"user":{"uid":113,"userid":98,"name":"Pumatv_20","avatar":"https://avatars.steamstatic.com/a8ae302ff03a84c1c05cbe29cc83cc437b9fce7c_full.jpg"},"point":973},{"user":{"uid":168,"userid":151,"name":"LordMiLu","avatar":"https://avatars.steamstatic.com/90281bcb08a9d28ef4c343c5f6b8b75f093e4a9b_full.jpg"},"point":939},{"user":{"uid":38,"userid":27,"name":"elmundo1992","avatar":"https://avatars.steamstatic.com/54be38c13d0e7792de2af9a76c4e376766cf697a_full.jpg"},"point":931},{"user":{"uid":198,"userid":175,"name":"SiKe_342","avatar":"https://avatars.steamstatic.com/1fd7929be85d31c2215352cf1dd62fe4f50f6539_full.jpg"},"point":631},{"user":{"uid":75,"userid":67,"name":"GunGamerTV","avatar":"https://avatars.steamstatic.com/64ae1da41a9c51a5ab44c29f0b054b14123aabe4_full.jpg"},"point":515},{"user":{"uid":77,"userid":69,"name":"petschu","avatar":"https://avatars.steamstatic.com/0b25d0c7ae09b25b5b8181b3759231284797f3df_full.jpg"},"point":469},{"user":{"uid":139,"userid":124,"name":"felix-menzler","avatar":"https://avatars.steamstatic.com/92f23da5d9678dfe7c3d530a1c449c98331a0cca_full.jpg"},"point":109},{"user":{"uid":167,"userid":150,"name":"JaPaMoe","avatar":"https://avatars.steamstatic.com/c7c051daec1b48bfe55b531f6dba3a456de32c96_full.jpg"},"point":1},{"user":{"uid":68,"userid":60,"name":"JoBro","avatar":"https://avatars.steamstatic.com/b1b8c9839ebbf8e0d885f64d1366a1ff95b0d0d5_full.jpg"},"point":0}],"fma":[{"user":{"uid":136,"userid":121,"name":"Fuzzi_One","avatar":"https://avatars.steamstatic.com/80dc5c843904a69c82033fa7600d24e61dc9b370_full.jpg"},"point":11456},{"user":{"uid":194,"userid":171,"name":"subnayzz","avatar":"https://avatars.steamstatic.com/541d03601aebfb8436b10da6b9d4d1275ec7edc4_full.jpg"},"point":3245},{"user":{"uid":147,"userid":132,"name":"Der  Opa","avatar":"https://cdn.discordapp.com/avatars/390841934358249482/5182d95c0600108142ddbca2b09a1bb4.png"},"point":3196},{"user":{"uid":104,"userid":92,"name":"Mario","avatar":""},"point":3081},{"user":{"uid":3,"userid":3,"name":"Yglo233","avatar":"https://avatars.steamstatic.com/31b7c52f47bfc7fdf48a7793bcc63254fbb4d4e0_full.jpg"},"point":2917},{"user":{"uid":177,"userid":158,"name":"Kloppster","avatar":"https://avatars.steamstatic.com/32e721501b65adb28b8fe6c8cfd103215969ae49_full.jpg"},"point":2205},{"user":{"uid":32,"userid":35,"name":"ChrisHB","avatar":"https://static.truckersmp.com/avatarsN/1701744.1706334814.jpg"},"point":2172},{"user":{"uid":25,"userid":19,"name":"Razoraptor","avatar":"https://avatars.steamstatic.com/411f0a1d08563b0dcd648c344b113688287bfb1f_full.jpg"},"point":1711},{"user":{"uid":84,"userid":75,"name":"lolgamer5300","avatar":"https://avatars.steamstatic.com/76ad51d2c234085fc07dbe1396e3d39331376fd5_full.jpg"},"point":1619},{"user":{"uid":157,"userid":149,"name":"[RSL] SlapVEVO","avatar":"https://cdn.discordapp.com/avatars/263769453165019148/9bbe47d6a17fa7b410126bcb9a98e7e5.png"},"point":1542},{"user":{"uid":81,"userid":72,"name":"Wolfssturm1","avatar":"https://avatars.steamstatic.com/360236e555049f204b12d3a8685a3b9b9764ebfe_full.jpg"},"point":1290},{"user":{"uid":154,"userid":139,"name":"diedubblebres","avatar":"https://avatars.steamstatic.com/708b6fa271f19f23714dc247683d820bad1aa579_full.jpg"},"point":1172},{"user":{"uid":196,"userid":174,"name":"Th3_RS","avatar":"https://avatars.steamstatic.com/db3bd0a387e73f7853a3a00ec81cafc962c949cc_full.jpg"},"point":1056},{"user":{"uid":113,"userid":98,"name":"Pumatv_20","avatar":"https://avatars.steamstatic.com/a8ae302ff03a84c1c05cbe29cc83cc437b9fce7c_full.jpg"},"point":973},{"user":{"uid":168,"userid":151,"name":"LordMiLu","avatar":"https://avatars.steamstatic.com/90281bcb08a9d28ef4c343c5f6b8b75f093e4a9b_full.jpg"},"point":939},{"user":{"uid":38,"userid":27,"name":"elmundo1992","avatar":"https://avatars.steamstatic.com/54be38c13d0e7792de2af9a76c4e376766cf697a_full.jpg"},"point":931},{"user":{"uid":198,"userid":175,"name":"SiKe_342","avatar":"https://avatars.steamstatic.com/1fd7929be85d31c2215352cf1dd62fe4f50f6539_full.jpg"},"point":631},{"user":{"uid":75,"userid":67,"name":"GunGamerTV","avatar":"https://avatars.steamstatic.com/64ae1da41a9c51a5ab44c29f0b054b14123aabe4_full.jpg"},"point":515},{"user":{"uid":77,"userid":69,"name":"petschu","avatar":"https://avatars.steamstatic.com/0b25d0c7ae09b25b5b8181b3759231284797f3df_full.jpg"},"point":469},{"user":{"uid":99,"userid":110,"name":"[RSL]Albanr.9","avatar":"https://avatars.steamstatic.com/b3773af8338e7a36b55ec298e6dee7f4e0cd9aa0_full.jpg"},"point":200},{"user":{"uid":139,"userid":124,"name":"felix-menzler","avatar":"https://avatars.steamstatic.com/92f23da5d9678dfe7c3d530a1c449c98331a0cca_full.jpg"},"point":109},{"user":{"uid":167,"userid":150,"name":"JaPaMoe","avatar":"https://avatars.steamstatic.com/c7c051daec1b48bfe55b531f6dba3a456de32c96_full.jpg"},"point":1},{"user":{"uid":68,"userid":60,"name":"JoBro","avatar":"https://avatars.steamstatic.com/b1b8c9839ebbf8e0d885f64d1366a1ff95b0d0d5_full.jpg"},"point":0}]}