{"fmd":[{"user":{"uid":3,"userid":8,"name":"STA | Founder lcplgibling5","avatar":"https://cdn.discordapp.com/avatars/1097971085900795914/b179948fbb20ea74fc77a22d4b134fa2.png"},"point":958},{"user":{"uid":1,"userid":1,"name":"STA | SM | Just Tanging Along","avatar":"https://cdn.discordapp.com/avatars/1213697116950765690/7e4efadd617d2daa05e5774b408d3f56.png"},"point":913}],"fma":[{"user":{"uid":9,"userid":6,"name":"Leo","avatar":"https://cdn.discordapp.com/avatars/929842512632369202/bdecadbc84684d72449ec70a02752ef8.png"},"point":2228},{"user":{"uid":3,"userid":8,"name":"STA | Founder lcplgibling5","avatar":"https://cdn.discordapp.com/avatars/1097971085900795914/b179948fbb20ea74fc77a22d4b134fa2.png"},"point":1458},{"user":{"uid":1,"userid":1,"name":"STA | SM | Just Tanging Along","avatar":"https://cdn.discordapp.com/avatars/1213697116950765690/7e4efadd617d2daa05e5774b408d3f56.png"},"point":1429}]}