{"fmd":[{"user":{"uid":3,"userid":3,"name":"Exotic_xWasteD","avatar":"https://avatars.steamstatic.com/3d58afabafd1a92709b4488ebcba4bda27cd397e_full.jpg"},"point":522},{"user":{"uid":1,"userid":1,"name":"RageDev","avatar":"https://cdn.discordapp.com/avatars/461836521335685120/dda93fcefdcfe9188fdda0adc2a5b012.png"},"point":5}],"fma":[{"user":{"uid":3,"userid":3,"name":"Exotic_xWasteD","avatar":"https://avatars.steamstatic.com/3d58afabafd1a92709b4488ebcba4bda27cd397e_full.jpg"},"point":522},{"user":{"uid":1,"userid":1,"name":"RageDev","avatar":"https://cdn.discordapp.com/avatars/461836521335685120/dda93fcefdcfe9188fdda0adc2a5b012.png"},"point":305}]}