{"fmd":[{"user":{"uid":3,"userid":3,"name":"HunterM7","avatar":"https://static.truckersmp.com/avatarsN/1409042.1708826162.png"},"point":2441},{"user":{"uid":8,"userid":8,"name":"I Love Chlorine","avatar":"https://cdn.discordapp.com/avatars/313259967195119618/262ec9e36ebbca8c8fc859e56bb4e0ab.png"},"point":2371},{"user":{"uid":6,"userid":6,"name":"Turnerr","avatar":"https://cdn.discordapp.com/avatars/312631180811960323/c949424f0736baed8a5224440edd7a6f.png"},"point":1556},{"user":{"uid":29,"userid":23,"name":"TylerTurner23","avatar":"https://cdn.discordapp.com/avatars/376484356820303872/ac68e90848524f7fdba22362300a9b63.png"},"point":1147}],"fma":[{"user":{"uid":3,"userid":3,"name":"HunterM7","avatar":"https://static.truckersmp.com/avatarsN/1409042.1708826162.png"},"point":2534},{"user":{"uid":8,"userid":8,"name":"I Love Chlorine","avatar":"https://cdn.discordapp.com/avatars/313259967195119618/262ec9e36ebbca8c8fc859e56bb4e0ab.png"},"point":2498},{"user":{"uid":6,"userid":6,"name":"Turnerr","avatar":"https://cdn.discordapp.com/avatars/312631180811960323/c949424f0736baed8a5224440edd7a6f.png"},"point":1571},{"user":{"uid":29,"userid":23,"name":"TylerTurner23","avatar":"https://cdn.discordapp.com/avatars/376484356820303872/ac68e90848524f7fdba22362300a9b63.png"},"point":1147}]}