{"fmd":[{"user":{"uid":6,"userid":4,"name":"{Wild Hogz} xBoss Hogx","avatar":"https://cdn.discordapp.com/avatars/395641245973741570/1d2f3aa509dfa1d50abcd99dc298bcf2.png"},"point":6652},{"user":{"uid":64,"userid":53,"name":"{Wild Hogz} Lango2K","avatar":"https://cdn.discordapp.com/avatars/155344631628824586/23ae01fa02a7351bf040e2ffcceedb95.png"},"point":3742},{"user":{"uid":46,"userid":37,"name":"{Wild Hogz} MysticalKief","avatar":"https://cdn.discordapp.com/avatars/498659512081973248/15c947ebb3b550bee883b0c47337c7ac.png"},"point":3602},{"user":{"uid":5,"userid":3,"name":"{Wild Hogz} Dennisthe8th","avatar":"https://cdn.discordapp.com/avatars/575015095894016014/69fc086441725970662f0b9ba9bf5e32.png"},"point":3118},{"user":{"uid":7,"userid":5,"name":"{Wild Hogz} Jacket","avatar":"https://cdn.discordapp.com/avatars/111638504500408320/880678f246665808c2165f5f693b72cd.png"},"point":2075},{"user":{"uid":1,"userid":1,"name":"{Wild Hogz} Chappy1225","avatar":"https://cdn.discordapp.com/avatars/480244047311667201/b51db2fc9e7e314933519021bee4ae3e.png"},"point":2014},{"user":{"uid":20,"userid":16,"name":"{Wild Hogz} Ghosty","avatar":"https://cdn.discordapp.com/avatars/263817802769498115/019744ef9cc5011e21751fcb2cebd5f5.png"},"point":1846},{"user":{"uid":56,"userid":45,"name":"{Wild Hogz} jbica","avatar":"https://cdn.discordapp.com/avatars/394272398930739212/488d03490a2359e57a3622544f8bbba2.png"},"point":1153},{"user":{"uid":27,"userid":49,"name":"{Wild Hogz} BULLBAR","avatar":"https://cdn.discordapp.com/avatars/1168390732541870212/a5bab703422d6b1f807e765388af0398.png"},"point":1091},{"user":{"uid":55,"userid":44,"name":"{Wild Hogz} Foxtrot513","avatar":"https://cdn.discordapp.com/avatars/674350818563981362/e9606d17e61ead62929e28429589f871.png"},"point":981},{"user":{"uid":9,"userid":7,"name":"{Wild Hogz} TACOMAN","avatar":"https://cdn.discordapp.com/avatars/935175174700040252/2d6dbed1ba891f242274b7e80e50a9ae.png"},"point":943},{"user":{"uid":8,"userid":6,"name":"{Wild Hogz} Murdernova256","avatar":"https://cdn.discordapp.com/avatars/549931745584349185/9647aabac5de7bc6ca63f26696871246.png"},"point":836},{"user":{"uid":11,"userid":9,"name":"{Wild Hogz} Maciek","avatar":"https://cdn.discordapp.com/avatars/282728597209481216/cc91713475ae575649772cee951992ba.png"},"point":0}],"fma":[{"user":{"uid":6,"userid":4,"name":"{Wild Hogz} xBoss Hogx","avatar":"https://cdn.discordapp.com/avatars/395641245973741570/1d2f3aa509dfa1d50abcd99dc298bcf2.png"},"point":6768},{"user":{"uid":46,"userid":37,"name":"{Wild Hogz} MysticalKief","avatar":"https://cdn.discordapp.com/avatars/498659512081973248/15c947ebb3b550bee883b0c47337c7ac.png"},"point":4102},{"user":{"uid":64,"userid":53,"name":"{Wild Hogz} Lango2K","avatar":"https://cdn.discordapp.com/avatars/155344631628824586/23ae01fa02a7351bf040e2ffcceedb95.png"},"point":3742},{"user":{"uid":5,"userid":3,"name":"{Wild Hogz} Dennisthe8th","avatar":"https://cdn.discordapp.com/avatars/575015095894016014/69fc086441725970662f0b9ba9bf5e32.png"},"point":3168},{"user":{"uid":7,"userid":5,"name":"{Wild Hogz} Jacket","avatar":"https://cdn.discordapp.com/avatars/111638504500408320/880678f246665808c2165f5f693b72cd.png"},"point":2154},{"user":{"uid":1,"userid":1,"name":"{Wild Hogz} Chappy1225","avatar":"https://cdn.discordapp.com/avatars/480244047311667201/b51db2fc9e7e314933519021bee4ae3e.png"},"point":2064},{"user":{"uid":20,"userid":16,"name":"{Wild Hogz} Ghosty","avatar":"https://cdn.discordapp.com/avatars/263817802769498115/019744ef9cc5011e21751fcb2cebd5f5.png"},"point":1846},{"user":{"uid":56,"userid":45,"name":"{Wild Hogz} jbica","avatar":"https://cdn.discordapp.com/avatars/394272398930739212/488d03490a2359e57a3622544f8bbba2.png"},"point":1223},{"user":{"uid":27,"userid":49,"name":"{Wild Hogz} BULLBAR","avatar":"https://cdn.discordapp.com/avatars/1168390732541870212/a5bab703422d6b1f807e765388af0398.png"},"point":1091},{"user":{"uid":55,"userid":44,"name":"{Wild Hogz} Foxtrot513","avatar":"https://cdn.discordapp.com/avatars/674350818563981362/e9606d17e61ead62929e28429589f871.png"},"point":981},{"user":{"uid":9,"userid":7,"name":"{Wild Hogz} TACOMAN","avatar":"https://cdn.discordapp.com/avatars/935175174700040252/2d6dbed1ba891f242274b7e80e50a9ae.png"},"point":943},{"user":{"uid":8,"userid":6,"name":"{Wild Hogz} Murdernova256","avatar":"https://cdn.discordapp.com/avatars/549931745584349185/9647aabac5de7bc6ca63f26696871246.png"},"point":836},{"user":{"uid":11,"userid":9,"name":"{Wild Hogz} Maciek","avatar":"https://cdn.discordapp.com/avatars/282728597209481216/cc91713475ae575649772cee951992ba.png"},"point":0}]}