{"fmd":[{"user":{"uid":1061,"userid":656,"name":"Thy Night Owl","avatar":"https://cdn.discordapp.com/avatars/678366200312496154/7e3c44efb2393e0a9a4b593cb42f936d.png"},"point":12891},{"user":{"uid":1382,"userid":847,"name":"Aeroplane","avatar":"https://cdn.discordapp.com/avatars/919580354736705617/cd8c60e397730ab82e685faaf72d3c77.png"},"point":6984},{"user":{"uid":1456,"userid":899,"name":"Fean","avatar":"https://cdn.discordapp.com/avatars/508717226690478081/e7645881dc32e71c57dc44ac1c2c3d6d.png"},"point":4038},{"user":{"uid":1457,"userid":898,"name":"Evil Fuzion","avatar":"https://cdn.discordapp.com/avatars/190097876972470273/2540bb21830ff6d4b38cb2d91e42f064.png"},"point":3837},{"user":{"uid":1232,"userid":755,"name":"Glitchy","avatar":"https://cdn.discordapp.com/avatars/692068158487396362/48cd166e4f54fec6e419b1d0b1672a1a.png"},"point":3786},{"user":{"uid":717,"userid":477,"name":"Turnt","avatar":"https://cdn.discordapp.com/avatars/417130736848470039/a_af2f73ff3f0bf8c460edc1b1f02192f9.gif"},"point":3297},{"user":{"uid":1448,"userid":894,"name":"jason","avatar":"https://cdn.discordapp.com/avatars/853206258512298024/0fef9b881357560e340b10568c517402.png"},"point":2394},{"user":{"uid":1414,"userid":870,"name":"Azure Phantom","avatar":"https://avatars.steamstatic.com/8a78a24d3ae3031caf2695bc4dede2d6eb7af7cf_full.jpg"},"point":2140},{"user":{"uid":1007,"userid":622,"name":"Clover","avatar":"https://cdn.discordapp.com/avatars/524737419292049415/98da32a1bb151e51f366faeefc90a9dd.png"},"point":2009},{"user":{"uid":1112,"userid":681,"name":"DUSLOGEMEISTER","avatar":"https://cdn.discordapp.com/avatars/449720478148460555/38e8e5e249b96cde228bf55a460ae999.png"},"point":1804},{"user":{"uid":866,"userid":550,"name":"RoudeLéiw","avatar":"https://cdn.discordapp.com/avatars/497412687257534464/53a76d2cc11ce4a0171c5d1f84df139a.png"},"point":1760},{"user":{"uid":1097,"userid":670,"name":"Ramin Tanuwong [TH]","avatar":"https://static.truckersmp.com/avatarsN/3757199.1645214262.jpg"},"point":1714},{"user":{"uid":1160,"userid":699,"name":"jodycc","avatar":"https://cdn.discordapp.com/avatars/623249122761375760/adc25e15fe96d56656319e2a159d9458.png"},"point":1648},{"user":{"uid":1411,"userid":867,"name":"Coolengineer","avatar":"https://cdn.discordapp.com/avatars/247159248272752640/59e18cf589e2aaee61edb8d0a62b6b48.png"},"point":1430},{"user":{"uid":561,"userid":386,"name":"richhscm","avatar":""},"point":1133},{"user":{"uid":1455,"userid":897,"name":"pootis01","avatar":"https://cdn.discordapp.com/avatars/423002528184139790/a_522e0cdb269dcc2fe4d05d6a549b31df.gif"},"point":789},{"user":{"uid":813,"userid":704,"name":"vJust_Josh","avatar":"https://cdn.discordapp.com/avatars/922265598837276732/8550d243f88aac839192a1be56335b93.png"},"point":739},{"user":{"uid":872,"userid":555,"name":"LOA | Chris","avatar":"https://cdn.discordapp.com/avatars/741351957083717673/6f29d9d878b4b6e616e47fb64d9fc2e4.png"},"point":668},{"user":{"uid":1253,"userid":769,"name":"Sunny","avatar":"https://cdn.discordapp.com/avatars/335148756653572098/00a5292662c6be574ce781717de8bfeb.png"},"point":665},{"user":{"uid":759,"userid":501,"name":"TheSkiller","avatar":"https://cdn.discordapp.com/avatars/665158641355325450/da6b6d4e62038b3f92dd42b7b34f7ec9.png"},"point":652},{"user":{"uid":1378,"userid":843,"name":"dandelion","avatar":"https://cdn.discordapp.com/avatars/924070723952209941/6d40e5aa69459181ef2bc03107156cc0.png"},"point":459},{"user":{"uid":1187,"userid":726,"name":"afrikandionysus","avatar":"https://cdn.discordapp.com/avatars/759714918177177670/661f5840a2c808aa6c88959f5a379f8d.png"},"point":448},{"user":{"uid":1227,"userid":751,"name":"Arctee","avatar":"https://avatars.steamstatic.com/1c420d178f66d4691b32a82a49ec20a7825e74d9_full.jpg"},"point":400},{"user":{"uid":112,"userid":657,"name":"zatrisss","avatar":"https://cdn.discordapp.com/avatars/270114281280765956/4dc89eaaac37811ab06058499942981b.png"},"point":300},{"user":{"uid":41,"userid":820,"name":"Jack","avatar":"https://cdn.discordapp.com/avatars/555074609544822795/d3665ab7e4604312949fcceb877b56b0.png"},"point":296},{"user":{"uid":1244,"userid":767,"name":"cutiehrts #ATM3Y","avatar":"https://cdn.discordapp.com/avatars/1170949991548858411/fb8331fe2f18503ffc00edb998ec7738.png"},"point":250},{"user":{"uid":37,"userid":98,"name":"Edu4Games","avatar":"https://cdn.discordapp.com/avatars/526809060205527050/798388098a92b4ad0cd386258d31a77e.png"},"point":208},{"user":{"uid":169,"userid":327,"name":"Carlos King","avatar":"https://cdn.discordapp.com/avatars/506487248217309184/bd6c4d705e13abd33b3b26c5bdcd897d.png"},"point":133},{"user":{"uid":1104,"userid":674,"name":"(CH/GR) vtech2","avatar":"https://static.truckersmp.com/avatarsN/4856514.1699890049.png"},"point":0},{"user":{"uid":1192,"userid":724,"name":"Koskee","avatar":"https://cdn.discordapp.com/avatars/836575095664410654/34bd5b395ebc17c4ca0d51b982cb0a7b.png"},"point":0}],"fma":[{"user":{"uid":1061,"userid":656,"name":"Thy Night Owl","avatar":"https://cdn.discordapp.com/avatars/678366200312496154/7e3c44efb2393e0a9a4b593cb42f936d.png"},"point":26645},{"user":{"uid":1382,"userid":847,"name":"Aeroplane","avatar":"https://cdn.discordapp.com/avatars/919580354736705617/cd8c60e397730ab82e685faaf72d3c77.png"},"point":23114},{"user":{"uid":1457,"userid":898,"name":"Evil Fuzion","avatar":"https://cdn.discordapp.com/avatars/190097876972470273/2540bb21830ff6d4b38cb2d91e42f064.png"},"point":7969},{"user":{"uid":1456,"userid":899,"name":"Fean","avatar":"https://cdn.discordapp.com/avatars/508717226690478081/e7645881dc32e71c57dc44ac1c2c3d6d.png"},"point":4155},{"user":{"uid":1232,"userid":755,"name":"Glitchy","avatar":"https://cdn.discordapp.com/avatars/692068158487396362/48cd166e4f54fec6e419b1d0b1672a1a.png"},"point":3994},{"user":{"uid":1097,"userid":670,"name":"Ramin Tanuwong [TH]","avatar":"https://static.truckersmp.com/avatarsN/3757199.1645214262.jpg"},"point":3857},{"user":{"uid":1007,"userid":622,"name":"Clover","avatar":"https://cdn.discordapp.com/avatars/524737419292049415/98da32a1bb151e51f366faeefc90a9dd.png"},"point":3725},{"user":{"uid":717,"userid":477,"name":"Turnt","avatar":"https://cdn.discordapp.com/avatars/417130736848470039/a_af2f73ff3f0bf8c460edc1b1f02192f9.gif"},"point":3643},{"user":{"uid":119,"userid":258,"name":"LordLegend","avatar":"https://cdn.discordapp.com/avatars/507573290995417108/294e2517c647c3c8703945fbc200afcd.png"},"point":3045},{"user":{"uid":1448,"userid":894,"name":"jason","avatar":"https://cdn.discordapp.com/avatars/853206258512298024/0fef9b881357560e340b10568c517402.png"},"point":2511},{"user":{"uid":1414,"userid":870,"name":"Azure Phantom","avatar":"https://avatars.steamstatic.com/8a78a24d3ae3031caf2695bc4dede2d6eb7af7cf_full.jpg"},"point":2221},{"user":{"uid":866,"userid":550,"name":"RoudeLéiw","avatar":"https://cdn.discordapp.com/avatars/497412687257534464/53a76d2cc11ce4a0171c5d1f84df139a.png"},"point":2006},{"user":{"uid":1112,"userid":681,"name":"DUSLOGEMEISTER","avatar":"https://cdn.discordapp.com/avatars/449720478148460555/38e8e5e249b96cde228bf55a460ae999.png"},"point":1889},{"user":{"uid":671,"userid":448,"name":"Rocky","avatar":"https://cdn.discordapp.com/avatars/508226509744635904/6696b0bd9167804479c233924b375fa1.png"},"point":1878},{"user":{"uid":1160,"userid":699,"name":"jodycc","avatar":"https://cdn.discordapp.com/avatars/623249122761375760/adc25e15fe96d56656319e2a159d9458.png"},"point":1788},{"user":{"uid":872,"userid":555,"name":"LOA | Chris","avatar":"https://cdn.discordapp.com/avatars/741351957083717673/6f29d9d878b4b6e616e47fb64d9fc2e4.png"},"point":1668},{"user":{"uid":1253,"userid":769,"name":"Sunny","avatar":"https://cdn.discordapp.com/avatars/335148756653572098/00a5292662c6be574ce781717de8bfeb.png"},"point":1665},{"user":{"uid":1411,"userid":867,"name":"Coolengineer","avatar":"https://cdn.discordapp.com/avatars/247159248272752640/59e18cf589e2aaee61edb8d0a62b6b48.png"},"point":1623},{"user":{"uid":924,"userid":576,"name":"🌈Hearty_Laces🌈They/Them","avatar":"https://cdn.discordapp.com/avatars/461978281906929675/9128b3d5991d797b2e4060e71c4c5f41.png"},"point":1597},{"user":{"uid":1316,"userid":807,"name":"Gota","avatar":"https://cdn.discordapp.com/avatars/167291299693723648/beb31f691ab4478e3268181a76f3a451.png"},"point":1473},{"user":{"uid":1378,"userid":843,"name":"dandelion","avatar":"https://cdn.discordapp.com/avatars/924070723952209941/6d40e5aa69459181ef2bc03107156cc0.png"},"point":1459},{"user":{"uid":1105,"userid":675,"name":"Jack3D60","avatar":"https://cdn.discordapp.com/avatars/805496381754048572/bcf10ae824b274e1c532971dcb857977.png"},"point":1276},{"user":{"uid":561,"userid":386,"name":"richhscm","avatar":""},"point":1210},{"user":{"uid":1227,"userid":751,"name":"Arctee","avatar":"https://avatars.steamstatic.com/1c420d178f66d4691b32a82a49ec20a7825e74d9_full.jpg"},"point":900},{"user":{"uid":41,"userid":820,"name":"Jack","avatar":"https://cdn.discordapp.com/avatars/555074609544822795/d3665ab7e4604312949fcceb877b56b0.png"},"point":796},{"user":{"uid":1455,"userid":897,"name":"pootis01","avatar":"https://cdn.discordapp.com/avatars/423002528184139790/a_522e0cdb269dcc2fe4d05d6a549b31df.gif"},"point":789},{"user":{"uid":1244,"userid":767,"name":"cutiehrts #ATM3Y","avatar":"https://cdn.discordapp.com/avatars/1170949991548858411/fb8331fe2f18503ffc00edb998ec7738.png"},"point":750},{"user":{"uid":813,"userid":704,"name":"vJust_Josh","avatar":"https://cdn.discordapp.com/avatars/922265598837276732/8550d243f88aac839192a1be56335b93.png"},"point":739},{"user":{"uid":759,"userid":501,"name":"TheSkiller","avatar":"https://cdn.discordapp.com/avatars/665158641355325450/da6b6d4e62038b3f92dd42b7b34f7ec9.png"},"point":720},{"user":{"uid":1187,"userid":726,"name":"afrikandionysus","avatar":"https://cdn.discordapp.com/avatars/759714918177177670/661f5840a2c808aa6c88959f5a379f8d.png"},"point":448},{"user":{"uid":3,"userid":2,"name":"Delta","avatar":"https://cdn.discordapp.com/avatars/710535657650651157/e21a44412b740e2e3bba4f4cc015a9e8.png"},"point":375},{"user":{"uid":112,"userid":657,"name":"zatrisss","avatar":"https://cdn.discordapp.com/avatars/270114281280765956/4dc89eaaac37811ab06058499942981b.png"},"point":300},{"user":{"uid":870,"userid":553,"name":"evilzocken","avatar":"https://cdn.discordapp.com/avatars/665665436678881280/25d7fd2d1432b799ac4b37a8d7592c6a.png"},"point":298},{"user":{"uid":37,"userid":98,"name":"Edu4Games","avatar":"https://cdn.discordapp.com/avatars/526809060205527050/798388098a92b4ad0cd386258d31a77e.png"},"point":208},{"user":{"uid":169,"userid":327,"name":"Carlos King","avatar":"https://cdn.discordapp.com/avatars/506487248217309184/bd6c4d705e13abd33b3b26c5bdcd897d.png"},"point":133},{"user":{"uid":1104,"userid":674,"name":"(CH/GR) vtech2","avatar":"https://static.truckersmp.com/avatarsN/4856514.1699890049.png"},"point":0},{"user":{"uid":1192,"userid":724,"name":"Koskee","avatar":"https://cdn.discordapp.com/avatars/836575095664410654/34bd5b395ebc17c4ca0d51b982cb0a7b.png"},"point":0}]}