{"fmd":[{"user":{"uid":82,"userid":99,"name":"PepyNox 🤖","avatar":"https://cdn.discordapp.com/avatars/261473263752839168/a_32058670e7fcdb9136bb159147e62d09.gif"},"point":2411},{"user":{"uid":499,"userid":259,"name":"fluxity","avatar":"https://cdn.discordapp.com/avatars/518809895198392345/eb0bed3b6b469eb7589bd6bb8e403d0d.png"},"point":1717},{"user":{"uid":202,"userid":154,"name":"i'm J clarkson","avatar":"https://cdn.discordapp.com/avatars/690586123952586792/80cf82fd6950b61379dce9612d1f7034.png"},"point":1507},{"user":{"uid":211,"userid":160,"name":"human","avatar":"https://cdn.discordapp.com/avatars/698752151073194015/e626fce336d1295ab98959c084394e8b.png"},"point":706},{"user":{"uid":113,"userid":138,"name":"Valentin | ☯","avatar":"https://cdn.discordapp.com/avatars/541192182116253717/0350657a9bb4ace10c520a758fdea4b2.png"},"point":489},{"user":{"uid":409,"userid":226,"name":"𝙽𝙴𝚆𝚃𝚈𝙿𝙴𝚂","avatar":"https://cdn.discordapp.com/avatars/624501922531115019/720e6c9072e99985cd234df4183376af.png"},"point":475},{"user":{"uid":479,"userid":252,"name":"ST1G","avatar":"https://cdn.discordapp.com/avatars/515890400494616608/f4bac7aef316082f7bad4fcbb6b39570.png"},"point":195}],"fma":[{"user":{"uid":82,"userid":99,"name":"PepyNox 🤖","avatar":"https://cdn.discordapp.com/avatars/261473263752839168/a_32058670e7fcdb9136bb159147e62d09.gif"},"point":2411},{"user":{"uid":499,"userid":259,"name":"fluxity","avatar":"https://cdn.discordapp.com/avatars/518809895198392345/eb0bed3b6b469eb7589bd6bb8e403d0d.png"},"point":1717},{"user":{"uid":202,"userid":154,"name":"i'm J clarkson","avatar":"https://cdn.discordapp.com/avatars/690586123952586792/80cf82fd6950b61379dce9612d1f7034.png"},"point":1507},{"user":{"uid":211,"userid":160,"name":"human","avatar":"https://cdn.discordapp.com/avatars/698752151073194015/e626fce336d1295ab98959c084394e8b.png"},"point":706},{"user":{"uid":113,"userid":138,"name":"Valentin | ☯","avatar":"https://cdn.discordapp.com/avatars/541192182116253717/0350657a9bb4ace10c520a758fdea4b2.png"},"point":489},{"user":{"uid":409,"userid":226,"name":"𝙽𝙴𝚆𝚃𝚈𝙿𝙴𝚂","avatar":"https://cdn.discordapp.com/avatars/624501922531115019/720e6c9072e99985cd234df4183376af.png"},"point":475},{"user":{"uid":479,"userid":252,"name":"ST1G","avatar":"https://cdn.discordapp.com/avatars/515890400494616608/f4bac7aef316082f7bad4fcbb6b39570.png"},"point":195}]}