{"fmd":[{"user":{"uid":85,"userid":76,"name":"BratPfanne","avatar":"https://cdn.discordapp.com/avatars/280066593428340739/935c5dc2cac4ab6850284f71bacf7134.png"},"point":11360},{"user":{"uid":194,"userid":188,"name":"[FLG] derMicha","avatar":"https://cdn.discordapp.com/avatars/951482086072660018/6f6fb9e5f328bec8c769d872bed5109a.png"},"point":6383},{"user":{"uid":71,"userid":60,"name":"geronimo8815","avatar":"https://static.truckersmp.com/avatarsN/5294261.1711913743.png"},"point":6245},{"user":{"uid":46,"userid":44,"name":"Linus14_trucker","avatar":"https://cdn.discordapp.com/avatars/973298563750719518/f8077addf056d9aaf51c748928a4a6d2.png"},"point":5828},{"user":{"uid":347,"userid":283,"name":"adi.","avatar":"https://cdn.discordapp.com/avatars/399012716326420480/266d16ffbd3b509117ac0e12fab7413d.png"},"point":5777},{"user":{"uid":43,"userid":31,"name":"[GER]Christian","avatar":"https://static.truckersmp.com/avatarsN/196694.1705792859.png"},"point":5003},{"user":{"uid":152,"userid":135,"name":"manu7432","avatar":"https://cdn.discordapp.com/avatars/1024735246249373777/2d7e240ada7e8d3f41e4150fb6b1d0aa.png"},"point":4490},{"user":{"uid":93,"userid":79,"name":"Starvin Marvin","avatar":"https://cdn.discordapp.com/avatars/616564166379044893/597930cdaf15fb1a0044037d135a7ceb.png"},"point":4230},{"user":{"uid":333,"userid":272,"name":"[GER] KevBro","avatar":"https://cdn.discordapp.com/avatars/399288507555905537/e802a2d7141709117c6d11115e7d25d9.png"},"point":3870},{"user":{"uid":324,"userid":264,"name":"IceDomi/Dominik","avatar":"https://cdn.discordapp.com/avatars/333342159023636481/704fa67745d5f6252fb774a013c664b0.png"},"point":3867},{"user":{"uid":326,"userid":266,"name":"Kristalikk","avatar":"https://cdn.discordapp.com/avatars/1113511202132344872/cba86fba8505f5202edd60b53bcf00d0.png"},"point":3479},{"user":{"uid":295,"userid":246,"name":"Tiberius","avatar":"https://cdn.discordapp.com/avatars/305385843428950026/6c00ebb9bf00d5c68028e29af849b1ad.png"},"point":3133},{"user":{"uid":325,"userid":265,"name":"[GER] Sääm","avatar":"https://static.truckersmp.com/avatarsN/2524791.1714481709.jpg"},"point":2946},{"user":{"uid":61,"userid":75,"name":"𝕲𝖍𝖔𝖘𝖙𝖕𝖆𝖚𝖑𝖔𝖔","avatar":"https://cdn.discordapp.com/avatars/964420212864741376/e8283a2f908472c913999fda7149c790.png"},"point":2463},{"user":{"uid":266,"userid":221,"name":"Pliegenfilz_xX","avatar":""},"point":2401},{"user":{"uid":12,"userid":10,"name":"Tchabalala/Axel","avatar":"https://cdn.discordapp.com/avatars/336794680454938624/c949fc0ae2a0b67356a833b7f2dfb640.png"},"point":2381},{"user":{"uid":68,"userid":57,"name":"Anthonyaski","avatar":"https://cdn.discordapp.com/avatars/334780188703588362/4af94601e420a28c570fce2b038e0b23.png"},"point":2367},{"user":{"uid":39,"userid":34,"name":"[GER] Chrissy1968","avatar":"https://static.truckersmp.com/avatarsN/defaultavatar.png"},"point":2139},{"user":{"uid":59,"userid":48,"name":"Patrick","avatar":"https://cdn.discordapp.com/avatars/408688712223031306/0cfcbf6ba2fb06d7f4ef39a9d5f8f496.png"},"point":2040},{"user":{"uid":357,"userid":288,"name":"LeonMT1","avatar":"https://cdn.discordapp.com/avatars/945027825096884276/4d15ff8a959b721114aa1b2c8c68dad7.png"},"point":2026},{"user":{"uid":79,"userid":68,"name":"kevinnartor","avatar":"https://cdn.discordapp.com/avatars/332536235765530624/7dd1743f062994a98d58768e967065da.png"},"point":2011},{"user":{"uid":284,"userid":236,"name":"Jxn-_-R","avatar":"https://cdn.discordapp.com/avatars/523139889143742465/3db04443daf44dfb7c3a3db7e8765d00.png"},"point":1866},{"user":{"uid":24,"userid":21,"name":"Flows©","avatar":"https://cdn.discordapp.com/avatars/267701831025688576/1e8d5e85c6b6bba0997e96ebb0a79f9d.png"},"point":1567},{"user":{"uid":117,"userid":109,"name":"DerDampfer78","avatar":"https://cdn.discordapp.com/avatars/324522906505707520/2584364ff258ba22916b1c0c369b0893.png"},"point":1557},{"user":{"uid":122,"userid":110,"name":"[FLG] Eichelhörnchen/Julian","avatar":"https://cdn.discordapp.com/avatars/373870026651860992/43b57e30d35962bcf5006380a8ed554b.png"},"point":1537},{"user":{"uid":287,"userid":239,"name":"@06.Jerome","avatar":"https://cdn.discordapp.com/avatars/1141772672758452284/55b5167c43a78509ad94d007adb781e4.png"},"point":1508},{"user":{"uid":361,"userid":293,"name":"LastSolution","avatar":"https://cdn.discordapp.com/avatars/221373001168453635/8e223443b5d7e58f2889a32c6ef43164.png"},"point":1366},{"user":{"uid":318,"userid":259,"name":"Theusios","avatar":"https://cdn.discordapp.com/avatars/294602089739452426/74d1468f7e577c89f2a37dbe4a8ec0fc.png"},"point":1272},{"user":{"uid":18,"userid":16,"name":"teufelsfrucht","avatar":"https://static.truckersmp.com/avatarsN/4047213.1699434878.png"},"point":1250},{"user":{"uid":148,"userid":145,"name":"weisserkreuzer","avatar":"https://cdn.discordapp.com/avatars/303094283752308737/651be3b81b2b904cd1112f8501fd2e49.png"},"point":1244},{"user":{"uid":9,"userid":5,"name":"Fast-rider","avatar":"https://static.truckersmp.com/avatarsN/4041389.1709222265.png"},"point":1177},{"user":{"uid":310,"userid":253,"name":"Pascal","avatar":"https://cdn.discordapp.com/avatars/677543668973830215/e67068b6cf29eb6aaa8ea1cdec299abe.png"},"point":1169},{"user":{"uid":73,"userid":65,"name":"Ersque","avatar":"https://cdn.discordapp.com/avatars/219183521711915008/d8224c427b6d0b5f9a2b151734d67e76.png"},"point":1155},{"user":{"uid":196,"userid":170,"name":"noah","avatar":"https://cdn.discordapp.com/avatars/551872292221747204/6dc460b0d4fbe2a3dbbc6e5755fbb5e5.png"},"point":1141},{"user":{"uid":13,"userid":11,"name":"Dignity.","avatar":"https://static.truckersmp.com/avatarsN/4603971.1714464337.jpg"},"point":1109},{"user":{"uid":275,"userid":229,"name":"ByEnderman_HD","avatar":"https://cdn.discordapp.com/avatars/664529284043636767/6b9fb4edd1d2c073428b956ede3c7228.png"},"point":1083},{"user":{"uid":359,"userid":291,"name":"Bazillus","avatar":"https://cdn.discordapp.com/avatars/996770901431418880/225f13a017023efcfa14e5ccebbfcc4b.png"},"point":1056},{"user":{"uid":139,"userid":127,"name":"SturmNudelLP (PC)","avatar":"https://cdn.discordapp.com/avatars/686996505550258225/9fdc874a2ccce42bee7c48ef3ab9c80a.png"},"point":1055},{"user":{"uid":47,"userid":40,"name":"Nerikan","avatar":"https://cdn.discordapp.com/avatars/501777572112367638/93b7d985e53cc4f12b14f7394dda3e82.png"},"point":1029},{"user":{"uid":21,"userid":18,"name":"Gregory","avatar":"https://cdn.discordapp.com/avatars/650421299323338762/dae0258c1a7c95a73bdcbd75db3db5d4.png"},"point":1022},{"user":{"uid":70,"userid":58,"name":"xXTessiXx","avatar":"https://cdn.discordapp.com/avatars/463730546108006400/7b616d2dad0e5011ae25684dd50d1a91.png"},"point":1003},{"user":{"uid":56,"userid":42,"name":"Glaceon","avatar":"https://cdn.discordapp.com/avatars/348428309018705930/f1b68bf1b8a5121559e1b782c8941327.png"},"point":935},{"user":{"uid":345,"userid":281,"name":"SpeiRox_","avatar":"https://cdn.discordapp.com/avatars/369461490245435413/53214599eee34fad85857ade045531b1.png"},"point":871},{"user":{"uid":348,"userid":284,"name":"Domco","avatar":"https://cdn.discordapp.com/avatars/142061877336342529/c82ea6a79feb7ca9092dbc85f3329fa7.png"},"point":771},{"user":{"uid":51,"userid":71,"name":"Joerg45701","avatar":"https://static.truckersmp.com/avatarsN/defaultavatar.png"},"point":673},{"user":{"uid":272,"userid":227,"name":"Pfindus","avatar":"https://static.truckersmp.com/avatarsN/4311053.1710660288.png"},"point":514},{"user":{"uid":338,"userid":277,"name":"Anzusz5","avatar":"https://cdn.discordapp.com/avatars/1141070153874935870/4cccfc4553de4675b25ab253ce9c676c.png"},"point":412},{"user":{"uid":60,"userid":50,"name":"Thareon","avatar":"https://cdn.discordapp.com/avatars/701445278825316373/3b16d405b932144cdf8675ff795731f9.png"},"point":408},{"user":{"uid":143,"userid":128,"name":"SchnellerFuchs","avatar":"https://static.truckersmp.com/avatarsN/1121622.1706114410.png"},"point":397},{"user":{"uid":327,"userid":267,"name":"Katzenverkauf","avatar":"https://cdn.discordapp.com/avatars/464431767412015105/a_30a4847ddcc8de0e016307f4ab15fb3e.gif"},"point":390},{"user":{"uid":328,"userid":268,"name":"PhantomGhost702","avatar":"https://static.truckersmp.com/avatarsN/defaultavatar.png"},"point":331},{"user":{"uid":354,"userid":289,"name":"Feuertommi","avatar":"https://cdn.discordapp.com/avatars/250027105562263553/c10fa9cf893060beb093bb51899d7a71.png"},"point":215},{"user":{"uid":306,"userid":250,"name":"leon_der_truckspotter","avatar":"https://static.truckersmp.com/avatarsN/defaultavatar.png"},"point":195},{"user":{"uid":102,"userid":94,"name":"FivederBayer","avatar":"https://cdn.discordapp.com/avatars/739478235623981097/082efe8aa4fb97c375017d07867fe8c9.png"},"point":192},{"user":{"uid":307,"userid":251,"name":"julex_07","avatar":"https://cdn.discordapp.com/avatars/878671512801009684/b8b0cc1e4da62e31f9c17e52a1054f8b.png"},"point":80},{"user":{"uid":91,"userid":85,"name":"Chris94","avatar":"https://cdn.discordapp.com/avatars/618891974765838336/d2fa711dddd045b14969332972ba64b3.png"},"point":61},{"user":{"uid":322,"userid":262,"name":"999stormzy","avatar":"https://cdn.discordapp.com/avatars/664568473690832917/39ccd6df525244d4fcd503d128557fb8.png"},"point":8},{"user":{"uid":80,"userid":73,"name":"yasinabi1_","avatar":""},"point":0}],"fma":[{"user":{"uid":46,"userid":44,"name":"Linus14_trucker","avatar":"https://cdn.discordapp.com/avatars/973298563750719518/f8077addf056d9aaf51c748928a4a6d2.png"},"point":21671},{"user":{"uid":18,"userid":16,"name":"teufelsfrucht","avatar":"https://static.truckersmp.com/avatarsN/4047213.1699434878.png"},"point":18266},{"user":{"uid":85,"userid":76,"name":"BratPfanne","avatar":"https://cdn.discordapp.com/avatars/280066593428340739/935c5dc2cac4ab6850284f71bacf7134.png"},"point":17026},{"user":{"uid":47,"userid":40,"name":"Nerikan","avatar":"https://cdn.discordapp.com/avatars/501777572112367638/93b7d985e53cc4f12b14f7394dda3e82.png"},"point":16971},{"user":{"uid":61,"userid":75,"name":"𝕲𝖍𝖔𝖘𝖙𝖕𝖆𝖚𝖑𝖔𝖔","avatar":"https://cdn.discordapp.com/avatars/964420212864741376/e8283a2f908472c913999fda7149c790.png"},"point":16805},{"user":{"uid":152,"userid":135,"name":"manu7432","avatar":"https://cdn.discordapp.com/avatars/1024735246249373777/2d7e240ada7e8d3f41e4150fb6b1d0aa.png"},"point":13011},{"user":{"uid":43,"userid":31,"name":"[GER]Christian","avatar":"https://static.truckersmp.com/avatarsN/196694.1705792859.png"},"point":11554},{"user":{"uid":326,"userid":266,"name":"Kristalikk","avatar":"https://cdn.discordapp.com/avatars/1113511202132344872/cba86fba8505f5202edd60b53bcf00d0.png"},"point":9705},{"user":{"uid":333,"userid":272,"name":"[GER] KevBro","avatar":"https://cdn.discordapp.com/avatars/399288507555905537/e802a2d7141709117c6d11115e7d25d9.png"},"point":9450},{"user":{"uid":194,"userid":188,"name":"[FLG] derMicha","avatar":"https://cdn.discordapp.com/avatars/951482086072660018/6f6fb9e5f328bec8c769d872bed5109a.png"},"point":8982},{"user":{"uid":71,"userid":60,"name":"geronimo8815","avatar":"https://static.truckersmp.com/avatarsN/5294261.1711913743.png"},"point":8844},{"user":{"uid":59,"userid":48,"name":"Patrick","avatar":"https://cdn.discordapp.com/avatars/408688712223031306/0cfcbf6ba2fb06d7f4ef39a9d5f8f496.png"},"point":8839},{"user":{"uid":272,"userid":227,"name":"Pfindus","avatar":"https://static.truckersmp.com/avatarsN/4311053.1710660288.png"},"point":7268},{"user":{"uid":13,"userid":11,"name":"Dignity.","avatar":"https://static.truckersmp.com/avatarsN/4603971.1714464337.jpg"},"point":7172},{"user":{"uid":324,"userid":264,"name":"IceDomi/Dominik","avatar":"https://cdn.discordapp.com/avatars/333342159023636481/704fa67745d5f6252fb774a013c664b0.png"},"point":5947},{"user":{"uid":347,"userid":283,"name":"adi.","avatar":"https://cdn.discordapp.com/avatars/399012716326420480/266d16ffbd3b509117ac0e12fab7413d.png"},"point":5777},{"user":{"uid":295,"userid":246,"name":"Tiberius","avatar":"https://cdn.discordapp.com/avatars/305385843428950026/6c00ebb9bf00d5c68028e29af849b1ad.png"},"point":5213},{"user":{"uid":12,"userid":10,"name":"Tchabalala/Axel","avatar":"https://cdn.discordapp.com/avatars/336794680454938624/c949fc0ae2a0b67356a833b7f2dfb640.png"},"point":4773},{"user":{"uid":93,"userid":79,"name":"Starvin Marvin","avatar":"https://cdn.discordapp.com/avatars/616564166379044893/597930cdaf15fb1a0044037d135a7ceb.png"},"point":4230},{"user":{"uid":1,"userid":1,"name":"Feyfar","avatar":"https://cdn.discordapp.com/avatars/513424125239230466/437606888512e6a7a2d19e1b5bea1a73.png"},"point":3850},{"user":{"uid":56,"userid":42,"name":"Glaceon","avatar":"https://cdn.discordapp.com/avatars/348428309018705930/f1b68bf1b8a5121559e1b782c8941327.png"},"point":3426},{"user":{"uid":139,"userid":127,"name":"SturmNudelLP (PC)","avatar":"https://cdn.discordapp.com/avatars/686996505550258225/9fdc874a2ccce42bee7c48ef3ab9c80a.png"},"point":3135},{"user":{"uid":325,"userid":265,"name":"[GER] Sääm","avatar":"https://static.truckersmp.com/avatarsN/2524791.1714481709.jpg"},"point":2946},{"user":{"uid":266,"userid":221,"name":"Pliegenfilz_xX","avatar":""},"point":2401},{"user":{"uid":68,"userid":57,"name":"Anthonyaski","avatar":"https://cdn.discordapp.com/avatars/334780188703588362/4af94601e420a28c570fce2b038e0b23.png"},"point":2367},{"user":{"uid":26,"userid":23,"name":"sneakyypython","avatar":"https://cdn.discordapp.com/avatars/358364284834545665/53da365e6ddc9f1b59064dc8035214e6.png"},"point":2166},{"user":{"uid":67,"userid":62,"name":"[GER] Flozockt","avatar":"https://cdn.discordapp.com/avatars/293430302498357248/98f01680a69d817ba90d47a82e8bba5f.png"},"point":2166},{"user":{"uid":39,"userid":34,"name":"[GER] Chrissy1968","avatar":"https://static.truckersmp.com/avatarsN/defaultavatar.png"},"point":2139},{"user":{"uid":357,"userid":288,"name":"LeonMT1","avatar":"https://cdn.discordapp.com/avatars/945027825096884276/4d15ff8a959b721114aa1b2c8c68dad7.png"},"point":2026},{"user":{"uid":79,"userid":68,"name":"kevinnartor","avatar":"https://cdn.discordapp.com/avatars/332536235765530624/7dd1743f062994a98d58768e967065da.png"},"point":2011},{"user":{"uid":284,"userid":236,"name":"Jxn-_-R","avatar":"https://cdn.discordapp.com/avatars/523139889143742465/3db04443daf44dfb7c3a3db7e8765d00.png"},"point":1866},{"user":{"uid":24,"userid":21,"name":"Flows©","avatar":"https://cdn.discordapp.com/avatars/267701831025688576/1e8d5e85c6b6bba0997e96ebb0a79f9d.png"},"point":1567},{"user":{"uid":117,"userid":109,"name":"DerDampfer78","avatar":"https://cdn.discordapp.com/avatars/324522906505707520/2584364ff258ba22916b1c0c369b0893.png"},"point":1557},{"user":{"uid":122,"userid":110,"name":"[FLG] Eichelhörnchen/Julian","avatar":"https://cdn.discordapp.com/avatars/373870026651860992/43b57e30d35962bcf5006380a8ed554b.png"},"point":1537},{"user":{"uid":287,"userid":239,"name":"@06.Jerome","avatar":"https://cdn.discordapp.com/avatars/1141772672758452284/55b5167c43a78509ad94d007adb781e4.png"},"point":1508},{"user":{"uid":361,"userid":293,"name":"LastSolution","avatar":"https://cdn.discordapp.com/avatars/221373001168453635/8e223443b5d7e58f2889a32c6ef43164.png"},"point":1366},{"user":{"uid":318,"userid":259,"name":"Theusios","avatar":"https://cdn.discordapp.com/avatars/294602089739452426/74d1468f7e577c89f2a37dbe4a8ec0fc.png"},"point":1272},{"user":{"uid":148,"userid":145,"name":"weisserkreuzer","avatar":"https://cdn.discordapp.com/avatars/303094283752308737/651be3b81b2b904cd1112f8501fd2e49.png"},"point":1244},{"user":{"uid":9,"userid":5,"name":"Fast-rider","avatar":"https://static.truckersmp.com/avatarsN/4041389.1709222265.png"},"point":1177},{"user":{"uid":310,"userid":253,"name":"Pascal","avatar":"https://cdn.discordapp.com/avatars/677543668973830215/e67068b6cf29eb6aaa8ea1cdec299abe.png"},"point":1169},{"user":{"uid":73,"userid":65,"name":"Ersque","avatar":"https://cdn.discordapp.com/avatars/219183521711915008/d8224c427b6d0b5f9a2b151734d67e76.png"},"point":1155},{"user":{"uid":196,"userid":170,"name":"noah","avatar":"https://cdn.discordapp.com/avatars/551872292221747204/6dc460b0d4fbe2a3dbbc6e5755fbb5e5.png"},"point":1141},{"user":{"uid":275,"userid":229,"name":"ByEnderman_HD","avatar":"https://cdn.discordapp.com/avatars/664529284043636767/6b9fb4edd1d2c073428b956ede3c7228.png"},"point":1083},{"user":{"uid":359,"userid":291,"name":"Bazillus","avatar":"https://cdn.discordapp.com/avatars/996770901431418880/225f13a017023efcfa14e5ccebbfcc4b.png"},"point":1056},{"user":{"uid":21,"userid":18,"name":"Gregory","avatar":"https://cdn.discordapp.com/avatars/650421299323338762/dae0258c1a7c95a73bdcbd75db3db5d4.png"},"point":1022},{"user":{"uid":70,"userid":58,"name":"xXTessiXx","avatar":"https://cdn.discordapp.com/avatars/463730546108006400/7b616d2dad0e5011ae25684dd50d1a91.png"},"point":1003},{"user":{"uid":345,"userid":281,"name":"SpeiRox_","avatar":"https://cdn.discordapp.com/avatars/369461490245435413/53214599eee34fad85857ade045531b1.png"},"point":871},{"user":{"uid":269,"userid":225,"name":"Lord_Kevo22","avatar":"https://cdn.discordapp.com/avatars/705330452508049408/61c39c05ae5ed99170b76303b795d9c0.png"},"point":827},{"user":{"uid":348,"userid":284,"name":"Domco","avatar":"https://cdn.discordapp.com/avatars/142061877336342529/c82ea6a79feb7ca9092dbc85f3329fa7.png"},"point":771},{"user":{"uid":51,"userid":71,"name":"Joerg45701","avatar":"https://static.truckersmp.com/avatarsN/defaultavatar.png"},"point":673},{"user":{"uid":338,"userid":277,"name":"Anzusz5","avatar":"https://cdn.discordapp.com/avatars/1141070153874935870/4cccfc4553de4675b25ab253ce9c676c.png"},"point":412},{"user":{"uid":60,"userid":50,"name":"Thareon","avatar":"https://cdn.discordapp.com/avatars/701445278825316373/3b16d405b932144cdf8675ff795731f9.png"},"point":408},{"user":{"uid":143,"userid":128,"name":"SchnellerFuchs","avatar":"https://static.truckersmp.com/avatarsN/1121622.1706114410.png"},"point":397},{"user":{"uid":327,"userid":267,"name":"Katzenverkauf","avatar":"https://cdn.discordapp.com/avatars/464431767412015105/a_30a4847ddcc8de0e016307f4ab15fb3e.gif"},"point":390},{"user":{"uid":328,"userid":268,"name":"PhantomGhost702","avatar":"https://static.truckersmp.com/avatarsN/defaultavatar.png"},"point":331},{"user":{"uid":354,"userid":289,"name":"Feuertommi","avatar":"https://cdn.discordapp.com/avatars/250027105562263553/c10fa9cf893060beb093bb51899d7a71.png"},"point":215},{"user":{"uid":306,"userid":250,"name":"leon_der_truckspotter","avatar":"https://static.truckersmp.com/avatarsN/defaultavatar.png"},"point":195},{"user":{"uid":102,"userid":94,"name":"FivederBayer","avatar":"https://cdn.discordapp.com/avatars/739478235623981097/082efe8aa4fb97c375017d07867fe8c9.png"},"point":192},{"user":{"uid":307,"userid":251,"name":"julex_07","avatar":"https://cdn.discordapp.com/avatars/878671512801009684/b8b0cc1e4da62e31f9c17e52a1054f8b.png"},"point":80},{"user":{"uid":91,"userid":85,"name":"Chris94","avatar":"https://cdn.discordapp.com/avatars/618891974765838336/d2fa711dddd045b14969332972ba64b3.png"},"point":61},{"user":{"uid":322,"userid":262,"name":"999stormzy","avatar":"https://cdn.discordapp.com/avatars/664568473690832917/39ccd6df525244d4fcd503d128557fb8.png"},"point":8},{"user":{"uid":80,"userid":73,"name":"yasinabi1_","avatar":""},"point":0}]}