{"fmd":[{"user":{"uid":636,"userid":513,"name":"MementoMori","avatar":"https://cdn.discordapp.com/avatars/978142750681731182/884e73c1f41e29c7cc3518441545a1f8.png"},"point":3359},{"user":{"uid":468,"userid":384,"name":"AshleyHavier","avatar":"https://cdn.discordapp.com/avatars/1171865337839505420/fd6b7f6f8d383b9102aa6b0ff7f837c2.png"},"point":2952},{"user":{"uid":551,"userid":448,"name":"Capt_Tom","avatar":"https://cdn.discordapp.com/avatars/1189926623739400235/76a1784b7640fe89bfca945587db07e3.png"},"point":2258},{"user":{"uid":667,"userid":535,"name":"cxramic","avatar":"https://cdn.discordapp.com/avatars/1157288014599426050/54f13430863655d4235702c6473518e0.png"},"point":2001},{"user":{"uid":260,"userid":221,"name":"NotPika","avatar":"https://cdn.discordapp.com/avatars/1067827165556650024/47c9f5f730ebb99916f6373cf7ec75ef.png"},"point":1020},{"user":{"uid":609,"userid":490,"name":"ralkinvx","avatar":"https://cdn.discordapp.com/avatars/626276063609225221/cdf27d657698337dc22e9a4ba4736900.png"},"point":1009},{"user":{"uid":25,"userid":96,"name":"[G-T-R]GrayWolf","avatar":"https://cdn.discordapp.com/avatars/463049453067173888/93e0f855de1c1bcdf6924d45b1789338.png"},"point":990},{"user":{"uid":17,"userid":357,"name":"Marshy","avatar":"https://cdn.discordapp.com/avatars/330387231594250240/a4e910d7c6623f216898eff220e69abf.png"},"point":924},{"user":{"uid":608,"userid":489,"name":"Dylan aka Scott","avatar":"https://cdn.discordapp.com/avatars/287978186732732416/269da0519b0fb3b455df1752ceec3171.png"},"point":850},{"user":{"uid":678,"userid":543,"name":"Poco","avatar":"https://cdn.discordapp.com/avatars/396291126002188298/26e461e154bf9db4d6fc492c395aaa65.png"},"point":836},{"user":{"uid":516,"userid":417,"name":"Ravsh1k","avatar":"https://cdn.discordapp.com/avatars/901846074740858890/d8ce555a273409259cad27c86b082469.png"},"point":832},{"user":{"uid":400,"userid":335,"name":"LikeANoaツ","avatar":"https://cdn.discordapp.com/avatars/903619655153909770/057ea607b8b8408fe695376aabaa366a.png"},"point":578},{"user":{"uid":402,"userid":337,"name":"viriusek","avatar":"https://cdn.discordapp.com/avatars/814466964918370305/78f995b4dea90ade36a4984506d67d5b.png"},"point":486},{"user":{"uid":50,"userid":156,"name":"Marshallvet","avatar":"https://cdn.discordapp.com/avatars/365295813187862568/2dc1aabcc7382486a66d1dc8f514dd2e.png"},"point":296},{"user":{"uid":4,"userid":7,"name":"Sang0kas","avatar":"https://cdn.discordapp.com/avatars/327061419818352641/f17a95aa48e93697f0853d91d0dd2a5f.png"},"point":239},{"user":{"uid":631,"userid":508,"name":"A$h1Ma$h1","avatar":"https://cdn.discordapp.com/avatars/801452708547657739/bf3266b67299389596b4b5ecd7c627ce.png"},"point":224},{"user":{"uid":599,"userid":482,"name":"dood51","avatar":"https://cdn.discordapp.com/avatars/1215977765778489364/e2e4afccd7e82bb48dc1b4e183cb9feb.png"},"point":183},{"user":{"uid":385,"userid":325,"name":"ladbur2000xx","avatar":"https://cdn.discordapp.com/avatars/971245090267881474/b9b9c6d735bc88afabe74203e5481492.png"},"point":4},{"user":{"uid":68,"userid":176,"name":"Ammaar","avatar":"https://cdn.discordapp.com/avatars/611183396210737167/83c6d8f59f35509744d9eb2b420625ee.png"},"point":0}],"fma":[{"user":{"uid":636,"userid":513,"name":"MementoMori","avatar":"https://cdn.discordapp.com/avatars/978142750681731182/884e73c1f41e29c7cc3518441545a1f8.png"},"point":3524},{"user":{"uid":468,"userid":384,"name":"AshleyHavier","avatar":"https://cdn.discordapp.com/avatars/1171865337839505420/fd6b7f6f8d383b9102aa6b0ff7f837c2.png"},"point":3052},{"user":{"uid":551,"userid":448,"name":"Capt_Tom","avatar":"https://cdn.discordapp.com/avatars/1189926623739400235/76a1784b7640fe89bfca945587db07e3.png"},"point":2403},{"user":{"uid":667,"userid":535,"name":"cxramic","avatar":"https://cdn.discordapp.com/avatars/1157288014599426050/54f13430863655d4235702c6473518e0.png"},"point":2001},{"user":{"uid":260,"userid":221,"name":"NotPika","avatar":"https://cdn.discordapp.com/avatars/1067827165556650024/47c9f5f730ebb99916f6373cf7ec75ef.png"},"point":1095},{"user":{"uid":609,"userid":490,"name":"ralkinvx","avatar":"https://cdn.discordapp.com/avatars/626276063609225221/cdf27d657698337dc22e9a4ba4736900.png"},"point":1009},{"user":{"uid":25,"userid":96,"name":"[G-T-R]GrayWolf","avatar":"https://cdn.discordapp.com/avatars/463049453067173888/93e0f855de1c1bcdf6924d45b1789338.png"},"point":990},{"user":{"uid":516,"userid":417,"name":"Ravsh1k","avatar":"https://cdn.discordapp.com/avatars/901846074740858890/d8ce555a273409259cad27c86b082469.png"},"point":962},{"user":{"uid":17,"userid":357,"name":"Marshy","avatar":"https://cdn.discordapp.com/avatars/330387231594250240/a4e910d7c6623f216898eff220e69abf.png"},"point":924},{"user":{"uid":608,"userid":489,"name":"Dylan aka Scott","avatar":"https://cdn.discordapp.com/avatars/287978186732732416/269da0519b0fb3b455df1752ceec3171.png"},"point":850},{"user":{"uid":678,"userid":543,"name":"Poco","avatar":"https://cdn.discordapp.com/avatars/396291126002188298/26e461e154bf9db4d6fc492c395aaa65.png"},"point":836},{"user":{"uid":402,"userid":337,"name":"viriusek","avatar":"https://cdn.discordapp.com/avatars/814466964918370305/78f995b4dea90ade36a4984506d67d5b.png"},"point":593},{"user":{"uid":400,"userid":335,"name":"LikeANoaツ","avatar":"https://cdn.discordapp.com/avatars/903619655153909770/057ea607b8b8408fe695376aabaa366a.png"},"point":578},{"user":{"uid":50,"userid":156,"name":"Marshallvet","avatar":"https://cdn.discordapp.com/avatars/365295813187862568/2dc1aabcc7382486a66d1dc8f514dd2e.png"},"point":296},{"user":{"uid":4,"userid":7,"name":"Sang0kas","avatar":"https://cdn.discordapp.com/avatars/327061419818352641/f17a95aa48e93697f0853d91d0dd2a5f.png"},"point":239},{"user":{"uid":631,"userid":508,"name":"A$h1Ma$h1","avatar":"https://cdn.discordapp.com/avatars/801452708547657739/bf3266b67299389596b4b5ecd7c627ce.png"},"point":224},{"user":{"uid":480,"userid":395,"name":"Sh0tBlow","avatar":"https://cdn.discordapp.com/avatars/462991116279611392/87bf1e3b76d220025f3fb4b0029427f8.png"},"point":216},{"user":{"uid":599,"userid":482,"name":"dood51","avatar":"https://cdn.discordapp.com/avatars/1215977765778489364/e2e4afccd7e82bb48dc1b4e183cb9feb.png"},"point":183},{"user":{"uid":651,"userid":523,"name":"Elfik","avatar":"https://cdn.discordapp.com/avatars/648958483185795083/8f18b7e6f4570233b30ed904712c00da.png"},"point":69},{"user":{"uid":385,"userid":325,"name":"ladbur2000xx","avatar":"https://cdn.discordapp.com/avatars/971245090267881474/b9b9c6d735bc88afabe74203e5481492.png"},"point":4},{"user":{"uid":68,"userid":176,"name":"Ammaar","avatar":"https://cdn.discordapp.com/avatars/611183396210737167/83c6d8f59f35509744d9eb2b420625ee.png"},"point":0}]}