{"fmd":[{"user":{"uid":1,"userid":1,"name":"Chinchulines","avatar":"https://static.truckersmp.com/avatarsN/5157719.1708998904.png"},"point":4506},{"user":{"uid":17,"userid":13,"name":"XxxDestinxxX","avatar":"https://avatars.steamstatic.com/fb13c981f47d8ffe3baecc5e0a1d6ac5d927973c_full.jpg"},"point":4427},{"user":{"uid":14,"userid":11,"name":"ELCARLOS","avatar":""},"point":2028},{"user":{"uid":8,"userid":4,"name":"fruttinicolas","avatar":"https://avatars.steamstatic.com/5b0cc45fd9b42f0402fee7d8375e115427c8c2dc_full.jpg"},"point":499},{"user":{"uid":9,"userid":5,"name":"Gabrox300","avatar":"https://avatars.steamstatic.com/c07fb8ee13cbcf4f88c3f7f9b1d112538ad4c2aa_full.jpg"},"point":0}],"fma":[{"user":{"uid":17,"userid":13,"name":"XxxDestinxxX","avatar":"https://avatars.steamstatic.com/fb13c981f47d8ffe3baecc5e0a1d6ac5d927973c_full.jpg"},"point":9427},{"user":{"uid":1,"userid":1,"name":"Chinchulines","avatar":"https://static.truckersmp.com/avatarsN/5157719.1708998904.png"},"point":5931},{"user":{"uid":9,"userid":5,"name":"Gabrox300","avatar":"https://avatars.steamstatic.com/c07fb8ee13cbcf4f88c3f7f9b1d112538ad4c2aa_full.jpg"},"point":5000},{"user":{"uid":3,"userid":2,"name":"el_uruguayop","avatar":"https://avatars.steamstatic.com/f559eb3f2353a53b1056d03c2968037b59fec846_full.jpg"},"point":5000},{"user":{"uid":14,"userid":11,"name":"ELCARLOS","avatar":""},"point":2428},{"user":{"uid":8,"userid":4,"name":"fruttinicolas","avatar":"https://avatars.steamstatic.com/5b0cc45fd9b42f0402fee7d8375e115427c8c2dc_full.jpg"},"point":2199}]}