{"fmd":[{"user":{"uid":203,"userid":173,"name":"(DR) Billy1bob","avatar":""},"point":6358},{"user":{"uid":180,"userid":152,"name":"(DRT) Fredm240i (TeslaTrucker08)","avatar":"https://cdn.discordapp.com/avatars/862380226965143572/310ea0bf4a810f46994ad13a581aa357.png"},"point":2304},{"user":{"uid":128,"userid":103,"name":"(DR) johnny7610","avatar":"https://cdn.discordapp.com/avatars/191355230326095878/dc8aefac45d186a6c649ecc1e8efb7ba.png"},"point":1908},{"user":{"uid":28,"userid":23,"name":"(CEO) Pete (DND)","avatar":"https://cdn.discordapp.com/avatars/316660255872516106/8a2dca3b679afae90df18edc44b1584c.png"},"point":1418},{"user":{"uid":5,"userid":2,"name":"(Founder) Boss 𝓙𝓸𝓻𝓭1498","avatar":"https://cdn.discordapp.com/avatars/613745490646925352/64aef3a50f31a7fbf4deca8ad2915a69.png"},"point":1341},{"user":{"uid":202,"userid":172,"name":"(DR) WeeMenace06","avatar":"https://cdn.discordapp.com/avatars/970355206590181376/76a0b6ef3a5eca2c11e5ca399efa3a52.png"},"point":379},{"user":{"uid":173,"userid":146,"name":"(DR) Liam","avatar":"https://cdn.discordapp.com/avatars/851490830840889354/5573f1564aacc140704ae8b24f22b114.png"},"point":223},{"user":{"uid":192,"userid":163,"name":"(DR) Diican","avatar":""},"point":0}],"fma":[{"user":{"uid":203,"userid":173,"name":"(DR) Billy1bob","avatar":""},"point":6378},{"user":{"uid":180,"userid":152,"name":"(DRT) Fredm240i (TeslaTrucker08)","avatar":"https://cdn.discordapp.com/avatars/862380226965143572/310ea0bf4a810f46994ad13a581aa357.png"},"point":2304},{"user":{"uid":128,"userid":103,"name":"(DR) johnny7610","avatar":"https://cdn.discordapp.com/avatars/191355230326095878/dc8aefac45d186a6c649ecc1e8efb7ba.png"},"point":1908},{"user":{"uid":28,"userid":23,"name":"(CEO) Pete (DND)","avatar":"https://cdn.discordapp.com/avatars/316660255872516106/8a2dca3b679afae90df18edc44b1584c.png"},"point":1418},{"user":{"uid":5,"userid":2,"name":"(Founder) Boss 𝓙𝓸𝓻𝓭1498","avatar":"https://cdn.discordapp.com/avatars/613745490646925352/64aef3a50f31a7fbf4deca8ad2915a69.png"},"point":1341},{"user":{"uid":202,"userid":172,"name":"(DR) WeeMenace06","avatar":"https://cdn.discordapp.com/avatars/970355206590181376/76a0b6ef3a5eca2c11e5ca399efa3a52.png"},"point":399},{"user":{"uid":1,"userid":0,"name":"LOA (Owner) Essex","avatar":"https://cdn.discordapp.com/avatars/986728515892285461/a_c4301bd78f1d1d60c25f66672af89a9a.gif"},"point":257},{"user":{"uid":173,"userid":146,"name":"(DR) Liam","avatar":"https://cdn.discordapp.com/avatars/851490830840889354/5573f1564aacc140704ae8b24f22b114.png"},"point":223},{"user":{"uid":6,"userid":3,"name":"(Co Owner) Angry Raptor","avatar":"https://cdn.discordapp.com/avatars/474484979548815360/6347a182410a674dfb6f831275c1b803.png"},"point":20},{"user":{"uid":192,"userid":163,"name":"(DR) Diican","avatar":""},"point":0}]}