{"fmd":[{"user":{"uid":316,"userid":234,"name":"Jason Lee Kelk","avatar":"https://cdn.discordapp.com/avatars/222356394249158666/99d75b5b267802f153f88b4e86aeec96.png"},"point":4371},{"user":{"uid":148,"userid":114,"name":"olieatspringles","avatar":"https://cdn.discordapp.com/avatars/262621686929686540/8250778c986f58e084aac164b12242e7.png"},"point":3039},{"user":{"uid":1,"userid":1,"name":"!itsPeanutttt","avatar":"https://cdn.discordapp.com/avatars/208757218013609985/a_b8fae2196be237eb9612f9daed82c1e3.gif"},"point":2923},{"user":{"uid":100,"userid":75,"name":"I am KingHeet","avatar":"https://static.truckersmp.com/avatarsN/3141865.1659238151.jpeg"},"point":1892},{"user":{"uid":134,"userid":104,"name":"Freshmuscl3","avatar":"https://static.truckersmp.com/avatarsN/5222182.1706276666.png"},"point":1630},{"user":{"uid":62,"userid":51,"name":"东达克蒂夫丹","avatar":"https://cdn.discordapp.com/avatars/329977583397765121/f9c5e558bf04973f5734efc56c1e5aa8.png"},"point":1501},{"user":{"uid":108,"userid":83,"name":"mth.","avatar":"https://cdn.discordapp.com/avatars/1048895539606978651/a_ed23bd3b02d03ccafa443faf15ff38ca.gif"},"point":1260},{"user":{"uid":180,"userid":144,"name":"berokose","avatar":"https://static.truckersmp.com/avatarsN/defaultavatar.png"},"point":1210},{"user":{"uid":204,"userid":155,"name":"Scarry","avatar":"https://cdn.discordapp.com/avatars/844243311656304640/34337f2ae0ca3d703181973aea9b9aac.png"},"point":1095},{"user":{"uid":173,"userid":133,"name":"LizzyM#290199","avatar":""},"point":1002},{"user":{"uid":213,"userid":163,"name":"Pirate Craft","avatar":"https://cdn.discordapp.com/avatars/1019561099177234442/2e358f0abc4c8bc9714d5afedad02ed2.png"},"point":767},{"user":{"uid":43,"userid":34,"name":"TigerPlayz302","avatar":"https://cdn.discordapp.com/avatars/925072966021152798/efc0896809722ff397dd18e15ee8afc3.png"},"point":3},{"user":{"uid":285,"userid":212,"name":"Tezza","avatar":"https://cdn.discordapp.com/avatars/847917571759276104/7a3c2c45a40f20eaf892c5ce1fb5f891.png"},"point":3},{"user":{"uid":58,"userid":47,"name":"MarcusFrey","avatar":"https://cdn.discordapp.com/avatars/424530180111859715/e4ac5b8e682d1c3df22f59365a57c23c.png"},"point":0}],"fma":[{"user":{"uid":316,"userid":234,"name":"Jason Lee Kelk","avatar":"https://cdn.discordapp.com/avatars/222356394249158666/99d75b5b267802f153f88b4e86aeec96.png"},"point":5578},{"user":{"uid":1,"userid":1,"name":"!itsPeanutttt","avatar":"https://cdn.discordapp.com/avatars/208757218013609985/a_b8fae2196be237eb9612f9daed82c1e3.gif"},"point":3639},{"user":{"uid":148,"userid":114,"name":"olieatspringles","avatar":"https://cdn.discordapp.com/avatars/262621686929686540/8250778c986f58e084aac164b12242e7.png"},"point":3638},{"user":{"uid":32,"userid":21,"name":"NateNZ","avatar":"https://cdn.discordapp.com/avatars/263779798327885834/54adfd241b87dc24073b7cc175209ad7.png"},"point":3425},{"user":{"uid":100,"userid":75,"name":"I am KingHeet","avatar":"https://static.truckersmp.com/avatarsN/3141865.1659238151.jpeg"},"point":3335},{"user":{"uid":134,"userid":104,"name":"Freshmuscl3","avatar":"https://static.truckersmp.com/avatarsN/5222182.1706276666.png"},"point":2777},{"user":{"uid":62,"userid":51,"name":"东达克蒂夫丹","avatar":"https://cdn.discordapp.com/avatars/329977583397765121/f9c5e558bf04973f5734efc56c1e5aa8.png"},"point":1879},{"user":{"uid":108,"userid":83,"name":"mth.","avatar":"https://cdn.discordapp.com/avatars/1048895539606978651/a_ed23bd3b02d03ccafa443faf15ff38ca.gif"},"point":1611},{"user":{"uid":180,"userid":144,"name":"berokose","avatar":"https://static.truckersmp.com/avatarsN/defaultavatar.png"},"point":1583},{"user":{"uid":204,"userid":155,"name":"Scarry","avatar":"https://cdn.discordapp.com/avatars/844243311656304640/34337f2ae0ca3d703181973aea9b9aac.png"},"point":1321},{"user":{"uid":213,"userid":163,"name":"Pirate Craft","avatar":"https://cdn.discordapp.com/avatars/1019561099177234442/2e358f0abc4c8bc9714d5afedad02ed2.png"},"point":1311},{"user":{"uid":173,"userid":133,"name":"LizzyM#290199","avatar":""},"point":1002},{"user":{"uid":43,"userid":34,"name":"TigerPlayz302","avatar":"https://cdn.discordapp.com/avatars/925072966021152798/efc0896809722ff397dd18e15ee8afc3.png"},"point":3},{"user":{"uid":285,"userid":212,"name":"Tezza","avatar":"https://cdn.discordapp.com/avatars/847917571759276104/7a3c2c45a40f20eaf892c5ce1fb5f891.png"},"point":3},{"user":{"uid":58,"userid":47,"name":"MarcusFrey","avatar":"https://cdn.discordapp.com/avatars/424530180111859715/e4ac5b8e682d1c3df22f59365a57c23c.png"},"point":0}]}