{"fmd":[{"user":{"uid":165,"userid":147,"name":"Bernd.R","avatar":"https://avatars.steamstatic.com/1632837e2e6f9bff2970254d35d06bae45d9a395_full.jpg"},"point":7652},{"user":{"uid":41,"userid":25,"name":"Marvin","avatar":"https://avatars.steamstatic.com/52f347986803228f0c1e66e478eea3929969ab42_full.jpg"},"point":6230},{"user":{"uid":176,"userid":157,"name":"SKELETOR96","avatar":"https://avatars.steamstatic.com/e2de94aa5b303690fc34a2784287b2ea576b1250_full.jpg"},"point":5086},{"user":{"uid":147,"userid":132,"name":"Der  Opa","avatar":"https://cdn.discordapp.com/avatars/390841934358249482/5182d95c0600108142ddbca2b09a1bb4.png"},"point":5076},{"user":{"uid":135,"userid":120,"name":"mschmidi270373","avatar":"https://avatars.steamstatic.com/d670cb75b7d0055ee9c551ea24f9135512728a93_full.jpg"},"point":4804},{"user":{"uid":31,"userid":22,"name":"[RSL] Fun_irrenanstalt","avatar":""},"point":4424},{"user":{"uid":136,"userid":121,"name":"Fuzzi_One","avatar":"https://avatars.steamstatic.com/80dc5c843904a69c82033fa7600d24e61dc9b370_full.jpg"},"point":3929},{"user":{"uid":222,"userid":193,"name":"[RSL] Joshua","avatar":"https://cdn.discordapp.com/avatars/400402081581629450/9fa983d90e5f15b9082e9506057131ef.png"},"point":3300},{"user":{"uid":181,"userid":160,"name":"Edgarianer007","avatar":"https://avatars.steamstatic.com/de0a5993bd753b89c6b5c132a26d7ddc838e4424_full.jpg"},"point":2819},{"user":{"uid":131,"userid":116,"name":"DnS","avatar":"https://avatars.steamstatic.com/76b7a1118346ddac8e32198f37f89bdd31a1a9c7_full.jpg"},"point":2407},{"user":{"uid":118,"userid":103,"name":"EinfachnurWolf","avatar":"https://avatars.steamstatic.com/dcddc28153a03ef589ba9b54c11a1edc4384acdf_full.jpg"},"point":2397},{"user":{"uid":50,"userid":43,"name":"Tarial","avatar":"https://avatars.steamstatic.com/852cd2da47222f03895ad2c285d0980e4f003168_full.jpg"},"point":1653},{"user":{"uid":192,"userid":172,"name":"TopsyCret","avatar":"https://avatars.steamstatic.com/82aecb83684b9c1d29f6f26a4642971416734fcc_full.jpg"},"point":1579},{"user":{"uid":169,"userid":153,"name":"Ca24","avatar":"https://avatars.steamstatic.com/fef49e7fa7e1997310d705b2a6158ff8dc1cdfeb_full.jpg"},"point":1512},{"user":{"uid":1,"userid":1,"name":"RSL | Domi","avatar":"https://cdn.discordapp.com/avatars/208630023626817536/d6b5a101ffa2655e917e9e2ca950025a.png"},"point":1031},{"user":{"uid":55,"userid":50,"name":"zogger9000","avatar":"https://static.truckersmp.com/avatarsN/defaultavatar.png"},"point":1031},{"user":{"uid":227,"userid":197,"name":"flighttime","avatar":"https://cdn.discordapp.com/avatars/680800675931619343/f79b46f59970fe2f55d821ed68464bb5.png"},"point":1028},{"user":{"uid":141,"userid":126,"name":"Dome","avatar":"https://avatars.steamstatic.com/ae55f68b3ccef730e265e45ade565f8eb7719e40_full.jpg"},"point":1023},{"user":{"uid":166,"userid":148,"name":"Mr. Flamerbob","avatar":"https://avatars.steamstatic.com/f09c6f0a5e09fe9c72513549759e782358641670_full.jpg"},"point":1023},{"user":{"uid":17,"userid":38,"name":"Julian","avatar":"https://avatars.steamstatic.com/bba9b676052e67e10f0ce8cec815c138e5c030b8_full.jpg"},"point":950},{"user":{"uid":76,"userid":68,"name":"michaelpl","avatar":"https://avatars.steamstatic.com/0d6d4c2838992e31b7117875d964c9c064bbeef4_full.jpg"},"point":943},{"user":{"uid":49,"userid":47,"name":"UselessHumanBeing","avatar":"https://avatars.steamstatic.com/97e463a36f2693f6158631fb69c4074694019c20_full.jpg"},"point":791},{"user":{"uid":99,"userid":110,"name":"[RSL]Albanr.9","avatar":"https://avatars.steamstatic.com/b3773af8338e7a36b55ec298e6dee7f4e0cd9aa0_full.jpg"},"point":790},{"user":{"uid":70,"userid":62,"name":"Tr4xe","avatar":"https://avatars.steamstatic.com/f2113fe4c56a40abf11f5b2ba82a922b9362e305_full.jpg"},"point":763},{"user":{"uid":91,"userid":82,"name":"Ninja_Kiwi","avatar":"https://avatars.steamstatic.com/1aaec1ed3f3cd8465fa42665b01eb70d7f701604_full.jpg"},"point":755},{"user":{"uid":190,"userid":168,"name":"DWELLER23","avatar":"https://avatars.steamstatic.com/415e39cd7b3cbe49442ef90b37c5e367980f8124_full.jpg"},"point":729},{"user":{"uid":75,"userid":67,"name":"GunGamerTV","avatar":"https://avatars.steamstatic.com/64ae1da41a9c51a5ab44c29f0b054b14123aabe4_full.jpg"},"point":639},{"user":{"uid":220,"userid":192,"name":"dennis2982","avatar":"https://avatars.steamstatic.com/fef49e7fa7e1997310d705b2a6158ff8dc1cdfeb_full.jpg"},"point":600},{"user":{"uid":84,"userid":75,"name":"lolgamer5300","avatar":"https://avatars.steamstatic.com/76ad51d2c234085fc07dbe1396e3d39331376fd5_full.jpg"},"point":506},{"user":{"uid":115,"userid":100,"name":"MMBrothers5052","avatar":"https://avatars.steamstatic.com/a0eaa7260148b199438bda0677a21cc341e4b51c_full.jpg"},"point":474},{"user":{"uid":26,"userid":33,"name":"[RSL] Mambo","avatar":"https://cdn.discordapp.com/avatars/768651199607734294/a_ee77029fae0aa73c1dacc5bae7a62aac.gif"},"point":447},{"user":{"uid":174,"userid":163,"name":"matto3_0","avatar":"https://avatars.steamstatic.com/def847b7a7bffa014ac28f21e9a278648b903f0e_full.jpg"},"point":241},{"user":{"uid":226,"userid":196,"name":"Nico[DE]","avatar":"https://avatars.steamstatic.com/50767cea96889a121066ed45c098873cb258f8f3_full.jpg"},"point":233},{"user":{"uid":134,"userid":119,"name":"Elżbieta Bosak","avatar":"https://avatars.steamstatic.com/98436fc3a8347140c40b9ae01f75711dfd650102_full.jpg"},"point":220},{"user":{"uid":198,"userid":175,"name":"SiKe_342","avatar":"https://avatars.steamstatic.com/1fd7929be85d31c2215352cf1dd62fe4f50f6539_full.jpg"},"point":0},{"user":{"uid":232,"userid":199,"name":"TrainOmsiTV","avatar":"https://avatars.steamstatic.com/70f516be65073580cfa05c72ba88f67de21f7244_full.jpg"},"point":0}],"fma":[{"user":{"uid":165,"userid":147,"name":"Bernd.R","avatar":"https://avatars.steamstatic.com/1632837e2e6f9bff2970254d35d06bae45d9a395_full.jpg"},"point":7652},{"user":{"uid":41,"userid":25,"name":"Marvin","avatar":"https://avatars.steamstatic.com/52f347986803228f0c1e66e478eea3929969ab42_full.jpg"},"point":6230},{"user":{"uid":176,"userid":157,"name":"SKELETOR96","avatar":"https://avatars.steamstatic.com/e2de94aa5b303690fc34a2784287b2ea576b1250_full.jpg"},"point":5086},{"user":{"uid":147,"userid":132,"name":"Der  Opa","avatar":"https://cdn.discordapp.com/avatars/390841934358249482/5182d95c0600108142ddbca2b09a1bb4.png"},"point":5076},{"user":{"uid":135,"userid":120,"name":"mschmidi270373","avatar":"https://avatars.steamstatic.com/d670cb75b7d0055ee9c551ea24f9135512728a93_full.jpg"},"point":4804},{"user":{"uid":31,"userid":22,"name":"[RSL] Fun_irrenanstalt","avatar":""},"point":4424},{"user":{"uid":136,"userid":121,"name":"Fuzzi_One","avatar":"https://avatars.steamstatic.com/80dc5c843904a69c82033fa7600d24e61dc9b370_full.jpg"},"point":3929},{"user":{"uid":222,"userid":193,"name":"[RSL] Joshua","avatar":"https://cdn.discordapp.com/avatars/400402081581629450/9fa983d90e5f15b9082e9506057131ef.png"},"point":3500},{"user":{"uid":181,"userid":160,"name":"Edgarianer007","avatar":"https://avatars.steamstatic.com/de0a5993bd753b89c6b5c132a26d7ddc838e4424_full.jpg"},"point":2819},{"user":{"uid":131,"userid":116,"name":"DnS","avatar":"https://avatars.steamstatic.com/76b7a1118346ddac8e32198f37f89bdd31a1a9c7_full.jpg"},"point":2407},{"user":{"uid":118,"userid":103,"name":"EinfachnurWolf","avatar":"https://avatars.steamstatic.com/dcddc28153a03ef589ba9b54c11a1edc4384acdf_full.jpg"},"point":2397},{"user":{"uid":50,"userid":43,"name":"Tarial","avatar":"https://avatars.steamstatic.com/852cd2da47222f03895ad2c285d0980e4f003168_full.jpg"},"point":1653},{"user":{"uid":192,"userid":172,"name":"TopsyCret","avatar":"https://avatars.steamstatic.com/82aecb83684b9c1d29f6f26a4642971416734fcc_full.jpg"},"point":1579},{"user":{"uid":169,"userid":153,"name":"Ca24","avatar":"https://avatars.steamstatic.com/fef49e7fa7e1997310d705b2a6158ff8dc1cdfeb_full.jpg"},"point":1512},{"user":{"uid":1,"userid":1,"name":"RSL | Domi","avatar":"https://cdn.discordapp.com/avatars/208630023626817536/d6b5a101ffa2655e917e9e2ca950025a.png"},"point":1031},{"user":{"uid":55,"userid":50,"name":"zogger9000","avatar":"https://static.truckersmp.com/avatarsN/defaultavatar.png"},"point":1031},{"user":{"uid":227,"userid":197,"name":"flighttime","avatar":"https://cdn.discordapp.com/avatars/680800675931619343/f79b46f59970fe2f55d821ed68464bb5.png"},"point":1028},{"user":{"uid":141,"userid":126,"name":"Dome","avatar":"https://avatars.steamstatic.com/ae55f68b3ccef730e265e45ade565f8eb7719e40_full.jpg"},"point":1023},{"user":{"uid":166,"userid":148,"name":"Mr. Flamerbob","avatar":"https://avatars.steamstatic.com/f09c6f0a5e09fe9c72513549759e782358641670_full.jpg"},"point":1023},{"user":{"uid":99,"userid":110,"name":"[RSL]Albanr.9","avatar":"https://avatars.steamstatic.com/b3773af8338e7a36b55ec298e6dee7f4e0cd9aa0_full.jpg"},"point":990},{"user":{"uid":17,"userid":38,"name":"Julian","avatar":"https://avatars.steamstatic.com/bba9b676052e67e10f0ce8cec815c138e5c030b8_full.jpg"},"point":950},{"user":{"uid":76,"userid":68,"name":"michaelpl","avatar":"https://avatars.steamstatic.com/0d6d4c2838992e31b7117875d964c9c064bbeef4_full.jpg"},"point":943},{"user":{"uid":49,"userid":47,"name":"UselessHumanBeing","avatar":"https://avatars.steamstatic.com/97e463a36f2693f6158631fb69c4074694019c20_full.jpg"},"point":791},{"user":{"uid":70,"userid":62,"name":"Tr4xe","avatar":"https://avatars.steamstatic.com/f2113fe4c56a40abf11f5b2ba82a922b9362e305_full.jpg"},"point":763},{"user":{"uid":91,"userid":82,"name":"Ninja_Kiwi","avatar":"https://avatars.steamstatic.com/1aaec1ed3f3cd8465fa42665b01eb70d7f701604_full.jpg"},"point":755},{"user":{"uid":190,"userid":168,"name":"DWELLER23","avatar":"https://avatars.steamstatic.com/415e39cd7b3cbe49442ef90b37c5e367980f8124_full.jpg"},"point":729},{"user":{"uid":75,"userid":67,"name":"GunGamerTV","avatar":"https://avatars.steamstatic.com/64ae1da41a9c51a5ab44c29f0b054b14123aabe4_full.jpg"},"point":639},{"user":{"uid":220,"userid":192,"name":"dennis2982","avatar":"https://avatars.steamstatic.com/fef49e7fa7e1997310d705b2a6158ff8dc1cdfeb_full.jpg"},"point":600},{"user":{"uid":84,"userid":75,"name":"lolgamer5300","avatar":"https://avatars.steamstatic.com/76ad51d2c234085fc07dbe1396e3d39331376fd5_full.jpg"},"point":506},{"user":{"uid":115,"userid":100,"name":"MMBrothers5052","avatar":"https://avatars.steamstatic.com/a0eaa7260148b199438bda0677a21cc341e4b51c_full.jpg"},"point":474},{"user":{"uid":26,"userid":33,"name":"[RSL] Mambo","avatar":"https://cdn.discordapp.com/avatars/768651199607734294/a_ee77029fae0aa73c1dacc5bae7a62aac.gif"},"point":447},{"user":{"uid":174,"userid":163,"name":"matto3_0","avatar":"https://avatars.steamstatic.com/def847b7a7bffa014ac28f21e9a278648b903f0e_full.jpg"},"point":241},{"user":{"uid":226,"userid":196,"name":"Nico[DE]","avatar":"https://avatars.steamstatic.com/50767cea96889a121066ed45c098873cb258f8f3_full.jpg"},"point":233},{"user":{"uid":134,"userid":119,"name":"Elżbieta Bosak","avatar":"https://avatars.steamstatic.com/98436fc3a8347140c40b9ae01f75711dfd650102_full.jpg"},"point":220},{"user":{"uid":198,"userid":175,"name":"SiKe_342","avatar":"https://avatars.steamstatic.com/1fd7929be85d31c2215352cf1dd62fe4f50f6539_full.jpg"},"point":0},{"user":{"uid":232,"userid":199,"name":"TrainOmsiTV","avatar":"https://avatars.steamstatic.com/70f516be65073580cfa05c72ba88f67de21f7244_full.jpg"},"point":0}]}