{"fmd":[{"user":{"uid":6,"userid":4,"name":"prush1973","avatar":"https://www.vangardvtc.com/assets/img/team/prush1973.png"},"point":3347},{"user":{"uid":1,"userid":1,"name":"Merlin65","avatar":"https://avatars.steamstatic.com/de44e7016bb9dcb0be1ea2dc7243d8742a5f1470_full.jpg"},"point":2803}],"fma":[{"user":{"uid":6,"userid":4,"name":"prush1973","avatar":"https://www.vangardvtc.com/assets/img/team/prush1973.png"},"point":3637},{"user":{"uid":1,"userid":1,"name":"Merlin65","avatar":"https://avatars.steamstatic.com/de44e7016bb9dcb0be1ea2dc7243d8742a5f1470_full.jpg"},"point":3466}]}