{"fmd":[{"user":{"uid":77,"userid":63,"name":"WH | MyztikGecko","avatar":"https://cdn.discordapp.com/avatars/1242261625449353266/fc9fc26777d5540f7b44a0c805708300.png"},"point":5462},{"user":{"uid":69,"userid":58,"name":"WH | Cougar","avatar":""},"point":2902},{"user":{"uid":46,"userid":37,"name":"WHT Dir HR | MysticalKief","avatar":"https://cdn.discordapp.com/avatars/498659512081973248/15c947ebb3b550bee883b0c47337c7ac.png"},"point":1614},{"user":{"uid":8,"userid":6,"name":"WHT Dir Recruiter| Murdernova256","avatar":"https://cdn.discordapp.com/avatars/549931745584349185/9647aabac5de7bc6ca63f26696871246.png"},"point":1587},{"user":{"uid":1,"userid":1,"name":"WHT CEO | Chappy1225","avatar":"https://cdn.discordapp.com/avatars/480244047311667201/b51db2fc9e7e314933519021bee4ae3e.png"},"point":1161},{"user":{"uid":79,"userid":65,"name":"WHT | TACOMAN","avatar":"https://cdn.discordapp.com/avatars/935175174700040252/2d6dbed1ba891f242274b7e80e50a9ae.png"},"point":345}],"fma":[{"user":{"uid":1,"userid":1,"name":"WHT CEO | Chappy1225","avatar":"https://cdn.discordapp.com/avatars/480244047311667201/b51db2fc9e7e314933519021bee4ae3e.png"},"point":6161},{"user":{"uid":77,"userid":63,"name":"WH | MyztikGecko","avatar":"https://cdn.discordapp.com/avatars/1242261625449353266/fc9fc26777d5540f7b44a0c805708300.png"},"point":5962},{"user":{"uid":69,"userid":58,"name":"WH | Cougar","avatar":""},"point":5402},{"user":{"uid":46,"userid":37,"name":"WHT Dir HR | MysticalKief","avatar":"https://cdn.discordapp.com/avatars/498659512081973248/15c947ebb3b550bee883b0c47337c7ac.png"},"point":1614},{"user":{"uid":8,"userid":6,"name":"WHT Dir Recruiter| Murdernova256","avatar":"https://cdn.discordapp.com/avatars/549931745584349185/9647aabac5de7bc6ca63f26696871246.png"},"point":1587},{"user":{"uid":79,"userid":65,"name":"WHT | TACOMAN","avatar":"https://cdn.discordapp.com/avatars/935175174700040252/2d6dbed1ba891f242274b7e80e50a9ae.png"},"point":345},{"user":{"uid":5,"userid":3,"name":"WH | Dennisthe8th","avatar":"https://cdn.discordapp.com/avatars/575015095894016014/f82a49a712115c380af8ff8f7fbb32cb.png"},"point":50}]}