{"fmd":[{"user":{"uid":1097,"userid":670,"name":"Ramin Tanuwong [TH]","avatar":"https://static.truckersmp.com/avatarsN/3757199.1645214262.jpg"},"point":8140},{"user":{"uid":1382,"userid":847,"name":"Aeroplane","avatar":"https://cdn.discordapp.com/avatars/919580354736705617/cd8c60e397730ab82e685faaf72d3c77.png"},"point":4183},{"user":{"uid":1160,"userid":699,"name":"jodycc","avatar":"https://cdn.discordapp.com/avatars/623249122761375760/adc25e15fe96d56656319e2a159d9458.png"},"point":3489},{"user":{"uid":1316,"userid":807,"name":"Gota","avatar":"https://cdn.discordapp.com/avatars/167291299693723648/beb31f691ab4478e3268181a76f3a451.png"},"point":2724},{"user":{"uid":1398,"userid":862,"name":"2222Y","avatar":"https://cdn.discordapp.com/avatars/702624334036074646/1b14cc6963653ea32a778ea6e4f23a4d.png"},"point":2089},{"user":{"uid":1124,"userid":686,"name":"sunday","avatar":"https://cdn.discordapp.com/avatars/114834844961341443/f0ce48c55d876a6a05455c8f5fd0a564.png"},"point":1670},{"user":{"uid":1286,"userid":789,"name":"R̷̈́͝i̶͊͘c̵̋͗h̴͒͝ǐ̴̓e̶̿̔","avatar":"https://cdn.discordapp.com/avatars/356163933545037831/a5f6b26e7cc9ac6cb543840e387cdc48.png"},"point":1316},{"user":{"uid":1325,"userid":816,"name":"Kian UK","avatar":"https://avatars.steamstatic.com/fef49e7fa7e1997310d705b2a6158ff8dc1cdfeb_full.jpg"},"point":1302},{"user":{"uid":1192,"userid":724,"name":"Koskee","avatar":"https://cdn.discordapp.com/avatars/836575095664410654/2bbf7b28df277943d911b4ca67a9ac9e.png"},"point":1283},{"user":{"uid":1271,"userid":780,"name":"brazvo (Bruno)","avatar":"https://cdn.discordapp.com/avatars/823826275964682251/c28159cbabe58874bd1244a97d68d24b.png"},"point":1273},{"user":{"uid":1200,"userid":729,"name":"velocite","avatar":"https://cdn.discordapp.com/avatars/424825875377422346/9fd0fab33afb5d4b51f9fe68374cfa90.png"},"point":1224},{"user":{"uid":717,"userid":477,"name":"CrazyRussianCommrade","avatar":"https://static.truckersmp.com/avatarsN/defaultavatar.png"},"point":1172},{"user":{"uid":1061,"userid":656,"name":"Thy Night Owl","avatar":"https://cdn.discordapp.com/avatars/678366200312496154/7e3c44efb2393e0a9a4b593cb42f936d.png"},"point":1101},{"user":{"uid":858,"userid":547,"name":"scotty","avatar":"https://cdn.discordapp.com/avatars/857726076495331329/985c6b1bd38c5f93bc7b16f515502202.png"},"point":1042},{"user":{"uid":184,"userid":345,"name":"NFLD","avatar":"https://cdn.discordapp.com/avatars/538772758461677578/5f1d024574ed37a8cbaf69c186d93cb1.png"},"point":992},{"user":{"uid":171,"userid":858,"name":"Jean #1 Renault Trucks fan","avatar":"https://cdn.discordapp.com/avatars/729830742418260028/532c688a0a373a5f36342f13030652be.png"},"point":922},{"user":{"uid":1391,"userid":855,"name":"Den_Bruce_","avatar":"https://cdn.discordapp.com/avatars/760190579010830337/6ab1f6c6baee22e03ce68c6ca83f8c91.png"},"point":861},{"user":{"uid":1270,"userid":779,"name":"ANTICHEESEBOY","avatar":"https://cdn.discordapp.com/avatars/788835562660036619/9e77413648d54188e7bcdc62d7461a7a.png"},"point":841},{"user":{"uid":1378,"userid":843,"name":"dandelion","avatar":"https://cdn.discordapp.com/avatars/924070723952209941/6d40e5aa69459181ef2bc03107156cc0.png"},"point":762},{"user":{"uid":1007,"userid":622,"name":"Clover","avatar":"https://cdn.discordapp.com/avatars/524737419292049415/98da32a1bb151e51f366faeefc90a9dd.png"},"point":567},{"user":{"uid":1401,"userid":863,"name":"Lucifer","avatar":"https://cdn.discordapp.com/avatars/415560774283427860/4f7b8d964bad29469a9d70cddb9cfadc.png"},"point":409},{"user":{"uid":96,"userid":222,"name":"Enrico","avatar":"https://cdn.discordapp.com/avatars/596848527024455680/82f691a31c81d433f05f3a1e481b56fe.png"},"point":251},{"user":{"uid":1039,"userid":637,"name":"Dutchman6149","avatar":"https://cdn.discordapp.com/avatars/1089970918169776317/518899061d0c7aa71638cf2a46dfa547.png"},"point":3},{"user":{"uid":1313,"userid":806,"name":"Kizule","avatar":"https://cdn.discordapp.com/avatars/897576249466167377/4b225f923b6e3e5347b9a87db5e6876e.png"},"point":2}],"fma":[{"user":{"uid":1097,"userid":670,"name":"Ramin Tanuwong [TH]","avatar":"https://static.truckersmp.com/avatarsN/3757199.1645214262.jpg"},"point":14528},{"user":{"uid":1382,"userid":847,"name":"Aeroplane","avatar":"https://cdn.discordapp.com/avatars/919580354736705617/cd8c60e397730ab82e685faaf72d3c77.png"},"point":9683},{"user":{"uid":1387,"userid":851,"name":"Cian","avatar":"https://cdn.discordapp.com/avatars/822493735165100082/18e56c4044d51b1aad94631dad62ed4b.png"},"point":6533},{"user":{"uid":1316,"userid":807,"name":"Gota","avatar":"https://cdn.discordapp.com/avatars/167291299693723648/beb31f691ab4478e3268181a76f3a451.png"},"point":4996},{"user":{"uid":1200,"userid":729,"name":"velocite","avatar":"https://cdn.discordapp.com/avatars/424825875377422346/9fd0fab33afb5d4b51f9fe68374cfa90.png"},"point":4507},{"user":{"uid":1160,"userid":699,"name":"jodycc","avatar":"https://cdn.discordapp.com/avatars/623249122761375760/adc25e15fe96d56656319e2a159d9458.png"},"point":4122},{"user":{"uid":1271,"userid":780,"name":"brazvo (Bruno)","avatar":"https://cdn.discordapp.com/avatars/823826275964682251/c28159cbabe58874bd1244a97d68d24b.png"},"point":3521},{"user":{"uid":858,"userid":547,"name":"scotty","avatar":"https://cdn.discordapp.com/avatars/857726076495331329/985c6b1bd38c5f93bc7b16f515502202.png"},"point":3042},{"user":{"uid":119,"userid":258,"name":"LordLegend","avatar":"https://cdn.discordapp.com/avatars/507573290995417108/294e2517c647c3c8703945fbc200afcd.png"},"point":2928},{"user":{"uid":1391,"userid":855,"name":"Den_Bruce_","avatar":"https://cdn.discordapp.com/avatars/760190579010830337/6ab1f6c6baee22e03ce68c6ca83f8c91.png"},"point":2610},{"user":{"uid":1325,"userid":816,"name":"Kian UK","avatar":"https://avatars.steamstatic.com/fef49e7fa7e1997310d705b2a6158ff8dc1cdfeb_full.jpg"},"point":2336},{"user":{"uid":1398,"userid":862,"name":"2222Y","avatar":"https://cdn.discordapp.com/avatars/702624334036074646/1b14cc6963653ea32a778ea6e4f23a4d.png"},"point":2163},{"user":{"uid":1061,"userid":656,"name":"Thy Night Owl","avatar":"https://cdn.discordapp.com/avatars/678366200312496154/7e3c44efb2393e0a9a4b593cb42f936d.png"},"point":2075},{"user":{"uid":924,"userid":576,"name":"🌈Hearty_Laces🌈They/Them","avatar":"https://cdn.discordapp.com/avatars/461978281906929675/9128b3d5991d797b2e4060e71c4c5f41.png"},"point":1986},{"user":{"uid":1378,"userid":843,"name":"dandelion","avatar":"https://cdn.discordapp.com/avatars/924070723952209941/6d40e5aa69459181ef2bc03107156cc0.png"},"point":1812},{"user":{"uid":1124,"userid":686,"name":"sunday","avatar":"https://cdn.discordapp.com/avatars/114834844961341443/f0ce48c55d876a6a05455c8f5fd0a564.png"},"point":1762},{"user":{"uid":1007,"userid":622,"name":"Clover","avatar":"https://cdn.discordapp.com/avatars/524737419292049415/98da32a1bb151e51f366faeefc90a9dd.png"},"point":1567},{"user":{"uid":863,"userid":854,"name":"jelledude","avatar":"https://cdn.discordapp.com/avatars/503143884080021514/5647b53045a177f1d215d6dbcf415d10.png"},"point":1563},{"user":{"uid":1286,"userid":789,"name":"R̷̈́͝i̶͊͘c̵̋͗h̴͒͝ǐ̴̓e̶̿̔","avatar":"https://cdn.discordapp.com/avatars/356163933545037831/a5f6b26e7cc9ac6cb543840e387cdc48.png"},"point":1358},{"user":{"uid":1192,"userid":724,"name":"Koskee","avatar":"https://cdn.discordapp.com/avatars/836575095664410654/2bbf7b28df277943d911b4ca67a9ac9e.png"},"point":1319},{"user":{"uid":717,"userid":477,"name":"CrazyRussianCommrade","avatar":"https://static.truckersmp.com/avatarsN/defaultavatar.png"},"point":1248},{"user":{"uid":184,"userid":345,"name":"NFLD","avatar":"https://cdn.discordapp.com/avatars/538772758461677578/5f1d024574ed37a8cbaf69c186d93cb1.png"},"point":1052},{"user":{"uid":171,"userid":858,"name":"Jean #1 Renault Trucks fan","avatar":"https://cdn.discordapp.com/avatars/729830742418260028/532c688a0a373a5f36342f13030652be.png"},"point":954},{"user":{"uid":1270,"userid":779,"name":"ANTICHEESEBOY","avatar":"https://cdn.discordapp.com/avatars/788835562660036619/9e77413648d54188e7bcdc62d7461a7a.png"},"point":841},{"user":{"uid":1026,"userid":630,"name":"Sehi hazmat #1, #1 Volvo fan","avatar":"https://cdn.discordapp.com/avatars/644522714916192275/eccb7f2838b4e97903f71767e9250f3f.png"},"point":600},{"user":{"uid":1105,"userid":675,"name":"Jack3D60","avatar":"https://cdn.discordapp.com/avatars/805496381754048572/bcf10ae824b274e1c532971dcb857977.png"},"point":547},{"user":{"uid":619,"userid":418,"name":"NumberHunter91","avatar":"https://cdn.discordapp.com/avatars/276407067223392256/c656134c8d2a712de1b2dbaf3856e995.png"},"point":450},{"user":{"uid":1401,"userid":863,"name":"Lucifer","avatar":"https://cdn.discordapp.com/avatars/415560774283427860/4f7b8d964bad29469a9d70cddb9cfadc.png"},"point":409},{"user":{"uid":872,"userid":555,"name":"[Lurking] Chris Hazmat #1","avatar":"https://cdn.discordapp.com/avatars/741351957083717673/602c233daa6679046f03b5b805676fbe.png"},"point":325},{"user":{"uid":96,"userid":222,"name":"Enrico","avatar":"https://cdn.discordapp.com/avatars/596848527024455680/82f691a31c81d433f05f3a1e481b56fe.png"},"point":251},{"user":{"uid":870,"userid":553,"name":"evilzocken","avatar":"https://cdn.discordapp.com/avatars/665665436678881280/bbf25d8e76ff45868d6e0a2e9b4f189b.png"},"point":226},{"user":{"uid":1039,"userid":637,"name":"Dutchman6149","avatar":"https://cdn.discordapp.com/avatars/1089970918169776317/518899061d0c7aa71638cf2a46dfa547.png"},"point":3},{"user":{"uid":1313,"userid":806,"name":"Kizule","avatar":"https://cdn.discordapp.com/avatars/897576249466167377/4b225f923b6e3e5347b9a87db5e6876e.png"},"point":2}]}