{"fmd":[{"user":{"uid":194,"userid":188,"name":"[FLG] derMicha","avatar":"https://cdn.discordapp.com/avatars/951482086072660018/6f6fb9e5f328bec8c769d872bed5109a.png"},"point":7304},{"user":{"uid":36,"userid":82,"name":"SchakalGER","avatar":"https://cdn.discordapp.com/avatars/328243784703803413/0815cbf6b00e890a8030cd7d0042d596.png"},"point":6011},{"user":{"uid":282,"userid":235,"name":"cyberstorm","avatar":""},"point":4079},{"user":{"uid":303,"userid":247,"name":"Skyfour","avatar":""},"point":3286},{"user":{"uid":71,"userid":60,"name":"geronimo8815","avatar":"https://static.truckersmp.com/avatarsN/5294261.1711913743.png"},"point":2363},{"user":{"uid":172,"userid":151,"name":"Jack Hodgins","avatar":"https://cdn.discordapp.com/avatars/826723576928272385/02b5821703017d0c5c78d23394e5af33.png"},"point":2149},{"user":{"uid":119,"userid":105,"name":"annoxz","avatar":"https://cdn.discordapp.com/avatars/584497248767967263/dc4e3f991aba525ca4839013723063de.png"},"point":1797},{"user":{"uid":272,"userid":227,"name":"Pfindus","avatar":"https://static.truckersmp.com/avatarsN/4311053.1710660288.png"},"point":1726},{"user":{"uid":275,"userid":229,"name":"ByEnderman_HD","avatar":"https://cdn.discordapp.com/avatars/664529284043636767/6b9fb4edd1d2c073428b956ede3c7228.png"},"point":1562},{"user":{"uid":291,"userid":243,"name":"Javeex","avatar":"https://cdn.discordapp.com/avatars/449671195273723904/f437023536c004b981b1f09339448ad8.png"},"point":1526},{"user":{"uid":90,"userid":92,"name":"Truck Driver(GER)","avatar":"https://cdn.discordapp.com/avatars/697753575450738759/7fd627982dc1053d0feca23ee052e524.png"},"point":1092},{"user":{"uid":68,"userid":57,"name":"Anthonyaski","avatar":"https://cdn.discordapp.com/avatars/334780188703588362/4af94601e420a28c570fce2b038e0b23.png"},"point":990},{"user":{"uid":18,"userid":16,"name":"teufelsfrucht","avatar":"https://static.truckersmp.com/avatarsN/4047213.1699434878.png"},"point":909},{"user":{"uid":110,"userid":99,"name":"Bathorio","avatar":"https://cdn.discordapp.com/avatars/679475997816651860/4d6f1d77443ed5aab2fb64e01b4ff7f6.png"},"point":867},{"user":{"uid":157,"userid":141,"name":"DerBackfisch","avatar":"https://cdn.discordapp.com/avatars/838683261244407809/237604f013fdfa84b60f5246e2249e04.png"},"point":854},{"user":{"uid":73,"userid":65,"name":"Ersque","avatar":"https://cdn.discordapp.com/avatars/219183521711915008/d8224c427b6d0b5f9a2b151734d67e76.png"},"point":696},{"user":{"uid":185,"userid":159,"name":"Dr.Schrotty","avatar":"https://cdn.discordapp.com/avatars/230695604274069504/7eda972dc3c3dd4bdcfa4d76e9b0ca2e.png"},"point":627},{"user":{"uid":56,"userid":42,"name":"Glaceon","avatar":"https://cdn.discordapp.com/avatars/348428309018705930/f1b68bf1b8a5121559e1b782c8941327.png"},"point":557},{"user":{"uid":189,"userid":242,"name":"Buli","avatar":"https://cdn.discordapp.com/avatars/629270185832087554/4d3881199f1c394e5e76bc133b832d96.png"},"point":530},{"user":{"uid":286,"userid":238,"name":"Cortain","avatar":"https://cdn.discordapp.com/avatars/264756755932774400/b92bddec4543c8b93a6922a31c7f40e4.png"},"point":510},{"user":{"uid":50,"userid":41,"name":"Schnitzel.","avatar":"https://cdn.discordapp.com/avatars/690570896557211658/ae7d3f32a78a923191f8d72c0cf40ce3.png"},"point":509},{"user":{"uid":59,"userid":48,"name":"Patrick","avatar":"https://cdn.discordapp.com/avatars/408688712223031306/0cfcbf6ba2fb06d7f4ef39a9d5f8f496.png"},"point":509},{"user":{"uid":252,"userid":205,"name":"Wutan Fall","avatar":"https://cdn.discordapp.com/avatars/204296481715388426/eb0c97b37333a5aef73f6cd7875bc750.png"},"point":390},{"user":{"uid":42,"userid":35,"name":"realMadDog","avatar":"https://cdn.discordapp.com/avatars/622527094588571649/ebb9db177207c71efcfa48bb92f364a9.png"},"point":327},{"user":{"uid":91,"userid":85,"name":"Chris94","avatar":"https://cdn.discordapp.com/avatars/618891974765838336/d2fa711dddd045b14969332972ba64b3.png"},"point":116},{"user":{"uid":12,"userid":10,"name":"Tchabalala/Axel","avatar":"https://cdn.discordapp.com/avatars/336794680454938624/c949fc0ae2a0b67356a833b7f2dfb640.png"},"point":0},{"user":{"uid":34,"userid":29,"name":"Loop20","avatar":"https://cdn.discordapp.com/avatars/786687237886443540/0b33f786203c732cce9a67dc0822bd1b.png"},"point":0},{"user":{"uid":74,"userid":66,"name":"Kucki122","avatar":"https://cdn.discordapp.com/avatars/980522557365157938/bb19a21068e5e3d9d8c349e066d33d6e.png"},"point":0}],"fma":[{"user":{"uid":194,"userid":188,"name":"[FLG] derMicha","avatar":"https://cdn.discordapp.com/avatars/951482086072660018/6f6fb9e5f328bec8c769d872bed5109a.png"},"point":7304},{"user":{"uid":36,"userid":82,"name":"SchakalGER","avatar":"https://cdn.discordapp.com/avatars/328243784703803413/0815cbf6b00e890a8030cd7d0042d596.png"},"point":6011},{"user":{"uid":282,"userid":235,"name":"cyberstorm","avatar":""},"point":4079},{"user":{"uid":303,"userid":247,"name":"Skyfour","avatar":""},"point":3286},{"user":{"uid":71,"userid":60,"name":"geronimo8815","avatar":"https://static.truckersmp.com/avatarsN/5294261.1711913743.png"},"point":2363},{"user":{"uid":172,"userid":151,"name":"Jack Hodgins","avatar":"https://cdn.discordapp.com/avatars/826723576928272385/02b5821703017d0c5c78d23394e5af33.png"},"point":2149},{"user":{"uid":119,"userid":105,"name":"annoxz","avatar":"https://cdn.discordapp.com/avatars/584497248767967263/dc4e3f991aba525ca4839013723063de.png"},"point":1797},{"user":{"uid":272,"userid":227,"name":"Pfindus","avatar":"https://static.truckersmp.com/avatarsN/4311053.1710660288.png"},"point":1726},{"user":{"uid":275,"userid":229,"name":"ByEnderman_HD","avatar":"https://cdn.discordapp.com/avatars/664529284043636767/6b9fb4edd1d2c073428b956ede3c7228.png"},"point":1562},{"user":{"uid":291,"userid":243,"name":"Javeex","avatar":"https://cdn.discordapp.com/avatars/449671195273723904/f437023536c004b981b1f09339448ad8.png"},"point":1526},{"user":{"uid":90,"userid":92,"name":"Truck Driver(GER)","avatar":"https://cdn.discordapp.com/avatars/697753575450738759/7fd627982dc1053d0feca23ee052e524.png"},"point":1092},{"user":{"uid":68,"userid":57,"name":"Anthonyaski","avatar":"https://cdn.discordapp.com/avatars/334780188703588362/4af94601e420a28c570fce2b038e0b23.png"},"point":990},{"user":{"uid":18,"userid":16,"name":"teufelsfrucht","avatar":"https://static.truckersmp.com/avatarsN/4047213.1699434878.png"},"point":909},{"user":{"uid":110,"userid":99,"name":"Bathorio","avatar":"https://cdn.discordapp.com/avatars/679475997816651860/4d6f1d77443ed5aab2fb64e01b4ff7f6.png"},"point":867},{"user":{"uid":157,"userid":141,"name":"DerBackfisch","avatar":"https://cdn.discordapp.com/avatars/838683261244407809/237604f013fdfa84b60f5246e2249e04.png"},"point":854},{"user":{"uid":73,"userid":65,"name":"Ersque","avatar":"https://cdn.discordapp.com/avatars/219183521711915008/d8224c427b6d0b5f9a2b151734d67e76.png"},"point":696},{"user":{"uid":185,"userid":159,"name":"Dr.Schrotty","avatar":"https://cdn.discordapp.com/avatars/230695604274069504/7eda972dc3c3dd4bdcfa4d76e9b0ca2e.png"},"point":627},{"user":{"uid":56,"userid":42,"name":"Glaceon","avatar":"https://cdn.discordapp.com/avatars/348428309018705930/f1b68bf1b8a5121559e1b782c8941327.png"},"point":557},{"user":{"uid":189,"userid":242,"name":"Buli","avatar":"https://cdn.discordapp.com/avatars/629270185832087554/4d3881199f1c394e5e76bc133b832d96.png"},"point":530},{"user":{"uid":286,"userid":238,"name":"Cortain","avatar":"https://cdn.discordapp.com/avatars/264756755932774400/b92bddec4543c8b93a6922a31c7f40e4.png"},"point":510},{"user":{"uid":50,"userid":41,"name":"Schnitzel.","avatar":"https://cdn.discordapp.com/avatars/690570896557211658/ae7d3f32a78a923191f8d72c0cf40ce3.png"},"point":509},{"user":{"uid":59,"userid":48,"name":"Patrick","avatar":"https://cdn.discordapp.com/avatars/408688712223031306/0cfcbf6ba2fb06d7f4ef39a9d5f8f496.png"},"point":509},{"user":{"uid":252,"userid":205,"name":"Wutan Fall","avatar":"https://cdn.discordapp.com/avatars/204296481715388426/eb0c97b37333a5aef73f6cd7875bc750.png"},"point":390},{"user":{"uid":42,"userid":35,"name":"realMadDog","avatar":"https://cdn.discordapp.com/avatars/622527094588571649/ebb9db177207c71efcfa48bb92f364a9.png"},"point":327},{"user":{"uid":91,"userid":85,"name":"Chris94","avatar":"https://cdn.discordapp.com/avatars/618891974765838336/d2fa711dddd045b14969332972ba64b3.png"},"point":116},{"user":{"uid":12,"userid":10,"name":"Tchabalala/Axel","avatar":"https://cdn.discordapp.com/avatars/336794680454938624/c949fc0ae2a0b67356a833b7f2dfb640.png"},"point":0},{"user":{"uid":34,"userid":29,"name":"Loop20","avatar":"https://cdn.discordapp.com/avatars/786687237886443540/0b33f786203c732cce9a67dc0822bd1b.png"},"point":0},{"user":{"uid":74,"userid":66,"name":"Kucki122","avatar":"https://cdn.discordapp.com/avatars/980522557365157938/bb19a21068e5e3d9d8c349e066d33d6e.png"},"point":0}]}