{"fmd":[{"user":{"uid":16,"userid":17,"name":"GB | Onur [22]","avatar":"https://cdn.discordapp.com/avatars/607643687958216793/9fe9b434df5026c6c94dfb2d613dd1f9.png"},"point":1133},{"user":{"uid":31,"userid":37,"name":"GB | Dave [19]","avatar":"https://cdn.discordapp.com/avatars/679370137639583746/5a436e69af2bf32b41a283d26468ffc2.png"},"point":522}],"fma":[{"user":{"uid":16,"userid":17,"name":"GB | Onur [22]","avatar":"https://cdn.discordapp.com/avatars/607643687958216793/9fe9b434df5026c6c94dfb2d613dd1f9.png"},"point":1354},{"user":{"uid":31,"userid":37,"name":"GB | Dave [19]","avatar":"https://cdn.discordapp.com/avatars/679370137639583746/5a436e69af2bf32b41a283d26468ffc2.png"},"point":613}]}