{"fmd":[{"user":{"uid":551,"userid":448,"name":"Capt_Tom","avatar":"https://cdn.discordapp.com/avatars/1189926623739400235/76a1784b7640fe89bfca945587db07e3.png"},"point":5559},{"user":{"uid":595,"userid":479,"name":"Championrub","avatar":"https://cdn.discordapp.com/avatars/811982277474123786/57632d6c13f4de8235b03acd0aba016e.png"},"point":3284},{"user":{"uid":25,"userid":96,"name":"[G-T-R]GrayWolf","avatar":"https://cdn.discordapp.com/avatars/463049453067173888/93e0f855de1c1bcdf6924d45b1789338.png"},"point":2532},{"user":{"uid":631,"userid":508,"name":"A$h1Ma$h1","avatar":"https://cdn.discordapp.com/avatars/801452708547657739/bf3266b67299389596b4b5ecd7c627ce.png"},"point":2075},{"user":{"uid":630,"userid":507,"name":"Pingvins_","avatar":"https://cdn.discordapp.com/avatars/665639547756871680/11b9131c70b40606a84197ce1d9cf7ca.png"},"point":2042},{"user":{"uid":312,"userid":263,"name":"Enrikas15","avatar":"https://cdn.discordapp.com/avatars/924617012926365736/48f337c0b8d40a3b4b5d412c0dcffe9b.png"},"point":1836},{"user":{"uid":627,"userid":503,"name":"Bobgamer235","avatar":"https://cdn.discordapp.com/avatars/921910347131125762/c1b95dedbf4e3e3960c1c9b5e0afedff.png"},"point":1736},{"user":{"uid":624,"userid":501,"name":"NBAAREN","avatar":"https://static.truckersmp.com/avatarsN/defaultavatar.png"},"point":1316},{"user":{"uid":427,"userid":353,"name":"Versthappening","avatar":"https://cdn.discordapp.com/avatars/851032564801077258/b6762130b06d88078b10d519887e731b.png"},"point":1051},{"user":{"uid":578,"userid":465,"name":"indowes","avatar":"https://cdn.discordapp.com/avatars/556782581626961920/4f21483bc72236511d1bd929721efbdc.png"},"point":776},{"user":{"uid":480,"userid":395,"name":"Sh0tBlow","avatar":"https://cdn.discordapp.com/avatars/462991116279611392/87bf1e3b76d220025f3fb4b0029427f8.png"},"point":770},{"user":{"uid":618,"userid":496,"name":"Lorenzo (lftt205)","avatar":"https://cdn.discordapp.com/avatars/254870559257657344/e6795e10c6356b41ae0dde62b8555d22.png"},"point":721},{"user":{"uid":458,"userid":377,"name":"LordCancer420","avatar":"https://cdn.discordapp.com/avatars/412529924805492756/38365841d4eaa1db7d73bc11bc478124.png"},"point":683},{"user":{"uid":391,"userid":329,"name":"Джеспер","avatar":"https://cdn.discordapp.com/avatars/632239961994821680/d4a0d65db94bed39bb7ee26b80fc9ddd.png"},"point":461},{"user":{"uid":628,"userid":505,"name":"DaJEE","avatar":"https://static.truckersmp.com/avatarsN/3555176.1623776794.jpg"},"point":451},{"user":{"uid":385,"userid":325,"name":"ladbur2000xx","avatar":"https://cdn.discordapp.com/avatars/971245090267881474/b9b9c6d735bc88afabe74203e5481492.png"},"point":369},{"user":{"uid":579,"userid":466,"name":"pieter.64","avatar":"https://cdn.discordapp.com/avatars/324877891852828683/00632119b31752fcb8171bbb4279d1f8.png"},"point":304},{"user":{"uid":629,"userid":506,"name":"Bin_Tyler","avatar":"https://cdn.discordapp.com/avatars/778660332570804325/c854253e1f12ab7a70384535a84fae7d.png"},"point":260},{"user":{"uid":625,"userid":502,"name":"! Kermit","avatar":"https://cdn.discordapp.com/avatars/933759740977225799/5e8244727f7554349e400b0c460ae319.png"},"point":208},{"user":{"uid":599,"userid":482,"name":"dood51","avatar":"https://cdn.discordapp.com/avatars/1215977765778489364/e2e4afccd7e82bb48dc1b4e183cb9feb.png"},"point":169},{"user":{"uid":608,"userid":489,"name":"Dylan aka Scott","avatar":"https://cdn.discordapp.com/avatars/287978186732732416/269da0519b0fb3b455df1752ceec3171.png"},"point":139},{"user":{"uid":626,"userid":504,"name":"Trav.","avatar":"https://cdn.discordapp.com/avatars/860279987058901043/13d8aaf9fb377ad8eb70b7ac9e4b380f.png"},"point":0}],"fma":[{"user":{"uid":551,"userid":448,"name":"Capt_Tom","avatar":"https://cdn.discordapp.com/avatars/1189926623739400235/76a1784b7640fe89bfca945587db07e3.png"},"point":5559},{"user":{"uid":595,"userid":479,"name":"Championrub","avatar":"https://cdn.discordapp.com/avatars/811982277474123786/57632d6c13f4de8235b03acd0aba016e.png"},"point":3284},{"user":{"uid":25,"userid":96,"name":"[G-T-R]GrayWolf","avatar":"https://cdn.discordapp.com/avatars/463049453067173888/93e0f855de1c1bcdf6924d45b1789338.png"},"point":2532},{"user":{"uid":631,"userid":508,"name":"A$h1Ma$h1","avatar":"https://cdn.discordapp.com/avatars/801452708547657739/bf3266b67299389596b4b5ecd7c627ce.png"},"point":2075},{"user":{"uid":630,"userid":507,"name":"Pingvins_","avatar":"https://cdn.discordapp.com/avatars/665639547756871680/11b9131c70b40606a84197ce1d9cf7ca.png"},"point":2042},{"user":{"uid":312,"userid":263,"name":"Enrikas15","avatar":"https://cdn.discordapp.com/avatars/924617012926365736/48f337c0b8d40a3b4b5d412c0dcffe9b.png"},"point":1936},{"user":{"uid":627,"userid":503,"name":"Bobgamer235","avatar":"https://cdn.discordapp.com/avatars/921910347131125762/c1b95dedbf4e3e3960c1c9b5e0afedff.png"},"point":1736},{"user":{"uid":624,"userid":501,"name":"NBAAREN","avatar":"https://static.truckersmp.com/avatarsN/defaultavatar.png"},"point":1316},{"user":{"uid":427,"userid":353,"name":"Versthappening","avatar":"https://cdn.discordapp.com/avatars/851032564801077258/b6762130b06d88078b10d519887e731b.png"},"point":1051},{"user":{"uid":480,"userid":395,"name":"Sh0tBlow","avatar":"https://cdn.discordapp.com/avatars/462991116279611392/87bf1e3b76d220025f3fb4b0029427f8.png"},"point":863},{"user":{"uid":578,"userid":465,"name":"indowes","avatar":"https://cdn.discordapp.com/avatars/556782581626961920/4f21483bc72236511d1bd929721efbdc.png"},"point":776},{"user":{"uid":618,"userid":496,"name":"Lorenzo (lftt205)","avatar":"https://cdn.discordapp.com/avatars/254870559257657344/e6795e10c6356b41ae0dde62b8555d22.png"},"point":721},{"user":{"uid":458,"userid":377,"name":"LordCancer420","avatar":"https://cdn.discordapp.com/avatars/412529924805492756/38365841d4eaa1db7d73bc11bc478124.png"},"point":683},{"user":{"uid":391,"userid":329,"name":"Джеспер","avatar":"https://cdn.discordapp.com/avatars/632239961994821680/d4a0d65db94bed39bb7ee26b80fc9ddd.png"},"point":461},{"user":{"uid":628,"userid":505,"name":"DaJEE","avatar":"https://static.truckersmp.com/avatarsN/3555176.1623776794.jpg"},"point":451},{"user":{"uid":385,"userid":325,"name":"ladbur2000xx","avatar":"https://cdn.discordapp.com/avatars/971245090267881474/b9b9c6d735bc88afabe74203e5481492.png"},"point":369},{"user":{"uid":579,"userid":466,"name":"pieter.64","avatar":"https://cdn.discordapp.com/avatars/324877891852828683/00632119b31752fcb8171bbb4279d1f8.png"},"point":304},{"user":{"uid":629,"userid":506,"name":"Bin_Tyler","avatar":"https://cdn.discordapp.com/avatars/778660332570804325/c854253e1f12ab7a70384535a84fae7d.png"},"point":260},{"user":{"uid":516,"userid":417,"name":"Ravsh1k","avatar":"https://cdn.discordapp.com/avatars/901846074740858890/775a54f0f101fa2eb9b9fb54ad87ce55.png"},"point":255},{"user":{"uid":625,"userid":502,"name":"! Kermit","avatar":"https://cdn.discordapp.com/avatars/933759740977225799/5e8244727f7554349e400b0c460ae319.png"},"point":208},{"user":{"uid":599,"userid":482,"name":"dood51","avatar":"https://cdn.discordapp.com/avatars/1215977765778489364/e2e4afccd7e82bb48dc1b4e183cb9feb.png"},"point":169},{"user":{"uid":608,"userid":489,"name":"Dylan aka Scott","avatar":"https://cdn.discordapp.com/avatars/287978186732732416/269da0519b0fb3b455df1752ceec3171.png"},"point":139},{"user":{"uid":626,"userid":504,"name":"Trav.","avatar":"https://cdn.discordapp.com/avatars/860279987058901043/13d8aaf9fb377ad8eb70b7ac9e4b380f.png"},"point":0}]}