{"fmd":[{"user":{"uid":1,"userid":1,"name":"[M.P.L] Camilol977♣","avatar":"https://cdn.discordapp.com/avatars/245031309745848321/ae0f1b07f557e3f1901851e78a071537.png"},"point":1974},{"user":{"uid":5,"userid":2,"name":"[M.P.L] Wardenbosss","avatar":"https://cdn.discordapp.com/avatars/520704393218097162/aaa950a0dd545951416ceadb301b5f8c.png"},"point":1460}],"fma":[{"user":{"uid":1,"userid":1,"name":"[M.P.L] Camilol977♣","avatar":"https://cdn.discordapp.com/avatars/245031309745848321/ae0f1b07f557e3f1901851e78a071537.png"},"point":2028},{"user":{"uid":5,"userid":2,"name":"[M.P.L] Wardenbosss","avatar":"https://cdn.discordapp.com/avatars/520704393218097162/aaa950a0dd545951416ceadb301b5f8c.png"},"point":1501}]}