{"fmd":[{"user":{"uid":1,"userid":0,"name":"(Owner) Essex","avatar":"https://cdn.discordapp.com/avatars/986728515892285461/a_c4301bd78f1d1d60c25f66672af89a9a.gif"},"point":5323},{"user":{"uid":166,"userid":139,"name":"(DR) Cloven","avatar":"https://cdn.discordapp.com/avatars/897392805104734239/8fde5905c683ee11047bee0e47fa8db8.png"},"point":3150},{"user":{"uid":191,"userid":162,"name":"(DRT) 007Lukey","avatar":"https://cdn.discordapp.com/avatars/1134193277105619004/2144f5bdf982ff3bd540e294401d2af1.png"},"point":2488},{"user":{"uid":192,"userid":163,"name":"(DRT) Diican","avatar":""},"point":2384},{"user":{"uid":118,"userid":96,"name":"(DR) ST1G","avatar":"https://cdn.discordapp.com/avatars/515890400494616608/f4bac7aef316082f7bad4fcbb6b39570.png"},"point":1942},{"user":{"uid":181,"userid":153,"name":"(DRT) Valis__","avatar":"https://cdn.discordapp.com/avatars/234744539003355146/4da0e3c52afa03968509d0d17c8dde46.png"},"point":1896},{"user":{"uid":175,"userid":148,"name":"(MDT) Prestimoin","avatar":"https://cdn.discordapp.com/avatars/635946792143421472/3d42f6ebd096c1bb1a69d2314f316763.png"},"point":1849},{"user":{"uid":187,"userid":159,"name":"(DRT) Dingo Meat (Vytezx)","avatar":"https://cdn.discordapp.com/avatars/679412978788990976/21e61a927957081cc4c7f8cf5eb3df55.png"},"point":1758},{"user":{"uid":183,"userid":155,"name":"(DRT) Stuart Green","avatar":"https://cdn.discordapp.com/avatars/561116804685234196/ebd7eac27d7b1caa7af6683903e1ca07.png"},"point":1128},{"user":{"uid":157,"userid":130,"name":"(DR) Sparky92","avatar":"https://cdn.discordapp.com/avatars/473576104112947200/6cbb0a2f6d2be214938b423e02ea7c71.png"},"point":858},{"user":{"uid":28,"userid":23,"name":"(CEO) Pete (DND)","avatar":"https://cdn.discordapp.com/avatars/316660255872516106/8a2dca3b679afae90df18edc44b1584c.png"},"point":827},{"user":{"uid":196,"userid":166,"name":"(DRT) Luke","avatar":"https://cdn.discordapp.com/avatars/924745071142780948/99bb4917e766bed414a04777f06a682a.png"},"point":685},{"user":{"uid":158,"userid":131,"name":"(HR) Infantry4life","avatar":"https://cdn.discordapp.com/avatars/313867376707895298/eaeca34699613c2d815224f6096fa34a.png"},"point":535},{"user":{"uid":199,"userid":169,"name":"(DRT) User5029","avatar":"https://cdn.discordapp.com/avatars/721416593166303352/afa8c7025775e1fe06693b6d84c2c407.png"},"point":1}],"fma":[{"user":{"uid":1,"userid":0,"name":"(Owner) Essex","avatar":"https://cdn.discordapp.com/avatars/986728515892285461/a_c4301bd78f1d1d60c25f66672af89a9a.gif"},"point":6213},{"user":{"uid":166,"userid":139,"name":"(DR) Cloven","avatar":"https://cdn.discordapp.com/avatars/897392805104734239/8fde5905c683ee11047bee0e47fa8db8.png"},"point":3350},{"user":{"uid":191,"userid":162,"name":"(DRT) 007Lukey","avatar":"https://cdn.discordapp.com/avatars/1134193277105619004/2144f5bdf982ff3bd540e294401d2af1.png"},"point":2688},{"user":{"uid":192,"userid":163,"name":"(DRT) Diican","avatar":""},"point":2384},{"user":{"uid":118,"userid":96,"name":"(DR) ST1G","avatar":"https://cdn.discordapp.com/avatars/515890400494616608/f4bac7aef316082f7bad4fcbb6b39570.png"},"point":2342},{"user":{"uid":187,"userid":159,"name":"(DRT) Dingo Meat (Vytezx)","avatar":"https://cdn.discordapp.com/avatars/679412978788990976/21e61a927957081cc4c7f8cf5eb3df55.png"},"point":2208},{"user":{"uid":181,"userid":153,"name":"(DRT) Valis__","avatar":"https://cdn.discordapp.com/avatars/234744539003355146/4da0e3c52afa03968509d0d17c8dde46.png"},"point":1896},{"user":{"uid":175,"userid":148,"name":"(MDT) Prestimoin","avatar":"https://cdn.discordapp.com/avatars/635946792143421472/3d42f6ebd096c1bb1a69d2314f316763.png"},"point":1849},{"user":{"uid":196,"userid":166,"name":"(DRT) Luke","avatar":"https://cdn.discordapp.com/avatars/924745071142780948/99bb4917e766bed414a04777f06a682a.png"},"point":1485},{"user":{"uid":183,"userid":155,"name":"(DRT) Stuart Green","avatar":"https://cdn.discordapp.com/avatars/561116804685234196/ebd7eac27d7b1caa7af6683903e1ca07.png"},"point":1378},{"user":{"uid":157,"userid":130,"name":"(DR) Sparky92","avatar":"https://cdn.discordapp.com/avatars/473576104112947200/6cbb0a2f6d2be214938b423e02ea7c71.png"},"point":858},{"user":{"uid":28,"userid":23,"name":"(CEO) Pete (DND)","avatar":"https://cdn.discordapp.com/avatars/316660255872516106/8a2dca3b679afae90df18edc44b1584c.png"},"point":827},{"user":{"uid":158,"userid":131,"name":"(HR) Infantry4life","avatar":"https://cdn.discordapp.com/avatars/313867376707895298/eaeca34699613c2d815224f6096fa34a.png"},"point":735},{"user":{"uid":199,"userid":169,"name":"(DRT) User5029","avatar":"https://cdn.discordapp.com/avatars/721416593166303352/afa8c7025775e1fe06693b6d84c2c407.png"},"point":201}]}