{"fmd":[{"user":{"uid":350,"userid":251,"name":"Charon IV","avatar":"https://cdn.discordapp.com/avatars/336964513033093130/da18a1808802bdf3485f3b885a65072c.png"},"point":6501},{"user":{"uid":1,"userid":0,"name":"Brad","avatar":"https://cdn.discordapp.com/avatars/507570358782525451/0f8d2ac0cb4d5df4b45d8529b6efe809.png"},"point":2547},{"user":{"uid":153,"userid":186,"name":"LeoM","avatar":"https://cdn.discordapp.com/avatars/337951742475894786/980a1f3ff23017ee6d2dcd0ce57dbe03.png"},"point":1589},{"user":{"uid":312,"userid":239,"name":"Two Trappy","avatar":"https://cdn.discordapp.com/avatars/460444257250181120/e1fe6b34c1ce8b3d86f89e7e210ca57e.png"},"point":1053},{"user":{"uid":12,"userid":253,"name":"Arcon_","avatar":"https://cdn.discordapp.com/avatars/590425598552440833/4610e0fe8e3eb4f12c2841d1d8fba137.png"},"point":602}],"fma":[{"user":{"uid":312,"userid":239,"name":"Two Trappy","avatar":"https://cdn.discordapp.com/avatars/460444257250181120/e1fe6b34c1ce8b3d86f89e7e210ca57e.png"},"point":51053},{"user":{"uid":1,"userid":0,"name":"Brad","avatar":"https://cdn.discordapp.com/avatars/507570358782525451/0f8d2ac0cb4d5df4b45d8529b6efe809.png"},"point":42547},{"user":{"uid":284,"userid":243,"name":"Dent","avatar":"https://cdn.discordapp.com/avatars/803273884904325135/200c3f7ecc9b2621b1dd5d21ad51cb13.png"},"point":25000},{"user":{"uid":218,"userid":246,"name":"Jord","avatar":"https://cdn.discordapp.com/avatars/684027652016832535/fa88b9b0dd673495c894582f075a5a83.png"},"point":25000},{"user":{"uid":350,"userid":251,"name":"Charon IV","avatar":"https://cdn.discordapp.com/avatars/336964513033093130/da18a1808802bdf3485f3b885a65072c.png"},"point":6501},{"user":{"uid":153,"userid":186,"name":"LeoM","avatar":"https://cdn.discordapp.com/avatars/337951742475894786/980a1f3ff23017ee6d2dcd0ce57dbe03.png"},"point":1589},{"user":{"uid":12,"userid":253,"name":"Arcon_","avatar":"https://cdn.discordapp.com/avatars/590425598552440833/4610e0fe8e3eb4f12c2841d1d8fba137.png"},"point":602}]}