{"fmd":[{"user":{"uid":8,"userid":6,"name":"shipmate","avatar":"https://avatars.steamstatic.com/3a4bdab4c8b08247c0e12345ba110647e9464041_full.jpg"},"point":2595},{"user":{"uid":3,"userid":2,"name":"Orlynsky","avatar":"https://avatars.steamstatic.com/63a4ac3dfc7c22d71119e814f4f124bde3149941_full.jpg"},"point":557},{"user":{"uid":19,"userid":18,"name":"Tarik","avatar":"https://avatars.akamai.steamstatic.com/65f26bc666c38e43c0eea2544b64ab1d263eee3c_full.jpg"},"point":462},{"user":{"uid":5,"userid":5,"name":"COO | Raull","avatar":"https://cdn.discordapp.com/avatars/1045451668709445782/cf44428a080988139cb0995c19ab461b.png"},"point":0},{"user":{"uid":13,"userid":11,"name":"Captain Codpeice","avatar":"https://avatars.steamstatic.com/542c53aa722f46d9d5214c1ffa794db92238b76f_full.jpg"},"point":0}],"fma":[{"user":{"uid":8,"userid":6,"name":"shipmate","avatar":"https://avatars.steamstatic.com/3a4bdab4c8b08247c0e12345ba110647e9464041_full.jpg"},"point":2595},{"user":{"uid":3,"userid":2,"name":"Orlynsky","avatar":"https://avatars.steamstatic.com/63a4ac3dfc7c22d71119e814f4f124bde3149941_full.jpg"},"point":557},{"user":{"uid":19,"userid":18,"name":"Tarik","avatar":"https://avatars.akamai.steamstatic.com/65f26bc666c38e43c0eea2544b64ab1d263eee3c_full.jpg"},"point":462},{"user":{"uid":5,"userid":5,"name":"COO | Raull","avatar":"https://cdn.discordapp.com/avatars/1045451668709445782/cf44428a080988139cb0995c19ab461b.png"},"point":0},{"user":{"uid":13,"userid":11,"name":"Captain Codpeice","avatar":"https://avatars.steamstatic.com/542c53aa722f46d9d5214c1ffa794db92238b76f_full.jpg"},"point":0}]}