{"fmd":[{"user":{"uid":8,"userid":6,"name":"ll iScuf ll","avatar":"https://cdn.discordapp.com/avatars/321795006178525186/a_b79d3e9a2be03b5fc4d9c795da893874.gif"},"point":11970},{"user":{"uid":1,"userid":1,"name":"!itsPeanutttt","avatar":"https://cdn.discordapp.com/avatars/208757218013609985/a_b8fae2196be237eb9612f9daed82c1e3.gif"},"point":7631},{"user":{"uid":28,"userid":17,"name":"Mistyっ ゛","avatar":"https://cdn.discordapp.com/avatars/451086562617327616/3a7355e38c7bc476a871faee38e8f1c0.png"},"point":3837},{"user":{"uid":259,"userid":197,"name":"I3uckfast","avatar":"https://cdn.discordapp.com/avatars/1004430807357722625/8824de375f59b95e388b5680710ead3f.png"},"point":2598},{"user":{"uid":222,"userid":171,"name":"DRAKNESS","avatar":"https://cdn.discordapp.com/avatars/191435261777936384/cde25647f4a18c5f7427ee26497adb09.png"},"point":2115},{"user":{"uid":32,"userid":21,"name":"NateNZ","avatar":"https://cdn.discordapp.com/avatars/263779798327885834/54adfd241b87dc24073b7cc175209ad7.png"},"point":1325},{"user":{"uid":108,"userid":83,"name":"mth.","avatar":"https://cdn.discordapp.com/avatars/1048895539606978651/a_ed23bd3b02d03ccafa443faf15ff38ca.gif"},"point":1074},{"user":{"uid":214,"userid":164,"name":"hamez","avatar":""},"point":712},{"user":{"uid":213,"userid":163,"name":"Little Meow","avatar":"https://cdn.discordapp.com/avatars/1019561099177234442/ddd644a232498d08379163bd4797740e.png"},"point":617},{"user":{"uid":15,"userid":10,"name":"MarlonSkills","avatar":"https://cdn.discordapp.com/avatars/315956778884005890/9a3d00de17d4e51023e4dc7542353ce7.png"},"point":527},{"user":{"uid":140,"userid":107,"name":"Ata35","avatar":"https://cdn.discordapp.com/avatars/320518548046741505/67114a1cf7e0397b1e94fc8af83fd158.png"},"point":491},{"user":{"uid":146,"userid":112,"name":"JENNAS JUGS","avatar":"https://cdn.discordapp.com/avatars/697145117458301013/8fc3d9c9fcb32f3b81c47ef234d1a62f.png"},"point":68},{"user":{"uid":76,"userid":60,"name":"V8 Gaming","avatar":"https://cdn.discordapp.com/avatars/793808849404559452/3ad45fe419c80a0cc727643ff48b4a6c.png"},"point":0},{"user":{"uid":109,"userid":84,"name":"bigboytrains","avatar":"https://static.truckersmp.com/avatarsN/defaultavatar.png"},"point":0}],"fma":[{"user":{"uid":108,"userid":83,"name":"mth.","avatar":"https://cdn.discordapp.com/avatars/1048895539606978651/a_ed23bd3b02d03ccafa443faf15ff38ca.gif"},"point":18072},{"user":{"uid":8,"userid":6,"name":"ll iScuf ll","avatar":"https://cdn.discordapp.com/avatars/321795006178525186/a_b79d3e9a2be03b5fc4d9c795da893874.gif"},"point":12795},{"user":{"uid":1,"userid":1,"name":"!itsPeanutttt","avatar":"https://cdn.discordapp.com/avatars/208757218013609985/a_b8fae2196be237eb9612f9daed82c1e3.gif"},"point":11231},{"user":{"uid":134,"userid":104,"name":"Freshmuscl3","avatar":"https://static.truckersmp.com/avatarsN/5222182.1706276666.png"},"point":10975},{"user":{"uid":242,"userid":185,"name":"Itmehokiledu","avatar":"https://cdn.discordapp.com/avatars/384091675997241344/c8675ddaab83431958ee30dc5605b336.png"},"point":10250},{"user":{"uid":128,"userid":98,"name":"repsaj","avatar":"https://cdn.discordapp.com/avatars/508654072145117186/206047a0b4dee71003ef7e4472eeb89d.png"},"point":10000},{"user":{"uid":28,"userid":17,"name":"Mistyっ ゛","avatar":"https://cdn.discordapp.com/avatars/451086562617327616/3a7355e38c7bc476a871faee38e8f1c0.png"},"point":5161},{"user":{"uid":259,"userid":197,"name":"I3uckfast","avatar":"https://cdn.discordapp.com/avatars/1004430807357722625/8824de375f59b95e388b5680710ead3f.png"},"point":3573},{"user":{"uid":222,"userid":171,"name":"DRAKNESS","avatar":"https://cdn.discordapp.com/avatars/191435261777936384/cde25647f4a18c5f7427ee26497adb09.png"},"point":3286},{"user":{"uid":32,"userid":21,"name":"NateNZ","avatar":"https://cdn.discordapp.com/avatars/263779798327885834/54adfd241b87dc24073b7cc175209ad7.png"},"point":2875},{"user":{"uid":15,"userid":10,"name":"MarlonSkills","avatar":"https://cdn.discordapp.com/avatars/315956778884005890/9a3d00de17d4e51023e4dc7542353ce7.png"},"point":760},{"user":{"uid":214,"userid":164,"name":"hamez","avatar":""},"point":712},{"user":{"uid":213,"userid":163,"name":"Little Meow","avatar":"https://cdn.discordapp.com/avatars/1019561099177234442/ddd644a232498d08379163bd4797740e.png"},"point":617},{"user":{"uid":140,"userid":107,"name":"Ata35","avatar":"https://cdn.discordapp.com/avatars/320518548046741505/67114a1cf7e0397b1e94fc8af83fd158.png"},"point":491},{"user":{"uid":146,"userid":112,"name":"JENNAS JUGS","avatar":"https://cdn.discordapp.com/avatars/697145117458301013/8fc3d9c9fcb32f3b81c47ef234d1a62f.png"},"point":359},{"user":{"uid":76,"userid":60,"name":"V8 Gaming","avatar":"https://cdn.discordapp.com/avatars/793808849404559452/3ad45fe419c80a0cc727643ff48b4a6c.png"},"point":0},{"user":{"uid":109,"userid":84,"name":"bigboytrains","avatar":"https://static.truckersmp.com/avatarsN/defaultavatar.png"},"point":0}]}