{"fmd":[{"user":{"uid":136,"userid":121,"name":"Fuzzi_One","avatar":"https://avatars.steamstatic.com/80dc5c843904a69c82033fa7600d24e61dc9b370_full.jpg"},"point":8415},{"user":{"uid":31,"userid":22,"name":"[RSL] Fun_irrenanstalt","avatar":""},"point":4802},{"user":{"uid":3,"userid":3,"name":"Yglo233","avatar":"https://avatars.steamstatic.com/31b7c52f47bfc7fdf48a7793bcc63254fbb4d4e0_full.jpg"},"point":4144},{"user":{"uid":171,"userid":154,"name":"dom_binda","avatar":"https://avatars.steamstatic.com/850c742b99f1bd3b7e51baab91a51db1ac4e08c8_full.jpg"},"point":4009},{"user":{"uid":147,"userid":132,"name":"Der  Opa","avatar":"https://cdn.discordapp.com/avatars/390841934358249482/5182d95c0600108142ddbca2b09a1bb4.png"},"point":3599},{"user":{"uid":104,"userid":92,"name":"Mario","avatar":""},"point":3080},{"user":{"uid":192,"userid":172,"name":"TopsyCret","avatar":"https://avatars.steamstatic.com/82aecb83684b9c1d29f6f26a4642971416734fcc_full.jpg"},"point":2512},{"user":{"uid":72,"userid":64,"name":"BoucBrutal","avatar":"https://avatars.steamstatic.com/3b0d8bbe6bc98d9e4405baafe0d341663e8d5bf1_full.jpg"},"point":2194},{"user":{"uid":84,"userid":75,"name":"lolgamer5300","avatar":"https://avatars.steamstatic.com/76ad51d2c234085fc07dbe1396e3d39331376fd5_full.jpg"},"point":1685},{"user":{"uid":176,"userid":157,"name":"SKELETOR96","avatar":"https://avatars.steamstatic.com/e2de94aa5b303690fc34a2784287b2ea576b1250_full.jpg"},"point":1679},{"user":{"uid":195,"userid":173,"name":"Walk1ngZ0mb3R","avatar":"https://avatars.steamstatic.com/b2edbc430cffa963966ebafc9e7844414a9c51c1_full.jpg"},"point":1458},{"user":{"uid":190,"userid":168,"name":"DWELLER23","avatar":"https://avatars.steamstatic.com/415e39cd7b3cbe49442ef90b37c5e367980f8124_full.jpg"},"point":1418},{"user":{"uid":57,"userid":49,"name":"ΛΣƧƬX","avatar":"https://avatars.steamstatic.com/05bd07116ef64dc4f7e2b12d9c32ca2ded228988_full.jpg"},"point":1175},{"user":{"uid":1,"userid":1,"name":"[RSL] Reamonn","avatar":"https://cdn.discordapp.com/avatars/208630023626817536/d6b5a101ffa2655e917e9e2ca950025a.png"},"point":1084},{"user":{"uid":183,"userid":161,"name":"2Lost4Playing","avatar":"https://avatars.steamstatic.com/a73955f5d746e6e266b5170c2eed3047928ff0b7_full.jpg"},"point":923},{"user":{"uid":194,"userid":171,"name":"subnayzz","avatar":"https://avatars.steamstatic.com/541d03601aebfb8436b10da6b9d4d1275ec7edc4_full.jpg"},"point":825},{"user":{"uid":143,"userid":128,"name":"Tomm82m","avatar":"https://avatars.steamstatic.com/70845c436d1d1acef2a024c0a46d21d53c13eda5_full.jpg"},"point":610},{"user":{"uid":184,"userid":162,"name":"𝐀𝐥𝐞𝐱","avatar":"https://avatars.steamstatic.com/d3eb39d70f297a4191bea908797cd7972a77ad86_full.jpg"},"point":481},{"user":{"uid":118,"userid":103,"name":"EinfachnurWolf","avatar":"https://avatars.steamstatic.com/dcddc28153a03ef589ba9b54c11a1edc4384acdf_full.jpg"},"point":351},{"user":{"uid":91,"userid":82,"name":"Ninja_Kiwi","avatar":"https://avatars.steamstatic.com/1aaec1ed3f3cd8465fa42665b01eb70d7f701604_full.jpg"},"point":284},{"user":{"uid":166,"userid":148,"name":"Mr. Flamerbob","avatar":"https://avatars.steamstatic.com/f09c6f0a5e09fe9c72513549759e782358641670_full.jpg"},"point":152},{"user":{"uid":25,"userid":19,"name":"Razoraptor","avatar":"https://avatars.steamstatic.com/411f0a1d08563b0dcd648c344b113688287bfb1f_full.jpg"},"point":133},{"user":{"uid":141,"userid":126,"name":"Dome","avatar":"https://avatars.steamstatic.com/ae55f68b3ccef730e265e45ade565f8eb7719e40_full.jpg"},"point":69}],"fma":[{"user":{"uid":136,"userid":121,"name":"Fuzzi_One","avatar":"https://avatars.steamstatic.com/80dc5c843904a69c82033fa7600d24e61dc9b370_full.jpg"},"point":8415},{"user":{"uid":31,"userid":22,"name":"[RSL] Fun_irrenanstalt","avatar":""},"point":4802},{"user":{"uid":3,"userid":3,"name":"Yglo233","avatar":"https://avatars.steamstatic.com/31b7c52f47bfc7fdf48a7793bcc63254fbb4d4e0_full.jpg"},"point":4144},{"user":{"uid":171,"userid":154,"name":"dom_binda","avatar":"https://avatars.steamstatic.com/850c742b99f1bd3b7e51baab91a51db1ac4e08c8_full.jpg"},"point":4009},{"user":{"uid":147,"userid":132,"name":"Der  Opa","avatar":"https://cdn.discordapp.com/avatars/390841934358249482/5182d95c0600108142ddbca2b09a1bb4.png"},"point":3599},{"user":{"uid":104,"userid":92,"name":"Mario","avatar":""},"point":3080},{"user":{"uid":192,"userid":172,"name":"TopsyCret","avatar":"https://avatars.steamstatic.com/82aecb83684b9c1d29f6f26a4642971416734fcc_full.jpg"},"point":2512},{"user":{"uid":72,"userid":64,"name":"BoucBrutal","avatar":"https://avatars.steamstatic.com/3b0d8bbe6bc98d9e4405baafe0d341663e8d5bf1_full.jpg"},"point":2194},{"user":{"uid":84,"userid":75,"name":"lolgamer5300","avatar":"https://avatars.steamstatic.com/76ad51d2c234085fc07dbe1396e3d39331376fd5_full.jpg"},"point":1685},{"user":{"uid":176,"userid":157,"name":"SKELETOR96","avatar":"https://avatars.steamstatic.com/e2de94aa5b303690fc34a2784287b2ea576b1250_full.jpg"},"point":1679},{"user":{"uid":195,"userid":173,"name":"Walk1ngZ0mb3R","avatar":"https://avatars.steamstatic.com/b2edbc430cffa963966ebafc9e7844414a9c51c1_full.jpg"},"point":1458},{"user":{"uid":190,"userid":168,"name":"DWELLER23","avatar":"https://avatars.steamstatic.com/415e39cd7b3cbe49442ef90b37c5e367980f8124_full.jpg"},"point":1418},{"user":{"uid":57,"userid":49,"name":"ΛΣƧƬX","avatar":"https://avatars.steamstatic.com/05bd07116ef64dc4f7e2b12d9c32ca2ded228988_full.jpg"},"point":1175},{"user":{"uid":1,"userid":1,"name":"[RSL] Reamonn","avatar":"https://cdn.discordapp.com/avatars/208630023626817536/d6b5a101ffa2655e917e9e2ca950025a.png"},"point":1084},{"user":{"uid":183,"userid":161,"name":"2Lost4Playing","avatar":"https://avatars.steamstatic.com/a73955f5d746e6e266b5170c2eed3047928ff0b7_full.jpg"},"point":923},{"user":{"uid":194,"userid":171,"name":"subnayzz","avatar":"https://avatars.steamstatic.com/541d03601aebfb8436b10da6b9d4d1275ec7edc4_full.jpg"},"point":825},{"user":{"uid":143,"userid":128,"name":"Tomm82m","avatar":"https://avatars.steamstatic.com/70845c436d1d1acef2a024c0a46d21d53c13eda5_full.jpg"},"point":610},{"user":{"uid":184,"userid":162,"name":"𝐀𝐥𝐞𝐱","avatar":"https://avatars.steamstatic.com/d3eb39d70f297a4191bea908797cd7972a77ad86_full.jpg"},"point":481},{"user":{"uid":118,"userid":103,"name":"EinfachnurWolf","avatar":"https://avatars.steamstatic.com/dcddc28153a03ef589ba9b54c11a1edc4384acdf_full.jpg"},"point":351},{"user":{"uid":91,"userid":82,"name":"Ninja_Kiwi","avatar":"https://avatars.steamstatic.com/1aaec1ed3f3cd8465fa42665b01eb70d7f701604_full.jpg"},"point":284},{"user":{"uid":99,"userid":110,"name":"[RSL]Albanr.9","avatar":"https://avatars.steamstatic.com/b3773af8338e7a36b55ec298e6dee7f4e0cd9aa0_full.jpg"},"point":200},{"user":{"uid":166,"userid":148,"name":"Mr. Flamerbob","avatar":"https://avatars.steamstatic.com/f09c6f0a5e09fe9c72513549759e782358641670_full.jpg"},"point":152},{"user":{"uid":25,"userid":19,"name":"Razoraptor","avatar":"https://avatars.steamstatic.com/411f0a1d08563b0dcd648c344b113688287bfb1f_full.jpg"},"point":133},{"user":{"uid":141,"userid":126,"name":"Dome","avatar":"https://avatars.steamstatic.com/ae55f68b3ccef730e265e45ade565f8eb7719e40_full.jpg"},"point":69}]}