{"fmd":[{"user":{"uid":3,"userid":8,"name":"STA | Founder lcplgibling5","avatar":"https://cdn.discordapp.com/avatars/1097971085900795914/b179948fbb20ea74fc77a22d4b134fa2.png"},"point":2317},{"user":{"uid":9,"userid":6,"name":"Wolfsheart86","avatar":"https://avatars.steamstatic.com/fef49e7fa7e1997310d705b2a6158ff8dc1cdfeb_full.jpg"},"point":1250},{"user":{"uid":1,"userid":1,"name":"STA | SM | Just Tanging Along","avatar":"https://cdn.discordapp.com/avatars/1213697116950765690/762756284f764eb94429a24000b071a7.png"},"point":120}],"fma":[{"user":{"uid":3,"userid":8,"name":"STA | Founder lcplgibling5","avatar":"https://cdn.discordapp.com/avatars/1097971085900795914/b179948fbb20ea74fc77a22d4b134fa2.png"},"point":120383},{"user":{"uid":8,"userid":5,"name":"Smash","avatar":"https://avatars.steamstatic.com/1e07a7a864a0d4e3261d49407b758877521e92da_full.jpg"},"point":29609},{"user":{"uid":7,"userid":4,"name":"Dinomad17","avatar":"https://cdn.discordapp.com/avatars/820628417946845225/4c082ff2ded723cca8c5a8e93c74db25.png"},"point":11823},{"user":{"uid":9,"userid":6,"name":"Wolfsheart86","avatar":"https://avatars.steamstatic.com/fef49e7fa7e1997310d705b2a6158ff8dc1cdfeb_full.jpg"},"point":1250},{"user":{"uid":1,"userid":1,"name":"STA | SM | Just Tanging Along","avatar":"https://cdn.discordapp.com/avatars/1213697116950765690/762756284f764eb94429a24000b071a7.png"},"point":1121}]}