{"fmd":[{"user":{"uid":3,"userid":3,"name":"HunterM7","avatar":"https://static.truckersmp.com/avatarsN/1409042.1708826162.png"},"point":5433},{"user":{"uid":29,"userid":23,"name":"TylerTurner23","avatar":"https://cdn.discordapp.com/avatars/376484356820303872/ac68e90848524f7fdba22362300a9b63.png"},"point":1231},{"user":{"uid":6,"userid":6,"name":"Turnerr","avatar":"https://cdn.discordapp.com/avatars/312631180811960323/c949424f0736baed8a5224440edd7a6f.png"},"point":1035},{"user":{"uid":23,"userid":21,"name":"Dadolexs","avatar":"https://cdn.discordapp.com/avatars/749893898498998322/cf93a81295b3f02d710aa19a10a4851f.png"},"point":415}],"fma":[{"user":{"uid":3,"userid":3,"name":"HunterM7","avatar":"https://static.truckersmp.com/avatarsN/1409042.1708826162.png"},"point":5557},{"user":{"uid":29,"userid":23,"name":"TylerTurner23","avatar":"https://cdn.discordapp.com/avatars/376484356820303872/ac68e90848524f7fdba22362300a9b63.png"},"point":1331},{"user":{"uid":6,"userid":6,"name":"Turnerr","avatar":"https://cdn.discordapp.com/avatars/312631180811960323/c949424f0736baed8a5224440edd7a6f.png"},"point":1045},{"user":{"uid":23,"userid":21,"name":"Dadolexs","avatar":"https://cdn.discordapp.com/avatars/749893898498998322/cf93a81295b3f02d710aa19a10a4851f.png"},"point":415}]}