{"fmd":[{"user":{"uid":5,"userid":3,"name":"{Wild Hogz} Dennisthe8th","avatar":"https://cdn.discordapp.com/avatars/575015095894016014/69fc086441725970662f0b9ba9bf5e32.png"},"point":4716},{"user":{"uid":56,"userid":45,"name":"{Wild Hogz} jbica","avatar":"https://cdn.discordapp.com/avatars/394272398930739212/488d03490a2359e57a3622544f8bbba2.png"},"point":2688},{"user":{"uid":46,"userid":37,"name":"MysticalKief","avatar":"https://static.truckersmp.com/avatarsN/5392881.1708315948.jpeg"},"point":1864},{"user":{"uid":62,"userid":51,"name":"{Wild Hogz} Quietly","avatar":"https://cdn.discordapp.com/avatars/868245424748789780/8a1ab23c30376d3abf61f312883016ee.png"},"point":1662},{"user":{"uid":1,"userid":1,"name":"{Wild Hogz} Chappy1225","avatar":"https://cdn.discordapp.com/avatars/480244047311667201/b51db2fc9e7e314933519021bee4ae3e.png"},"point":1340},{"user":{"uid":9,"userid":7,"name":"{Wild Hogz} TACOMAN","avatar":"https://cdn.discordapp.com/avatars/935175174700040252/03b7f8a6f6208443dd4eaabd052edd16.png"},"point":1212},{"user":{"uid":64,"userid":53,"name":"{Wild Hogz} Lango2K","avatar":"https://cdn.discordapp.com/avatars/155344631628824586/23ae01fa02a7351bf040e2ffcceedb95.png"},"point":752},{"user":{"uid":55,"userid":44,"name":"{Wild Hogz} Foxtrot513","avatar":"https://cdn.discordapp.com/avatars/674350818563981362/e9606d17e61ead62929e28429589f871.png"},"point":671},{"user":{"uid":12,"userid":10,"name":"{Wild Hogz} soulsmasher6666","avatar":"https://cdn.discordapp.com/avatars/1158045973369593856/b2645d6cde0a401682204bea2d404c0d.png"},"point":183},{"user":{"uid":63,"userid":52,"name":"noble","avatar":""},"point":149}],"fma":[{"user":{"uid":5,"userid":3,"name":"{Wild Hogz} Dennisthe8th","avatar":"https://cdn.discordapp.com/avatars/575015095894016014/69fc086441725970662f0b9ba9bf5e32.png"},"point":4766},{"user":{"uid":56,"userid":45,"name":"{Wild Hogz} jbica","avatar":"https://cdn.discordapp.com/avatars/394272398930739212/488d03490a2359e57a3622544f8bbba2.png"},"point":2688},{"user":{"uid":46,"userid":37,"name":"MysticalKief","avatar":"https://static.truckersmp.com/avatarsN/5392881.1708315948.jpeg"},"point":1864},{"user":{"uid":62,"userid":51,"name":"{Wild Hogz} Quietly","avatar":"https://cdn.discordapp.com/avatars/868245424748789780/8a1ab23c30376d3abf61f312883016ee.png"},"point":1662},{"user":{"uid":1,"userid":1,"name":"{Wild Hogz} Chappy1225","avatar":"https://cdn.discordapp.com/avatars/480244047311667201/b51db2fc9e7e314933519021bee4ae3e.png"},"point":1340},{"user":{"uid":9,"userid":7,"name":"{Wild Hogz} TACOMAN","avatar":"https://cdn.discordapp.com/avatars/935175174700040252/03b7f8a6f6208443dd4eaabd052edd16.png"},"point":1212},{"user":{"uid":64,"userid":53,"name":"{Wild Hogz} Lango2K","avatar":"https://cdn.discordapp.com/avatars/155344631628824586/23ae01fa02a7351bf040e2ffcceedb95.png"},"point":752},{"user":{"uid":55,"userid":44,"name":"{Wild Hogz} Foxtrot513","avatar":"https://cdn.discordapp.com/avatars/674350818563981362/e9606d17e61ead62929e28429589f871.png"},"point":671},{"user":{"uid":12,"userid":10,"name":"{Wild Hogz} soulsmasher6666","avatar":"https://cdn.discordapp.com/avatars/1158045973369593856/b2645d6cde0a401682204bea2d404c0d.png"},"point":183},{"user":{"uid":63,"userid":52,"name":"noble","avatar":""},"point":149},{"user":{"uid":7,"userid":5,"name":"{Wild Hogz} Jacket","avatar":"https://cdn.discordapp.com/avatars/111638504500408320/880678f246665808c2165f5f693b72cd.png"},"point":50}]}