{"fmd":[{"user":{"uid":1316,"userid":807,"name":"Gota","avatar":"https://cdn.discordapp.com/avatars/167291299693723648/beb31f691ab4478e3268181a76f3a451.png"},"point":2719},{"user":{"uid":1373,"userid":841,"name":"gille9216","avatar":""},"point":2590},{"user":{"uid":1357,"userid":831,"name":"Rebeloutlaw22","avatar":"https://cdn.discordapp.com/avatars/1052542962099294260/70497e59123a80469a7f1a46dbd6a16b.png"},"point":2355},{"user":{"uid":1347,"userid":826,"name":"casualsunday","avatar":"https://cdn.discordapp.com/avatars/288689627584528384/2cd8a1252e40aa264b166905132d8746.png"},"point":2109},{"user":{"uid":1300,"userid":797,"name":"Lucas","avatar":"https://cdn.discordapp.com/avatars/394462499342254091/1dcd14961b9d6bd7028b0ffafbfff29c.png"},"point":1718},{"user":{"uid":159,"userid":312,"name":"SugarFr33","avatar":"https://cdn.discordapp.com/avatars/201772157087383553/f9067034f4df1893aef1e1bf739998d1.png"},"point":1524},{"user":{"uid":1039,"userid":637,"name":"Dutchman6149","avatar":"https://cdn.discordapp.com/avatars/1089970918169776317/518899061d0c7aa71638cf2a46dfa547.png"},"point":1492},{"user":{"uid":1211,"userid":741,"name":"DoDs","avatar":"https://cdn.discordapp.com/avatars/806922722394374164/37a43e1273ed1261485ba383db51415f.png"},"point":1182},{"user":{"uid":1097,"userid":670,"name":"Ramin Tanuwong [TH]","avatar":"https://static.truckersmp.com/avatarsN/3757199.1645214262.jpg"},"point":1039},{"user":{"uid":1026,"userid":630,"name":"Sehi","avatar":"https://cdn.discordapp.com/avatars/644522714916192275/4a28c46532b59c013ed5e9a3801e4a0c.png"},"point":1036},{"user":{"uid":1363,"userid":835,"name":"Turi","avatar":"https://cdn.discordapp.com/avatars/1079436644983259248/b94788027a44b9230b6ede1b81637e9e.png"},"point":1019},{"user":{"uid":1034,"userid":635,"name":"Fox_Bot","avatar":"https://cdn.discordapp.com/avatars/673289306424475659/6760c43d2e087fd99eeef160473251a3.png"},"point":927},{"user":{"uid":1355,"userid":829,"name":"TheStolenHydra","avatar":"https://cdn.discordapp.com/avatars/114642060383879170/66141443e620e4cd7b5a7e32f33d4f5f.png"},"point":555},{"user":{"uid":1274,"userid":781,"name":"Damon L.","avatar":"https://cdn.discordapp.com/avatars/232115847756382208/05d4ae0cc6e2512f699421321283352c.png"},"point":511},{"user":{"uid":7,"userid":605,"name":"BoZo","avatar":"https://cdn.discordapp.com/avatars/1113580915684278282/6ef7669e784dabec7bdea51b55266319.png"},"point":333},{"user":{"uid":494,"userid":361,"name":"Alpha","avatar":"https://cdn.discordapp.com/avatars/1063397515149455423/371d081952e74ccdc6f23925074dd094.png"},"point":268}],"fma":[{"user":{"uid":1316,"userid":807,"name":"Gota","avatar":"https://cdn.discordapp.com/avatars/167291299693723648/beb31f691ab4478e3268181a76f3a451.png"},"point":45828},{"user":{"uid":119,"userid":258,"name":"LordLegend","avatar":"https://cdn.discordapp.com/avatars/507573290995417108/294e2517c647c3c8703945fbc200afcd.png"},"point":42756},{"user":{"uid":1026,"userid":630,"name":"Sehi","avatar":"https://cdn.discordapp.com/avatars/644522714916192275/4a28c46532b59c013ed5e9a3801e4a0c.png"},"point":42655},{"user":{"uid":1097,"userid":670,"name":"Ramin Tanuwong [TH]","avatar":"https://static.truckersmp.com/avatarsN/3757199.1645214262.jpg"},"point":41928},{"user":{"uid":1373,"userid":841,"name":"gille9216","avatar":""},"point":2669},{"user":{"uid":1357,"userid":831,"name":"Rebeloutlaw22","avatar":"https://cdn.discordapp.com/avatars/1052542962099294260/70497e59123a80469a7f1a46dbd6a16b.png"},"point":2626},{"user":{"uid":1347,"userid":826,"name":"casualsunday","avatar":"https://cdn.discordapp.com/avatars/288689627584528384/2cd8a1252e40aa264b166905132d8746.png"},"point":2193},{"user":{"uid":1300,"userid":797,"name":"Lucas","avatar":"https://cdn.discordapp.com/avatars/394462499342254091/1dcd14961b9d6bd7028b0ffafbfff29c.png"},"point":1840},{"user":{"uid":924,"userid":576,"name":"🌈Hearty_Laces🌈They/Them","avatar":"https://cdn.discordapp.com/avatars/461978281906929675/9128b3d5991d797b2e4060e71c4c5f41.png"},"point":1774},{"user":{"uid":1039,"userid":637,"name":"Dutchman6149","avatar":"https://cdn.discordapp.com/avatars/1089970918169776317/518899061d0c7aa71638cf2a46dfa547.png"},"point":1664},{"user":{"uid":159,"userid":312,"name":"SugarFr33","avatar":"https://cdn.discordapp.com/avatars/201772157087383553/f9067034f4df1893aef1e1bf739998d1.png"},"point":1653},{"user":{"uid":1211,"userid":741,"name":"DoDs","avatar":"https://cdn.discordapp.com/avatars/806922722394374164/37a43e1273ed1261485ba383db51415f.png"},"point":1247},{"user":{"uid":1363,"userid":835,"name":"Turi","avatar":"https://cdn.discordapp.com/avatars/1079436644983259248/b94788027a44b9230b6ede1b81637e9e.png"},"point":1065},{"user":{"uid":1034,"userid":635,"name":"Fox_Bot","avatar":"https://cdn.discordapp.com/avatars/673289306424475659/6760c43d2e087fd99eeef160473251a3.png"},"point":1000},{"user":{"uid":494,"userid":361,"name":"Alpha","avatar":"https://cdn.discordapp.com/avatars/1063397515149455423/371d081952e74ccdc6f23925074dd094.png"},"point":768},{"user":{"uid":1105,"userid":675,"name":"Jack3D60","avatar":"https://cdn.discordapp.com/avatars/805496381754048572/bcf10ae824b274e1c532971dcb857977.png"},"point":717},{"user":{"uid":1355,"userid":829,"name":"TheStolenHydra","avatar":"https://cdn.discordapp.com/avatars/114642060383879170/66141443e620e4cd7b5a7e32f33d4f5f.png"},"point":574},{"user":{"uid":1274,"userid":781,"name":"Damon L.","avatar":"https://cdn.discordapp.com/avatars/232115847756382208/05d4ae0cc6e2512f699421321283352c.png"},"point":549},{"user":{"uid":7,"userid":605,"name":"BoZo","avatar":"https://cdn.discordapp.com/avatars/1113580915684278282/6ef7669e784dabec7bdea51b55266319.png"},"point":333}]}