{"fmd":[{"user":{"uid":178,"userid":142,"name":"Kai'Sa☆UnSyn Amagiri","avatar":"https://cdn.discordapp.com/avatars/234026448229367809/a_a2cced552ecc21def284898c94c650f5.gif"},"point":4655},{"user":{"uid":96,"userid":120,"name":"Pattarapon","avatar":"https://cdn.discordapp.com/avatars/687263407417720832/a_b7ede9d49dc998aecb68c07992055092.gif"},"point":4131},{"user":{"uid":204,"userid":155,"name":"Xenon_25","avatar":"https://avatars.steamstatic.com/8dfe278c7493b6984540e57ecd57b791df13841e_full.jpg"},"point":2410},{"user":{"uid":448,"userid":243,"name":"zeydox916","avatar":"https://cdn.discordapp.com/avatars/408691397345148929/d0e65576034b590e019ac69b962815a3.png"},"point":1545},{"user":{"uid":364,"userid":215,"name":"[MCG] Danish_v8","avatar":"https://static.truckersmp.com/avatarsN/3882826.1651322428.jpg"},"point":1348},{"user":{"uid":341,"userid":211,"name":"thanhhuy","avatar":"https://cdn.discordapp.com/avatars/440698992041525260/ef5aaadaa5bf0c9256cd5d61eb370755.png"},"point":1025},{"user":{"uid":58,"userid":65,"name":"_Noah23_","avatar":"https://cdn.discordapp.com/avatars/543895412432699412/cf39ba207e4f280090a5bf7f6e6f043d.png"},"point":987},{"user":{"uid":300,"userid":197,"name":"zeup.langton","avatar":"https://cdn.discordapp.com/avatars/221167310986149888/3a5e16a8c7d7118cd586f6c28c2110df.png"},"point":947},{"user":{"uid":421,"userid":233,"name":"Lefoux","avatar":"https://cdn.discordapp.com/avatars/859833212033564675/49340ceb0fd24171d8f5d92bf60ee617.png"},"point":560},{"user":{"uid":104,"userid":128,"name":"Jablko 47","avatar":"https://cdn.discordapp.com/avatars/496659970696282112/c598da5e3493f03048d4831a1b806273.png"},"point":556},{"user":{"uid":211,"userid":160,"name":"human?","avatar":"https://cdn.discordapp.com/avatars/698752151073194015/e626fce336d1295ab98959c084394e8b.png"},"point":477},{"user":{"uid":409,"userid":226,"name":"𝙽𝙴𝚆𝚃𝚈𝙿𝙴𝚂","avatar":"https://cdn.discordapp.com/avatars/624501922531115019/720e6c9072e99985cd234df4183376af.png"},"point":291},{"user":{"uid":452,"userid":244,"name":"xihoヅ","avatar":"https://cdn.discordapp.com/avatars/571002754877882369/9cd9d3d0a42510c5a2426a3e6f230b19.png"},"point":247}],"fma":[{"user":{"uid":178,"userid":142,"name":"Kai'Sa☆UnSyn Amagiri","avatar":"https://cdn.discordapp.com/avatars/234026448229367809/a_a2cced552ecc21def284898c94c650f5.gif"},"point":4655},{"user":{"uid":96,"userid":120,"name":"Pattarapon","avatar":"https://cdn.discordapp.com/avatars/687263407417720832/a_b7ede9d49dc998aecb68c07992055092.gif"},"point":4131},{"user":{"uid":204,"userid":155,"name":"Xenon_25","avatar":"https://avatars.steamstatic.com/8dfe278c7493b6984540e57ecd57b791df13841e_full.jpg"},"point":2410},{"user":{"uid":448,"userid":243,"name":"zeydox916","avatar":"https://cdn.discordapp.com/avatars/408691397345148929/d0e65576034b590e019ac69b962815a3.png"},"point":1545},{"user":{"uid":364,"userid":215,"name":"[MCG] Danish_v8","avatar":"https://static.truckersmp.com/avatarsN/3882826.1651322428.jpg"},"point":1348},{"user":{"uid":341,"userid":211,"name":"thanhhuy","avatar":"https://cdn.discordapp.com/avatars/440698992041525260/ef5aaadaa5bf0c9256cd5d61eb370755.png"},"point":1025},{"user":{"uid":58,"userid":65,"name":"_Noah23_","avatar":"https://cdn.discordapp.com/avatars/543895412432699412/cf39ba207e4f280090a5bf7f6e6f043d.png"},"point":987},{"user":{"uid":300,"userid":197,"name":"zeup.langton","avatar":"https://cdn.discordapp.com/avatars/221167310986149888/3a5e16a8c7d7118cd586f6c28c2110df.png"},"point":947},{"user":{"uid":421,"userid":233,"name":"Lefoux","avatar":"https://cdn.discordapp.com/avatars/859833212033564675/49340ceb0fd24171d8f5d92bf60ee617.png"},"point":560},{"user":{"uid":104,"userid":128,"name":"Jablko 47","avatar":"https://cdn.discordapp.com/avatars/496659970696282112/c598da5e3493f03048d4831a1b806273.png"},"point":556},{"user":{"uid":211,"userid":160,"name":"human?","avatar":"https://cdn.discordapp.com/avatars/698752151073194015/e626fce336d1295ab98959c084394e8b.png"},"point":477},{"user":{"uid":409,"userid":226,"name":"𝙽𝙴𝚆𝚃𝚈𝙿𝙴𝚂","avatar":"https://cdn.discordapp.com/avatars/624501922531115019/720e6c9072e99985cd234df4183376af.png"},"point":291},{"user":{"uid":452,"userid":244,"name":"xihoヅ","avatar":"https://cdn.discordapp.com/avatars/571002754877882369/9cd9d3d0a42510c5a2426a3e6f230b19.png"},"point":247}]}