{"fmd":[{"user":{"uid":20,"userid":18,"name":"Fate | 𝑬𝑩𝑵 𝒀𝑨𝑺𝑺𝑰𝑬𝑵","avatar":"https://cdn.discordapp.com/avatars/810634801371021312/9eb6c2d42cc4c8fdef9d67fb34e3664b.png"},"point":9234},{"user":{"uid":25,"userid":21,"name":"Mo kamal","avatar":"https://avatars.steamstatic.com/f865025db7f5971657f364d03aab4589b58e7976_full.jpg"},"point":2463},{"user":{"uid":45,"userid":41,"name":"Fate I Kareem Rashad","avatar":"https://cdn.discordapp.com/avatars/952581067687206994/031938f413aa0688d5aabfeeb350a7b9.png"},"point":1453},{"user":{"uid":33,"userid":29,"name":"Fate | SAFA7","avatar":"https://cdn.discordapp.com/avatars/1183883596218499104/6cd33aedab87e380426f1105b9f2195f.png"},"point":1452},{"user":{"uid":18,"userid":17,"name":"Ismailali","avatar":"https://static.truckersmp.com/avatarsN/5215089.1705341903.jpeg"},"point":827},{"user":{"uid":29,"userid":28,"name":"Fate | Salah","avatar":"https://cdn.discordapp.com/avatars/803759858343346196/f65b198885829f9f2205e31777422ec0.png"},"point":138}],"fma":[{"user":{"uid":20,"userid":18,"name":"Fate | 𝑬𝑩𝑵 𝒀𝑨𝑺𝑺𝑰𝑬𝑵","avatar":"https://cdn.discordapp.com/avatars/810634801371021312/9eb6c2d42cc4c8fdef9d67fb34e3664b.png"},"point":9234},{"user":{"uid":25,"userid":21,"name":"Mo kamal","avatar":"https://avatars.steamstatic.com/f865025db7f5971657f364d03aab4589b58e7976_full.jpg"},"point":2563},{"user":{"uid":45,"userid":41,"name":"Fate I Kareem Rashad","avatar":"https://cdn.discordapp.com/avatars/952581067687206994/031938f413aa0688d5aabfeeb350a7b9.png"},"point":1453},{"user":{"uid":33,"userid":29,"name":"Fate | SAFA7","avatar":"https://cdn.discordapp.com/avatars/1183883596218499104/6cd33aedab87e380426f1105b9f2195f.png"},"point":1452},{"user":{"uid":18,"userid":17,"name":"Ismailali","avatar":"https://static.truckersmp.com/avatarsN/5215089.1705341903.jpeg"},"point":827},{"user":{"uid":29,"userid":28,"name":"Fate | Salah","avatar":"https://cdn.discordapp.com/avatars/803759858343346196/f65b198885829f9f2205e31777422ec0.png"},"point":138}]}