{"fmd":[{"user":{"uid":274,"userid":228,"name":"{FLG}AgentKire1987","avatar":"https://cdn.discordapp.com/avatars/425001789624942593/3820bba9111760526008ac24fcd99251.png"},"point":6687},{"user":{"uid":36,"userid":82,"name":"SchakalGER","avatar":"https://cdn.discordapp.com/avatars/328243784703803413/0815cbf6b00e890a8030cd7d0042d596.png"},"point":5148},{"user":{"uid":272,"userid":227,"name":"Pfindus","avatar":"https://static.truckersmp.com/avatarsN/4311053.1710660288.png"},"point":3154},{"user":{"uid":192,"userid":218,"name":"Pepe7530","avatar":"https://cdn.discordapp.com/avatars/264676607032033280/162a9ff3830854a226bbd190e2ad07ff.png"},"point":2900},{"user":{"uid":152,"userid":135,"name":"manu7432","avatar":"https://cdn.discordapp.com/avatars/1024735246249373777/cef1115e757e0b8944a70bcd74e63455.png"},"point":2867},{"user":{"uid":121,"userid":108,"name":"Maxl931","avatar":"https://cdn.discordapp.com/avatars/663414831239528468/319a0b0939774c10d6c0b6c9d711393c.png"},"point":2354},{"user":{"uid":154,"userid":137,"name":"gamezocker300","avatar":"https://cdn.discordapp.com/avatars/571059962831437860/3e7f16a5afefd61b70d4bf5711255b89.png"},"point":2287},{"user":{"uid":194,"userid":188,"name":"[FLG] derMicha","avatar":"https://cdn.discordapp.com/avatars/951482086072660018/6f6fb9e5f328bec8c769d872bed5109a.png"},"point":2115},{"user":{"uid":18,"userid":16,"name":"teufelsfrucht","avatar":"https://cdn.discordapp.com/avatars/910595374702551050/061f37845160435b7e85a1e913491524.png"},"point":2053},{"user":{"uid":148,"userid":145,"name":"weisserkreuzer","avatar":"https://cdn.discordapp.com/avatars/303094283752308737/651be3b81b2b904cd1112f8501fd2e49.png"},"point":1644},{"user":{"uid":43,"userid":31,"name":"[GER]Christian","avatar":"https://static.truckersmp.com/avatarsN/196694.1705792859.png"},"point":1511},{"user":{"uid":21,"userid":18,"name":"Gregory","avatar":"https://cdn.discordapp.com/avatars/650421299323338762/dae0258c1a7c95a73bdcbd75db3db5d4.png"},"point":1242},{"user":{"uid":59,"userid":48,"name":"Patrick","avatar":"https://cdn.discordapp.com/avatars/408688712223031306/0cfcbf6ba2fb06d7f4ef39a9d5f8f496.png"},"point":1242},{"user":{"uid":31,"userid":36,"name":"Tedpli","avatar":"https://cdn.discordapp.com/avatars/501065020088647690/37ac2db1efd93758a8680c6c9ce7abc8.png"},"point":891},{"user":{"uid":9,"userid":5,"name":"Fast-rider","avatar":"https://static.truckersmp.com/avatarsN/4041389.1709222265.png"},"point":791},{"user":{"uid":139,"userid":127,"name":"SturmNudelLP (PC)","avatar":"https://cdn.discordapp.com/avatars/686996505550258225/9fdc874a2ccce42bee7c48ef3ab9c80a.png"},"point":634},{"user":{"uid":189,"userid":163,"name":"Buli","avatar":"https://cdn.discordapp.com/avatars/629270185832087554/e2b4f0d3384c8be7e0dd0d644fe591f2.png"},"point":513},{"user":{"uid":271,"userid":226,"name":"HUNDabc","avatar":"https://cdn.discordapp.com/avatars/1217559937761415349/5cd1c0be937399ad7c92aad2cdf437ab.png"},"point":485},{"user":{"uid":261,"userid":214,"name":"Bergsen","avatar":"https://cdn.discordapp.com/avatars/432550604926091264/eae2252bca344b1468789fef4e5defee.png"},"point":393},{"user":{"uid":167,"userid":149,"name":"Devsk1892","avatar":"https://cdn.discordapp.com/avatars/891260417769340938/f261339ca8cd7c6a0aa5b3abe83602be.png"},"point":352},{"user":{"uid":247,"userid":202,"name":"León","avatar":"https://cdn.discordapp.com/avatars/747870615993712755/00078f462acf73fcd0937e7e95bc3949.png"},"point":308},{"user":{"uid":143,"userid":128,"name":"SchnellerFuchs","avatar":"https://static.truckersmp.com/avatarsN/1121622.1706114410.png"},"point":247},{"user":{"uid":252,"userid":205,"name":"Wutan Fall","avatar":"https://cdn.discordapp.com/avatars/204296481715388426/eb0c97b37333a5aef73f6cd7875bc750.png"},"point":247}],"fma":[{"user":{"uid":274,"userid":228,"name":"{FLG}AgentKire1987","avatar":"https://cdn.discordapp.com/avatars/425001789624942593/3820bba9111760526008ac24fcd99251.png"},"point":6687},{"user":{"uid":36,"userid":82,"name":"SchakalGER","avatar":"https://cdn.discordapp.com/avatars/328243784703803413/0815cbf6b00e890a8030cd7d0042d596.png"},"point":5148},{"user":{"uid":272,"userid":227,"name":"Pfindus","avatar":"https://static.truckersmp.com/avatarsN/4311053.1710660288.png"},"point":3154},{"user":{"uid":192,"userid":218,"name":"Pepe7530","avatar":"https://cdn.discordapp.com/avatars/264676607032033280/162a9ff3830854a226bbd190e2ad07ff.png"},"point":2900},{"user":{"uid":152,"userid":135,"name":"manu7432","avatar":"https://cdn.discordapp.com/avatars/1024735246249373777/cef1115e757e0b8944a70bcd74e63455.png"},"point":2867},{"user":{"uid":121,"userid":108,"name":"Maxl931","avatar":"https://cdn.discordapp.com/avatars/663414831239528468/319a0b0939774c10d6c0b6c9d711393c.png"},"point":2354},{"user":{"uid":154,"userid":137,"name":"gamezocker300","avatar":"https://cdn.discordapp.com/avatars/571059962831437860/3e7f16a5afefd61b70d4bf5711255b89.png"},"point":2287},{"user":{"uid":194,"userid":188,"name":"[FLG] derMicha","avatar":"https://cdn.discordapp.com/avatars/951482086072660018/6f6fb9e5f328bec8c769d872bed5109a.png"},"point":2115},{"user":{"uid":18,"userid":16,"name":"teufelsfrucht","avatar":"https://cdn.discordapp.com/avatars/910595374702551050/061f37845160435b7e85a1e913491524.png"},"point":2053},{"user":{"uid":148,"userid":145,"name":"weisserkreuzer","avatar":"https://cdn.discordapp.com/avatars/303094283752308737/651be3b81b2b904cd1112f8501fd2e49.png"},"point":1644},{"user":{"uid":43,"userid":31,"name":"[GER]Christian","avatar":"https://static.truckersmp.com/avatarsN/196694.1705792859.png"},"point":1511},{"user":{"uid":21,"userid":18,"name":"Gregory","avatar":"https://cdn.discordapp.com/avatars/650421299323338762/dae0258c1a7c95a73bdcbd75db3db5d4.png"},"point":1242},{"user":{"uid":59,"userid":48,"name":"Patrick","avatar":"https://cdn.discordapp.com/avatars/408688712223031306/0cfcbf6ba2fb06d7f4ef39a9d5f8f496.png"},"point":1242},{"user":{"uid":31,"userid":36,"name":"Tedpli","avatar":"https://cdn.discordapp.com/avatars/501065020088647690/37ac2db1efd93758a8680c6c9ce7abc8.png"},"point":891},{"user":{"uid":9,"userid":5,"name":"Fast-rider","avatar":"https://static.truckersmp.com/avatarsN/4041389.1709222265.png"},"point":791},{"user":{"uid":139,"userid":127,"name":"SturmNudelLP (PC)","avatar":"https://cdn.discordapp.com/avatars/686996505550258225/9fdc874a2ccce42bee7c48ef3ab9c80a.png"},"point":634},{"user":{"uid":189,"userid":163,"name":"Buli","avatar":"https://cdn.discordapp.com/avatars/629270185832087554/e2b4f0d3384c8be7e0dd0d644fe591f2.png"},"point":513},{"user":{"uid":271,"userid":226,"name":"HUNDabc","avatar":"https://cdn.discordapp.com/avatars/1217559937761415349/5cd1c0be937399ad7c92aad2cdf437ab.png"},"point":485},{"user":{"uid":261,"userid":214,"name":"Bergsen","avatar":"https://cdn.discordapp.com/avatars/432550604926091264/eae2252bca344b1468789fef4e5defee.png"},"point":393},{"user":{"uid":167,"userid":149,"name":"Devsk1892","avatar":"https://cdn.discordapp.com/avatars/891260417769340938/f261339ca8cd7c6a0aa5b3abe83602be.png"},"point":352},{"user":{"uid":247,"userid":202,"name":"León","avatar":"https://cdn.discordapp.com/avatars/747870615993712755/00078f462acf73fcd0937e7e95bc3949.png"},"point":308},{"user":{"uid":143,"userid":128,"name":"SchnellerFuchs","avatar":"https://static.truckersmp.com/avatarsN/1121622.1706114410.png"},"point":247},{"user":{"uid":252,"userid":205,"name":"Wutan Fall","avatar":"https://cdn.discordapp.com/avatars/204296481715388426/eb0c97b37333a5aef73f6cd7875bc750.png"},"point":247}]}