{"fmd":[{"user":{"uid":30,"userid":35,"name":"GB | Mikey [20]","avatar":"https://cdn.discordapp.com/avatars/359045731048357888/a_e27f09c576944cb47196bcc128001deb.gif"},"point":522},{"user":{"uid":13,"userid":13,"name":"LOA | Caner [40]","avatar":"https://cdn.discordapp.com/avatars/644261578392469534/fbb3347356714ef7d3ab0443c54c3929.png"},"point":407},{"user":{"uid":3,"userid":2,"name":"GB |     M.Faruk {21}","avatar":"https://cdn.discordapp.com/avatars/284769507271245825/a_f4d7f890b3d45b4fcc2acc412335e13a.gif"},"point":370}],"fma":[{"user":{"uid":30,"userid":35,"name":"GB | Mikey [20]","avatar":"https://cdn.discordapp.com/avatars/359045731048357888/a_e27f09c576944cb47196bcc128001deb.gif"},"point":603},{"user":{"uid":13,"userid":13,"name":"LOA | Caner [40]","avatar":"https://cdn.discordapp.com/avatars/644261578392469534/fbb3347356714ef7d3ab0443c54c3929.png"},"point":407},{"user":{"uid":3,"userid":2,"name":"GB |     M.Faruk {21}","avatar":"https://cdn.discordapp.com/avatars/284769507271245825/a_f4d7f890b3d45b4fcc2acc412335e13a.gif"},"point":370}]}