{"fmd":[{"user":{"uid":593,"userid":478,"name":"AZV9","avatar":"https://cdn.discordapp.com/avatars/379023177214590986/5dd1975bdc9d6b3ab0b192d2903aefc4.png"},"point":2194},{"user":{"uid":203,"userid":194,"name":"Sajen","avatar":"https://cdn.discordapp.com/avatars/461624630143352832/a_c84fcd98ea86e5f707a383530a5bb0ef.gif"},"point":2044},{"user":{"uid":427,"userid":353,"name":"Versthappening","avatar":"https://cdn.discordapp.com/avatars/851032564801077258/b6762130b06d88078b10d519887e731b.png"},"point":1699},{"user":{"uid":596,"userid":480,"name":"proximirones","avatar":"https://cdn.discordapp.com/avatars/830886800398221393/0a65872022ee1b3452cc03b312d8a67c.png"},"point":1250},{"user":{"uid":4,"userid":7,"name":"Sang0kas","avatar":"https://cdn.discordapp.com/avatars/327061419818352641/f17a95aa48e93697f0853d91d0dd2a5f.png"},"point":813},{"user":{"uid":456,"userid":374,"name":"Jaroslavan1","avatar":"https://static.truckersmp.com/avatarsN/defaultavatar.png"},"point":595},{"user":{"uid":516,"userid":417,"name":"Ravsh1k","avatar":"https://cdn.discordapp.com/avatars/901846074740858890/775a54f0f101fa2eb9b9fb54ad87ce55.png"},"point":556},{"user":{"uid":599,"userid":482,"name":"dood51","avatar":"https://cdn.discordapp.com/avatars/1215977765778489364/e2e4afccd7e82bb48dc1b4e183cb9feb.png"},"point":128},{"user":{"uid":476,"userid":389,"name":"MaD_mAn","avatar":"https://cdn.discordapp.com/avatars/533653882094616586/a_8531dafbb50f6022a788fa07891b84c4.gif"},"point":0},{"user":{"uid":579,"userid":466,"name":"pieter.64","avatar":"https://cdn.discordapp.com/avatars/324877891852828683/00632119b31752fcb8171bbb4279d1f8.png"},"point":0}],"fma":[{"user":{"uid":593,"userid":478,"name":"AZV9","avatar":"https://cdn.discordapp.com/avatars/379023177214590986/5dd1975bdc9d6b3ab0b192d2903aefc4.png"},"point":2194},{"user":{"uid":427,"userid":353,"name":"Versthappening","avatar":"https://cdn.discordapp.com/avatars/851032564801077258/b6762130b06d88078b10d519887e731b.png"},"point":2189},{"user":{"uid":596,"userid":480,"name":"proximirones","avatar":"https://cdn.discordapp.com/avatars/830886800398221393/0a65872022ee1b3452cc03b312d8a67c.png"},"point":2140},{"user":{"uid":203,"userid":194,"name":"Sajen","avatar":"https://cdn.discordapp.com/avatars/461624630143352832/a_c84fcd98ea86e5f707a383530a5bb0ef.gif"},"point":2044},{"user":{"uid":516,"userid":417,"name":"Ravsh1k","avatar":"https://cdn.discordapp.com/avatars/901846074740858890/775a54f0f101fa2eb9b9fb54ad87ce55.png"},"point":1163},{"user":{"uid":396,"userid":331,"name":"Lucas","avatar":"https://cdn.discordapp.com/avatars/1004644388888117258/40f0905fcd22843d4e831fa18fc7576d.png"},"point":904},{"user":{"uid":4,"userid":7,"name":"Sang0kas","avatar":"https://cdn.discordapp.com/avatars/327061419818352641/f17a95aa48e93697f0853d91d0dd2a5f.png"},"point":813},{"user":{"uid":456,"userid":374,"name":"Jaroslavan1","avatar":"https://static.truckersmp.com/avatarsN/defaultavatar.png"},"point":595},{"user":{"uid":458,"userid":377,"name":"LordCancer420","avatar":"https://cdn.discordapp.com/avatars/412529924805492756/38365841d4eaa1db7d73bc11bc478124.png"},"point":500},{"user":{"uid":592,"userid":477,"name":"Demiurge","avatar":"https://cdn.discordapp.com/avatars/793155312005546004/09da0a385522c8736aedcdc2cb118d4c.png"},"point":400},{"user":{"uid":599,"userid":482,"name":"dood51","avatar":"https://cdn.discordapp.com/avatars/1215977765778489364/e2e4afccd7e82bb48dc1b4e183cb9feb.png"},"point":128},{"user":{"uid":476,"userid":389,"name":"MaD_mAn","avatar":"https://cdn.discordapp.com/avatars/533653882094616586/a_8531dafbb50f6022a788fa07891b84c4.gif"},"point":0},{"user":{"uid":579,"userid":466,"name":"pieter.64","avatar":"https://cdn.discordapp.com/avatars/324877891852828683/00632119b31752fcb8171bbb4279d1f8.png"},"point":0}]}