{"fmd":[{"user":{"uid":161,"userid":134,"name":"(DR) colvie","avatar":"https://cdn.discordapp.com/avatars/401489800013676545/86bff531bf2c8b036c06a8de1e90b364.png"},"point":4848},{"user":{"uid":55,"userid":44,"name":"(DR)  Dougie","avatar":"https://cdn.discordapp.com/avatars/297388374409347072/4d61d8619083a93069be006fc82fdeb8.png"},"point":4076},{"user":{"uid":118,"userid":96,"name":"(DR) ST1G","avatar":"https://cdn.discordapp.com/avatars/515890400494616608/f4bac7aef316082f7bad4fcbb6b39570.png"},"point":3529},{"user":{"uid":162,"userid":135,"name":"(DR) KyleJD","avatar":"https://cdn.discordapp.com/avatars/409483259471462401/7eb13975afe47d1771b417a7419cccee.png"},"point":3249},{"user":{"uid":157,"userid":130,"name":"(DR) Sparky92","avatar":"https://cdn.discordapp.com/avatars/473576104112947200/6cbb0a2f6d2be214938b423e02ea7c71.png"},"point":1792},{"user":{"uid":170,"userid":143,"name":"(DR) Achay","avatar":"https://cdn.discordapp.com/avatars/677239494310887435/c44c872a0347d956f56e2d5f575b79b9.png"},"point":1121},{"user":{"uid":176,"userid":149,"name":"(DRT) Copey7503","avatar":"https://cdn.discordapp.com/avatars/424390191256567808/14d5d86cdb30dc4c281a7040d80f6337.png"},"point":967},{"user":{"uid":1,"userid":0,"name":"(Owner) Essex","avatar":"https://cdn.discordapp.com/avatars/986728515892285461/a_c4301bd78f1d1d60c25f66672af89a9a.gif"},"point":506},{"user":{"uid":142,"userid":116,"name":"(MD) Leadervaf","avatar":"https://cdn.discordapp.com/avatars/621386924556550166/dfe8de3b1406b5055afa4e4d72c020a8.png"},"point":442},{"user":{"uid":175,"userid":148,"name":"(DRT) Prestimoin","avatar":"https://cdn.discordapp.com/avatars/635946792143421472/3d42f6ebd096c1bb1a69d2314f316763.png"},"point":327},{"user":{"uid":80,"userid":67,"name":"LOA (CCS | MD)Jordiiee","avatar":"https://cdn.discordapp.com/avatars/1145831014975950993/041a309be9e8ea34bfeb8416fb771238.png"},"point":0},{"user":{"uid":152,"userid":125,"name":"(DR) driftakisa vadi kesha","avatar":"https://cdn.discordapp.com/avatars/1127995075436220517/cebc2b721a8810bb26009529a3bec870.png"},"point":0}],"fma":[{"user":{"uid":161,"userid":134,"name":"(DR) colvie","avatar":"https://cdn.discordapp.com/avatars/401489800013676545/86bff531bf2c8b036c06a8de1e90b364.png"},"point":5498},{"user":{"uid":55,"userid":44,"name":"(DR)  Dougie","avatar":"https://cdn.discordapp.com/avatars/297388374409347072/4d61d8619083a93069be006fc82fdeb8.png"},"point":4076},{"user":{"uid":118,"userid":96,"name":"(DR) ST1G","avatar":"https://cdn.discordapp.com/avatars/515890400494616608/f4bac7aef316082f7bad4fcbb6b39570.png"},"point":3949},{"user":{"uid":162,"userid":135,"name":"(DR) KyleJD","avatar":"https://cdn.discordapp.com/avatars/409483259471462401/7eb13975afe47d1771b417a7419cccee.png"},"point":3849},{"user":{"uid":157,"userid":130,"name":"(DR) Sparky92","avatar":"https://cdn.discordapp.com/avatars/473576104112947200/6cbb0a2f6d2be214938b423e02ea7c71.png"},"point":2012},{"user":{"uid":170,"userid":143,"name":"(DR) Achay","avatar":"https://cdn.discordapp.com/avatars/677239494310887435/c44c872a0347d956f56e2d5f575b79b9.png"},"point":1121},{"user":{"uid":176,"userid":149,"name":"(DRT) Copey7503","avatar":"https://cdn.discordapp.com/avatars/424390191256567808/14d5d86cdb30dc4c281a7040d80f6337.png"},"point":987},{"user":{"uid":1,"userid":0,"name":"(Owner) Essex","avatar":"https://cdn.discordapp.com/avatars/986728515892285461/a_c4301bd78f1d1d60c25f66672af89a9a.gif"},"point":726},{"user":{"uid":142,"userid":116,"name":"(MD) Leadervaf","avatar":"https://cdn.discordapp.com/avatars/621386924556550166/dfe8de3b1406b5055afa4e4d72c020a8.png"},"point":442},{"user":{"uid":175,"userid":148,"name":"(DRT) Prestimoin","avatar":"https://cdn.discordapp.com/avatars/635946792143421472/3d42f6ebd096c1bb1a69d2314f316763.png"},"point":327},{"user":{"uid":80,"userid":67,"name":"LOA (CCS | MD)Jordiiee","avatar":"https://cdn.discordapp.com/avatars/1145831014975950993/041a309be9e8ea34bfeb8416fb771238.png"},"point":20},{"user":{"uid":6,"userid":3,"name":"(Co Owner) Angry Raptor","avatar":"https://cdn.discordapp.com/avatars/474484979548815360/6347a182410a674dfb6f831275c1b803.png"},"point":20},{"user":{"uid":81,"userid":68,"name":"LOA (MD/ET) Madtycoon421","avatar":"https://cdn.discordapp.com/avatars/992047149292470282/d1609eecec6906e44e7f4d666d72248b.png"},"point":20},{"user":{"uid":156,"userid":129,"name":"(DR) dariuss","avatar":"https://cdn.discordapp.com/avatars/941518932135776257/e7df09724419873cb015f972ea4a957e.png"},"point":20},{"user":{"uid":152,"userid":125,"name":"(DR) driftakisa vadi kesha","avatar":"https://cdn.discordapp.com/avatars/1127995075436220517/cebc2b721a8810bb26009529a3bec870.png"},"point":0}]}