{"fmd":[{"user":{"uid":3,"userid":2,"name":"Orlynsky","avatar":"https://avatars.steamstatic.com/63a4ac3dfc7c22d71119e814f4f124bde3149941_full.jpg"},"point":6284},{"user":{"uid":5,"userid":5,"name":"COO | Raull","avatar":"https://cdn.discordapp.com/avatars/1045451668709445782/cf44428a080988139cb0995c19ab461b.png"},"point":4005},{"user":{"uid":8,"userid":6,"name":"shipmate","avatar":"https://avatars.steamstatic.com/3a4bdab4c8b08247c0e12345ba110647e9464041_full.jpg"},"point":2075}],"fma":[{"user":{"uid":3,"userid":2,"name":"Orlynsky","avatar":"https://avatars.steamstatic.com/63a4ac3dfc7c22d71119e814f4f124bde3149941_full.jpg"},"point":12568},{"user":{"uid":5,"userid":5,"name":"COO | Raull","avatar":"https://cdn.discordapp.com/avatars/1045451668709445782/cf44428a080988139cb0995c19ab461b.png"},"point":8310},{"user":{"uid":8,"userid":6,"name":"shipmate","avatar":"https://avatars.steamstatic.com/3a4bdab4c8b08247c0e12345ba110647e9464041_full.jpg"},"point":4150}]}