{"fmd":[{"user":{"uid":8,"userid":6,"name":"ll iScuf ll","avatar":"https://cdn.discordapp.com/avatars/321795006178525186/a_b79d3e9a2be03b5fc4d9c795da893874.gif"},"point":16884},{"user":{"uid":148,"userid":114,"name":"olieatspringles","avatar":"https://cdn.discordapp.com/avatars/262621686929686540/8250778c986f58e084aac164b12242e7.png"},"point":5344},{"user":{"uid":176,"userid":136,"name":"Para","avatar":""},"point":4289},{"user":{"uid":194,"userid":150,"name":"_W0LFIE_","avatar":"https://cdn.discordapp.com/avatars/1153533912254009377/a5cd0bb93f2d7e40729a9cec032b1e6f.png"},"point":3373},{"user":{"uid":253,"userid":193,"name":"LucienOlijf","avatar":"https://cdn.discordapp.com/avatars/169873049674448897/f66747383622ed7a57f769e76e5c4f9e.png"},"point":2071},{"user":{"uid":259,"userid":197,"name":"I3uckfast","avatar":"https://cdn.discordapp.com/avatars/1004430807357722625/8824de375f59b95e388b5680710ead3f.png"},"point":1590},{"user":{"uid":244,"userid":188,"name":"semhettinga123","avatar":""},"point":1343},{"user":{"uid":16,"userid":13,"name":"S.C.P.-1471-A-gremlin-09-K9","avatar":"https://cdn.discordapp.com/avatars/626022532746575873/c568a43f69a0dee7c591f4036c60a4a6.png"},"point":1110},{"user":{"uid":255,"userid":195,"name":"danl","avatar":"https://cdn.discordapp.com/avatars/109097646110552064/ecc38a9d813406d64511abb2d7bb05b8.png"},"point":1048},{"user":{"uid":109,"userid":84,"name":"bigboytrains","avatar":"https://static.truckersmp.com/avatarsN/defaultavatar.png"},"point":1038},{"user":{"uid":1,"userid":1,"name":"!itsPeanutttt","avatar":"https://cdn.discordapp.com/avatars/208757218013609985/a_b8fae2196be237eb9612f9daed82c1e3.gif"},"point":814},{"user":{"uid":146,"userid":112,"name":"JENNAS JUGS","avatar":"https://cdn.discordapp.com/avatars/697145117458301013/8fc3d9c9fcb32f3b81c47ef234d1a62f.png"},"point":520},{"user":{"uid":248,"userid":191,"name":"Çako","avatar":"https://cdn.discordapp.com/avatars/443072261000527875/0f80be7a1cda56aad905872ab94d77e3.png"},"point":513},{"user":{"uid":174,"userid":134,"name":"Scottish Crowbar","avatar":"https://cdn.discordapp.com/avatars/797519024707600384/65cfe00c851aa9d7219c1b45d1862ffe.png"},"point":157},{"user":{"uid":100,"userid":75,"name":"I am KingHeet","avatar":"https://static.truckersmp.com/avatarsN/3141865.1659238151.jpeg"},"point":0},{"user":{"uid":242,"userid":185,"name":"Itmehokiledu","avatar":"https://cdn.discordapp.com/avatars/384091675997241344/c8675ddaab83431958ee30dc5605b336.png"},"point":0}],"fma":[{"user":{"uid":8,"userid":6,"name":"ll iScuf ll","avatar":"https://cdn.discordapp.com/avatars/321795006178525186/a_b79d3e9a2be03b5fc4d9c795da893874.gif"},"point":18303},{"user":{"uid":148,"userid":114,"name":"olieatspringles","avatar":"https://cdn.discordapp.com/avatars/262621686929686540/8250778c986f58e084aac164b12242e7.png"},"point":5474},{"user":{"uid":108,"userid":83,"name":"mth.","avatar":"https://cdn.discordapp.com/avatars/1048895539606978651/a_ed23bd3b02d03ccafa443faf15ff38ca.gif"},"point":4600},{"user":{"uid":176,"userid":136,"name":"Para","avatar":""},"point":4520},{"user":{"uid":194,"userid":150,"name":"_W0LFIE_","avatar":"https://cdn.discordapp.com/avatars/1153533912254009377/a5cd0bb93f2d7e40729a9cec032b1e6f.png"},"point":3595},{"user":{"uid":253,"userid":193,"name":"LucienOlijf","avatar":"https://cdn.discordapp.com/avatars/169873049674448897/f66747383622ed7a57f769e76e5c4f9e.png"},"point":2312},{"user":{"uid":259,"userid":197,"name":"I3uckfast","avatar":"https://cdn.discordapp.com/avatars/1004430807357722625/8824de375f59b95e388b5680710ead3f.png"},"point":1800},{"user":{"uid":32,"userid":21,"name":"NateNZ","avatar":"https://cdn.discordapp.com/avatars/263779798327885834/54adfd241b87dc24073b7cc175209ad7.png"},"point":1750},{"user":{"uid":109,"userid":84,"name":"bigboytrains","avatar":"https://static.truckersmp.com/avatarsN/defaultavatar.png"},"point":1532},{"user":{"uid":244,"userid":188,"name":"semhettinga123","avatar":""},"point":1469},{"user":{"uid":100,"userid":75,"name":"I am KingHeet","avatar":"https://static.truckersmp.com/avatarsN/3141865.1659238151.jpeg"},"point":1450},{"user":{"uid":134,"userid":104,"name":"Freshmuscl3","avatar":"https://static.truckersmp.com/avatarsN/5222182.1706276666.png"},"point":1250},{"user":{"uid":16,"userid":13,"name":"S.C.P.-1471-A-gremlin-09-K9","avatar":"https://cdn.discordapp.com/avatars/626022532746575873/c568a43f69a0dee7c591f4036c60a4a6.png"},"point":1229},{"user":{"uid":255,"userid":195,"name":"danl","avatar":"https://cdn.discordapp.com/avatars/109097646110552064/ecc38a9d813406d64511abb2d7bb05b8.png"},"point":1048},{"user":{"uid":1,"userid":1,"name":"!itsPeanutttt","avatar":"https://cdn.discordapp.com/avatars/208757218013609985/a_b8fae2196be237eb9612f9daed82c1e3.gif"},"point":933},{"user":{"uid":29,"userid":18,"name":"Wesjet","avatar":"https://cdn.discordapp.com/avatars/680834715388870687/a_b96031e2cba9196dacc295bf0c52b280.gif"},"point":675},{"user":{"uid":146,"userid":112,"name":"JENNAS JUGS","avatar":"https://cdn.discordapp.com/avatars/697145117458301013/8fc3d9c9fcb32f3b81c47ef234d1a62f.png"},"point":520},{"user":{"uid":248,"userid":191,"name":"Çako","avatar":"https://cdn.discordapp.com/avatars/443072261000527875/0f80be7a1cda56aad905872ab94d77e3.png"},"point":513},{"user":{"uid":174,"userid":134,"name":"Scottish Crowbar","avatar":"https://cdn.discordapp.com/avatars/797519024707600384/65cfe00c851aa9d7219c1b45d1862ffe.png"},"point":354},{"user":{"uid":242,"userid":185,"name":"Itmehokiledu","avatar":"https://cdn.discordapp.com/avatars/384091675997241344/c8675ddaab83431958ee30dc5605b336.png"},"point":0}]}