{"fmd":[{"user":{"uid":1,"userid":1,"name":"Marky","avatar":"https://cdn.discordapp.com/avatars/689263232204144772/247b7a4b1d49ff1dbb6a47a511bd2856.png"},"point":2360},{"user":{"uid":6,"userid":6,"name":"Turnerr","avatar":"https://cdn.discordapp.com/avatars/312631180811960323/c949424f0736baed8a5224440edd7a6f.png"},"point":849},{"user":{"uid":15,"userid":15,"name":"thomson18","avatar":"https://cdn.discordapp.com/avatars/598517721239650305/658257a4f6c8b083170d9af190f5829c.png"},"point":689},{"user":{"uid":14,"userid":14,"name":"kylebeast_20","avatar":"https://cdn.discordapp.com/avatars/718190426821099560/303e629c5dea34ae07a573359efde413.png"},"point":0}],"fma":[{"user":{"uid":1,"userid":1,"name":"Marky","avatar":"https://cdn.discordapp.com/avatars/689263232204144772/247b7a4b1d49ff1dbb6a47a511bd2856.png"},"point":2368},{"user":{"uid":6,"userid":6,"name":"Turnerr","avatar":"https://cdn.discordapp.com/avatars/312631180811960323/c949424f0736baed8a5224440edd7a6f.png"},"point":949},{"user":{"uid":15,"userid":15,"name":"thomson18","avatar":"https://cdn.discordapp.com/avatars/598517721239650305/658257a4f6c8b083170d9af190f5829c.png"},"point":689},{"user":{"uid":14,"userid":14,"name":"kylebeast_20","avatar":"https://cdn.discordapp.com/avatars/718190426821099560/303e629c5dea34ae07a573359efde413.png"},"point":100}]}