{"fmd":[{"user":{"uid":5,"userid":3,"name":"{Wild Hogz} Dennisthe8th","avatar":"https://cdn.discordapp.com/avatars/575015095894016014/69fc086441725970662f0b9ba9bf5e32.png"},"point":3401},{"user":{"uid":18,"userid":14,"name":"Gamerman 533","avatar":"https://avatars.steamstatic.com/4ac4ad39f0984d26f00177a64c208c8abb42b3c1_full.jpg"},"point":2633},{"user":{"uid":4,"userid":2,"name":"{Wild Hogz} A1 Canadian","avatar":"https://cdn.discordapp.com/avatars/212943181858209792/8ae2deba5c05a595e3f4f725cf0a110c.png"},"point":2522},{"user":{"uid":9,"userid":7,"name":"{Wild Hogz} TACOMAN","avatar":"https://cdn.discordapp.com/avatars/935175174700040252/03b7f8a6f6208443dd4eaabd052edd16.png"},"point":1400},{"user":{"uid":1,"userid":1,"name":"{Wild Hogz} Chappy1225","avatar":"https://cdn.discordapp.com/avatars/480244047311667201/b51db2fc9e7e314933519021bee4ae3e.png"},"point":135}],"fma":[{"user":{"uid":5,"userid":3,"name":"{Wild Hogz} Dennisthe8th","avatar":"https://cdn.discordapp.com/avatars/575015095894016014/69fc086441725970662f0b9ba9bf5e32.png"},"point":3451},{"user":{"uid":18,"userid":14,"name":"Gamerman 533","avatar":"https://avatars.steamstatic.com/4ac4ad39f0984d26f00177a64c208c8abb42b3c1_full.jpg"},"point":3133},{"user":{"uid":4,"userid":2,"name":"{Wild Hogz} A1 Canadian","avatar":"https://cdn.discordapp.com/avatars/212943181858209792/8ae2deba5c05a595e3f4f725cf0a110c.png"},"point":2522},{"user":{"uid":9,"userid":7,"name":"{Wild Hogz} TACOMAN","avatar":"https://cdn.discordapp.com/avatars/935175174700040252/03b7f8a6f6208443dd4eaabd052edd16.png"},"point":1400},{"user":{"uid":1,"userid":1,"name":"{Wild Hogz} Chappy1225","avatar":"https://cdn.discordapp.com/avatars/480244047311667201/b51db2fc9e7e314933519021bee4ae3e.png"},"point":135},{"user":{"uid":7,"userid":5,"name":"{Wild Hogz} Jacket","avatar":"https://cdn.discordapp.com/avatars/111638504500408320/880678f246665808c2165f5f693b72cd.png"},"point":64}]}