{"fmd": [{"user": {"uid": 1097, "userid": 670, "name": "Ramin Tanuwong [TH]", "avatar": "https://static.truckersmp.com/avatarsN/3757199.1645214262.jpg"}, "point": 249439}, {"user": {"uid": 1382, "userid": 847, "name": "Aeroplane", "avatar": "https://cdn.discordapp.com/avatars/919580354736705617/cd8c60e397730ab82e685faaf72d3c77.png"}, "point": 189601}, {"user": {"uid": 1316, "userid": 807, "name": "Gota", "avatar": "https://cdn.discordapp.com/avatars/167291299693723648/beb31f691ab4478e3268181a76f3a451.png"}, "point": 170969}, {"user": {"uid": 1271, "userid": 780, "name": "brazvo (Bruno)", "avatar": "https://cdn.discordapp.com/avatars/823826275964682251/c28159cbabe58874bd1244a97d68d24b.png"}, "point": 145928}, {"user": {"uid": 1357, "userid": 831, "name": "Rebeloutlaw22", "avatar": "https://cdn.discordapp.com/avatars/1052542962099294260/70497e59123a80469a7f1a46dbd6a16b.png"}, "point": 82960}, {"user": {"uid": 1105, "userid": 675, "name": "Jack3D60", "avatar": "https://cdn.discordapp.com/avatars/805496381754048572/bcf10ae824b274e1c532971dcb857977.png"}, "point": 74062}, {"user": {"uid": 1378, "userid": 843, "name": "dandelion", "avatar": "https://cdn.discordapp.com/avatars/924070723952209941/6d40e5aa69459181ef2bc03107156cc0.png"}, "point": 72932}, {"user": {"uid": 1327, "userid": 814, "name": "Sefo", "avatar": "https://cdn.discordapp.com/avatars/421826472916025365/0c8a3216eb974494cd18a93af0ceb407.png"}, "point": 64527}, {"user": {"uid": 1253, "userid": 769, "name": "Sunny", "avatar": "https://cdn.discordapp.com/avatars/335148756653572098/00a5292662c6be574ce781717de8bfeb.png"}, "point": 60915}, {"user": {"uid": 1347, "userid": 826, "name": "casualsunday", "avatar": "https://cdn.discordapp.com/avatars/288689627584528384/2cd8a1252e40aa264b166905132d8746.png"}, "point": 59428}, {"user": {"uid": 863, "userid": 854, "name": "jelledude", "avatar": "https://cdn.discordapp.com/avatars/503143884080021514/5647b53045a177f1d215d6dbcf415d10.png"}, "point": 52886}, {"user": {"uid": 1192, "userid": 724, "name": "Koskee", "avatar": "https://cdn.discordapp.com/avatars/836575095664410654/2bbf7b28df277943d911b4ca67a9ac9e.png"}, "point": 48728}, {"user": {"uid": 1034, "userid": 635, "name": "Fox_Bot", "avatar": "https://cdn.discordapp.com/avatars/673289306424475659/6760c43d2e087fd99eeef160473251a3.png"}, "point": 45947}, {"user": {"uid": 1398, "userid": 862, "name": "2222Y", "avatar": "https://cdn.discordapp.com/avatars/702624334036074646/1b14cc6963653ea32a778ea6e4f23a4d.png"}, "point": 44669}, {"user": {"uid": 1391, "userid": 855, "name": "Den_Bruce_", "avatar": "https://cdn.discordapp.com/avatars/760190579010830337/6ab1f6c6baee22e03ce68c6ca83f8c91.png"}, "point": 41964}, {"user": {"uid": 1325, "userid": 816, "name": "Kian UK", "avatar": "https://avatars.steamstatic.com/fef49e7fa7e1997310d705b2a6158ff8dc1cdfeb_full.jpg"}, "point": 40355}, {"user": {"uid": 1061, "userid": 656, "name": "Thy Night Owl", "avatar": "https://cdn.discordapp.com/avatars/678366200312496154/7e3c44efb2393e0a9a4b593cb42f936d.png"}, "point": 39908}, {"user": {"uid": 1399, "userid": 860, "name": "TEA_K1NG", "avatar": "https://cdn.discordapp.com/avatars/945052168287826030/94eed3b4af44fdf462ad35f0974091cf.png"}, "point": 39847}, {"user": {"uid": 1270, "userid": 779, "name": "ANTICHEESEBOY", "avatar": "https://cdn.discordapp.com/avatars/788835562660036619/9e77413648d54188e7bcdc62d7461a7a.png"}, "point": 37016}, {"user": {"uid": 1380, "userid": 845, "name": "The Flat Cap Spotter", "avatar": "https://static.truckersmp.com/avatarsN/defaultavatar.png"}, "point": 36322}, {"user": {"uid": 1386, "userid": 850, "name": "Stringsly", "avatar": "https://cdn.discordapp.com/avatars/524701453533708300/a_65c66e1b375c3a059df4d4d834ecddf1.gif"}, "point": 35436}, {"user": {"uid": 1160, "userid": 699, "name": "jodycc", "avatar": "https://cdn.discordapp.com/avatars/623249122761375760/adc25e15fe96d56656319e2a159d9458.png"}, "point": 34766}, {"user": {"uid": 87, "userid": 203, "name": "pvfcmatt1", "avatar": "https://cdn.discordapp.com/avatars/668822602806198278/eb4c4684efc13d2a58ddeae555edc5a7.png"}, "point": 33472}, {"user": {"uid": 171, "userid": 858, "name": "Jean #1 Renault Trucks fan", "avatar": "https://cdn.discordapp.com/avatars/729830742418260028/532c688a0a373a5f36342f13030652be.png"}, "point": 29897}, {"user": {"uid": 717, "userid": 477, "name": "CrazyRussianCommrade", "avatar": "https://static.truckersmp.com/avatarsN/defaultavatar.png"}, "point": 27182}, {"user": {"uid": 1200, "userid": 729, "name": "velocite", "avatar": "https://cdn.discordapp.com/avatars/424825875377422346/9fd0fab33afb5d4b51f9fe68374cfa90.png"}, "point": 26513}, {"user": {"uid": 1147, "userid": 695, "name": "Kirito21", "avatar": "https://cdn.discordapp.com/avatars/925803382680215572/f01e1941088675bf780245f15eb81bc4.png"}, "point": 25343}, {"user": {"uid": 104, "userid": 853, "name": "Jeffy", "avatar": "https://cdn.discordapp.com/avatars/1041473902293028864/fb7242df4b5ac08f2c78f06d721dbcae.png"}, "point": 24960}, {"user": {"uid": 1007, "userid": 622, "name": "Clover", "avatar": "https://cdn.discordapp.com/avatars/524737419292049415/98da32a1bb151e51f366faeefc90a9dd.png"}, "point": 24729}, {"user": {"uid": 1026, "userid": 630, "name": "Sehi", "avatar": "https://cdn.discordapp.com/avatars/644522714916192275/4a28c46532b59c013ed5e9a3801e4a0c.png"}, "point": 23106}, {"user": {"uid": 1381, "userid": 846, "name": "Cav.D", "avatar": "https://cdn.discordapp.com/avatars/513622217083322371/55c850f612137f10d1f4a7800b567371.png"}, "point": 21957}, {"user": {"uid": 1390, "userid": 856, "name": "Y2K_Quan", "avatar": "https://cdn.discordapp.com/avatars/1164197661897937026/a96645fb3e8cb223bba5d871e140e917.png"}, "point": 20948}, {"user": {"uid": 155, "userid": 305, "name": "HighNinja52117", "avatar": ""}, "point": 20804}, {"user": {"uid": 29, "userid": 79, "name": "Andrew B.", "avatar": "https://cdn.discordapp.com/avatars/224307743073239040/820d5fa00cb1d416d2b00ca8c296d7bf.png"}, "point": 20680}, {"user": {"uid": 1300, "userid": 797, "name": "Lucas", "avatar": "https://cdn.discordapp.com/avatars/394462499342254091/1dcd14961b9d6bd7028b0ffafbfff29c.png"}, "point": 20600}, {"user": {"uid": 892, "userid": 567, "name": "KuroSerpent", "avatar": "https://cdn.discordapp.com/avatars/249645812726890497/a_21c0489bbb0c99be7db8bbbfb1ed5e85.gif"}, "point": 19872}, {"user": {"uid": 1355, "userid": 829, "name": "TheStolenHydra", "avatar": "https://cdn.discordapp.com/avatars/114642060383879170/66141443e620e4cd7b5a7e32f33d4f5f.png"}, "point": 19630}, {"user": {"uid": 1039, "userid": 637, "name": "Dutchman6149", "avatar": "https://cdn.discordapp.com/avatars/1089970918169776317/518899061d0c7aa71638cf2a46dfa547.png"}, "point": 19508}, {"user": {"uid": 1230, "userid": 754, "name": "jaronimo", "avatar": "https://cdn.discordapp.com/avatars/454663931223605248/0fe4234ec2208932ebfde6d7dea8ee92.png"}, "point": 17896}, {"user": {"uid": 1227, "userid": 751, "name": "Arctee", "avatar": "https://avatars.steamstatic.com/1c420d178f66d4691b32a82a49ec20a7825e74d9_full.jpg"}, "point": 17868}, {"user": {"uid": 1245, "userid": 764, "name": "Eiffel Tower Owner", "avatar": "https://cdn.discordapp.com/avatars/909015760347734036/c8847952f95c26f402e44d41e997c8cd.png"}, "point": 17719}, {"user": {"uid": 1306, "userid": 801, "name": "kevbud.", "avatar": "https://cdn.discordapp.com/avatars/799449670572048424/9d4968f9cd751d7b8af661f091a36558.png"}, "point": 17484}, {"user": {"uid": 1363, "userid": 835, "name": "Turi", "avatar": "https://cdn.discordapp.com/avatars/1079436644983259248/b94788027a44b9230b6ede1b81637e9e.png"}, "point": 17462}, {"user": {"uid": 1274, "userid": 781, "name": "Damon L.", "avatar": "https://cdn.discordapp.com/avatars/232115847756382208/05d4ae0cc6e2512f699421321283352c.png"}, "point": 17196}, {"user": {"uid": 1015, "userid": 626, "name": "HaulmilesLtd", "avatar": "https://cdn.discordapp.com/avatars/1025467595983421540/f25df107191c753884caee95fe8ebacc.png"}, "point": 16378}, {"user": {"uid": 924, "userid": 576, "name": "\ud83c\udf08Hearty_Laces\ud83c\udf08They/Them", "avatar": "https://cdn.discordapp.com/avatars/461978281906929675/9128b3d5991d797b2e4060e71c4c5f41.png"}, "point": 16272}, {"user": {"uid": 759, "userid": 501, "name": "TheSkiller", "avatar": "https://cdn.discordapp.com/avatars/665158641355325450/da6b6d4e62038b3f92dd42b7b34f7ec9.png"}, "point": 15942}, {"user": {"uid": 3, "userid": 2, "name": "Twilight \ud83e\udd21", "avatar": "https://cdn.discordapp.com/avatars/710535657650651157/e21a44412b740e2e3bba4f4cc015a9e8.png"}, "point": 14400}, {"user": {"uid": 1365, "userid": 837, "name": "Chrone.", "avatar": "https://cdn.discordapp.com/avatars/916678368227917836/b4f4daf71ebd73372a00265ad0bf8042.png"}, "point": 13952}, {"user": {"uid": 1373, "userid": 841, "name": "gille9216", "avatar": ""}, "point": 13928}, {"user": {"uid": 827, "userid": 533, "name": "Luca", "avatar": "https://cdn.discordapp.com/avatars/765249420152537168/199fbd5942f996ba95651dbb1943f7de.png"}, "point": 13084}, {"user": {"uid": 570, "userid": 393, "name": "ToxicityRTX", "avatar": "https://cdn.discordapp.com/avatars/229785085551837184/e01c371c84c892884586e7a9a62b0f87.png"}, "point": 12964}, {"user": {"uid": 1137, "userid": 693, "name": "Jimmy", "avatar": "https://cdn.discordapp.com/avatars/123071777629798402/15989cf51b745ef2857fc2bbdc7801a0.png"}, "point": 12806}, {"user": {"uid": 1124, "userid": 686, "name": "sunday", "avatar": "https://cdn.discordapp.com/avatars/114834844961341443/f0ce48c55d876a6a05455c8f5fd0a564.png"}, "point": 12764}, {"user": {"uid": 1408, "userid": 865, "name": "R4", "avatar": "https://cdn.discordapp.com/avatars/229936554896916481/bc055d1db5245677b5e67e2a0f3df2af.png"}, "point": 12396}, {"user": {"uid": 1266, "userid": 775, "name": "Khan_X1", "avatar": "https://static.truckersmp.com/avatarsN/5358897.1705606399.png"}, "point": 11616}, {"user": {"uid": 619, "userid": 418, "name": "NumberHunter91", "avatar": "https://cdn.discordapp.com/avatars/276407067223392256/c656134c8d2a712de1b2dbaf3856e995.png"}, "point": 11608}, {"user": {"uid": 716, "userid": 476, "name": "mwe2187", "avatar": "https://cdn.discordapp.com/avatars/628250855899922448/93721c72d6dba299ffc43f2a9a13483b.png"}, "point": 11590}, {"user": {"uid": 1401, "userid": 863, "name": "Chris A", "avatar": "https://cdn.discordapp.com/avatars/415560774283427860/4f7b8d964bad29469a9d70cddb9cfadc.png"}, "point": 11207}, {"user": {"uid": 1244, "userid": 767, "name": "Corvus #CHILLING #1 \ud83d\ude0a", "avatar": "https://cdn.discordapp.com/avatars/1170949991548858411/c96cd5043005eac706d9529fb04d3e33.png"}, "point": 10696}, {"user": {"uid": 184, "userid": 345, "name": "NFLD", "avatar": "https://cdn.discordapp.com/avatars/538772758461677578/5f1d024574ed37a8cbaf69c186d93cb1.png"}, "point": 10547}, {"user": {"uid": 159, "userid": 312, "name": "SugarFr33", "avatar": "https://cdn.discordapp.com/avatars/201772157087383553/f9067034f4df1893aef1e1bf739998d1.png"}, "point": 10522}, {"user": {"uid": 1383, "userid": 848, "name": "snoopy", "avatar": "https://cdn.discordapp.com/avatars/217113179317075968/a_b5d2620c7ce9aad914a29acbb98aa4b1.gif"}, "point": 10220}, {"user": {"uid": 1171, "userid": 706, "name": "Lofi", "avatar": "https://cdn.discordapp.com/avatars/801871805694345227/3aeeea83561c1d40e73eddc7f79dd3b5.png"}, "point": 10024}, {"user": {"uid": 1286, "userid": 789, "name": "R\u0337\u035d\u0344i\u0336\u0358\u034ac\u0335\u030b\u0357h\u0334\u035d\u0352i\u0334\u030c\u0313e\u0336\u033f\u0314", "avatar": "https://cdn.discordapp.com/avatars/356163933545037831/a5f6b26e7cc9ac6cb543840e387cdc48.png"}, "point": 9723}, {"user": {"uid": 2, "userid": 1, "name": "Shadows", "avatar": "https://cdn.discordapp.com/avatars/763197983797149726/ceaa9c6e46978e9019ef555428d81f44.png"}, "point": 9614}, {"user": {"uid": 872, "userid": 555, "name": "[Lurking] Chris Hazmat #1", "avatar": "https://cdn.discordapp.com/avatars/741351957083717673/5f18a68a9664a6b215b9c4dac12d4b67.png"}, "point": 9580}, {"user": {"uid": 561, "userid": 386, "name": "richhscm", "avatar": ""}, "point": 9572}, {"user": {"uid": 494, "userid": 361, "name": "Alpha", "avatar": "https://cdn.discordapp.com/avatars/1063397515149455423/371d081952e74ccdc6f23925074dd094.png"}, "point": 9542}, {"user": {"uid": 18, "userid": 718, "name": "Kanasteri", "avatar": "https://cdn.discordapp.com/avatars/388688028056551425/cadea68055c984a8900142da586bf9e5.png"}, "point": 9374}, {"user": {"uid": 858, "userid": 547, "name": "scotty", "avatar": "https://cdn.discordapp.com/avatars/857726076495331329/985c6b1bd38c5f93bc7b16f515502202.png"}, "point": 9272}, {"user": {"uid": 1305, "userid": 799, "name": "MinoRoss", "avatar": "https://cdn.discordapp.com/avatars/707509306517487626/a86ee83a9e2c9f70a98714ae355e0ccc.png"}, "point": 9222}, {"user": {"uid": 178, "userid": 337, "name": "Demon", "avatar": "https://cdn.discordapp.com/avatars/263904733196976128/db03ee2fc81e10a028fb58e95e3d4bca.png"}, "point": 9190}, {"user": {"uid": 1162, "userid": 701, "name": "Will.", "avatar": "https://cdn.discordapp.com/avatars/852685146884276264/075424ca9ed186b05e3f1732553b1531.png"}, "point": 9064}, {"user": {"uid": 1348, "userid": 827, "name": "Eco_Aviation", "avatar": "https://cdn.discordapp.com/avatars/647421178301906964/012c4e813d633fdf72604cbea907e083.png"}, "point": 9022}, {"user": {"uid": 1362, "userid": 834, "name": "HINANO", "avatar": "https://avatars.steamstatic.com/1532ae034400301477b7e6592c1b0dc9152c99b6_full.jpg"}, "point": 8770}, {"user": {"uid": 959, "userid": 597, "name": "m4tt", "avatar": "https://cdn.discordapp.com/avatars/655781677364281344/239e7e54003a4debc1fb5107d326dc46.png"}, "point": 8634}, {"user": {"uid": 1291, "userid": 792, "name": "Zachey", "avatar": "https://cdn.discordapp.com/avatars/612403127517315072/47ce0b865674b635f44d43634494d755.png"}, "point": 7748}, {"user": {"uid": 981, "userid": 610, "name": "cleanwein44", "avatar": "https://cdn.discordapp.com/avatars/372675857829068812/ab4326b52b09e80870f9f92688ee6487.png"}, "point": 7430}, {"user": {"uid": 948, "userid": 591, "name": "AidanTheSergal", "avatar": "https://cdn.discordapp.com/avatars/608713452420333589/05b5738d3be88e0cc579b801d879288b.png"}, "point": 7186}, {"user": {"uid": 146, "userid": 293, "name": "Will", "avatar": "https://cdn.discordapp.com/avatars/218785391853961216/de02848ad7494d0e4f99c194e74aac1f.png"}, "point": 6664}, {"user": {"uid": 1211, "userid": 741, "name": "DoDs", "avatar": "https://cdn.discordapp.com/avatars/806922722394374164/37a43e1273ed1261485ba383db51415f.png"}, "point": 6660}, {"user": {"uid": 788, "userid": 514, "name": "roughsniper94", "avatar": "https://cdn.discordapp.com/avatars/763917927551336450/a_7d5cdc4c2d6b5ad84101e26141082c37.gif"}, "point": 6546}, {"user": {"uid": 912, "userid": 575, "name": "chy", "avatar": "https://cdn.discordapp.com/avatars/414182799684403200/643c14958d91bd0f582d55aa7e9ffd49.png"}, "point": 6478}, {"user": {"uid": 1384, "userid": 849, "name": "SirWoofington", "avatar": "https://cdn.discordapp.com/avatars/307522847981699073/9d082b554965ade03893745f98df6d9f.png"}, "point": 6338}, {"user": {"uid": 1342, "userid": 828, "name": "Daniel", "avatar": "https://cdn.discordapp.com/avatars/541172246207791114/01e982def485c77665c5c254ab57ff73.png"}, "point": 6200}, {"user": {"uid": 652, "userid": 434, "name": "Niftte", "avatar": "https://cdn.discordapp.com/avatars/270025583801532416/27aa281cc801fa5c9a22e30502eb6233.png"}, "point": 6176}, {"user": {"uid": 1284, "userid": 787, "name": "T.Mckenzie", "avatar": "https://cdn.discordapp.com/avatars/478766743930667038/b5df8290803a59cd8771bd94ed013644.png"}, "point": 6010}, {"user": {"uid": 1059, "userid": 652, "name": "Padoru", "avatar": "https://cdn.discordapp.com/avatars/497738466747088917/e75850f1089b5d3167d556083524e2e7.png"}, "point": 5948}, {"user": {"uid": 1394, "userid": 857, "name": "Avery", "avatar": "https://avatars.steamstatic.com/696fca3e2bf6ee0db465e3a808370d15608d0cdf_full.jpg"}, "point": 5854}, {"user": {"uid": 6, "userid": 11, "name": "Jack", "avatar": "https://cdn.discordapp.com/avatars/755814132338524212/1533efb901ddc3b4d219c50b333430d4.png"}, "point": 5788}, {"user": {"uid": 1226, "userid": 749, "name": "That_Slayer87", "avatar": "https://cdn.discordapp.com/avatars/850248504878432287/9484069a71c25b62ac273f0daae0f0c2.png"}, "point": 5450}, {"user": {"uid": 682, "userid": 456, "name": "stewyplayz", "avatar": "https://cdn.discordapp.com/avatars/925392010599366696/016e129569a09f1a57eeab9db756539e.png"}, "point": 5334}, {"user": {"uid": 1397, "userid": 859, "name": "PitaKortari", "avatar": "https://cdn.discordapp.com/avatars/498072779975819264/81b70caf39508513d2f0732a5ac9732e.png"}, "point": 5254}, {"user": {"uid": 1016, "userid": 628, "name": "shihab", "avatar": "https://cdn.discordapp.com/avatars/1063842614769623080/46221063a01f57eab6eb6357016c74c1.png"}, "point": 5238}, {"user": {"uid": 1060, "userid": 650, "name": "monke \ud83e\udd5b", "avatar": "https://cdn.discordapp.com/avatars/953426914834546809/f2c62055518a4d8661230d0fd759b233.png"}, "point": 5164}, {"user": {"uid": 1366, "userid": 838, "name": "King Styx", "avatar": "https://cdn.discordapp.com/avatars/186585962011164674/9fd4da7a246a13ba65e0e0ac5633a9a8.png"}, "point": 5150}, {"user": {"uid": 191, "userid": 352, "name": "kia_nokia", "avatar": "https://cdn.discordapp.com/avatars/946038819118022666/9613cd97518544022b55252d1952e174.png"}, "point": 4975}, {"user": {"uid": 1359, "userid": 832, "name": "emjehashi", "avatar": "https://cdn.discordapp.com/avatars/455000360646344704/3aad729d4034fe05884ae055f6c8e5c7.png"}, "point": 4716}, {"user": {"uid": 851, "userid": 765, "name": "A_Bold_One", "avatar": "https://cdn.discordapp.com/avatars/724063574565322762/96cc2952ae7b5b1f5e6dfe520b727adc.png"}, "point": 4700}, {"user": {"uid": 530, "userid": 369, "name": "Elvis\ud83e\udd81", "avatar": "https://cdn.discordapp.com/avatars/595784643547234304/a92405ad334961a7a0365c8472e2934b.png"}, "point": 4444}, {"user": {"uid": 1238, "userid": 758, "name": "nickmartin0235", "avatar": ""}, "point": 4194}, {"user": {"uid": 32, "userid": 87, "name": "MartinWolf", "avatar": "https://cdn.discordapp.com/avatars/693618494071373824/0b22a83d6bc13d4db0c60b60aba7fef7.png"}, "point": 4150}, {"user": {"uid": 968, "userid": 602, "name": "Svampen Bob", "avatar": "https://cdn.discordapp.com/avatars/323528455209877505/bd28ff6f721d0a3c44f06e7301bb8ff4.png"}, "point": 4120}, {"user": {"uid": 1088, "userid": 665, "name": "Bruno", "avatar": "https://cdn.discordapp.com/avatars/1033734069491617924/7dfe1e883b163df567e4b8842d3108b4.png"}, "point": 4030}, {"user": {"uid": 1400, "userid": 861, "name": "Taylor", "avatar": "https://cdn.discordapp.com/avatars/999381297527013479/a_efe6f32e94d3444d206a7f87b84ecabf.gif"}, "point": 3924}, {"user": {"uid": 965, "userid": 600, "name": "mousegamer", "avatar": "https://cdn.discordapp.com/avatars/563349741635895299/9f1086b79ec569edd6f89033da833ce2.png"}, "point": 3630}, {"user": {"uid": 1361, "userid": 833, "name": "Silensys", "avatar": "https://cdn.discordapp.com/avatars/881659659323326486/7fa429eb4934a4fc35c7e242bde813cc.png"}, "point": 3520}, {"user": {"uid": 1411, "userid": 867, "name": "Coolengineer", "avatar": "https://cdn.discordapp.com/avatars/247159248272752640/59e18cf589e2aaee61edb8d0a62b6b48.png"}, "point": 3512}, {"user": {"uid": 1187, "userid": 726, "name": "afrikandionysus", "avatar": "https://cdn.discordapp.com/avatars/759714918177177670/661f5840a2c808aa6c88959f5a379f8d.png"}, "point": 3236}, {"user": {"uid": 991, "userid": 615, "name": "sybk", "avatar": "https://cdn.discordapp.com/avatars/639825073477517322/be61d19c6e2a600597c92870c135fc48.png"}, "point": 3086}, {"user": {"uid": 1299, "userid": 798, "name": "Landigrip", "avatar": "https://static.truckersmp.com/avatarsN/3298284.1706983297.jpg"}, "point": 3004}, {"user": {"uid": 883, "userid": 560, "name": "Jacob Allister", "avatar": "https://cdn.discordapp.com/avatars/702694560635027507/5756077ebb8b2b8795f6742aee834807.png"}, "point": 2898}, {"user": {"uid": 650, "userid": 433, "name": "Brandon", "avatar": "https://cdn.discordapp.com/avatars/713881494841458750/17fe70286d7a0d272762c5d42d713579.png"}, "point": 2836}, {"user": {"uid": 752, "userid": 498, "name": "Zimmer25", "avatar": "https://cdn.discordapp.com/avatars/712402480704782387/cdfd75e0a77634b8bda86cd1c851ac8b.png"}, "point": 2740}, {"user": {"uid": 68, "userid": 388, "name": "atg.\ud83e\udd86", "avatar": "https://cdn.discordapp.com/avatars/748911314533089422/210d7e52ffd91b0f8ef31ada0d8127c3.png"}, "point": 2718}, {"user": {"uid": 169, "userid": 327, "name": "Carlos King", "avatar": "https://cdn.discordapp.com/avatars/506487248217309184/bd6c4d705e13abd33b3b26c5bdcd897d.png"}, "point": 2712}, {"user": {"uid": 993, "userid": 866, "name": "Dicer", "avatar": "https://cdn.discordapp.com/avatars/879283393731383368/a_d96e18af639d6bfa592067816776bd00.gif"}, "point": 2700}, {"user": {"uid": 813, "userid": 704, "name": "vJust_Josh", "avatar": "https://cdn.discordapp.com/avatars/922265598837276732/8550d243f88aac839192a1be56335b93.png"}, "point": 2644}, {"user": {"uid": 1276, "userid": 783, "name": "Niels", "avatar": "https://cdn.discordapp.com/avatars/302918955452989441/fde78c69e42d57f2bcfa042a0a828f97.png"}, "point": 2602}, {"user": {"uid": 1313, "userid": 806, "name": "Kizule", "avatar": "https://cdn.discordapp.com/avatars/897576249466167377/4b225f923b6e3e5347b9a87db5e6876e.png"}, "point": 2530}, {"user": {"uid": 1232, "userid": 755, "name": "glitchy", "avatar": "https://cdn.discordapp.com/avatars/692068158487396362/71e60bc757892e1a1ec6bb79b9053abf.png"}, "point": 2252}, {"user": {"uid": 761, "userid": 502, "name": "Stkedy", "avatar": "https://cdn.discordapp.com/avatars/238351864507269122/a_b13dea0894a3cdec216f56a426c559e8.gif"}, "point": 2222}, {"user": {"uid": 140, "userid": 284, "name": "maku78", "avatar": "https://cdn.discordapp.com/avatars/671428232628666388/a6a54bc09fd502351f42b3290808c9cd.png"}, "point": 2158}, {"user": {"uid": 974, "userid": 606, "name": "Carter", "avatar": "https://cdn.discordapp.com/avatars/848761810915950663/2672a25e8c40de13efa3d49626d8dde5.png"}, "point": 2142}, {"user": {"uid": 119, "userid": 258, "name": "LordLegend", "avatar": "https://cdn.discordapp.com/avatars/507573290995417108/294e2517c647c3c8703945fbc200afcd.png"}, "point": 2100}, {"user": {"uid": 1131, "userid": 688, "name": "Siv5122", "avatar": "https://cdn.discordapp.com/avatars/312794710714482699/8855d8b2bdbd112249cd2fa0d113108e.png"}, "point": 2072}, {"user": {"uid": 20, "userid": 51, "name": "T R I G G E R", "avatar": "https://cdn.discordapp.com/avatars/490128307212255242/bf857ac6cb9a9afe9d39f7a6ce8d1108.png"}, "point": 2024}, {"user": {"uid": 125, "userid": 265, "name": "Issac", "avatar": "https://cdn.discordapp.com/avatars/343167874006777857/e97cad9459740cf160980c2165b7acb3.png"}, "point": 1840}, {"user": {"uid": 1167, "userid": 703, "name": "GreenSniper15", "avatar": "https://static.truckersmp.com/avatarsN/defaultavatar.png"}, "point": 1756}, {"user": {"uid": 1379, "userid": 844, "name": "Jeffweeeeeeeee. \u2b50\u2b50", "avatar": "https://cdn.discordapp.com/avatars/208473993374597120/1c8d5990fabd2a7fcdd4e46d20d4b2fb.png"}, "point": 1750}, {"user": {"uid": 1213, "userid": 742, "name": "\u2671 Spark DeLuca \u2671", "avatar": "https://cdn.discordapp.com/avatars/807678339514236989/283fb606004de5371e5b3e63ded107f8.png"}, "point": 1746}, {"user": {"uid": 586, "userid": 398, "name": "2022bmwx5blacksuv", "avatar": "https://cdn.discordapp.com/avatars/935889761544044554/3113899c1f82783655ba24c06a008054.png"}, "point": 1708}, {"user": {"uid": 719, "userid": 478, "name": "Kacpmaker", "avatar": "https://cdn.discordapp.com/avatars/856830263719100417/6193aebb5af7867cbbab53679f44d182.png"}, "point": 1664}, {"user": {"uid": 1042, "userid": 638, "name": "PeekIsMe2", "avatar": "https://cdn.discordapp.com/avatars/708291818994794516/e15911f8c145878544dde339fe7564b3.png"}, "point": 1582}, {"user": {"uid": 1285, "userid": 788, "name": "Kritix", "avatar": "https://cdn.discordapp.com/avatars/305481493608660992/8fa76026cf7c3b1d64a0ac8f5ae848ff.png"}, "point": 1466}, {"user": {"uid": 847, "userid": 544, "name": "foundanerror", "avatar": "https://cdn.discordapp.com/avatars/490251586136834059/e953985c9b84e58e731b8ff553f66167.png"}, "point": 1460}, {"user": {"uid": 870, "userid": 553, "name": "evilzocken", "avatar": "https://cdn.discordapp.com/avatars/665665436678881280/bbf25d8e76ff45868d6e0a2e9b4f189b.png"}, "point": 1418}, {"user": {"uid": 1317, "userid": 809, "name": "\u010cSD EM 475.0", "avatar": "https://cdn.discordapp.com/avatars/844934750427021342/d4f0e7fadf0849da515733072d9f5748.png"}, "point": 1410}, {"user": {"uid": 803, "userid": 521, "name": "AK47_GARCHA", "avatar": "https://cdn.discordapp.com/avatars/718236348217032774/b952eb6e0574a2f51a6458ddb48120fb.png"}, "point": 1202}, {"user": {"uid": 671, "userid": 448, "name": "Rocky", "avatar": "https://cdn.discordapp.com/avatars/508226509744635904/e3369089ffd246d81926fb1e43aa91d1.png"}, "point": 1164}, {"user": {"uid": 41, "userid": 820, "name": "Jack", "avatar": "https://cdn.discordapp.com/avatars/555074609544822795/57261ee22127898211b6c51ab4fdecf2.png"}, "point": 1136}, {"user": {"uid": 7, "userid": 605, "name": "BoZo", "avatar": "https://cdn.discordapp.com/avatars/1113580915684278282/6ef7669e784dabec7bdea51b55266319.png"}, "point": 1026}, {"user": {"uid": 112, "userid": 657, "name": "zatrisss", "avatar": "https://cdn.discordapp.com/avatars/270114281280765956/3f1b15d79e10e64381e0e8d18848d7ec.png"}, "point": 982}, {"user": {"uid": 1406, "userid": 864, "name": "tecsrpi", "avatar": "https://cdn.discordapp.com/avatars/1188513541355999252/1bc8eecd86e8cc94e6c3153b4144e0af.png"}, "point": 964}, {"user": {"uid": 21, "userid": 56, "name": "zylae", "avatar": "https://cdn.discordapp.com/avatars/461639155911229440/0190e9802611c03239630198a80d95fc.png"}, "point": 954}, {"user": {"uid": 999, "userid": 616, "name": "Beegrit", "avatar": "https://cdn.discordapp.com/avatars/292420244629094401/1d32a1a50108693129ae812d6d445b1d.png"}, "point": 926}, {"user": {"uid": 1308, "userid": 802, "name": "Nickem10", "avatar": ""}, "point": 870}, {"user": {"uid": 1237, "userid": 761, "name": "grimm", "avatar": "https://cdn.discordapp.com/avatars/791031198930698323/14be72ec618550c83f502f828c66bd13.png"}, "point": 790}, {"user": {"uid": 866, "userid": 550, "name": "RoudeL\u00e9iw", "avatar": "https://cdn.discordapp.com/avatars/497412687257534464/53a76d2cc11ce4a0171c5d1f84df139a.png"}, "point": 684}, {"user": {"uid": 1340, "userid": 822, "name": "Ronah", "avatar": "https://cdn.discordapp.com/avatars/161322502298009600/78927a48aaea26162e068e9de3b8b28a.png"}, "point": 648}, {"user": {"uid": 1343, "userid": 824, "name": "Crazy69", "avatar": "https://static.truckersmp.com/avatarsN/811063.1557990099.jpg"}, "point": 564}, {"user": {"uid": 1389, "userid": 852, "name": "B4HOOTY", "avatar": "https://cdn.discordapp.com/avatars/1005565213627646102/0d17e3d2e4d32ebb7157b62b3bbac884.png"}, "point": 552}, {"user": {"uid": 971, "userid": 604, "name": "patriotic clone trooper", "avatar": "https://cdn.discordapp.com/avatars/577748827470168075/3f3c57f906d80e80dff8ed6e54c70d25.png"}, "point": 530}, {"user": {"uid": 96, "userid": 222, "name": "Enrico", "avatar": "https://cdn.discordapp.com/avatars/596848527024455680/82f691a31c81d433f05f3a1e481b56fe.png"}, "point": 502}, {"user": {"uid": 980, "userid": 609, "name": "DdoubleE", "avatar": "https://cdn.discordapp.com/avatars/673140683619434496/acc8a409fb2fd279d3ff02d25a29abd7.png"}, "point": 434}, {"user": {"uid": 701, "userid": 469, "name": "Will", "avatar": "https://cdn.discordapp.com/avatars/845472376997412864/11557c26c537c6d7e95951470af91613.png"}, "point": 416}, {"user": {"uid": 514, "userid": 367, "name": "Queen QUACKER'S", "avatar": "https://cdn.discordapp.com/avatars/543046119882752000/f78fcd69c31ce3faeb3be7d45b56f2e8.png"}, "point": 274}, {"user": {"uid": 1130, "userid": 687, "name": "Ops Icy", "avatar": "https://cdn.discordapp.com/avatars/530551773178626058/e5a0ac12d48b905869a6afda795b17f3.png"}, "point": 196}, {"user": {"uid": 820, "userid": 529, "name": "Matthias", "avatar": "https://cdn.discordapp.com/avatars/711889366204678187/b3924c80f390f2e1bf3a9ac3c0425f52.png"}, "point": 68}, {"user": {"uid": 677, "userid": 453, "name": "Huge", "avatar": "https://cdn.discordapp.com/avatars/683362923812487180/9f9423b2009f13e78c3dc8e2c1120c6d.png"}, "point": 38}, {"user": {"uid": 1191, "userid": 722, "name": "Tedo \u2622", "avatar": "https://cdn.discordapp.com/avatars/736941608167276555/845c97e52edbb176f8380c20c0b347ae.png"}, "point": 38}, {"user": {"uid": 173, "userid": 528, "name": "Cronbo", "avatar": "https://cdn.discordapp.com/avatars/687367459418013753/a_e21a0ee9b8c24d75a286549b2ea8e7a7.gif"}, "point": 4}, {"user": {"uid": 118, "userid": 577, "name": "AstroMonkey", "avatar": "https://cdn.discordapp.com/avatars/378744294262964225/93fb80f2180924cc1b51683fb8842483.png"}, "point": 0}, {"user": {"uid": 944, "userid": 588, "name": "Reeve", "avatar": "https://cdn.discordapp.com/avatars/600768861943496923/5a57e3b0b7f0de639f4a22dc1e684124.png"}, "point": 0}, {"user": {"uid": 1009, "userid": 623, "name": "Hexx", "avatar": "https://cdn.discordapp.com/avatars/304988513479426049/31e8b486c2961f5de7f3540765828808.png"}, "point": 0}], "fma": [{"user": {"uid": 1097, "userid": 670, "name": "Ramin Tanuwong [TH]", "avatar": "https://static.truckersmp.com/avatarsN/3757199.1645214262.jpg"}, "point": 3221025}, {"user": {"uid": 1316, "userid": 807, "name": "Gota", "avatar": "https://cdn.discordapp.com/avatars/167291299693723648/beb31f691ab4478e3268181a76f3a451.png"}, "point": 1243566}, {"user": {"uid": 1382, "userid": 847, "name": "Aeroplane", "avatar": "https://cdn.discordapp.com/avatars/919580354736705617/cd8c60e397730ab82e685faaf72d3c77.png"}, "point": 713660}, {"user": {"uid": 119, "userid": 258, "name": "LordLegend", "avatar": "https://cdn.discordapp.com/avatars/507573290995417108/294e2517c647c3c8703945fbc200afcd.png"}, "point": 708024}, {"user": {"uid": 1271, "userid": 780, "name": "brazvo (Bruno)", "avatar": "https://cdn.discordapp.com/avatars/823826275964682251/c28159cbabe58874bd1244a97d68d24b.png"}, "point": 595590}, {"user": {"uid": 924, "userid": 576, "name": "\ud83c\udf08Hearty_Laces\ud83c\udf08They/Them", "avatar": "https://cdn.discordapp.com/avatars/461978281906929675/9128b3d5991d797b2e4060e71c4c5f41.png"}, "point": 567351}, {"user": {"uid": 863, "userid": 854, "name": "jelledude", "avatar": "https://cdn.discordapp.com/avatars/503143884080021514/5647b53045a177f1d215d6dbcf415d10.png"}, "point": 465172}, {"user": {"uid": 1026, "userid": 630, "name": "LOA | Sehi", "avatar": "https://cdn.discordapp.com/avatars/644522714916192275/eccb7f2838b4e97903f71767e9250f3f.png"}, "point": 448584}, {"user": {"uid": 1325, "userid": 816, "name": "Kian UK", "avatar": "https://avatars.steamstatic.com/fef49e7fa7e1997310d705b2a6158ff8dc1cdfeb_full.jpg"}, "point": 329669}, {"user": {"uid": 1105, "userid": 675, "name": "Jack3D60", "avatar": "https://cdn.discordapp.com/avatars/805496381754048572/bcf10ae824b274e1c532971dcb857977.png"}, "point": 307539}, {"user": {"uid": 1253, "userid": 769, "name": "Sunny", "avatar": "https://cdn.discordapp.com/avatars/335148756653572098/00a5292662c6be574ce781717de8bfeb.png"}, "point": 272901}, {"user": {"uid": 87, "userid": 203, "name": "pvfcmatt1", "avatar": "https://cdn.discordapp.com/avatars/668822602806198278/eb4c4684efc13d2a58ddeae555edc5a7.png"}, "point": 268826}, {"user": {"uid": 2, "userid": 1, "name": "Shadows", "avatar": "https://cdn.discordapp.com/avatars/763197983797149726/ceaa9c6e46978e9019ef555428d81f44.png"}, "point": 244714}, {"user": {"uid": 1034, "userid": 635, "name": "Fox_Bot", "avatar": "https://cdn.discordapp.com/avatars/673289306424475659/6760c43d2e087fd99eeef160473251a3.png"}, "point": 217678}, {"user": {"uid": 1391, "userid": 855, "name": "Den_Bruce_", "avatar": "https://cdn.discordapp.com/avatars/760190579010830337/6ab1f6c6baee22e03ce68c6ca83f8c91.png"}, "point": 215212}, {"user": {"uid": 1401, "userid": 863, "name": "Chris A", "avatar": "https://cdn.discordapp.com/avatars/415560774283427860/4f7b8d964bad29469a9d70cddb9cfadc.png"}, "point": 212634}, {"user": {"uid": 3, "userid": 2, "name": "[Lurking] Hive \ud83e\udd21", "avatar": "https://cdn.discordapp.com/avatars/710535657650651157/79e041f024cba14b0636a6dcdeb59600.png"}, "point": 122770}, {"user": {"uid": 1061, "userid": 656, "name": "Thy Night Owl", "avatar": "https://cdn.discordapp.com/avatars/678366200312496154/7e3c44efb2393e0a9a4b593cb42f936d.png"}, "point": 122254}, {"user": {"uid": 1378, "userid": 843, "name": "dandelion", "avatar": "https://cdn.discordapp.com/avatars/924070723952209941/6d40e5aa69459181ef2bc03107156cc0.png"}, "point": 121942}, {"user": {"uid": 1291, "userid": 792, "name": "Zachey", "avatar": "https://cdn.discordapp.com/avatars/612403127517315072/47ce0b865674b635f44d43634494d755.png"}, "point": 112234}, {"user": {"uid": 619, "userid": 418, "name": "NumberHunter91", "avatar": "https://cdn.discordapp.com/avatars/276407067223392256/c656134c8d2a712de1b2dbaf3856e995.png"}, "point": 107106}, {"user": {"uid": 993, "userid": 866, "name": "Dicer", "avatar": "https://cdn.discordapp.com/avatars/879283393731383368/a_d96e18af639d6bfa592067816776bd00.gif"}, "point": 102738}, {"user": {"uid": 1357, "userid": 831, "name": "Rebeloutlaw22", "avatar": "https://cdn.discordapp.com/avatars/1052542962099294260/70497e59123a80469a7f1a46dbd6a16b.png"}, "point": 93960}, {"user": {"uid": 1345, "userid": 825, "name": "atsuen", "avatar": "https://avatars.steamstatic.com/799002f9a927be3a493249ef7ebb8b9e37b54912_full.jpg"}, "point": 90000}, {"user": {"uid": 1399, "userid": 860, "name": "TEA_K1NG", "avatar": "https://cdn.discordapp.com/avatars/945052168287826030/94eed3b4af44fdf462ad35f0974091cf.png"}, "point": 69714}, {"user": {"uid": 1348, "userid": 827, "name": "Eco_Aviation", "avatar": "https://cdn.discordapp.com/avatars/647421178301906964/012c4e813d633fdf72604cbea907e083.png"}, "point": 69306}, {"user": {"uid": 1327, "userid": 814, "name": "Sefo", "avatar": "https://cdn.discordapp.com/avatars/421826472916025365/0c8a3216eb974494cd18a93af0ceb407.png"}, "point": 67814}, {"user": {"uid": 6, "userid": 11, "name": "Jack", "avatar": "https://cdn.discordapp.com/avatars/755814132338524212/1533efb901ddc3b4d219c50b333430d4.png"}, "point": 66556}, {"user": {"uid": 1200, "userid": 729, "name": "velocite", "avatar": "https://cdn.discordapp.com/avatars/424825875377422346/9fd0fab33afb5d4b51f9fe68374cfa90.png"}, "point": 64612}, {"user": {"uid": 1230, "userid": 754, "name": "jaronimo", "avatar": "https://cdn.discordapp.com/avatars/454663931223605248/0fe4234ec2208932ebfde6d7dea8ee92.png"}, "point": 63332}, {"user": {"uid": 1347, "userid": 826, "name": "casualsunday", "avatar": "https://cdn.discordapp.com/avatars/288689627584528384/2cd8a1252e40aa264b166905132d8746.png"}, "point": 62452}, {"user": {"uid": 1274, "userid": 781, "name": "Damon L.", "avatar": "https://cdn.discordapp.com/avatars/232115847756382208/05d4ae0cc6e2512f699421321283352c.png"}, "point": 53482}, {"user": {"uid": 1192, "userid": 724, "name": "Koskee", "avatar": "https://cdn.discordapp.com/avatars/836575095664410654/2bbf7b28df277943d911b4ca67a9ac9e.png"}, "point": 50727}, {"user": {"uid": 1398, "userid": 862, "name": "2222Y", "avatar": "https://cdn.discordapp.com/avatars/702624334036074646/1b14cc6963653ea32a778ea6e4f23a4d.png"}, "point": 48381}, {"user": {"uid": 1160, "userid": 699, "name": "jodycc", "avatar": "https://cdn.discordapp.com/avatars/623249122761375760/adc25e15fe96d56656319e2a159d9458.png"}, "point": 47706}, {"user": {"uid": 1390, "userid": 856, "name": "Y2K_Quan", "avatar": "https://cdn.discordapp.com/avatars/1164197661897937026/a96645fb3e8cb223bba5d871e140e917.png"}, "point": 45234}, {"user": {"uid": 171, "userid": 858, "name": "Jean #1 Renault Trucks fan", "avatar": "https://cdn.discordapp.com/avatars/729830742418260028/532c688a0a373a5f36342f13030652be.png"}, "point": 41564}, {"user": {"uid": 1386, "userid": 850, "name": "Stringsly", "avatar": "https://cdn.discordapp.com/avatars/524701453533708300/a_65c66e1b375c3a059df4d4d834ecddf1.gif"}, "point": 40842}, {"user": {"uid": 1007, "userid": 622, "name": "Clover", "avatar": "https://cdn.discordapp.com/avatars/524737419292049415/98da32a1bb151e51f366faeefc90a9dd.png"}, "point": 39695}, {"user": {"uid": 1270, "userid": 779, "name": "ANTICHEESEBOY", "avatar": "https://cdn.discordapp.com/avatars/788835562660036619/9e77413648d54188e7bcdc62d7461a7a.png"}, "point": 38671}, {"user": {"uid": 1380, "userid": 845, "name": "The Flat Cap Spotter", "avatar": "https://static.truckersmp.com/avatarsN/defaultavatar.png"}, "point": 37714}, {"user": {"uid": 1147, "userid": 695, "name": "Kirito21", "avatar": "https://cdn.discordapp.com/avatars/925803382680215572/f01e1941088675bf780245f15eb81bc4.png"}, "point": 31510}, {"user": {"uid": 717, "userid": 477, "name": "CrazyRussianCommrade", "avatar": "https://static.truckersmp.com/avatarsN/defaultavatar.png"}, "point": 29052}, {"user": {"uid": 104, "userid": 853, "name": "Jeffy", "avatar": "https://cdn.discordapp.com/avatars/1041473902293028864/fb7242df4b5ac08f2c78f06d721dbcae.png"}, "point": 28057}, {"user": {"uid": 1227, "userid": 751, "name": "Arctee", "avatar": "https://avatars.steamstatic.com/1c420d178f66d4691b32a82a49ec20a7825e74d9_full.jpg"}, "point": 27595}, {"user": {"uid": 912, "userid": 575, "name": "chy", "avatar": "https://cdn.discordapp.com/avatars/414182799684403200/643c14958d91bd0f582d55aa7e9ffd49.png"}, "point": 26280}, {"user": {"uid": 892, "userid": 567, "name": "KuroSerpent", "avatar": "https://cdn.discordapp.com/avatars/249645812726890497/a_21c0489bbb0c99be7db8bbbfb1ed5e85.gif"}, "point": 23946}, {"user": {"uid": 1411, "userid": 867, "name": "Coolengineer", "avatar": "https://cdn.discordapp.com/avatars/247159248272752640/59e18cf589e2aaee61edb8d0a62b6b48.png"}, "point": 23742}, {"user": {"uid": 1381, "userid": 846, "name": "Cav.D", "avatar": "https://cdn.discordapp.com/avatars/513622217083322371/55c850f612137f10d1f4a7800b567371.png"}, "point": 23219}, {"user": {"uid": 650, "userid": 433, "name": "Brandon", "avatar": "https://cdn.discordapp.com/avatars/713881494841458750/17fe70286d7a0d272762c5d42d713579.png"}, "point": 23152}, {"user": {"uid": 29, "userid": 79, "name": "Andrew B.", "avatar": "https://cdn.discordapp.com/avatars/224307743073239040/820d5fa00cb1d416d2b00ca8c296d7bf.png"}, "point": 22536}, {"user": {"uid": 155, "userid": 305, "name": "HighNinja52117", "avatar": ""}, "point": 22350}, {"user": {"uid": 1300, "userid": 797, "name": "Lucas", "avatar": "https://cdn.discordapp.com/avatars/394462499342254091/1dcd14961b9d6bd7028b0ffafbfff29c.png"}, "point": 22027}, {"user": {"uid": 1039, "userid": 637, "name": "Dutchman6149", "avatar": "https://cdn.discordapp.com/avatars/1089970918169776317/518899061d0c7aa71638cf2a46dfa547.png"}, "point": 21554}, {"user": {"uid": 1355, "userid": 829, "name": "TheStolenHydra", "avatar": "https://cdn.discordapp.com/avatars/114642060383879170/66141443e620e4cd7b5a7e32f33d4f5f.png"}, "point": 21346}, {"user": {"uid": 858, "userid": 547, "name": "scotty", "avatar": "https://cdn.discordapp.com/avatars/857726076495331329/985c6b1bd38c5f93bc7b16f515502202.png"}, "point": 21272}, {"user": {"uid": 494, "userid": 361, "name": "Alpha", "avatar": "https://cdn.discordapp.com/avatars/1063397515149455423/371d081952e74ccdc6f23925074dd094.png"}, "point": 21034}, {"user": {"uid": 1305, "userid": 799, "name": "MinoRoss", "avatar": "https://cdn.discordapp.com/avatars/707509306517487626/a86ee83a9e2c9f70a98714ae355e0ccc.png"}, "point": 20494}, {"user": {"uid": 820, "userid": 529, "name": "Matthias", "avatar": "https://cdn.discordapp.com/avatars/711889366204678187/b3924c80f390f2e1bf3a9ac3c0425f52.png"}, "point": 20068}, {"user": {"uid": 1387, "userid": 851, "name": "Cian", "avatar": "https://cdn.discordapp.com/avatars/822493735165100082/18e56c4044d51b1aad94631dad62ed4b.png"}, "point": 19034}, {"user": {"uid": 1245, "userid": 764, "name": "Eiffel Tower Owner", "avatar": "https://cdn.discordapp.com/avatars/909015760347734036/c8847952f95c26f402e44d41e997c8cd.png"}, "point": 18289}, {"user": {"uid": 1363, "userid": 835, "name": "Turi", "avatar": "https://cdn.discordapp.com/avatars/1079436644983259248/b94788027a44b9230b6ede1b81637e9e.png"}, "point": 18120}, {"user": {"uid": 1306, "userid": 801, "name": "kevbud.", "avatar": "https://cdn.discordapp.com/avatars/799449670572048424/9d4968f9cd751d7b8af661f091a36558.png"}, "point": 17832}, {"user": {"uid": 1015, "userid": 626, "name": "HaulmilesLtd", "avatar": "https://cdn.discordapp.com/avatars/1025467595983421540/f25df107191c753884caee95fe8ebacc.png"}, "point": 17386}, {"user": {"uid": 1244, "userid": 767, "name": "Corvus #CHILLING #1 \ud83d\ude0a", "avatar": "https://cdn.discordapp.com/avatars/1170949991548858411/c96cd5043005eac706d9529fb04d3e33.png"}, "point": 16807}, {"user": {"uid": 759, "userid": 501, "name": "TheSkiller", "avatar": "https://cdn.discordapp.com/avatars/665158641355325450/da6b6d4e62038b3f92dd42b7b34f7ec9.png"}, "point": 16668}, {"user": {"uid": 870, "userid": 553, "name": "evilzocken", "avatar": "https://cdn.discordapp.com/avatars/665665436678881280/bbf25d8e76ff45868d6e0a2e9b4f189b.png"}, "point": 15919}, {"user": {"uid": 1373, "userid": 841, "name": "gille9216", "avatar": ""}, "point": 14364}, {"user": {"uid": 1365, "userid": 837, "name": "Chrone.", "avatar": "https://cdn.discordapp.com/avatars/916678368227917836/b4f4daf71ebd73372a00265ad0bf8042.png"}, "point": 14192}, {"user": {"uid": 827, "userid": 533, "name": "Luca", "avatar": "https://cdn.discordapp.com/avatars/765249420152537168/199fbd5942f996ba95651dbb1943f7de.png"}, "point": 14066}, {"user": {"uid": 872, "userid": 555, "name": "[Lurking] Chris Hazmat #1", "avatar": "https://cdn.discordapp.com/avatars/741351957083717673/602c233daa6679046f03b5b805676fbe.png"}, "point": 13835}, {"user": {"uid": 570, "userid": 393, "name": "ToxicityRTX", "avatar": "https://cdn.discordapp.com/avatars/229785085551837184/e01c371c84c892884586e7a9a62b0f87.png"}, "point": 13760}, {"user": {"uid": 1137, "userid": 693, "name": "Jimmy", "avatar": "https://cdn.discordapp.com/avatars/123071777629798402/15989cf51b745ef2857fc2bbdc7801a0.png"}, "point": 13328}, {"user": {"uid": 1124, "userid": 686, "name": "sunday", "avatar": "https://cdn.discordapp.com/avatars/114834844961341443/f0ce48c55d876a6a05455c8f5fd0a564.png"}, "point": 13214}, {"user": {"uid": 1408, "userid": 865, "name": "R4", "avatar": "https://cdn.discordapp.com/avatars/229936554896916481/bc055d1db5245677b5e67e2a0f3df2af.png"}, "point": 12674}, {"user": {"uid": 125, "userid": 265, "name": "Issac", "avatar": "https://cdn.discordapp.com/avatars/343167874006777857/e97cad9459740cf160980c2165b7acb3.png"}, "point": 12218}, {"user": {"uid": 1266, "userid": 775, "name": "Khan_X1", "avatar": "https://static.truckersmp.com/avatarsN/5358897.1705606399.png"}, "point": 12184}, {"user": {"uid": 716, "userid": 476, "name": "mwe2187", "avatar": "https://cdn.discordapp.com/avatars/628250855899922448/93721c72d6dba299ffc43f2a9a13483b.png"}, "point": 12090}, {"user": {"uid": 184, "userid": 345, "name": "NFLD", "avatar": "https://cdn.discordapp.com/avatars/538772758461677578/5f1d024574ed37a8cbaf69c186d93cb1.png"}, "point": 12012}, {"user": {"uid": 652, "userid": 434, "name": "Niftte", "avatar": "https://cdn.discordapp.com/avatars/270025583801532416/27aa281cc801fa5c9a22e30502eb6233.png"}, "point": 11828}, {"user": {"uid": 159, "userid": 312, "name": "SugarFr33", "avatar": "https://cdn.discordapp.com/avatars/201772157087383553/f9067034f4df1893aef1e1bf739998d1.png"}, "point": 11640}, {"user": {"uid": 847, "userid": 544, "name": "foundanerror", "avatar": "https://cdn.discordapp.com/avatars/490251586136834059/e953985c9b84e58e731b8ff553f66167.png"}, "point": 11598}, {"user": {"uid": 1383, "userid": 848, "name": "snoopy", "avatar": "https://cdn.discordapp.com/avatars/217113179317075968/a_b5d2620c7ce9aad914a29acbb98aa4b1.gif"}, "point": 10512}, {"user": {"uid": 1171, "userid": 706, "name": "Lofi", "avatar": "https://cdn.discordapp.com/avatars/801871805694345227/3aeeea83561c1d40e73eddc7f79dd3b5.png"}, "point": 10312}, {"user": {"uid": 18, "userid": 718, "name": "Kanasteri", "avatar": "https://cdn.discordapp.com/avatars/388688028056551425/cadea68055c984a8900142da586bf9e5.png"}, "point": 10238}, {"user": {"uid": 1286, "userid": 789, "name": "R\u0337\u035d\u0344i\u0336\u0358\u034ac\u0335\u030b\u0357h\u0334\u035d\u0352i\u0334\u030c\u0313e\u0336\u033f\u0314", "avatar": "https://cdn.discordapp.com/avatars/356163933545037831/a5f6b26e7cc9ac6cb543840e387cdc48.png"}, "point": 10054}, {"user": {"uid": 178, "userid": 337, "name": "Demon", "avatar": "https://cdn.discordapp.com/avatars/263904733196976128/db03ee2fc81e10a028fb58e95e3d4bca.png"}, "point": 9804}, {"user": {"uid": 1162, "userid": 701, "name": "Will.", "avatar": "https://cdn.discordapp.com/avatars/852685146884276264/a_c08a8ed6fb8a342066d346408c933751.gif"}, "point": 9770}, {"user": {"uid": 561, "userid": 386, "name": "richhscm", "avatar": ""}, "point": 9744}, {"user": {"uid": 1362, "userid": 834, "name": "HINANO", "avatar": "https://avatars.steamstatic.com/1532ae034400301477b7e6592c1b0dc9152c99b6_full.jpg"}, "point": 9076}, {"user": {"uid": 959, "userid": 597, "name": "m4tt", "avatar": "https://cdn.discordapp.com/avatars/655781677364281344/239e7e54003a4debc1fb5107d326dc46.png"}, "point": 9044}, {"user": {"uid": 1342, "userid": 828, "name": "Daniel", "avatar": "https://cdn.discordapp.com/avatars/541172246207791114/01e982def485c77665c5c254ab57ff73.png"}, "point": 8352}, {"user": {"uid": 968, "userid": 602, "name": "Svampen Bob", "avatar": "https://cdn.discordapp.com/avatars/323528455209877505/bd28ff6f721d0a3c44f06e7301bb8ff4.png"}, "point": 8250}, {"user": {"uid": 948, "userid": 591, "name": "AidanTheSergal", "avatar": "https://cdn.discordapp.com/avatars/608713452420333589/05b5738d3be88e0cc579b801d879288b.png"}, "point": 7864}, {"user": {"uid": 32, "userid": 87, "name": "MartinWolf", "avatar": "https://cdn.discordapp.com/avatars/693618494071373824/0b22a83d6bc13d4db0c60b60aba7fef7.png"}, "point": 7612}, {"user": {"uid": 981, "userid": 610, "name": "cleanwein44", "avatar": "https://cdn.discordapp.com/avatars/372675857829068812/ab4326b52b09e80870f9f92688ee6487.png"}, "point": 7548}, {"user": {"uid": 1366, "userid": 838, "name": "King Styx", "avatar": "https://cdn.discordapp.com/avatars/186585962011164674/9fd4da7a246a13ba65e0e0ac5633a9a8.png"}, "point": 7270}, {"user": {"uid": 146, "userid": 293, "name": "Will", "avatar": "https://cdn.discordapp.com/avatars/218785391853961216/de02848ad7494d0e4f99c194e74aac1f.png"}, "point": 7054}, {"user": {"uid": 1384, "userid": 849, "name": "SirWoofington", "avatar": "https://cdn.discordapp.com/avatars/307522847981699073/9d082b554965ade03893745f98df6d9f.png"}, "point": 6868}, {"user": {"uid": 1211, "userid": 741, "name": "DoDs", "avatar": "https://cdn.discordapp.com/avatars/806922722394374164/37a43e1273ed1261485ba383db51415f.png"}, "point": 6854}, {"user": {"uid": 788, "userid": 514, "name": "roughsniper94", "avatar": "https://cdn.discordapp.com/avatars/763917927551336450/a_7d5cdc4c2d6b5ad84101e26141082c37.gif"}, "point": 6722}, {"user": {"uid": 1284, "userid": 787, "name": "T.Mckenzie", "avatar": "https://cdn.discordapp.com/avatars/478766743930667038/b5df8290803a59cd8771bd94ed013644.png"}, "point": 6259}, {"user": {"uid": 1059, "userid": 652, "name": "Padoru", "avatar": "https://cdn.discordapp.com/avatars/497738466747088917/e75850f1089b5d3167d556083524e2e7.png"}, "point": 6174}, {"user": {"uid": 1394, "userid": 857, "name": "Avery", "avatar": "https://avatars.steamstatic.com/696fca3e2bf6ee0db465e3a808370d15608d0cdf_full.jpg"}, "point": 6002}, {"user": {"uid": 1016, "userid": 628, "name": "shihab", "avatar": "https://cdn.discordapp.com/avatars/1063842614769623080/46221063a01f57eab6eb6357016c74c1.png"}, "point": 5736}, {"user": {"uid": 682, "userid": 456, "name": "stewyplayz", "avatar": "https://cdn.discordapp.com/avatars/925392010599366696/016e129569a09f1a57eeab9db756539e.png"}, "point": 5606}, {"user": {"uid": 1226, "userid": 749, "name": "That_Slayer87", "avatar": "https://cdn.discordapp.com/avatars/850248504878432287/9484069a71c25b62ac273f0daae0f0c2.png"}, "point": 5524}, {"user": {"uid": 1060, "userid": 650, "name": "monke \ud83e\udd5b", "avatar": "https://cdn.discordapp.com/avatars/953426914834546809/f2c62055518a4d8661230d0fd759b233.png"}, "point": 5448}, {"user": {"uid": 1, "userid": 0, "name": "CharlesWithC", "avatar": "https://charlws.com/me.gif"}, "point": 5402}, {"user": {"uid": 1397, "userid": 859, "name": "PitaKortari", "avatar": "https://cdn.discordapp.com/avatars/498072779975819264/81b70caf39508513d2f0732a5ac9732e.png"}, "point": 5382}, {"user": {"uid": 191, "userid": 352, "name": "kia_nokia", "avatar": "https://cdn.discordapp.com/avatars/946038819118022666/9613cd97518544022b55252d1952e174.png"}, "point": 5260}, {"user": {"uid": 851, "userid": 765, "name": "A_Bold_One", "avatar": "https://cdn.discordapp.com/avatars/724063574565322762/96cc2952ae7b5b1f5e6dfe520b727adc.png"}, "point": 4865}, {"user": {"uid": 1359, "userid": 832, "name": "emjehashi", "avatar": "https://cdn.discordapp.com/avatars/455000360646344704/3aad729d4034fe05884ae055f6c8e5c7.png"}, "point": 4850}, {"user": {"uid": 530, "userid": 369, "name": "Elvis\ud83e\udd81", "avatar": "https://cdn.discordapp.com/avatars/595784643547234304/a92405ad334961a7a0365c8472e2934b.png"}, "point": 4822}, {"user": {"uid": 1238, "userid": 758, "name": "nickmartin0235", "avatar": ""}, "point": 4340}, {"user": {"uid": 1400, "userid": 861, "name": "Taylor", "avatar": "https://cdn.discordapp.com/avatars/999381297527013479/a_efe6f32e94d3444d206a7f87b84ecabf.gif"}, "point": 4096}, {"user": {"uid": 1088, "userid": 665, "name": "Bruno", "avatar": "https://cdn.discordapp.com/avatars/1033734069491617924/7dfe1e883b163df567e4b8842d3108b4.png"}, "point": 4070}, {"user": {"uid": 965, "userid": 600, "name": "mousegamer", "avatar": "https://cdn.discordapp.com/avatars/563349741635895299/9f1086b79ec569edd6f89033da833ce2.png"}, "point": 3904}, {"user": {"uid": 1361, "userid": 833, "name": "Silensys", "avatar": "https://cdn.discordapp.com/avatars/881659659323326486/7fa429eb4934a4fc35c7e242bde813cc.png"}, "point": 3644}, {"user": {"uid": 68, "userid": 388, "name": "atg.\ud83e\udd86", "avatar": "https://cdn.discordapp.com/avatars/748911314533089422/210d7e52ffd91b0f8ef31ada0d8127c3.png"}, "point": 3368}, {"user": {"uid": 1187, "userid": 726, "name": "afrikandionysus", "avatar": "https://cdn.discordapp.com/avatars/759714918177177670/661f5840a2c808aa6c88959f5a379f8d.png"}, "point": 3288}, {"user": {"uid": 883, "userid": 560, "name": "Jacob Allister", "avatar": "https://cdn.discordapp.com/avatars/702694560635027507/5756077ebb8b2b8795f6742aee834807.png"}, "point": 3274}, {"user": {"uid": 991, "userid": 615, "name": "sybk", "avatar": "https://cdn.discordapp.com/avatars/639825073477517322/be61d19c6e2a600597c92870c135fc48.png"}, "point": 3190}, {"user": {"uid": 1299, "userid": 798, "name": "Landigrip", "avatar": "https://static.truckersmp.com/avatarsN/3298284.1706983297.jpg"}, "point": 3004}, {"user": {"uid": 169, "userid": 327, "name": "Carlos King", "avatar": "https://cdn.discordapp.com/avatars/506487248217309184/bd6c4d705e13abd33b3b26c5bdcd897d.png"}, "point": 2798}, {"user": {"uid": 1276, "userid": 783, "name": "Niels", "avatar": "https://cdn.discordapp.com/avatars/302918955452989441/fde78c69e42d57f2bcfa042a0a828f97.png"}, "point": 2752}, {"user": {"uid": 752, "userid": 498, "name": "Zimmer25", "avatar": "https://cdn.discordapp.com/avatars/712402480704782387/cdfd75e0a77634b8bda86cd1c851ac8b.png"}, "point": 2740}, {"user": {"uid": 813, "userid": 704, "name": "vJust_Josh", "avatar": "https://cdn.discordapp.com/avatars/922265598837276732/8550d243f88aac839192a1be56335b93.png"}, "point": 2716}, {"user": {"uid": 1313, "userid": 806, "name": "Kizule", "avatar": "https://cdn.discordapp.com/avatars/897576249466167377/4b225f923b6e3e5347b9a87db5e6876e.png"}, "point": 2530}, {"user": {"uid": 140, "userid": 284, "name": "maku78", "avatar": "https://cdn.discordapp.com/avatars/671428232628666388/a6a54bc09fd502351f42b3290808c9cd.png"}, "point": 2428}, {"user": {"uid": 1232, "userid": 755, "name": "glitchy", "avatar": "https://cdn.discordapp.com/avatars/692068158487396362/71e60bc757892e1a1ec6bb79b9053abf.png"}, "point": 2354}, {"user": {"uid": 761, "userid": 502, "name": "Stkedy", "avatar": "https://cdn.discordapp.com/avatars/238351864507269122/a_b13dea0894a3cdec216f56a426c559e8.gif"}, "point": 2290}, {"user": {"uid": 20, "userid": 51, "name": "T R I G G E R", "avatar": "https://cdn.discordapp.com/avatars/490128307212255242/bf857ac6cb9a9afe9d39f7a6ce8d1108.png"}, "point": 2236}, {"user": {"uid": 1131, "userid": 688, "name": "Siv5122", "avatar": "https://cdn.discordapp.com/avatars/312794710714482699/8855d8b2bdbd112249cd2fa0d113108e.png"}, "point": 2146}, {"user": {"uid": 974, "userid": 606, "name": "Carter", "avatar": "https://cdn.discordapp.com/avatars/848761810915950663/2672a25e8c40de13efa3d49626d8dde5.png"}, "point": 2142}, {"user": {"uid": 1167, "userid": 703, "name": "GreenSniper15", "avatar": "https://static.truckersmp.com/avatarsN/defaultavatar.png"}, "point": 1852}, {"user": {"uid": 586, "userid": 398, "name": "2022bmwx5blacksuv", "avatar": "https://cdn.discordapp.com/avatars/935889761544044554/3113899c1f82783655ba24c06a008054.png"}, "point": 1802}, {"user": {"uid": 1379, "userid": 844, "name": "Jeffweeeeeeeee. \u2b50\u2b50", "avatar": "https://cdn.discordapp.com/avatars/208473993374597120/1c8d5990fabd2a7fcdd4e46d20d4b2fb.png"}, "point": 1794}, {"user": {"uid": 1213, "userid": 742, "name": "\u2671 Spark DeLuca \u2671", "avatar": "https://cdn.discordapp.com/avatars/807678339514236989/283fb606004de5371e5b3e63ded107f8.png"}, "point": 1746}, {"user": {"uid": 719, "userid": 478, "name": "Kacpmaker", "avatar": "https://cdn.discordapp.com/avatars/856830263719100417/6193aebb5af7867cbbab53679f44d182.png"}, "point": 1722}, {"user": {"uid": 1042, "userid": 638, "name": "PeekIsMe2", "avatar": "https://cdn.discordapp.com/avatars/708291818994794516/e15911f8c145878544dde339fe7564b3.png"}, "point": 1582}, {"user": {"uid": 1285, "userid": 788, "name": "Kritix", "avatar": "https://cdn.discordapp.com/avatars/305481493608660992/8fa76026cf7c3b1d64a0ac8f5ae848ff.png"}, "point": 1518}, {"user": {"uid": 1317, "userid": 809, "name": "\u010cSD EM 475.0", "avatar": "https://cdn.discordapp.com/avatars/844934750427021342/d4f0e7fadf0849da515733072d9f5748.png"}, "point": 1446}, {"user": {"uid": 671, "userid": 448, "name": "Rocky", "avatar": "https://cdn.discordapp.com/avatars/508226509744635904/e3369089ffd246d81926fb1e43aa91d1.png"}, "point": 1298}, {"user": {"uid": 803, "userid": 521, "name": "AK47_GARCHA", "avatar": "https://cdn.discordapp.com/avatars/718236348217032774/b952eb6e0574a2f51a6458ddb48120fb.png"}, "point": 1202}, {"user": {"uid": 7, "userid": 605, "name": "BoZo", "avatar": "https://cdn.discordapp.com/avatars/1113580915684278282/6ef7669e784dabec7bdea51b55266319.png"}, "point": 1176}, {"user": {"uid": 41, "userid": 820, "name": "Jack", "avatar": "https://cdn.discordapp.com/avatars/555074609544822795/57261ee22127898211b6c51ab4fdecf2.png"}, "point": 1136}, {"user": {"uid": 112, "userid": 657, "name": "zatrisss", "avatar": "https://cdn.discordapp.com/avatars/270114281280765956/3f1b15d79e10e64381e0e8d18848d7ec.png"}, "point": 982}, {"user": {"uid": 1406, "userid": 864, "name": "tecsrpi", "avatar": "https://cdn.discordapp.com/avatars/1188513541355999252/1bc8eecd86e8cc94e6c3153b4144e0af.png"}, "point": 964}, {"user": {"uid": 21, "userid": 56, "name": "zylae", "avatar": "https://cdn.discordapp.com/avatars/461639155911229440/0190e9802611c03239630198a80d95fc.png"}, "point": 954}, {"user": {"uid": 999, "userid": 616, "name": "Beegrit", "avatar": "https://cdn.discordapp.com/avatars/292420244629094401/1d32a1a50108693129ae812d6d445b1d.png"}, "point": 926}, {"user": {"uid": 1308, "userid": 802, "name": "Nickem10", "avatar": ""}, "point": 870}, {"user": {"uid": 1237, "userid": 761, "name": "grimm", "avatar": "https://cdn.discordapp.com/avatars/791031198930698323/14be72ec618550c83f502f828c66bd13.png"}, "point": 790}, {"user": {"uid": 866, "userid": 550, "name": "RoudeL\u00e9iw", "avatar": "https://cdn.discordapp.com/avatars/497412687257534464/53a76d2cc11ce4a0171c5d1f84df139a.png"}, "point": 684}, {"user": {"uid": 1340, "userid": 822, "name": "Ronah", "avatar": "https://cdn.discordapp.com/avatars/161322502298009600/78927a48aaea26162e068e9de3b8b28a.png"}, "point": 648}, {"user": {"uid": 1343, "userid": 824, "name": "Crazy69", "avatar": "https://static.truckersmp.com/avatarsN/811063.1557990099.jpg"}, "point": 564}, {"user": {"uid": 1389, "userid": 852, "name": "B4HOOTY", "avatar": "https://cdn.discordapp.com/avatars/1005565213627646102/0d17e3d2e4d32ebb7157b62b3bbac884.png"}, "point": 552}, {"user": {"uid": 971, "userid": 604, "name": "patriotic clone trooper", "avatar": "https://cdn.discordapp.com/avatars/577748827470168075/3f3c57f906d80e80dff8ed6e54c70d25.png"}, "point": 530}, {"user": {"uid": 96, "userid": 222, "name": "Enrico", "avatar": "https://cdn.discordapp.com/avatars/596848527024455680/82f691a31c81d433f05f3a1e481b56fe.png"}, "point": 502}, {"user": {"uid": 980, "userid": 609, "name": "DdoubleE", "avatar": "https://cdn.discordapp.com/avatars/673140683619434496/acc8a409fb2fd279d3ff02d25a29abd7.png"}, "point": 434}, {"user": {"uid": 701, "userid": 469, "name": "Will", "avatar": "https://cdn.discordapp.com/avatars/845472376997412864/11557c26c537c6d7e95951470af91613.png"}, "point": 416}, {"user": {"uid": 1033, "userid": 634, "name": "Carrotr", "avatar": "https://cdn.discordapp.com/avatars/611283419367735300/fe9772d6e9d023b0cb9a0f7585fc31c4.png"}, "point": 400}, {"user": {"uid": 514, "userid": 367, "name": "Queen QUACKER'S", "avatar": "https://cdn.discordapp.com/avatars/543046119882752000/f78fcd69c31ce3faeb3be7d45b56f2e8.png"}, "point": 274}, {"user": {"uid": 1256, "userid": 770, "name": "CodGamerYT1", "avatar": "https://cdn.discordapp.com/avatars/569585483831574548/c315e7d768d89e93e67ba1f5df10e741.png"}, "point": 250}, {"user": {"uid": 1130, "userid": 687, "name": "Ops Icy", "avatar": "https://cdn.discordapp.com/avatars/530551773178626058/e5a0ac12d48b905869a6afda795b17f3.png"}, "point": 196}, {"user": {"uid": 677, "userid": 453, "name": "Huge", "avatar": "https://cdn.discordapp.com/avatars/683362923812487180/9f9423b2009f13e78c3dc8e2c1120c6d.png"}, "point": 38}, {"user": {"uid": 1191, "userid": 722, "name": "Tedo \u2622", "avatar": "https://cdn.discordapp.com/avatars/736941608167276555/845c97e52edbb176f8380c20c0b347ae.png"}, "point": 38}, {"user": {"uid": 173, "userid": 528, "name": "Cronbo", "avatar": "https://cdn.discordapp.com/avatars/687367459418013753/a_e21a0ee9b8c24d75a286549b2ea8e7a7.gif"}, "point": 4}, {"user": {"uid": 118, "userid": 577, "name": "AstroMonkey", "avatar": "https://cdn.discordapp.com/avatars/378744294262964225/93fb80f2180924cc1b51683fb8842483.png"}, "point": 0}, {"user": {"uid": 944, "userid": 588, "name": "Reeve", "avatar": "https://cdn.discordapp.com/avatars/600768861943496923/5a57e3b0b7f0de639f4a22dc1e684124.png"}, "point": 0}, {"user": {"uid": 1009, "userid": 623, "name": "Hexx", "avatar": "https://cdn.discordapp.com/avatars/304988513479426049/31e8b486c2961f5de7f3540765828808.png"}, "point": 0}]}