{"fmd": [{"user": {"uid": 3, "userid": 3, "name": "benny", "avatar": "https://avatars.steamstatic.com/5af091236431c90dfbf6bf6f49d753c372cbebf1_full.jpg"}, "point": 33478}, {"user": {"uid": 2, "userid": 2, "name": "DerGomrund", "avatar": "https://cdn.discordapp.com/avatars/154945971145539584/52ceb6fbe2c3027ddfee715b7457c1d3.png"}, "point": 23470}, {"user": {"uid": 4, "userid": 4, "name": "Razer", "avatar": "https://cdn.discordapp.com/avatars/926518320851714079/48d4e8eab969799cef3187e8002a2349.png"}, "point": 10350}, {"user": {"uid": 1, "userid": 1, "name": "condor1409", "avatar": "https://cdn.discordapp.com/avatars/154934938347634689/881ca89acb4eb64ceabf02a5e11e6f2d.png"}, "point": 8}], "fma": [{"user": {"uid": 1, "userid": 1, "name": "condor1409", "avatar": "https://cdn.discordapp.com/avatars/154934938347634689/881ca89acb4eb64ceabf02a5e11e6f2d.png"}, "point": 12000005426}, {"user": {"uid": 2, "userid": 2, "name": "DerGomrund", "avatar": "https://cdn.discordapp.com/avatars/154945971145539584/52ceb6fbe2c3027ddfee715b7457c1d3.png"}, "point": 4000023530}, {"user": {"uid": 4, "userid": 4, "name": "Razer", "avatar": "https://cdn.discordapp.com/avatars/926518320851714079/48d4e8eab969799cef3187e8002a2349.png"}, "point": 100133920}, {"user": {"uid": 3, "userid": 3, "name": "benny", "avatar": "https://avatars.steamstatic.com/5af091236431c90dfbf6bf6f49d753c372cbebf1_full.jpg"}, "point": 37496}]}