{"fmd": [{"user": {"uid": 96, "userid": 120, "name": "Pattarapon", "avatar": "https://cdn.discordapp.com/avatars/687263407417720832/c8f593c66e5dce0aeea7d8e0dc04e0cc.png"}, "point": 416878}, {"user": {"uid": 178, "userid": 142, "name": "Kai'Sa\u2606UnSyn Amagiri", "avatar": "https://cdn.discordapp.com/avatars/234026448229367809/a_3e769a6aef362f7e3f4ea09b2d3f5367.gif"}, "point": 249193}, {"user": {"uid": 300, "userid": 197, "name": "zoop", "avatar": "https://cdn.discordapp.com/avatars/221167310986149888/834a0f2ed8b4aacbb621e04069eba462.png"}, "point": 79485}, {"user": {"uid": 364, "userid": 215, "name": "[MCG] Danish_v8", "avatar": "https://static.truckersmp.com/avatarsN/3882826.1651322428.jpg"}, "point": 64892}, {"user": {"uid": 460, "userid": 245, "name": "[Prime] Malinois", "avatar": "https://cdn.discordapp.com/avatars/674758857154887710/9984f9f4d45a58816391042a4ec4d2da.png"}, "point": 61492}, {"user": {"uid": 337, "userid": 208, "name": "Dr. Stevo", "avatar": "https://cdn.discordapp.com/avatars/603859936434323456/a_8fb3ef826c61fa9bc1445843af78a75f.gif"}, "point": 61052}, {"user": {"uid": 409, "userid": 226, "name": "\ud835\ude7d\ud835\ude74\ud835\ude86\ud835\ude83\ud835\ude88\ud835\ude7f\ud835\ude74\ud835\ude82", "avatar": "https://cdn.discordapp.com/avatars/624501922531115019/720e6c9072e99985cd234df4183376af.png"}, "point": 58998}, {"user": {"uid": 82, "userid": 99, "name": "PepyNox \ud83e\udd16", "avatar": "https://cdn.discordapp.com/avatars/261473263752839168/a_32058670e7fcdb9136bb159147e62d09.gif"}, "point": 49616}, {"user": {"uid": 19, "userid": 22, "name": "Garmy", "avatar": "https://cdn.discordapp.com/avatars/537294435617341451/19dfb744f41be1bc27dafe27f13a2b26.png"}, "point": 42380}, {"user": {"uid": 16, "userid": 19, "name": "Tom", "avatar": "https://cdn.discordapp.com/avatars/306758358092742657/76a57e65deac4cc1b58e729073cc45bf.png"}, "point": 42024}, {"user": {"uid": 15, "userid": 17, "name": "Aashraye", "avatar": "https://cdn.discordapp.com/avatars/514799622510739456/a_9fa635cb53a66b5da365a010bbced50e.gif"}, "point": 37486}, {"user": {"uid": 211, "userid": 160, "name": "human?", "avatar": "https://cdn.discordapp.com/avatars/698752151073194015/e626fce336d1295ab98959c084394e8b.png"}, "point": 36653}, {"user": {"uid": 14, "userid": 15, "name": "Cel", "avatar": "https://cdn.discordapp.com/avatars/388906563043065861/ea2e630b6ace3b5676e334f4f61e039f.png"}, "point": 35130}, {"user": {"uid": 26, "userid": 30, "name": "RealVladilena", "avatar": "https://cdn.discordapp.com/avatars/304356725618769920/08910b0efd0f8156af7a9110a80ad985.png"}, "point": 34420}, {"user": {"uid": 100, "userid": 124, "name": "Nexusover", "avatar": "https://cdn.discordapp.com/avatars/531793623331635201/260ded5291ac81d0908d5750e2af59ca.png"}, "point": 34019}, {"user": {"uid": 421, "userid": 233, "name": "Lefoux", "avatar": "https://cdn.discordapp.com/avatars/859833212033564675/49340ceb0fd24171d8f5d92bf60ee617.png"}, "point": 33630}, {"user": {"uid": 360, "userid": 213, "name": "[MCG] KAYJAY [MY]", "avatar": "https://static.truckersmp.com/avatarsN/5131980.1702095350.png"}, "point": 27618}, {"user": {"uid": 204, "userid": 155, "name": "Xenon_25", "avatar": "https://avatars.steamstatic.com/8dfe278c7493b6984540e57ecd57b791df13841e_full.jpg"}, "point": 19362}, {"user": {"uid": 244, "userid": 174, "name": "basho10", "avatar": "https://cdn.discordapp.com/avatars/1007578377475067904/None.png"}, "point": 19096}, {"user": {"uid": 452, "userid": 244, "name": "xiho\u30c5", "avatar": "https://cdn.discordapp.com/avatars/571002754877882369/9cd9d3d0a42510c5a2426a3e6f230b19.png"}, "point": 17112}, {"user": {"uid": 75, "userid": 87, "name": "Divaice", "avatar": "https://cdn.discordapp.com/avatars/442566760277868546/036f730b9f21ac80ae369dbbaa692664.png"}, "point": 16112}, {"user": {"uid": 478, "userid": 250, "name": "MCG ElChapo", "avatar": "https://avatars.steamstatic.com/44b65fa70c3df3819aa00d7b9cb13a40ac7cc2dc_full.jpg"}, "point": 14646}, {"user": {"uid": 323, "userid": 205, "name": "corneliusisback", "avatar": "https://cdn.discordapp.com/avatars/330630421677211648/a_44d9d4d4a74c00d3c030e7f9ac2ff2f6.gif"}, "point": 14136}, {"user": {"uid": 341, "userid": 211, "name": "thanhhuy", "avatar": "https://cdn.discordapp.com/avatars/440698992041525260/ef5aaadaa5bf0c9256cd5d61eb370755.png"}, "point": 14112}, {"user": {"uid": 249, "userid": 176, "name": "\u146d\u157c\u144c\u1587I\u144e \u15f7\u15dd\u15dd\u144e\u4e05\u157c\u15dd\u1587\u144e \ud83d\udc7b", "avatar": "https://cdn.discordapp.com/avatars/502076330628874241/6e85799ea6de903eea4203f2a8d17cdf.png"}, "point": 13790}, {"user": {"uid": 400, "userid": 222, "name": "prbkk", "avatar": "https://cdn.discordapp.com/avatars/882076408308989952/bd00d6503d087db05af20d86f3f6681e.png"}, "point": 11836}, {"user": {"uid": 202, "userid": 154, "name": "i'm J clarkson", "avatar": "https://cdn.discordapp.com/avatars/690586123952586792/80cf82fd6950b61379dce9612d1f7034.png"}, "point": 11518}, {"user": {"uid": 448, "userid": 243, "name": "zeydox916", "avatar": "https://cdn.discordapp.com/avatars/408691397345148929/d0e65576034b590e019ac69b962815a3.png"}, "point": 11186}, {"user": {"uid": 399, "userid": 223, "name": "kailum88866", "avatar": "https://cdn.discordapp.com/avatars/793857518538719253/ff32b32b881efbf3dce9751c3a55588f.png"}, "point": 11160}, {"user": {"uid": 104, "userid": 128, "name": "Jablko 47", "avatar": "https://cdn.discordapp.com/avatars/496659970696282112/c598da5e3493f03048d4831a1b806273.png"}, "point": 10814}, {"user": {"uid": 441, "userid": 242, "name": "Sirky", "avatar": "https://cdn.discordapp.com/avatars/221323793027563521/94c8a6552f9d0bb3a5cb641afab66532.png"}, "point": 10194}, {"user": {"uid": 328, "userid": 206, "name": "k.karachorov", "avatar": "https://cdn.discordapp.com/avatars/840288381014376479/33af5e99c09082954093bd9c394a467c.png"}, "point": 9654}, {"user": {"uid": 433, "userid": 239, "name": "Azite", "avatar": "https://cdn.discordapp.com/avatars/501695966315806720/a_e3ce9797e9ecc1ad16317be00c8e80be.gif"}, "point": 9590}, {"user": {"uid": 479, "userid": 252, "name": "ST1G", "avatar": "https://cdn.discordapp.com/avatars/515890400494616608/f4bac7aef316082f7bad4fcbb6b39570.png"}, "point": 8496}, {"user": {"uid": 58, "userid": 65, "name": "_Noah23_", "avatar": "https://cdn.discordapp.com/avatars/543895412432699412/cf39ba207e4f280090a5bf7f6e6f043d.png"}, "point": 8102}, {"user": {"uid": 423, "userid": 234, "name": "airilxx", "avatar": "https://cdn.discordapp.com/avatars/410461489011490817/d1d300ee9fe0a2746ef91643f057c9f4.png"}, "point": 7645}, {"user": {"uid": 64, "userid": 71, "name": "naltor34", "avatar": "https://cdn.discordapp.com/avatars/302866656214908928/8e62aec24f7f18698b443ba03ffdf48d.png"}, "point": 7536}, {"user": {"uid": 65, "userid": 72, "name": "Pai48259", "avatar": "https://cdn.discordapp.com/avatars/708684150382526577/f7191bb359d3f075d7e0b7d27f1ba11f.png"}, "point": 6850}, {"user": {"uid": 81, "userid": 98, "name": "jardi81", "avatar": ""}, "point": 6822}, {"user": {"uid": 8, "userid": 9, "name": "Fitri10", "avatar": "https://cdn.discordapp.com/avatars/537228046948892683/c88172513c19d6145de568e720da3b0a.png"}, "point": 6104}, {"user": {"uid": 418, "userid": 231, "name": "Ra\u010fas", "avatar": "https://cdn.discordapp.com/avatars/797569994698260530/f477fc21e7339e15597635242b2e6702.png"}, "point": 6092}, {"user": {"uid": 103, "userid": 127, "name": "Azisa", "avatar": "https://cdn.discordapp.com/avatars/384476192213958657/e5a94ca54f96feb9f454ab07c86ebb06.png"}, "point": 5616}, {"user": {"uid": 406, "userid": 225, "name": "Gaurav1272", "avatar": "https://avatars.steamstatic.com/fe5fe8d105d5d1617f755d6c1f9b09688bff585a_full.jpg"}, "point": 5496}, {"user": {"uid": 286, "userid": 190, "name": "[MCG] NarBREAD (SVK)", "avatar": "https://cdn.discordapp.com/attachments/1058844743582363859/1162360746752090153/SmartSelect_20231013-140626_Gallery.jpg?ex=653ba7cd&is=652932cd&hm=909f43b4b9783fd00a00fed9e0690b8a674b513d16c085eb132e237ea763d8ca&"}, "point": 5374}, {"user": {"uid": 443, "userid": 248, "name": "\u00fc", "avatar": "https://cdn.discordapp.com/avatars/795288406028451851/9f5b2a24b7bb49c70da96297c4eef265.png"}, "point": 5370}, {"user": {"uid": 474, "userid": 251, "name": "ItzzCurly", "avatar": "https://cdn.discordapp.com/avatars/1110006667879387136/f2230d44f93261488b44b6f5ce64be26.png"}, "point": 4442}, {"user": {"uid": 469, "userid": 247, "name": "Ayl0o", "avatar": "https://cdn.discordapp.com/avatars/706856186712031233/926726bdacd19e3f7294b06bcf6f729b.png"}, "point": 4268}, {"user": {"uid": 259, "userid": 180, "name": "Tom Smith", "avatar": "https://cdn.discordapp.com/avatars/634875282087739402/d7f37b180267028c04a70bf39b51a974.png"}, "point": 4210}, {"user": {"uid": 425, "userid": 235, "name": "\ud835\udc11\ud835\udc1a\ud835\udc33\ud835\udc2f\ud835\udc1a\ud835\udc27\ud835\udc11\ud835\udc0e", "avatar": "https://cdn.discordapp.com/avatars/781186254976712794/2d6c733e78c760666fe6c9b332860609.png"}, "point": 4128}, {"user": {"uid": 12, "userid": 13, "name": "fatzri", "avatar": "https://cdn.discordapp.com/avatars/689652100560453694/42e61d1e9a88c0302601fc9c99fbd691.png"}, "point": 3674}, {"user": {"uid": 222, "userid": 194, "name": "Pyongquan97", "avatar": "https://cdn.discordapp.com/avatars/414388473659785227/2a7674b6520100f48b2e62f69e3f44da.png"}, "point": 3650}, {"user": {"uid": 10, "userid": 11, "name": "Xavogad", "avatar": "https://cdn.discordapp.com/avatars/742325632691863564/8d806af82b9a597d6538e72fd8e9bdae.png"}, "point": 3140}, {"user": {"uid": 428, "userid": 238, "name": "shomy3997", "avatar": "https://cdn.discordapp.com/avatars/348523996280782850/5f926f02f550db167797eacd95b69cee.png"}, "point": 3000}, {"user": {"uid": 30, "userid": 34, "name": "abechan JPN", "avatar": "https://avatars.steamstatic.com/bc878d45e30f82fb5a07e770016a340e206da593_full.jpg"}, "point": 2682}, {"user": {"uid": 185, "userid": 146, "name": "White_M4n1ak_FR", "avatar": "https://cdn.discordapp.com/avatars/416665296431087626/96f176ba615ab59d351424b46f173885.png"}, "point": 2436}, {"user": {"uid": 463, "userid": 246, "name": "Ja0kY_", "avatar": "https://cdn.discordapp.com/avatars/634785871387688991/a_84c3faacbd047bc4daa9809868626210.gif"}, "point": 2186}, {"user": {"uid": 56, "userid": 61, "name": "SaeHyun", "avatar": "https://cdn.discordapp.com/avatars/456466096157884440/None.png"}, "point": 2040}, {"user": {"uid": 470, "userid": 253, "name": "[MCG] Lucasg4329 [FR]", "avatar": "https://static.truckersmp.com/avatarsN/defaultavatar.png"}, "point": 1932}, {"user": {"uid": 39, "userid": 43, "name": "\u2606M\u03b5g\u03b1\u04a0i\u03b7d\u2606", "avatar": "https://cdn.discordapp.com/avatars/348149420669534208/e24c1961bda2e30ecdef0681308608f2.png"}, "point": 1668}, {"user": {"uid": 114, "userid": 139, "name": "PEPANEX", "avatar": "https://cdn.discordapp.com/avatars/496311588727291924/bb00be8220f75a1924d6b91c5609a431.png"}, "point": 1176}, {"user": {"uid": 36, "userid": 40, "name": "Ben", "avatar": "https://cdn.discordapp.com/avatars/553941654864920594/1d465ee4236b3f0a7e47c07d4f3c1ba2.png"}, "point": 628}, {"user": {"uid": 482, "userid": 255, "name": "JYXH", "avatar": "https://cdn.discordapp.com/avatars/1222859852351803445/a13714a6f79a8b5ca78e4e48998060bb.png"}, "point": 612}, {"user": {"uid": 376, "userid": 217, "name": "im_tibo", "avatar": "https://cdn.discordapp.com/avatars/677523358773936159/4701cf2e052934cb803f95ac1f17c941.png"}, "point": 588}, {"user": {"uid": 275, "userid": 187, "name": "th3br1t1shon3", "avatar": "https://cdn.discordapp.com/avatars/670477855129337869/64c4c05f7d62855fa27c080577f3157b.png"}, "point": 0}], "fma": [{"user": {"uid": 96, "userid": 120, "name": "Pattarapon", "avatar": "https://cdn.discordapp.com/avatars/687263407417720832/c8f593c66e5dce0aeea7d8e0dc04e0cc.png"}, "point": 416878}, {"user": {"uid": 178, "userid": 142, "name": "Kai'Sa\u2606UnSyn Amagiri", "avatar": "https://cdn.discordapp.com/avatars/234026448229367809/a_3e769a6aef362f7e3f4ea09b2d3f5367.gif"}, "point": 249193}, {"user": {"uid": 300, "userid": 197, "name": "zoop", "avatar": "https://cdn.discordapp.com/avatars/221167310986149888/834a0f2ed8b4aacbb621e04069eba462.png"}, "point": 79485}, {"user": {"uid": 364, "userid": 215, "name": "[MCG] Danish_v8", "avatar": "https://static.truckersmp.com/avatarsN/3882826.1651322428.jpg"}, "point": 64892}, {"user": {"uid": 460, "userid": 245, "name": "[Prime] Malinois", "avatar": "https://cdn.discordapp.com/avatars/674758857154887710/9984f9f4d45a58816391042a4ec4d2da.png"}, "point": 61492}, {"user": {"uid": 337, "userid": 208, "name": "Dr. Stevo", "avatar": "https://cdn.discordapp.com/avatars/603859936434323456/a_8fb3ef826c61fa9bc1445843af78a75f.gif"}, "point": 61052}, {"user": {"uid": 409, "userid": 226, "name": "\ud835\ude7d\ud835\ude74\ud835\ude86\ud835\ude83\ud835\ude88\ud835\ude7f\ud835\ude74\ud835\ude82", "avatar": "https://cdn.discordapp.com/avatars/624501922531115019/720e6c9072e99985cd234df4183376af.png"}, "point": 58998}, {"user": {"uid": 82, "userid": 99, "name": "PepyNox \ud83e\udd16", "avatar": "https://cdn.discordapp.com/avatars/261473263752839168/a_32058670e7fcdb9136bb159147e62d09.gif"}, "point": 49616}, {"user": {"uid": 19, "userid": 22, "name": "Garmy", "avatar": "https://cdn.discordapp.com/avatars/537294435617341451/19dfb744f41be1bc27dafe27f13a2b26.png"}, "point": 42380}, {"user": {"uid": 16, "userid": 19, "name": "Tom", "avatar": "https://cdn.discordapp.com/avatars/306758358092742657/76a57e65deac4cc1b58e729073cc45bf.png"}, "point": 42024}, {"user": {"uid": 15, "userid": 17, "name": "Aashraye", "avatar": "https://cdn.discordapp.com/avatars/514799622510739456/a_9fa635cb53a66b5da365a010bbced50e.gif"}, "point": 37486}, {"user": {"uid": 211, "userid": 160, "name": "human?", "avatar": "https://cdn.discordapp.com/avatars/698752151073194015/e626fce336d1295ab98959c084394e8b.png"}, "point": 36653}, {"user": {"uid": 14, "userid": 15, "name": "Cel", "avatar": "https://cdn.discordapp.com/avatars/388906563043065861/ea2e630b6ace3b5676e334f4f61e039f.png"}, "point": 35130}, {"user": {"uid": 26, "userid": 30, "name": "RealVladilena", "avatar": "https://cdn.discordapp.com/avatars/304356725618769920/08910b0efd0f8156af7a9110a80ad985.png"}, "point": 34420}, {"user": {"uid": 100, "userid": 124, "name": "Nexusover", "avatar": "https://cdn.discordapp.com/avatars/531793623331635201/260ded5291ac81d0908d5750e2af59ca.png"}, "point": 34019}, {"user": {"uid": 421, "userid": 233, "name": "Lefoux", "avatar": "https://cdn.discordapp.com/avatars/859833212033564675/49340ceb0fd24171d8f5d92bf60ee617.png"}, "point": 33630}, {"user": {"uid": 360, "userid": 213, "name": "[MCG] KAYJAY [MY]", "avatar": "https://static.truckersmp.com/avatarsN/5131980.1702095350.png"}, "point": 27618}, {"user": {"uid": 204, "userid": 155, "name": "Xenon_25", "avatar": "https://avatars.steamstatic.com/8dfe278c7493b6984540e57ecd57b791df13841e_full.jpg"}, "point": 19362}, {"user": {"uid": 244, "userid": 174, "name": "basho10", "avatar": "https://cdn.discordapp.com/avatars/1007578377475067904/None.png"}, "point": 19096}, {"user": {"uid": 452, "userid": 244, "name": "xiho\u30c5", "avatar": "https://cdn.discordapp.com/avatars/571002754877882369/9cd9d3d0a42510c5a2426a3e6f230b19.png"}, "point": 17112}, {"user": {"uid": 75, "userid": 87, "name": "Divaice", "avatar": "https://cdn.discordapp.com/avatars/442566760277868546/036f730b9f21ac80ae369dbbaa692664.png"}, "point": 16112}, {"user": {"uid": 478, "userid": 250, "name": "MCG ElChapo", "avatar": "https://avatars.steamstatic.com/44b65fa70c3df3819aa00d7b9cb13a40ac7cc2dc_full.jpg"}, "point": 14646}, {"user": {"uid": 323, "userid": 205, "name": "corneliusisback", "avatar": "https://cdn.discordapp.com/avatars/330630421677211648/a_44d9d4d4a74c00d3c030e7f9ac2ff2f6.gif"}, "point": 14136}, {"user": {"uid": 341, "userid": 211, "name": "thanhhuy", "avatar": "https://cdn.discordapp.com/avatars/440698992041525260/ef5aaadaa5bf0c9256cd5d61eb370755.png"}, "point": 14112}, {"user": {"uid": 249, "userid": 176, "name": "\u146d\u157c\u144c\u1587I\u144e \u15f7\u15dd\u15dd\u144e\u4e05\u157c\u15dd\u1587\u144e \ud83d\udc7b", "avatar": "https://cdn.discordapp.com/avatars/502076330628874241/6e85799ea6de903eea4203f2a8d17cdf.png"}, "point": 13790}, {"user": {"uid": 400, "userid": 222, "name": "prbkk", "avatar": "https://cdn.discordapp.com/avatars/882076408308989952/bd00d6503d087db05af20d86f3f6681e.png"}, "point": 11836}, {"user": {"uid": 202, "userid": 154, "name": "i'm J clarkson", "avatar": "https://cdn.discordapp.com/avatars/690586123952586792/80cf82fd6950b61379dce9612d1f7034.png"}, "point": 11518}, {"user": {"uid": 448, "userid": 243, "name": "zeydox916", "avatar": "https://cdn.discordapp.com/avatars/408691397345148929/d0e65576034b590e019ac69b962815a3.png"}, "point": 11186}, {"user": {"uid": 399, "userid": 223, "name": "kailum88866", "avatar": "https://cdn.discordapp.com/avatars/793857518538719253/ff32b32b881efbf3dce9751c3a55588f.png"}, "point": 11160}, {"user": {"uid": 104, "userid": 128, "name": "Jablko 47", "avatar": "https://cdn.discordapp.com/avatars/496659970696282112/c598da5e3493f03048d4831a1b806273.png"}, "point": 10814}, {"user": {"uid": 441, "userid": 242, "name": "Sirky", "avatar": "https://cdn.discordapp.com/avatars/221323793027563521/94c8a6552f9d0bb3a5cb641afab66532.png"}, "point": 10194}, {"user": {"uid": 328, "userid": 206, "name": "k.karachorov", "avatar": "https://cdn.discordapp.com/avatars/840288381014376479/33af5e99c09082954093bd9c394a467c.png"}, "point": 9654}, {"user": {"uid": 433, "userid": 239, "name": "Azite", "avatar": "https://cdn.discordapp.com/avatars/501695966315806720/a_e3ce9797e9ecc1ad16317be00c8e80be.gif"}, "point": 9590}, {"user": {"uid": 479, "userid": 252, "name": "ST1G", "avatar": "https://cdn.discordapp.com/avatars/515890400494616608/f4bac7aef316082f7bad4fcbb6b39570.png"}, "point": 8496}, {"user": {"uid": 58, "userid": 65, "name": "_Noah23_", "avatar": "https://cdn.discordapp.com/avatars/543895412432699412/cf39ba207e4f280090a5bf7f6e6f043d.png"}, "point": 8102}, {"user": {"uid": 423, "userid": 234, "name": "airilxx", "avatar": "https://cdn.discordapp.com/avatars/410461489011490817/d1d300ee9fe0a2746ef91643f057c9f4.png"}, "point": 7645}, {"user": {"uid": 64, "userid": 71, "name": "naltor34", "avatar": "https://cdn.discordapp.com/avatars/302866656214908928/8e62aec24f7f18698b443ba03ffdf48d.png"}, "point": 7536}, {"user": {"uid": 65, "userid": 72, "name": "Pai48259", "avatar": "https://cdn.discordapp.com/avatars/708684150382526577/f7191bb359d3f075d7e0b7d27f1ba11f.png"}, "point": 6850}, {"user": {"uid": 81, "userid": 98, "name": "jardi81", "avatar": ""}, "point": 6822}, {"user": {"uid": 8, "userid": 9, "name": "Fitri10", "avatar": "https://cdn.discordapp.com/avatars/537228046948892683/c88172513c19d6145de568e720da3b0a.png"}, "point": 6104}, {"user": {"uid": 418, "userid": 231, "name": "Ra\u010fas", "avatar": "https://cdn.discordapp.com/avatars/797569994698260530/f477fc21e7339e15597635242b2e6702.png"}, "point": 6092}, {"user": {"uid": 103, "userid": 127, "name": "Azisa", "avatar": "https://cdn.discordapp.com/avatars/384476192213958657/e5a94ca54f96feb9f454ab07c86ebb06.png"}, "point": 5616}, {"user": {"uid": 406, "userid": 225, "name": "Gaurav1272", "avatar": "https://avatars.steamstatic.com/fe5fe8d105d5d1617f755d6c1f9b09688bff585a_full.jpg"}, "point": 5496}, {"user": {"uid": 286, "userid": 190, "name": "[MCG] NarBREAD (SVK)", "avatar": "https://cdn.discordapp.com/attachments/1058844743582363859/1162360746752090153/SmartSelect_20231013-140626_Gallery.jpg?ex=653ba7cd&is=652932cd&hm=909f43b4b9783fd00a00fed9e0690b8a674b513d16c085eb132e237ea763d8ca&"}, "point": 5374}, {"user": {"uid": 443, "userid": 248, "name": "\u00fc", "avatar": "https://cdn.discordapp.com/avatars/795288406028451851/9f5b2a24b7bb49c70da96297c4eef265.png"}, "point": 5370}, {"user": {"uid": 474, "userid": 251, "name": "ItzzCurly", "avatar": "https://cdn.discordapp.com/avatars/1110006667879387136/f2230d44f93261488b44b6f5ce64be26.png"}, "point": 4442}, {"user": {"uid": 469, "userid": 247, "name": "Ayl0o", "avatar": "https://cdn.discordapp.com/avatars/706856186712031233/926726bdacd19e3f7294b06bcf6f729b.png"}, "point": 4268}, {"user": {"uid": 259, "userid": 180, "name": "Tom Smith", "avatar": "https://cdn.discordapp.com/avatars/634875282087739402/d7f37b180267028c04a70bf39b51a974.png"}, "point": 4210}, {"user": {"uid": 425, "userid": 235, "name": "\ud835\udc11\ud835\udc1a\ud835\udc33\ud835\udc2f\ud835\udc1a\ud835\udc27\ud835\udc11\ud835\udc0e", "avatar": "https://cdn.discordapp.com/avatars/781186254976712794/2d6c733e78c760666fe6c9b332860609.png"}, "point": 4128}, {"user": {"uid": 12, "userid": 13, "name": "fatzri", "avatar": "https://cdn.discordapp.com/avatars/689652100560453694/42e61d1e9a88c0302601fc9c99fbd691.png"}, "point": 3674}, {"user": {"uid": 222, "userid": 194, "name": "Pyongquan97", "avatar": "https://cdn.discordapp.com/avatars/414388473659785227/2a7674b6520100f48b2e62f69e3f44da.png"}, "point": 3650}, {"user": {"uid": 10, "userid": 11, "name": "Xavogad", "avatar": "https://cdn.discordapp.com/avatars/742325632691863564/8d806af82b9a597d6538e72fd8e9bdae.png"}, "point": 3140}, {"user": {"uid": 428, "userid": 238, "name": "shomy3997", "avatar": "https://cdn.discordapp.com/avatars/348523996280782850/5f926f02f550db167797eacd95b69cee.png"}, "point": 3000}, {"user": {"uid": 30, "userid": 34, "name": "abechan JPN", "avatar": "https://avatars.steamstatic.com/bc878d45e30f82fb5a07e770016a340e206da593_full.jpg"}, "point": 2682}, {"user": {"uid": 185, "userid": 146, "name": "White_M4n1ak_FR", "avatar": "https://cdn.discordapp.com/avatars/416665296431087626/96f176ba615ab59d351424b46f173885.png"}, "point": 2436}, {"user": {"uid": 463, "userid": 246, "name": "Ja0kY_", "avatar": "https://cdn.discordapp.com/avatars/634785871387688991/a_84c3faacbd047bc4daa9809868626210.gif"}, "point": 2186}, {"user": {"uid": 56, "userid": 61, "name": "SaeHyun", "avatar": "https://cdn.discordapp.com/avatars/456466096157884440/None.png"}, "point": 2040}, {"user": {"uid": 470, "userid": 253, "name": "[MCG] Lucasg4329 [FR]", "avatar": "https://static.truckersmp.com/avatarsN/defaultavatar.png"}, "point": 1932}, {"user": {"uid": 39, "userid": 43, "name": "\u2606M\u03b5g\u03b1\u04a0i\u03b7d\u2606", "avatar": "https://cdn.discordapp.com/avatars/348149420669534208/e24c1961bda2e30ecdef0681308608f2.png"}, "point": 1668}, {"user": {"uid": 114, "userid": 139, "name": "PEPANEX", "avatar": "https://cdn.discordapp.com/avatars/496311588727291924/bb00be8220f75a1924d6b91c5609a431.png"}, "point": 1176}, {"user": {"uid": 36, "userid": 40, "name": "Ben", "avatar": "https://cdn.discordapp.com/avatars/553941654864920594/1d465ee4236b3f0a7e47c07d4f3c1ba2.png"}, "point": 628}, {"user": {"uid": 482, "userid": 255, "name": "JYXH", "avatar": "https://cdn.discordapp.com/avatars/1222859852351803445/a13714a6f79a8b5ca78e4e48998060bb.png"}, "point": 612}, {"user": {"uid": 376, "userid": 217, "name": "im_tibo", "avatar": "https://cdn.discordapp.com/avatars/677523358773936159/4701cf2e052934cb803f95ac1f17c941.png"}, "point": 588}, {"user": {"uid": 275, "userid": 187, "name": "th3br1t1shon3", "avatar": "https://cdn.discordapp.com/avatars/670477855129337869/64c4c05f7d62855fa27c080577f3157b.png"}, "point": 0}]}