{"fmd": [{"user": {"uid": 20, "userid": 18, "name": "Fate | \ud835\udc6c\ud835\udc69\ud835\udc75 \ud835\udc80\ud835\udc68\ud835\udc7a\ud835\udc7a\ud835\udc70\ud835\udc6c\ud835\udc75", "avatar": "https://cdn.discordapp.com/avatars/810634801371021312/9eb6c2d42cc4c8fdef9d67fb34e3664b.png"}, "point": 96728}, {"user": {"uid": 18, "userid": 17, "name": "Ismailali", "avatar": "https://static.truckersmp.com/avatarsN/5215089.1705341903.jpeg"}, "point": 55840}, {"user": {"uid": 11, "userid": 10, "name": "ALI_ALARAFEEN", "avatar": "https://static.truckersmp.com/avatarsN/3548432.1702237396.png"}, "point": 48556}, {"user": {"uid": 33, "userid": 29, "name": "Fate | SAFA7", "avatar": "https://cdn.discordapp.com/avatars/1183883596218499104/6cd33aedab87e380426f1105b9f2195f.png"}, "point": 37961}, {"user": {"uid": 29, "userid": 28, "name": "Fate | Salah", "avatar": "https://cdn.discordapp.com/avatars/803759858343346196/f65b198885829f9f2205e31777422ec0.png"}, "point": 36342}, {"user": {"uid": 10, "userid": 9, "name": "Fate | mortada", "avatar": "https://cdn.discordapp.com/avatars/938364860536877096/f3e9ec00103214a3159d401fdc361c7a.png"}, "point": 33248}, {"user": {"uid": 12, "userid": 11, "name": "Fate | OMAR IBRAHIM", "avatar": "https://cdn.discordapp.com/avatars/817042346188472330/4613a8261bf809a23cc03ccfd30fdf2c.png"}, "point": 25654}, {"user": {"uid": 45, "userid": 41, "name": "Fate I Kareem Rashad", "avatar": "https://cdn.discordapp.com/avatars/952581067687206994/031938f413aa0688d5aabfeeb350a7b9.png"}, "point": 21934}, {"user": {"uid": 25, "userid": 21, "name": "Mo kamal", "avatar": "https://avatars.steamstatic.com/f865025db7f5971657f364d03aab4589b58e7976_full.jpg"}, "point": 20943}, {"user": {"uid": 48, "userid": 44, "name": "Fate | Mohamed mostafa", "avatar": "https://cdn.discordapp.com/avatars/1150961957206249502/e94b2eb56c16b7e8058c0a9c86787769.png"}, "point": 10728}, {"user": {"uid": 49, "userid": 45, "name": "BOYKA K.M", "avatar": "https://cdn.discordapp.com/avatars/1165376827376799754/ca70e777a8502d11a67202b17fdb8fb3.png"}, "point": 9282}, {"user": {"uid": 32, "userid": 27, "name": "egwolf2004", "avatar": "https://static.truckersmp.com/avatarsN/5298601.1704219238.png"}, "point": 8927}, {"user": {"uid": 38, "userid": 36, "name": "Fate | bassl", "avatar": "https://cdn.discordapp.com/avatars/1192176645319168061/17215a601cd2c9aad83710f129270258.png"}, "point": 6137}, {"user": {"uid": 31, "userid": 26, "name": "Fate | A.Essam [Vigas]", "avatar": "https://cdn.discordapp.com/avatars/294551453568073728/d55499a6f2bb80064a83be06838ab062.png"}, "point": 2948}, {"user": {"uid": 30, "userid": 51, "name": "Fate | \ud835\udc00\ud835\udfd5\ud835\udc0c\ud835\udc03", "avatar": "https://cdn.discordapp.com/avatars/628558790945407006/eec4750de10fc050f72251a0bba33c4f.png"}, "point": 1184}], "fma": [{"user": {"uid": 20, "userid": 18, "name": "Fate | \ud835\udc6c\ud835\udc69\ud835\udc75 \ud835\udc80\ud835\udc68\ud835\udc7a\ud835\udc7a\ud835\udc70\ud835\udc6c\ud835\udc75", "avatar": "https://cdn.discordapp.com/avatars/810634801371021312/9eb6c2d42cc4c8fdef9d67fb34e3664b.png"}, "point": 4086554}, {"user": {"uid": 18, "userid": 17, "name": "Ismailali", "avatar": "https://static.truckersmp.com/avatarsN/5215089.1705341903.jpeg"}, "point": 77572}, {"user": {"uid": 11, "userid": 10, "name": "ALI_ALARAFEEN", "avatar": "https://static.truckersmp.com/avatarsN/3548432.1702237396.png"}, "point": 48556}, {"user": {"uid": 33, "userid": 29, "name": "Fate | SAFA7", "avatar": "https://cdn.discordapp.com/avatars/1183883596218499104/6cd33aedab87e380426f1105b9f2195f.png"}, "point": 37961}, {"user": {"uid": 29, "userid": 28, "name": "Fate | Salah", "avatar": "https://cdn.discordapp.com/avatars/803759858343346196/f65b198885829f9f2205e31777422ec0.png"}, "point": 36393}, {"user": {"uid": 10, "userid": 9, "name": "Fate | mortada", "avatar": "https://cdn.discordapp.com/avatars/938364860536877096/f3e9ec00103214a3159d401fdc361c7a.png"}, "point": 33248}, {"user": {"uid": 12, "userid": 11, "name": "Fate | OMAR IBRAHIM", "avatar": "https://cdn.discordapp.com/avatars/817042346188472330/4613a8261bf809a23cc03ccfd30fdf2c.png"}, "point": 25654}, {"user": {"uid": 45, "userid": 41, "name": "Fate I Kareem Rashad", "avatar": "https://cdn.discordapp.com/avatars/952581067687206994/031938f413aa0688d5aabfeeb350a7b9.png"}, "point": 23234}, {"user": {"uid": 25, "userid": 21, "name": "Mo kamal", "avatar": "https://avatars.steamstatic.com/f865025db7f5971657f364d03aab4589b58e7976_full.jpg"}, "point": 21513}, {"user": {"uid": 48, "userid": 44, "name": "Fate | Mohamed mostafa", "avatar": "https://cdn.discordapp.com/avatars/1150961957206249502/e94b2eb56c16b7e8058c0a9c86787769.png"}, "point": 11728}, {"user": {"uid": 32, "userid": 27, "name": "egwolf2004", "avatar": "https://static.truckersmp.com/avatarsN/5298601.1704219238.png"}, "point": 10667}, {"user": {"uid": 49, "userid": 45, "name": "BOYKA K.M", "avatar": "https://cdn.discordapp.com/avatars/1165376827376799754/ca70e777a8502d11a67202b17fdb8fb3.png"}, "point": 10082}, {"user": {"uid": 38, "userid": 36, "name": "Fate | bassl", "avatar": "https://cdn.discordapp.com/avatars/1192176645319168061/17215a601cd2c9aad83710f129270258.png"}, "point": 6337}, {"user": {"uid": 31, "userid": 26, "name": "Fate | A.Essam [Vigas]", "avatar": "https://cdn.discordapp.com/avatars/294551453568073728/d55499a6f2bb80064a83be06838ab062.png"}, "point": 2948}, {"user": {"uid": 30, "userid": 51, "name": "Fate | \ud835\udc00\ud835\udfd5\ud835\udc0c\ud835\udc03", "avatar": "https://cdn.discordapp.com/avatars/628558790945407006/eec4750de10fc050f72251a0bba33c4f.png"}, "point": 1184}, {"user": {"uid": 6, "userid": 4, "name": "ABN_ELFOULY", "avatar": "https://static.truckersmp.com/avatarsN/4950792.1708555380.png"}, "point": 490}]}