{"fmd": [{"user": {"uid": 36, "userid": 82, "name": "SchakalGER", "avatar": "https://cdn.discordapp.com/avatars/328243784703803413/0815cbf6b00e890a8030cd7d0042d596.png"}, "point": 551727}, {"user": {"uid": 85, "userid": 76, "name": "BratPfanne", "avatar": "https://cdn.discordapp.com/avatars/280066593428340739/935c5dc2cac4ab6850284f71bacf7134.png"}, "point": 296610}, {"user": {"uid": 194, "userid": 188, "name": "[FLG] derMicha", "avatar": "https://cdn.discordapp.com/avatars/951482086072660018/6f6fb9e5f328bec8c769d872bed5109a.png"}, "point": 275095}, {"user": {"uid": 152, "userid": 135, "name": "manu7432", "avatar": "https://cdn.discordapp.com/avatars/1024735246249373777/5f18f9e373e000269bae1ae973e2cfd0.png"}, "point": 196668}, {"user": {"uid": 18, "userid": 16, "name": "teufelsfrucht", "avatar": "https://static.truckersmp.com/avatarsN/4047213.1699434878.png"}, "point": 164476}, {"user": {"uid": 272, "userid": 227, "name": "Pfindus", "avatar": "https://static.truckersmp.com/avatarsN/4311053.1710660288.png"}, "point": 139614}, {"user": {"uid": 68, "userid": 57, "name": "Anthonyaski", "avatar": "https://cdn.discordapp.com/avatars/334780188703588362/4af94601e420a28c570fce2b038e0b23.png"}, "point": 127542}, {"user": {"uid": 148, "userid": 145, "name": "weisserkreuzer", "avatar": "https://cdn.discordapp.com/avatars/303094283752308737/651be3b81b2b904cd1112f8501fd2e49.png"}, "point": 119894}, {"user": {"uid": 43, "userid": 31, "name": "[GER]Christian", "avatar": "https://static.truckersmp.com/avatarsN/196694.1705792859.png"}, "point": 95430}, {"user": {"uid": 79, "userid": 68, "name": "kevinnartor", "avatar": "https://cdn.discordapp.com/avatars/332536235765530624/8b55e50924dd510472f9c32a0afc5d09.png"}, "point": 83226}, {"user": {"uid": 50, "userid": 41, "name": "Schnitzel.", "avatar": "https://cdn.discordapp.com/avatars/690570896557211658/ae7d3f32a78a923191f8d72c0cf40ce3.png"}, "point": 80906}, {"user": {"uid": 71, "userid": 60, "name": "geronimo8815", "avatar": "https://static.truckersmp.com/avatarsN/5294261.1711913743.png"}, "point": 75992}, {"user": {"uid": 274, "userid": 228, "name": "{FLG}AgentKire1987", "avatar": "https://cdn.discordapp.com/avatars/425001789624942593/3820bba9111760526008ac24fcd99251.png"}, "point": 72458}, {"user": {"uid": 175, "userid": 155, "name": "Desomazu", "avatar": "https://cdn.discordapp.com/avatars/920735509251248139/72b5adb5b663ffeedbb767832a878772.png"}, "point": 70864}, {"user": {"uid": 291, "userid": 243, "name": "Javeex", "avatar": "https://cdn.discordapp.com/avatars/449671195273723904/f437023536c004b981b1f09339448ad8.png"}, "point": 66475}, {"user": {"uid": 192, "userid": 218, "name": "Pepe7530", "avatar": "https://cdn.discordapp.com/avatars/264676607032033280/162a9ff3830854a226bbd190e2ad07ff.png"}, "point": 65220}, {"user": {"uid": 61, "userid": 75, "name": "\ud835\udd72\ud835\udd8d\ud835\udd94\ud835\udd98\ud835\udd99\ud835\udd95\ud835\udd86\ud835\udd9a\ud835\udd91\ud835\udd94\ud835\udd94", "avatar": "https://cdn.discordapp.com/avatars/964420212864741376/e8283a2f908472c913999fda7149c790.png"}, "point": 61938}, {"user": {"uid": 275, "userid": 229, "name": "ByEnderman_HD", "avatar": "https://cdn.discordapp.com/avatars/664529284043636767/6b9fb4edd1d2c073428b956ede3c7228.png"}, "point": 60528}, {"user": {"uid": 12, "userid": 10, "name": "Tchabalala/Axel", "avatar": "https://cdn.discordapp.com/avatars/336794680454938624/c949fc0ae2a0b67356a833b7f2dfb640.png"}, "point": 60178}, {"user": {"uid": 56, "userid": 42, "name": "Glaceon", "avatar": "https://cdn.discordapp.com/avatars/348428309018705930/f1b68bf1b8a5121559e1b782c8941327.png"}, "point": 56486}, {"user": {"uid": 286, "userid": 238, "name": "Cortain", "avatar": "https://cdn.discordapp.com/avatars/264756755932774400/b92bddec4543c8b93a6922a31c7f40e4.png"}, "point": 54478}, {"user": {"uid": 59, "userid": 48, "name": "Patrick", "avatar": "https://cdn.discordapp.com/avatars/408688712223031306/0cfcbf6ba2fb06d7f4ef39a9d5f8f496.png"}, "point": 51165}, {"user": {"uid": 13, "userid": 11, "name": "Dignity.", "avatar": "https://static.truckersmp.com/avatarsN/4603971.1691867837.png"}, "point": 50698}, {"user": {"uid": 119, "userid": 105, "name": "annoxz", "avatar": "https://cdn.discordapp.com/avatars/584497248767967263/dc4e3f991aba525ca4839013723063de.png"}, "point": 45948}, {"user": {"uid": 264, "userid": 219, "name": "muc_gamingTV", "avatar": "https://cdn.discordapp.com/avatars/1144727814604591235/50ab7e6ec3243b4bebaef4b184502e77.png"}, "point": 45185}, {"user": {"uid": 157, "userid": 141, "name": "DerBackfisch", "avatar": "https://cdn.discordapp.com/avatars/838683261244407809/237604f013fdfa84b60f5246e2249e04.png"}, "point": 43001}, {"user": {"uid": 73, "userid": 65, "name": "Ersque", "avatar": "https://cdn.discordapp.com/avatars/219183521711915008/d8224c427b6d0b5f9a2b151734d67e76.png"}, "point": 40095}, {"user": {"uid": 9, "userid": 5, "name": "Fast-rider", "avatar": "https://static.truckersmp.com/avatarsN/4041389.1709222265.png"}, "point": 38675}, {"user": {"uid": 205, "userid": 207, "name": "Taro Kun", "avatar": "https://cdn.discordapp.com/avatars/690602863499673660/2f5c46ca1b40b993b01f73dd3c1fdb9a.png"}, "point": 38004}, {"user": {"uid": 167, "userid": 149, "name": "Devsk1892", "avatar": "https://cdn.discordapp.com/avatars/891260417769340938/f261339ca8cd7c6a0aa5b3abe83602be.png"}, "point": 37614}, {"user": {"uid": 63, "userid": 69, "name": "Asphaltcowboy2609", "avatar": "https://cdn.discordapp.com/avatars/1145513809855914014/690011bec0a7191524d6c29f3f2baf8f.png"}, "point": 35252}, {"user": {"uid": 282, "userid": 235, "name": "cyberstorm", "avatar": ""}, "point": 34724}, {"user": {"uid": 54, "userid": 52, "name": "Fleiing", "avatar": "https://cdn.discordapp.com/avatars/893916261011054612/18cfd8b3c9b3852ca32a9741050ab87c.png"}, "point": 31398}, {"user": {"uid": 84, "userid": 77, "name": "mike", "avatar": "https://cdn.discordapp.com/avatars/1112276488386003034/88820a5194ff058d02d7951c6534b5c8.png"}, "point": 31352}, {"user": {"uid": 21, "userid": 18, "name": "Gregory", "avatar": "https://cdn.discordapp.com/avatars/650421299323338762/dae0258c1a7c95a73bdcbd75db3db5d4.png"}, "point": 31305}, {"user": {"uid": 203, "userid": 173, "name": "tobiii.", "avatar": "https://cdn.discordapp.com/avatars/231897760406831105/5c1d3b42de02d1acdfa3146a26e770f2.png"}, "point": 30502}, {"user": {"uid": 154, "userid": 137, "name": "gamezocker300", "avatar": "https://cdn.discordapp.com/avatars/571059962831437860/3e7f16a5afefd61b70d4bf5711255b89.png"}, "point": 29940}, {"user": {"uid": 244, "userid": 200, "name": "Mike_Sniedi", "avatar": ""}, "point": 28598}, {"user": {"uid": 289, "userid": 241, "name": "Kurzgesagt", "avatar": "https://cdn.discordapp.com/avatars/934509069555867758/0ead5ce9eb98586b14dcc50c0efb224c.png"}, "point": 28220}, {"user": {"uid": 75, "userid": 59, "name": "Storm05_", "avatar": "https://cdn.discordapp.com/avatars/206094648236572672/8e00adf8bda4a32ef10eccef3d46830c.png"}, "point": 27729}, {"user": {"uid": 172, "userid": 151, "name": "Jack Hodgins", "avatar": "https://cdn.discordapp.com/avatars/826723576928272385/02b5821703017d0c5c78d23394e5af33.png"}, "point": 27674}, {"user": {"uid": 198, "userid": 172, "name": "Just-in-Time", "avatar": "https://cdn.discordapp.com/avatars/305770257576886272/90e61c0783482e16128ba88bd7d1f1a0.png"}, "point": 27504}, {"user": {"uid": 269, "userid": 225, "name": "Kevo", "avatar": "https://cdn.discordapp.com/avatars/1043231955954704457/None.png"}, "point": 26712}, {"user": {"uid": 240, "userid": 197, "name": "Ch0nkStar", "avatar": "https://cdn.discordapp.com/avatars/212670507818942466/753c344b19dc0a3deb263d03c3e3c92a.png"}, "point": 25216}, {"user": {"uid": 47, "userid": 40, "name": "Nerikan", "avatar": "https://cdn.discordapp.com/avatars/501777572112367638/93b7d985e53cc4f12b14f7394dda3e82.png"}, "point": 25198}, {"user": {"uid": 168, "userid": 148, "name": "lachs", "avatar": "https://cdn.discordapp.com/avatars/567677822085234688/d8f503f9cdfe5741ac4c46b50ebaf69a.png"}, "point": 25122}, {"user": {"uid": 285, "userid": 237, "name": "\ud83c\udf41\u14aa\u1458\u15bd\u14f0\u163f\u163f\ud83c\udf41", "avatar": "https://cdn.discordapp.com/avatars/928165214036295710/a_285655aa499263c1588029f5597d829e.gif"}, "point": 24952}, {"user": {"uid": 1, "userid": 1, "name": "Feyfar", "avatar": "https://cdn.discordapp.com/avatars/513424125239230466/e720ef1e3ff385e1c8577fdf1754b7d3.png"}, "point": 24218}, {"user": {"uid": 90, "userid": 92, "name": "Truck Driver(GER)", "avatar": "https://cdn.discordapp.com/avatars/697753575450738759/7fd627982dc1053d0feca23ee052e524.png"}, "point": 24030}, {"user": {"uid": 252, "userid": 205, "name": "Wutan Fall", "avatar": "https://cdn.discordapp.com/avatars/204296481715388426/eb0c97b37333a5aef73f6cd7875bc750.png"}, "point": 22963}, {"user": {"uid": 121, "userid": 108, "name": "Maxl931", "avatar": "https://cdn.discordapp.com/avatars/663414831239528468/319a0b0939774c10d6c0b6c9d711393c.png"}, "point": 20160}, {"user": {"uid": 161, "userid": 143, "name": "Mikazu", "avatar": "https://cdn.discordapp.com/avatars/705875203997302805/f4c1333cc4ccef01fedcb199ed314627.png"}, "point": 19930}, {"user": {"uid": 17, "userid": 15, "name": "Henrix [GER/SWE]", "avatar": "https://cdn.discordapp.com/avatars/445963051842273290/bf82a52a3a101f2b795f8baa92feecbf.png"}, "point": 18796}, {"user": {"uid": 91, "userid": 85, "name": "Chris94", "avatar": "https://cdn.discordapp.com/avatars/618891974765838336/d2fa711dddd045b14969332972ba64b3.png"}, "point": 18748}, {"user": {"uid": 294, "userid": 244, "name": "Sn0wy", "avatar": "https://cdn.discordapp.com/avatars/205361723039809536/366bbf61d33f0faa432763e30d988d21.png"}, "point": 18174}, {"user": {"uid": 276, "userid": 230, "name": "BVG Joker", "avatar": "https://cdn.discordapp.com/avatars/632654863821439016/4aa4e3726e3edc2c26b9288cd0b0e1c5.png"}, "point": 17514}, {"user": {"uid": 51, "userid": 71, "name": "Joerg45701", "avatar": "https://static.truckersmp.com/avatarsN/defaultavatar.png"}, "point": 17218}, {"user": {"uid": 156, "userid": 138, "name": "Micha/Torkelino", "avatar": "https://cdn.discordapp.com/avatars/374493456862543874/428d0ad191b50ec1b174b4421fd2dcc2.png"}, "point": 17068}, {"user": {"uid": 189, "userid": 163, "name": "Buli", "avatar": "https://cdn.discordapp.com/avatars/629270185832087554/e2b4f0d3384c8be7e0dd0d644fe591f2.png"}, "point": 16162}, {"user": {"uid": 284, "userid": 236, "name": "Jxn-_-R", "avatar": "https://cdn.discordapp.com/avatars/523139889143742465/3db04443daf44dfb7c3a3db7e8765d00.png"}, "point": 15824}, {"user": {"uid": 151, "userid": 134, "name": "Fl!x", "avatar": "https://static.truckersmp.com/avatarsN/defaultavatar.png"}, "point": 15628}, {"user": {"uid": 4, "userid": 3, "name": "KamikazeFlo", "avatar": "https://static.truckersmp.com/avatarsN/1855094.1645649823.png"}, "point": 15324}, {"user": {"uid": 139, "userid": 127, "name": "SturmNudelLP (PC)", "avatar": "https://cdn.discordapp.com/avatars/686996505550258225/9fdc874a2ccce42bee7c48ef3ab9c80a.png"}, "point": 14626}, {"user": {"uid": 46, "userid": 44, "name": "Linus14_trucker", "avatar": "https://cdn.discordapp.com/avatars/973298563750719518/f8077addf056d9aaf51c748928a4a6d2.png"}, "point": 14300}, {"user": {"uid": 31, "userid": 36, "name": "Tedpli", "avatar": "https://cdn.discordapp.com/avatars/501065020088647690/37ac2db1efd93758a8680c6c9ce7abc8.png"}, "point": 14102}, {"user": {"uid": 281, "userid": 233, "name": "gamert1239852", "avatar": ""}, "point": 14024}, {"user": {"uid": 38, "userid": 33, "name": "[FLG] derDome", "avatar": "https://cdn.discordapp.com/avatars/847551771249344564/0ae2aee9871db467f88aa78addecffa6.png"}, "point": 13700}, {"user": {"uid": 126, "userid": 115, "name": "FeelinaraIRL", "avatar": "https://cdn.discordapp.com/avatars/200288092807102468/752990beade158ba2313f71c4a99b3d8.png"}, "point": 13290}, {"user": {"uid": 27, "userid": 24, "name": "theredmachine", "avatar": "https://static.truckersmp.com/avatarsN/3462295.1710611272.png"}, "point": 12962}, {"user": {"uid": 58, "userid": 45, "name": "Knirpsi", "avatar": "https://cdn.discordapp.com/avatars/680795972275666957/83cbd46025e4c642396e78b1fb4a60d0.png"}, "point": 12510}, {"user": {"uid": 287, "userid": 239, "name": "@06.Jerome", "avatar": "https://cdn.discordapp.com/avatars/1141772672758452284/55b5167c43a78509ad94d007adb781e4.png"}, "point": 12138}, {"user": {"uid": 10, "userid": 7, "name": "Michi.", "avatar": "https://cdn.discordapp.com/avatars/450646550998286336/cecb7757e1697a4ebde655c679ae60d1.png"}, "point": 11850}, {"user": {"uid": 93, "userid": 79, "name": "Starvin Marvin", "avatar": "https://cdn.discordapp.com/avatars/616564166379044893/597930cdaf15fb1a0044037d135a7ceb.png"}, "point": 11812}, {"user": {"uid": 25, "userid": 22, "name": "IceTea2603", "avatar": "https://cdn.discordapp.com/avatars/776556329963749449/1fd72d87f9d34788eff68d12f1fcbcde.png"}, "point": 11778}, {"user": {"uid": 133, "userid": 121, "name": "FerdeAndy", "avatar": "https://static.truckersmp.com/avatarsN/defaultavatar.png"}, "point": 11610}, {"user": {"uid": 295, "userid": 246, "name": "Tiberius", "avatar": "https://cdn.discordapp.com/avatars/305385843428950026/6c00ebb9bf00d5c68028e29af849b1ad.png"}, "point": 10916}, {"user": {"uid": 102, "userid": 94, "name": "FivederBayer", "avatar": "https://cdn.discordapp.com/avatars/739478235623981097/082efe8aa4fb97c375017d07867fe8c9.png"}, "point": 10856}, {"user": {"uid": 242, "userid": 199, "name": "DerErdMensch", "avatar": "https://static.truckersmp.com/avatarsN/1471308.1699747343.png"}, "point": 9966}, {"user": {"uid": 138, "userid": 126, "name": "Luide2023", "avatar": "https://cdn.discordapp.com/avatars/601828782642429982/None.png"}, "point": 9424}, {"user": {"uid": 15, "userid": 13, "name": "garry", "avatar": "https://cdn.discordapp.com/avatars/211197631114903562/01398155d0c7274a8a5924059231f00c.png"}, "point": 8722}, {"user": {"uid": 197, "userid": 169, "name": "Wassermelofant", "avatar": "https://cdn.discordapp.com/avatars/288753470234689538/8fb64a8e263aba5a05eda07214a453dc.png"}, "point": 8489}, {"user": {"uid": 52, "userid": 83, "name": "einBulldog", "avatar": "https://cdn.discordapp.com/avatars/709137463179870340/93686299097cbd934e49af0c878dcb25.png"}, "point": 8428}, {"user": {"uid": 288, "userid": 240, "name": "Dark_Leon184", "avatar": "https://cdn.discordapp.com/avatars/977581665675259955/facb6115d9fe87fca318e2a719ddf463.png"}, "point": 8354}, {"user": {"uid": 70, "userid": 58, "name": "xXTessiXx", "avatar": "https://cdn.discordapp.com/avatars/463730546108006400/7b616d2dad0e5011ae25684dd50d1a91.png"}, "point": 8330}, {"user": {"uid": 105, "userid": 98, "name": "Naskart", "avatar": "https://cdn.discordapp.com/avatars/518544585589522441/cfb88cf936e974ac5475a7d8666ec4c2.png"}, "point": 7832}, {"user": {"uid": 140, "userid": 129, "name": "Bechelor|Hallp", "avatar": "https://cdn.discordapp.com/avatars/692741281381875794/f63a5f2731b40367daf298b1bab2fe5f.png"}, "point": 7396}, {"user": {"uid": 190, "userid": 165, "name": "Trike", "avatar": "https://cdn.discordapp.com/avatars/445943553177288704/9c2d13d61cb7fdd2f732e28f979cfd3d.png"}, "point": 7276}, {"user": {"uid": 159, "userid": 142, "name": "FlorianMeixner", "avatar": "https://static.truckersmp.com/avatarsN/2384998.1706452577.png"}, "point": 7226}, {"user": {"uid": 110, "userid": 99, "name": "Bathorio", "avatar": "https://cdn.discordapp.com/avatars/679475997816651860/4d6f1d77443ed5aab2fb64e01b4ff7f6.png"}, "point": 7222}, {"user": {"uid": 60, "userid": 50, "name": "Thareon", "avatar": "https://cdn.discordapp.com/avatars/701445278825316373/3b16d405b932144cdf8675ff795731f9.png"}, "point": 7118}, {"user": {"uid": 137, "userid": 125, "name": "\u2133\ud835\udcb6\ud835\udccd", "avatar": "https://cdn.discordapp.com/avatars/1058224503685140540/a_247f78c2288264c1e3f5ddb462017cfc.gif"}, "point": 7036}, {"user": {"uid": 280, "userid": 232, "name": "LuisDev", "avatar": "https://static.truckersmp.com/avatarsN/defaultavatar.png"}, "point": 6966}, {"user": {"uid": 49, "userid": 46, "name": "Franco", "avatar": "https://cdn.discordapp.com/avatars/750020969627648080/0153e303ff706fdc97afd1c7aaadf81a.png"}, "point": 6840}, {"user": {"uid": 303, "userid": 247, "name": "Skyfour", "avatar": ""}, "point": 6572}, {"user": {"uid": 271, "userid": 226, "name": "HUNDabc", "avatar": "https://cdn.discordapp.com/avatars/1217559937761415349/5cd1c0be937399ad7c92aad2cdf437ab.png"}, "point": 6398}, {"user": {"uid": 114, "userid": 101, "name": "Julius", "avatar": "https://cdn.discordapp.com/avatars/438789396045758474/16ce72bc46b0c2f154b7580792284d0d.png"}, "point": 6382}, {"user": {"uid": 19, "userid": 17, "name": "Tim13", "avatar": "https://cdn.discordapp.com/avatars/932250744386617376/dba03c47053a9fb2a07ede96971bc97a.png"}, "point": 6368}, {"user": {"uid": 141, "userid": 196, "name": "MAX294", "avatar": "https://cdn.discordapp.com/avatars/488323894831349760/f0ffd3875b74459d0656375b17aa0e6d.png"}, "point": 6294}, {"user": {"uid": 239, "userid": 212, "name": "Jhonny Marcus / Martin", "avatar": "https://cdn.discordapp.com/avatars/983797646219178004/8456ec81172fb7705b907686e26443f0.png"}, "point": 6258}, {"user": {"uid": 265, "userid": 220, "name": "Rex9845", "avatar": "https://cdn.discordapp.com/avatars/1052645528032264233/42d06d5fedd4a543cf490ec80c26af36.png"}, "point": 6212}, {"user": {"uid": 130, "userid": 187, "name": "Peter235", "avatar": "https://static.truckersmp.com/avatarsN/defaultavatar.png"}, "point": 6030}, {"user": {"uid": 142, "userid": 130, "name": "PixelXplorer", "avatar": "https://cdn.discordapp.com/avatars/337590936781455360/b26cac88eda174a820df9ff1be3ca36d.png"}, "point": 6006}, {"user": {"uid": 214, "userid": 179, "name": "Scottypols34", "avatar": "https://cdn.discordapp.com/avatars/496307919449751582/76c3a93cea01c41856b26954db5f44e4.png"}, "point": 6004}, {"user": {"uid": 117, "userid": 109, "name": "DerDampfer78", "avatar": "https://cdn.discordapp.com/avatars/324522906505707520/2584364ff258ba22916b1c0c369b0893.png"}, "point": 5848}, {"user": {"uid": 123, "userid": 111, "name": "1806alex", "avatar": "https://cdn.discordapp.com/avatars/433634921274277923/fbfc635d097a9736d8f3ace25ed11857.png"}, "point": 5726}, {"user": {"uid": 258, "userid": 210, "name": "Mr_Wassermelone", "avatar": "https://cdn.discordapp.com/avatars/660115165819437097/62f2b0a155b5fb9b62b9d65db6690d46.png"}, "point": 5586}, {"user": {"uid": 118, "userid": 112, "name": "KartoffelsackAUT", "avatar": "https://cdn.discordapp.com/avatars/356200668513697803/b25e3d4366d3df16b93d5b8b49a98c24.png"}, "point": 5088}, {"user": {"uid": 165, "userid": 146, "name": "Felix", "avatar": "https://cdn.discordapp.com/avatars/1108807886932541571/None.png"}, "point": 4914}, {"user": {"uid": 143, "userid": 128, "name": "SchnellerFuchs", "avatar": "https://static.truckersmp.com/avatarsN/1121622.1706114410.png"}, "point": 4732}, {"user": {"uid": 176, "userid": 157, "name": "Identity", "avatar": "https://cdn.discordapp.com/avatars/383724197744214016/092d4968871fb432b7129173b5c1dc78.png"}, "point": 4680}, {"user": {"uid": 74, "userid": 66, "name": "Kucki122", "avatar": "https://cdn.discordapp.com/avatars/980522557365157938/bb19a21068e5e3d9d8c349e066d33d6e.png"}, "point": 3962}, {"user": {"uid": 53, "userid": 47, "name": "SkyJumper08", "avatar": "https://cdn.discordapp.com/avatars/670916023657955328/cb2bb3d86be55e698ef50886ab5c8b72.png"}, "point": 3882}, {"user": {"uid": 199, "userid": 185, "name": "Silica Karun", "avatar": "https://cdn.discordapp.com/avatars/1007238293844414485/079f1c62caf0da0b3896a4cdf474c896.png"}, "point": 3616}, {"user": {"uid": 125, "userid": 114, "name": "Best_Offline", "avatar": "https://cdn.discordapp.com/avatars/427147191614963713/f4fd038e7c2d396fd8754d2b0bf2510e.png"}, "point": 3606}, {"user": {"uid": 296, "userid": 245, "name": "CoasterJumper", "avatar": "https://cdn.discordapp.com/avatars/249603286372581376/504492ebcd27d5419080fde84738ff1d.png"}, "point": 3344}, {"user": {"uid": 67, "userid": 62, "name": "Flozockt", "avatar": "https://cdn.discordapp.com/avatars/293430302498357248/98f01680a69d817ba90d47a82e8bba5f.png"}, "point": 3302}, {"user": {"uid": 231, "userid": 191, "name": "Necron", "avatar": "https://cdn.discordapp.com/avatars/843141543095566396/d23f34fea4d2c4689e3259ee4c898cd4.png"}, "point": 3268}, {"user": {"uid": 218, "userid": 182, "name": "Daniel.Heilfuchs", "avatar": "https://cdn.discordapp.com/avatars/428233861684527105/a_4225a1d0c6f8ed2ae9976eb386ca8770.gif"}, "point": 3222}, {"user": {"uid": 147, "userid": 132, "name": "MisterMaster", "avatar": "https://cdn.discordapp.com/avatars/1059889752918216834/172c1da2f0cee42be94d6977a70786a6.png"}, "point": 3172}, {"user": {"uid": 182, "userid": 158, "name": "AtomWriterHD", "avatar": "https://cdn.discordapp.com/avatars/769854139676229642/3f507ef915d43f12593de2ff0e857767.png"}, "point": 3118}, {"user": {"uid": 35, "userid": 30, "name": "[FLG] Niklas", "avatar": "https://cdn.discordapp.com/avatars/1187861140710113423/12b5860650fcf6af1643b6e680dd5790.png"}, "point": 3100}, {"user": {"uid": 261, "userid": 214, "name": "Bergsen", "avatar": "https://cdn.discordapp.com/avatars/432550604926091264/eae2252bca344b1468789fef4e5defee.png"}, "point": 3000}, {"user": {"uid": 108, "userid": 107, "name": "DarkDemon", "avatar": "https://cdn.discordapp.com/avatars/634094411499962368/17960d661c0077d8756fa6d59cbd8a35.png"}, "point": 2963}, {"user": {"uid": 66, "userid": 54, "name": "Valtra130", "avatar": "https://cdn.discordapp.com/avatars/555051812265263114/5d81abc9b63b652047489bfb6f236f59.png"}, "point": 2906}, {"user": {"uid": 185, "userid": 159, "name": "Dr.Schrotty", "avatar": "https://cdn.discordapp.com/avatars/230695604274069504/7eda972dc3c3dd4bdcfa4d76e9b0ca2e.png"}, "point": 2902}, {"user": {"uid": 310, "userid": 253, "name": "Pascal", "avatar": "https://cdn.discordapp.com/avatars/677543668973830215/e67068b6cf29eb6aaa8ea1cdec299abe.png"}, "point": 2790}, {"user": {"uid": 29, "userid": 26, "name": "Flexhit07", "avatar": "https://cdn.discordapp.com/avatars/839444644404527104/46c166e0a965fc3c453b3ceee0d5eb25.png"}, "point": 2742}, {"user": {"uid": 180, "userid": 160, "name": "EisWolf_Gaming", "avatar": "https://cdn.discordapp.com/avatars/314130584006033408/b9e10cee940ec115c2cbab159dc10c40.png"}, "point": 2724}, {"user": {"uid": 254, "userid": 213, "name": "The_Real_Gamer99 aka Dennis", "avatar": "https://cdn.discordapp.com/avatars/554000761282101278/1ea474a64a4a48fe86c2190b8b78bcd0.png"}, "point": 2474}, {"user": {"uid": 266, "userid": 221, "name": "Pliegenfilz_xX", "avatar": ""}, "point": 2400}, {"user": {"uid": 183, "userid": 198, "name": "Flor3ll3", "avatar": "https://cdn.discordapp.com/avatars/988474900006174741/fc77f012bd8bd8277bac2e07a75c1ec2.png"}, "point": 2204}, {"user": {"uid": 92, "userid": 84, "name": "Corosion", "avatar": "https://cdn.discordapp.com/avatars/233911033859670016/d066a4ff18b288553ae04a47a1c59ed8.png"}, "point": 2104}, {"user": {"uid": 238, "userid": 194, "name": "Tomsa", "avatar": "https://cdn.discordapp.com/avatars/626488024850628691/fc01298a60d20a9e244093488294bea5.png"}, "point": 2000}, {"user": {"uid": 87, "userid": 90, "name": "Carolus", "avatar": "https://cdn.discordapp.com/avatars/1018500971095142471/7020d4b60e743ddab1f546f20958df7e.png"}, "point": 1954}, {"user": {"uid": 150, "userid": 133, "name": "DerObtimist", "avatar": "https://cdn.discordapp.com/avatars/1141083458400161923/a1bd4e6ce2927f2a18372a3aebdf78cf.png"}, "point": 1742}, {"user": {"uid": 55, "userid": 49, "name": "teufel-junior", "avatar": "https://static.truckersmp.com/avatarsN/4966286.1704737379.png"}, "point": 1706}, {"user": {"uid": 95, "userid": 195, "name": "CptSNASA", "avatar": "https://cdn.discordapp.com/avatars/294121947170734082/6e3ce4491dff4e05075983f63d051eaa.png"}, "point": 1688}, {"user": {"uid": 255, "userid": 222, "name": "Richard_Gae", "avatar": "https://cdn.discordapp.com/avatars/513398763436638208/1e65e7031e400e84e3bb54c560ebc4f4.png"}, "point": 1688}, {"user": {"uid": 229, "userid": 189, "name": "Jojo2007", "avatar": "https://cdn.discordapp.com/avatars/534402304028311552/077d386b1190d39301f5ed59945250b2.png"}, "point": 1502}, {"user": {"uid": 173, "userid": 153, "name": "Pappfisch", "avatar": "https://cdn.discordapp.com/avatars/614095913098674207/76fe38dfc900216a2db47c0e4bb3afe6.png"}, "point": 1474}, {"user": {"uid": 80, "userid": 73, "name": "YasinAbi", "avatar": "https://cdn.discordapp.com/avatars/847538667613454346/c0a331cbb54089df7ac19c80d2cbcb16.png"}, "point": 1386}, {"user": {"uid": 78, "userid": 67, "name": "amugosch", "avatar": "https://cdn.discordapp.com/avatars/518693794372124672/5949205b8e72fb2bbec984f551835583.png"}, "point": 1382}, {"user": {"uid": 77, "userid": 64, "name": "ossikralle91", "avatar": "https://cdn.discordapp.com/avatars/174228229341577216/f6ce32d40a58b95cefa47ce3e939a8b4.png"}, "point": 1342}, {"user": {"uid": 132, "userid": 120, "name": "Lagarto [GER]", "avatar": "https://cdn.discordapp.com/avatars/450047218272174090/48410ae421bcedb0473c534a1923fc57.png"}, "point": 1274}, {"user": {"uid": 171, "userid": 152, "name": "nooby__1337", "avatar": "https://cdn.discordapp.com/avatars/323131410154258432/2f118a9e44ee4e5c4745be5aefb3e9d5.png"}, "point": 1214}, {"user": {"uid": 163, "userid": 144, "name": "Greifswalder [DE]", "avatar": "https://static.truckersmp.com/avatarsN/302455.1544957087.gif"}, "point": 1040}, {"user": {"uid": 42, "userid": 35, "name": "realMadDog", "avatar": "https://cdn.discordapp.com/avatars/622527094588571649/478a01f3180940db369efcbecbef19ef.png"}, "point": 1038}, {"user": {"uid": 122, "userid": 110, "name": "[FLG] Eichelh\u00f6rnchen/Julian", "avatar": "https://cdn.discordapp.com/avatars/373870026651860992/43b57e30d35962bcf5006380a8ed554b.png"}, "point": 1022}, {"user": {"uid": 106, "userid": 106, "name": "Melvin", "avatar": "https://cdn.discordapp.com/avatars/228563858472697857/ba3b12c379a57943b2918174b352b8d3.png"}, "point": 1018}, {"user": {"uid": 41, "userid": 38, "name": "leDome [Ger]", "avatar": "https://static.truckersmp.com/avatarsN/1199931.1660483158.png"}, "point": 928}, {"user": {"uid": 22, "userid": 19, "name": "Tater", "avatar": "https://cdn.discordapp.com/avatars/686943270273679401/7293647ea38988bf70abf67901cd4a5e.png"}, "point": 826}, {"user": {"uid": 200, "userid": 171, "name": "Alex Fox I of Fox Island", "avatar": "https://cdn.discordapp.com/avatars/810804798244782090/ab72b31d900b254f10155005b868a8d6.png"}, "point": 802}, {"user": {"uid": 186, "userid": 161, "name": "zOfficialPablo", "avatar": "https://static.truckersmp.com/avatarsN/defaultavatar.png"}, "point": 680}, {"user": {"uid": 300, "userid": 249, "name": "EinfachLukas\u00ae\u00a9", "avatar": "https://cdn.discordapp.com/avatars/588335286296248330/08cd535940f062cabfc2a866e76f5929.png"}, "point": 660}, {"user": {"uid": 247, "userid": 202, "name": "Le\u00f3n", "avatar": "https://cdn.discordapp.com/avatars/747870615993712755/00078f462acf73fcd0937e7e95bc3949.png"}, "point": 616}, {"user": {"uid": 196, "userid": 170, "name": "noah", "avatar": "https://cdn.discordapp.com/avatars/551872292221747204/6dc460b0d4fbe2a3dbbc6e5755fbb5e5.png"}, "point": 534}, {"user": {"uid": 210, "userid": 181, "name": "OmsiFlorian", "avatar": "https://cdn.discordapp.com/avatars/960602310919225366/b6554978c58fd75fbcc39fa9f954f5fd.png"}, "point": 510}, {"user": {"uid": 207, "userid": 176, "name": "Kerem6455", "avatar": "https://cdn.discordapp.com/avatars/461142458655571979/385a249f1f7f04dcf08a40e07925c860.png"}, "point": 236}, {"user": {"uid": 145, "userid": 131, "name": "JustAsLife", "avatar": "https://cdn.discordapp.com/avatars/608290753113882644/268784d9ec48fef12c44c1e252410926.png"}, "point": 124}, {"user": {"uid": 8, "userid": 6, "name": "Kluner123", "avatar": "https://cdn.discordapp.com/avatars/342304860450062337/a29e6a6c3365a87119c10bb7d4a075c8.png"}, "point": 84}, {"user": {"uid": 28, "userid": 25, "name": "Timtastic", "avatar": "https://cdn.discordapp.com/avatars/695353745680367626/cbbb2f05017a0324ab4dd834e1d2f042.png"}, "point": 10}, {"user": {"uid": 34, "userid": 29, "name": "Loop20", "avatar": "https://cdn.discordapp.com/avatars/786687237886443540/0b33f786203c732cce9a67dc0822bd1b.png"}, "point": 0}, {"user": {"uid": 213, "userid": 178, "name": "Mattess5493", "avatar": "https://cdn.discordapp.com/avatars/986724450647048212/02d506c841658c542d22c3194406dc30.png"}, "point": 0}, {"user": {"uid": 267, "userid": 224, "name": "\u300c\u2aa8\u0374\u0374\u073c\u203d\u2503\ud835\udc16\u0665\u209a\u209a\u2148\ud835\udfe6\ud835\udfe6\u2503\u203d\u073c\u0374\u0374\u2aa9\u300d", "avatar": "https://cdn.discordapp.com/avatars/990678789241569320/be4347918ce95d99d14a5448430f55d1.png"}, "point": 0}], "fma": [{"user": {"uid": 36, "userid": 82, "name": "SchakalGER", "avatar": "https://cdn.discordapp.com/avatars/328243784703803413/0815cbf6b00e890a8030cd7d0042d596.png"}, "point": 551727}, {"user": {"uid": 65, "userid": 234, "name": "MarkusLooft", "avatar": "https://cdn.discordapp.com/avatars/693807523031023678/39b531e683fa0fa0446204e783f00820.png"}, "point": 380000}, {"user": {"uid": 85, "userid": 76, "name": "BratPfanne", "avatar": "https://cdn.discordapp.com/avatars/280066593428340739/935c5dc2cac4ab6850284f71bacf7134.png"}, "point": 300906}, {"user": {"uid": 194, "userid": 188, "name": "[FLG] derMicha", "avatar": "https://cdn.discordapp.com/avatars/951482086072660018/6f6fb9e5f328bec8c769d872bed5109a.png"}, "point": 283739}, {"user": {"uid": 152, "userid": 135, "name": "manu7432", "avatar": "https://cdn.discordapp.com/avatars/1024735246249373777/5f18f9e373e000269bae1ae973e2cfd0.png"}, "point": 199016}, {"user": {"uid": 282, "userid": 235, "name": "cyberstorm", "avatar": ""}, "point": 176400}, {"user": {"uid": 18, "userid": 16, "name": "teufelsfrucht", "avatar": "https://static.truckersmp.com/avatarsN/4047213.1699434878.png"}, "point": 173496}, {"user": {"uid": 272, "userid": 227, "name": "Pfindus", "avatar": "https://static.truckersmp.com/avatarsN/4311053.1710660288.png"}, "point": 150579}, {"user": {"uid": 68, "userid": 57, "name": "Anthonyaski", "avatar": "https://cdn.discordapp.com/avatars/334780188703588362/4af94601e420a28c570fce2b038e0b23.png"}, "point": 127542}, {"user": {"uid": 148, "userid": 145, "name": "weisserkreuzer", "avatar": "https://cdn.discordapp.com/avatars/303094283752308737/651be3b81b2b904cd1112f8501fd2e49.png"}, "point": 119894}, {"user": {"uid": 43, "userid": 31, "name": "[GER]Christian", "avatar": "https://static.truckersmp.com/avatarsN/196694.1705792859.png"}, "point": 95430}, {"user": {"uid": 50, "userid": 41, "name": "Schnitzel.", "avatar": "https://cdn.discordapp.com/avatars/690570896557211658/ae7d3f32a78a923191f8d72c0cf40ce3.png"}, "point": 85202}, {"user": {"uid": 71, "userid": 60, "name": "geronimo8815", "avatar": "https://static.truckersmp.com/avatarsN/5294261.1711913743.png"}, "point": 84636}, {"user": {"uid": 79, "userid": 68, "name": "kevinnartor", "avatar": "https://cdn.discordapp.com/avatars/332536235765530624/8b55e50924dd510472f9c32a0afc5d09.png"}, "point": 83226}, {"user": {"uid": 189, "userid": 163, "name": "Buli", "avatar": "https://cdn.discordapp.com/avatars/629270185832087554/e2b4f0d3384c8be7e0dd0d644fe591f2.png"}, "point": 78132}, {"user": {"uid": 175, "userid": 155, "name": "Desomazu", "avatar": "https://cdn.discordapp.com/avatars/920735509251248139/72b5adb5b663ffeedbb767832a878772.png"}, "point": 75160}, {"user": {"uid": 291, "userid": 243, "name": "Javeex", "avatar": "https://cdn.discordapp.com/avatars/449671195273723904/f437023536c004b981b1f09339448ad8.png"}, "point": 73991}, {"user": {"uid": 274, "userid": 228, "name": "{FLG}AgentKire1987", "avatar": "https://cdn.discordapp.com/avatars/425001789624942593/3820bba9111760526008ac24fcd99251.png"}, "point": 72458}, {"user": {"uid": 192, "userid": 218, "name": "Pepe7530", "avatar": "https://cdn.discordapp.com/avatars/264676607032033280/162a9ff3830854a226bbd190e2ad07ff.png"}, "point": 65220}, {"user": {"uid": 276, "userid": 230, "name": "BVG Joker", "avatar": "https://cdn.discordapp.com/avatars/632654863821439016/4aa4e3726e3edc2c26b9288cd0b0e1c5.png"}, "point": 63304}, {"user": {"uid": 286, "userid": 238, "name": "Cortain", "avatar": "https://cdn.discordapp.com/avatars/264756755932774400/b92bddec4543c8b93a6922a31c7f40e4.png"}, "point": 61994}, {"user": {"uid": 61, "userid": 75, "name": "\ud835\udd72\ud835\udd8d\ud835\udd94\ud835\udd98\ud835\udd99\ud835\udd95\ud835\udd86\ud835\udd9a\ud835\udd91\ud835\udd94\ud835\udd94", "avatar": "https://cdn.discordapp.com/avatars/964420212864741376/e8283a2f908472c913999fda7149c790.png"}, "point": 61938}, {"user": {"uid": 275, "userid": 229, "name": "ByEnderman_HD", "avatar": "https://cdn.discordapp.com/avatars/664529284043636767/6b9fb4edd1d2c073428b956ede3c7228.png"}, "point": 60528}, {"user": {"uid": 12, "userid": 10, "name": "Tchabalala/Axel", "avatar": "https://cdn.discordapp.com/avatars/336794680454938624/c949fc0ae2a0b67356a833b7f2dfb640.png"}, "point": 60178}, {"user": {"uid": 59, "userid": 48, "name": "Patrick", "avatar": "https://cdn.discordapp.com/avatars/408688712223031306/0cfcbf6ba2fb06d7f4ef39a9d5f8f496.png"}, "point": 59809}, {"user": {"uid": 56, "userid": 42, "name": "Glaceon", "avatar": "https://cdn.discordapp.com/avatars/348428309018705930/f1b68bf1b8a5121559e1b782c8941327.png"}, "point": 56486}, {"user": {"uid": 13, "userid": 11, "name": "Dignity.", "avatar": "https://static.truckersmp.com/avatarsN/4603971.1691867837.png"}, "point": 55424}, {"user": {"uid": 119, "userid": 105, "name": "annoxz", "avatar": "https://cdn.discordapp.com/avatars/584497248767967263/dc4e3f991aba525ca4839013723063de.png"}, "point": 45948}, {"user": {"uid": 288, "userid": 240, "name": "Dark_Leon184", "avatar": "https://cdn.discordapp.com/avatars/977581665675259955/facb6115d9fe87fca318e2a719ddf463.png"}, "point": 45684}, {"user": {"uid": 264, "userid": 219, "name": "muc_gamingTV", "avatar": "https://cdn.discordapp.com/avatars/1144727814604591235/50ab7e6ec3243b4bebaef4b184502e77.png"}, "point": 45185}, {"user": {"uid": 157, "userid": 141, "name": "DerBackfisch", "avatar": "https://cdn.discordapp.com/avatars/838683261244407809/237604f013fdfa84b60f5246e2249e04.png"}, "point": 43001}, {"user": {"uid": 46, "userid": 44, "name": "Linus14_trucker", "avatar": "https://cdn.discordapp.com/avatars/973298563750719518/f8077addf056d9aaf51c748928a4a6d2.png"}, "point": 42470}, {"user": {"uid": 54, "userid": 52, "name": "Fleiing", "avatar": "https://cdn.discordapp.com/avatars/893916261011054612/18cfd8b3c9b3852ca32a9741050ab87c.png"}, "point": 40276}, {"user": {"uid": 73, "userid": 65, "name": "Ersque", "avatar": "https://cdn.discordapp.com/avatars/219183521711915008/d8224c427b6d0b5f9a2b151734d67e76.png"}, "point": 40095}, {"user": {"uid": 203, "userid": 173, "name": "tobiii.", "avatar": "https://cdn.discordapp.com/avatars/231897760406831105/5c1d3b42de02d1acdfa3146a26e770f2.png"}, "point": 39662}, {"user": {"uid": 63, "userid": 69, "name": "Asphaltcowboy2609", "avatar": "https://cdn.discordapp.com/avatars/1145513809855914014/690011bec0a7191524d6c29f3f2baf8f.png"}, "point": 39548}, {"user": {"uid": 9, "userid": 5, "name": "Fast-rider", "avatar": "https://static.truckersmp.com/avatarsN/4041389.1709222265.png"}, "point": 38675}, {"user": {"uid": 205, "userid": 207, "name": "Taro Kun", "avatar": "https://cdn.discordapp.com/avatars/690602863499673660/2f5c46ca1b40b993b01f73dd3c1fdb9a.png"}, "point": 38004}, {"user": {"uid": 167, "userid": 149, "name": "Devsk1892", "avatar": "https://cdn.discordapp.com/avatars/891260417769340938/f261339ca8cd7c6a0aa5b3abe83602be.png"}, "point": 37614}, {"user": {"uid": 298, "userid": 248, "name": "EinfachToshi", "avatar": "https://static.truckersmp.com/avatarsN/2250273.1712180971.png"}, "point": 37030}, {"user": {"uid": 21, "userid": 18, "name": "Gregory", "avatar": "https://cdn.discordapp.com/avatars/650421299323338762/dae0258c1a7c95a73bdcbd75db3db5d4.png"}, "point": 36245}, {"user": {"uid": 84, "userid": 77, "name": "mike", "avatar": "https://cdn.discordapp.com/avatars/1112276488386003034/88820a5194ff058d02d7951c6534b5c8.png"}, "point": 31352}, {"user": {"uid": 154, "userid": 137, "name": "gamezocker300", "avatar": "https://cdn.discordapp.com/avatars/571059962831437860/3e7f16a5afefd61b70d4bf5711255b89.png"}, "point": 29940}, {"user": {"uid": 47, "userid": 40, "name": "Nerikan", "avatar": "https://cdn.discordapp.com/avatars/501777572112367638/93b7d985e53cc4f12b14f7394dda3e82.png"}, "point": 29494}, {"user": {"uid": 1, "userid": 1, "name": "Feyfar", "avatar": "https://cdn.discordapp.com/avatars/513424125239230466/e720ef1e3ff385e1c8577fdf1754b7d3.png"}, "point": 28944}, {"user": {"uid": 244, "userid": 200, "name": "Mike_Sniedi", "avatar": ""}, "point": 28598}, {"user": {"uid": 289, "userid": 241, "name": "Kurzgesagt", "avatar": "https://cdn.discordapp.com/avatars/934509069555867758/0ead5ce9eb98586b14dcc50c0efb224c.png"}, "point": 28300}, {"user": {"uid": 75, "userid": 59, "name": "Storm05_", "avatar": "https://cdn.discordapp.com/avatars/206094648236572672/8e00adf8bda4a32ef10eccef3d46830c.png"}, "point": 27729}, {"user": {"uid": 172, "userid": 151, "name": "Jack Hodgins", "avatar": "https://cdn.discordapp.com/avatars/826723576928272385/02b5821703017d0c5c78d23394e5af33.png"}, "point": 27674}, {"user": {"uid": 198, "userid": 172, "name": "Just-in-Time", "avatar": "https://cdn.discordapp.com/avatars/305770257576886272/90e61c0783482e16128ba88bd7d1f1a0.png"}, "point": 27504}, {"user": {"uid": 269, "userid": 225, "name": "Kevo", "avatar": "https://cdn.discordapp.com/avatars/1043231955954704457/None.png"}, "point": 26712}, {"user": {"uid": 240, "userid": 197, "name": "Ch0nkStar", "avatar": "https://cdn.discordapp.com/avatars/212670507818942466/753c344b19dc0a3deb263d03c3e3c92a.png"}, "point": 25216}, {"user": {"uid": 168, "userid": 148, "name": "lachs", "avatar": "https://cdn.discordapp.com/avatars/567677822085234688/d8f503f9cdfe5741ac4c46b50ebaf69a.png"}, "point": 25122}, {"user": {"uid": 285, "userid": 237, "name": "\ud83c\udf41\u14aa\u1458\u15bd\u14f0\u163f\u163f\ud83c\udf41", "avatar": "https://cdn.discordapp.com/avatars/928165214036295710/a_285655aa499263c1588029f5597d829e.gif"}, "point": 24952}, {"user": {"uid": 90, "userid": 92, "name": "Truck Driver(GER)", "avatar": "https://cdn.discordapp.com/avatars/697753575450738759/7fd627982dc1053d0feca23ee052e524.png"}, "point": 24030}, {"user": {"uid": 252, "userid": 205, "name": "Wutan Fall", "avatar": "https://cdn.discordapp.com/avatars/204296481715388426/eb0c97b37333a5aef73f6cd7875bc750.png"}, "point": 22963}, {"user": {"uid": 121, "userid": 108, "name": "Maxl931", "avatar": "https://cdn.discordapp.com/avatars/663414831239528468/319a0b0939774c10d6c0b6c9d711393c.png"}, "point": 20160}, {"user": {"uid": 161, "userid": 143, "name": "Mikazu", "avatar": "https://cdn.discordapp.com/avatars/705875203997302805/f4c1333cc4ccef01fedcb199ed314627.png"}, "point": 19930}, {"user": {"uid": 17, "userid": 15, "name": "Henrix [GER/SWE]", "avatar": "https://cdn.discordapp.com/avatars/445963051842273290/bf82a52a3a101f2b795f8baa92feecbf.png"}, "point": 18796}, {"user": {"uid": 91, "userid": 85, "name": "Chris94", "avatar": "https://cdn.discordapp.com/avatars/618891974765838336/d2fa711dddd045b14969332972ba64b3.png"}, "point": 18748}, {"user": {"uid": 4, "userid": 3, "name": "KamikazeFlo", "avatar": "https://static.truckersmp.com/avatarsN/1855094.1645649823.png"}, "point": 18544}, {"user": {"uid": 102, "userid": 94, "name": "FivederBayer", "avatar": "https://cdn.discordapp.com/avatars/739478235623981097/082efe8aa4fb97c375017d07867fe8c9.png"}, "point": 18372}, {"user": {"uid": 294, "userid": 244, "name": "Sn0wy", "avatar": "https://cdn.discordapp.com/avatars/205361723039809536/366bbf61d33f0faa432763e30d988d21.png"}, "point": 18174}, {"user": {"uid": 51, "userid": 71, "name": "Joerg45701", "avatar": "https://static.truckersmp.com/avatarsN/defaultavatar.png"}, "point": 17218}, {"user": {"uid": 156, "userid": 138, "name": "Micha/Torkelino", "avatar": "https://cdn.discordapp.com/avatars/374493456862543874/428d0ad191b50ec1b174b4421fd2dcc2.png"}, "point": 17068}, {"user": {"uid": 284, "userid": 236, "name": "Jxn-_-R", "avatar": "https://cdn.discordapp.com/avatars/523139889143742465/3db04443daf44dfb7c3a3db7e8765d00.png"}, "point": 15824}, {"user": {"uid": 151, "userid": 134, "name": "Fl!x", "avatar": "https://static.truckersmp.com/avatarsN/defaultavatar.png"}, "point": 15628}, {"user": {"uid": 126, "userid": 115, "name": "FeelinaraIRL", "avatar": "https://cdn.discordapp.com/avatars/200288092807102468/752990beade158ba2313f71c4a99b3d8.png"}, "point": 14740}, {"user": {"uid": 139, "userid": 127, "name": "SturmNudelLP (PC)", "avatar": "https://cdn.discordapp.com/avatars/686996505550258225/9fdc874a2ccce42bee7c48ef3ab9c80a.png"}, "point": 14626}, {"user": {"uid": 31, "userid": 36, "name": "Tedpli", "avatar": "https://cdn.discordapp.com/avatars/501065020088647690/37ac2db1efd93758a8680c6c9ce7abc8.png"}, "point": 14102}, {"user": {"uid": 281, "userid": 233, "name": "gamert1239852", "avatar": ""}, "point": 14024}, {"user": {"uid": 38, "userid": 33, "name": "[FLG] derDome", "avatar": "https://cdn.discordapp.com/avatars/847551771249344564/0ae2aee9871db467f88aa78addecffa6.png"}, "point": 13700}, {"user": {"uid": 15, "userid": 13, "name": "garry", "avatar": "https://cdn.discordapp.com/avatars/211197631114903562/01398155d0c7274a8a5924059231f00c.png"}, "point": 13018}, {"user": {"uid": 27, "userid": 24, "name": "theredmachine", "avatar": "https://static.truckersmp.com/avatarsN/3462295.1710611272.png"}, "point": 12962}, {"user": {"uid": 58, "userid": 45, "name": "Knirpsi", "avatar": "https://cdn.discordapp.com/avatars/680795972275666957/83cbd46025e4c642396e78b1fb4a60d0.png"}, "point": 12510}, {"user": {"uid": 287, "userid": 239, "name": "@06.Jerome", "avatar": "https://cdn.discordapp.com/avatars/1141772672758452284/55b5167c43a78509ad94d007adb781e4.png"}, "point": 12138}, {"user": {"uid": 280, "userid": 232, "name": "LuisDev", "avatar": "https://static.truckersmp.com/avatarsN/defaultavatar.png"}, "point": 12030}, {"user": {"uid": 10, "userid": 7, "name": "Michi.", "avatar": "https://cdn.discordapp.com/avatars/450646550998286336/cecb7757e1697a4ebde655c679ae60d1.png"}, "point": 11850}, {"user": {"uid": 93, "userid": 79, "name": "Starvin Marvin", "avatar": "https://cdn.discordapp.com/avatars/616564166379044893/597930cdaf15fb1a0044037d135a7ceb.png"}, "point": 11812}, {"user": {"uid": 25, "userid": 22, "name": "IceTea2603", "avatar": "https://cdn.discordapp.com/avatars/776556329963749449/1fd72d87f9d34788eff68d12f1fcbcde.png"}, "point": 11778}, {"user": {"uid": 133, "userid": 121, "name": "FerdeAndy", "avatar": "https://static.truckersmp.com/avatarsN/defaultavatar.png"}, "point": 11610}, {"user": {"uid": 295, "userid": 246, "name": "Tiberius", "avatar": "https://cdn.discordapp.com/avatars/305385843428950026/6c00ebb9bf00d5c68028e29af849b1ad.png"}, "point": 10916}, {"user": {"uid": 242, "userid": 199, "name": "DerErdMensch", "avatar": "https://static.truckersmp.com/avatarsN/1471308.1699747343.png"}, "point": 9966}, {"user": {"uid": 138, "userid": 126, "name": "Luide2023", "avatar": "https://cdn.discordapp.com/avatars/601828782642429982/None.png"}, "point": 9424}, {"user": {"uid": 197, "userid": 169, "name": "Wassermelofant", "avatar": "https://cdn.discordapp.com/avatars/288753470234689538/8fb64a8e263aba5a05eda07214a453dc.png"}, "point": 8489}, {"user": {"uid": 52, "userid": 83, "name": "einBulldog", "avatar": "https://cdn.discordapp.com/avatars/709137463179870340/93686299097cbd934e49af0c878dcb25.png"}, "point": 8428}, {"user": {"uid": 70, "userid": 58, "name": "xXTessiXx", "avatar": "https://cdn.discordapp.com/avatars/463730546108006400/7b616d2dad0e5011ae25684dd50d1a91.png"}, "point": 8330}, {"user": {"uid": 105, "userid": 98, "name": "Naskart", "avatar": "https://cdn.discordapp.com/avatars/518544585589522441/cfb88cf936e974ac5475a7d8666ec4c2.png"}, "point": 7832}, {"user": {"uid": 140, "userid": 129, "name": "Bechelor|Hallp", "avatar": "https://cdn.discordapp.com/avatars/692741281381875794/f63a5f2731b40367daf298b1bab2fe5f.png"}, "point": 7396}, {"user": {"uid": 190, "userid": 165, "name": "Trike", "avatar": "https://cdn.discordapp.com/avatars/445943553177288704/9c2d13d61cb7fdd2f732e28f979cfd3d.png"}, "point": 7276}, {"user": {"uid": 159, "userid": 142, "name": "FlorianMeixner", "avatar": "https://static.truckersmp.com/avatarsN/2384998.1706452577.png"}, "point": 7226}, {"user": {"uid": 110, "userid": 99, "name": "Bathorio", "avatar": "https://cdn.discordapp.com/avatars/679475997816651860/4d6f1d77443ed5aab2fb64e01b4ff7f6.png"}, "point": 7222}, {"user": {"uid": 60, "userid": 50, "name": "Thareon", "avatar": "https://cdn.discordapp.com/avatars/701445278825316373/3b16d405b932144cdf8675ff795731f9.png"}, "point": 7118}, {"user": {"uid": 137, "userid": 125, "name": "\u2133\ud835\udcb6\ud835\udccd", "avatar": "https://cdn.discordapp.com/avatars/1058224503685140540/a_247f78c2288264c1e3f5ddb462017cfc.gif"}, "point": 7036}, {"user": {"uid": 49, "userid": 46, "name": "Franco", "avatar": "https://cdn.discordapp.com/avatars/750020969627648080/0153e303ff706fdc97afd1c7aaadf81a.png"}, "point": 6840}, {"user": {"uid": 303, "userid": 247, "name": "Skyfour", "avatar": ""}, "point": 6572}, {"user": {"uid": 271, "userid": 226, "name": "HUNDabc", "avatar": "https://cdn.discordapp.com/avatars/1217559937761415349/5cd1c0be937399ad7c92aad2cdf437ab.png"}, "point": 6398}, {"user": {"uid": 114, "userid": 101, "name": "Julius", "avatar": "https://cdn.discordapp.com/avatars/438789396045758474/16ce72bc46b0c2f154b7580792284d0d.png"}, "point": 6382}, {"user": {"uid": 19, "userid": 17, "name": "Tim13", "avatar": "https://cdn.discordapp.com/avatars/932250744386617376/dba03c47053a9fb2a07ede96971bc97a.png"}, "point": 6368}, {"user": {"uid": 141, "userid": 196, "name": "MAX294", "avatar": "https://cdn.discordapp.com/avatars/488323894831349760/f0ffd3875b74459d0656375b17aa0e6d.png"}, "point": 6294}, {"user": {"uid": 239, "userid": 212, "name": "Jhonny Marcus / Martin", "avatar": "https://cdn.discordapp.com/avatars/983797646219178004/8456ec81172fb7705b907686e26443f0.png"}, "point": 6258}, {"user": {"uid": 265, "userid": 220, "name": "Rex9845", "avatar": "https://cdn.discordapp.com/avatars/1052645528032264233/42d06d5fedd4a543cf490ec80c26af36.png"}, "point": 6212}, {"user": {"uid": 130, "userid": 187, "name": "Peter235", "avatar": "https://static.truckersmp.com/avatarsN/defaultavatar.png"}, "point": 6030}, {"user": {"uid": 142, "userid": 130, "name": "PixelXplorer", "avatar": "https://cdn.discordapp.com/avatars/337590936781455360/b26cac88eda174a820df9ff1be3ca36d.png"}, "point": 6006}, {"user": {"uid": 214, "userid": 179, "name": "Scottypols34", "avatar": "https://cdn.discordapp.com/avatars/496307919449751582/76c3a93cea01c41856b26954db5f44e4.png"}, "point": 6004}, {"user": {"uid": 117, "userid": 109, "name": "DerDampfer78", "avatar": "https://cdn.discordapp.com/avatars/324522906505707520/2584364ff258ba22916b1c0c369b0893.png"}, "point": 5848}, {"user": {"uid": 123, "userid": 111, "name": "1806alex", "avatar": "https://cdn.discordapp.com/avatars/433634921274277923/fbfc635d097a9736d8f3ace25ed11857.png"}, "point": 5726}, {"user": {"uid": 258, "userid": 210, "name": "Mr_Wassermelone", "avatar": "https://cdn.discordapp.com/avatars/660115165819437097/62f2b0a155b5fb9b62b9d65db6690d46.png"}, "point": 5586}, {"user": {"uid": 118, "userid": 112, "name": "KartoffelsackAUT", "avatar": "https://cdn.discordapp.com/avatars/356200668513697803/b25e3d4366d3df16b93d5b8b49a98c24.png"}, "point": 5088}, {"user": {"uid": 165, "userid": 146, "name": "Felix", "avatar": "https://cdn.discordapp.com/avatars/1108807886932541571/None.png"}, "point": 4914}, {"user": {"uid": 143, "userid": 128, "name": "SchnellerFuchs", "avatar": "https://static.truckersmp.com/avatarsN/1121622.1706114410.png"}, "point": 4732}, {"user": {"uid": 176, "userid": 157, "name": "Identity", "avatar": "https://cdn.discordapp.com/avatars/383724197744214016/092d4968871fb432b7129173b5c1dc78.png"}, "point": 4680}, {"user": {"uid": 238, "userid": 194, "name": "Tomsa", "avatar": "https://cdn.discordapp.com/avatars/626488024850628691/fc01298a60d20a9e244093488294bea5.png"}, "point": 4084}, {"user": {"uid": 74, "userid": 66, "name": "Kucki122", "avatar": "https://cdn.discordapp.com/avatars/980522557365157938/bb19a21068e5e3d9d8c349e066d33d6e.png"}, "point": 3962}, {"user": {"uid": 53, "userid": 47, "name": "SkyJumper08", "avatar": "https://cdn.discordapp.com/avatars/670916023657955328/cb2bb3d86be55e698ef50886ab5c8b72.png"}, "point": 3882}, {"user": {"uid": 199, "userid": 185, "name": "Silica Karun", "avatar": "https://cdn.discordapp.com/avatars/1007238293844414485/079f1c62caf0da0b3896a4cdf474c896.png"}, "point": 3616}, {"user": {"uid": 125, "userid": 114, "name": "Best_Offline", "avatar": "https://cdn.discordapp.com/avatars/427147191614963713/f4fd038e7c2d396fd8754d2b0bf2510e.png"}, "point": 3606}, {"user": {"uid": 296, "userid": 245, "name": "CoasterJumper", "avatar": "https://cdn.discordapp.com/avatars/249603286372581376/504492ebcd27d5419080fde84738ff1d.png"}, "point": 3344}, {"user": {"uid": 67, "userid": 62, "name": "Flozockt", "avatar": "https://cdn.discordapp.com/avatars/293430302498357248/98f01680a69d817ba90d47a82e8bba5f.png"}, "point": 3302}, {"user": {"uid": 231, "userid": 191, "name": "Necron", "avatar": "https://cdn.discordapp.com/avatars/843141543095566396/d23f34fea4d2c4689e3259ee4c898cd4.png"}, "point": 3268}, {"user": {"uid": 218, "userid": 182, "name": "Daniel.Heilfuchs", "avatar": "https://cdn.discordapp.com/avatars/428233861684527105/a_4225a1d0c6f8ed2ae9976eb386ca8770.gif"}, "point": 3222}, {"user": {"uid": 147, "userid": 132, "name": "MisterMaster", "avatar": "https://cdn.discordapp.com/avatars/1059889752918216834/172c1da2f0cee42be94d6977a70786a6.png"}, "point": 3172}, {"user": {"uid": 182, "userid": 158, "name": "AtomWriterHD", "avatar": "https://cdn.discordapp.com/avatars/769854139676229642/3f507ef915d43f12593de2ff0e857767.png"}, "point": 3118}, {"user": {"uid": 35, "userid": 30, "name": "[FLG] Niklas", "avatar": "https://cdn.discordapp.com/avatars/1187861140710113423/12b5860650fcf6af1643b6e680dd5790.png"}, "point": 3100}, {"user": {"uid": 261, "userid": 214, "name": "Bergsen", "avatar": "https://cdn.discordapp.com/avatars/432550604926091264/eae2252bca344b1468789fef4e5defee.png"}, "point": 3000}, {"user": {"uid": 108, "userid": 107, "name": "DarkDemon", "avatar": "https://cdn.discordapp.com/avatars/634094411499962368/17960d661c0077d8756fa6d59cbd8a35.png"}, "point": 2963}, {"user": {"uid": 66, "userid": 54, "name": "Valtra130", "avatar": "https://cdn.discordapp.com/avatars/555051812265263114/5d81abc9b63b652047489bfb6f236f59.png"}, "point": 2906}, {"user": {"uid": 185, "userid": 159, "name": "Dr.Schrotty", "avatar": "https://cdn.discordapp.com/avatars/230695604274069504/7eda972dc3c3dd4bdcfa4d76e9b0ca2e.png"}, "point": 2902}, {"user": {"uid": 310, "userid": 253, "name": "Pascal", "avatar": "https://cdn.discordapp.com/avatars/677543668973830215/e67068b6cf29eb6aaa8ea1cdec299abe.png"}, "point": 2790}, {"user": {"uid": 29, "userid": 26, "name": "Flexhit07", "avatar": "https://cdn.discordapp.com/avatars/839444644404527104/46c166e0a965fc3c453b3ceee0d5eb25.png"}, "point": 2742}, {"user": {"uid": 180, "userid": 160, "name": "EisWolf_Gaming", "avatar": "https://cdn.discordapp.com/avatars/314130584006033408/b9e10cee940ec115c2cbab159dc10c40.png"}, "point": 2724}, {"user": {"uid": 254, "userid": 213, "name": "The_Real_Gamer99 aka Dennis", "avatar": "https://cdn.discordapp.com/avatars/554000761282101278/1ea474a64a4a48fe86c2190b8b78bcd0.png"}, "point": 2474}, {"user": {"uid": 266, "userid": 221, "name": "Pliegenfilz_xX", "avatar": ""}, "point": 2400}, {"user": {"uid": 183, "userid": 198, "name": "Flor3ll3", "avatar": "https://cdn.discordapp.com/avatars/988474900006174741/fc77f012bd8bd8277bac2e07a75c1ec2.png"}, "point": 2204}, {"user": {"uid": 92, "userid": 84, "name": "Corosion", "avatar": "https://cdn.discordapp.com/avatars/233911033859670016/d066a4ff18b288553ae04a47a1c59ed8.png"}, "point": 2104}, {"user": {"uid": 87, "userid": 90, "name": "Carolus", "avatar": "https://cdn.discordapp.com/avatars/1018500971095142471/7020d4b60e743ddab1f546f20958df7e.png"}, "point": 1954}, {"user": {"uid": 150, "userid": 133, "name": "DerObtimist", "avatar": "https://cdn.discordapp.com/avatars/1141083458400161923/a1bd4e6ce2927f2a18372a3aebdf78cf.png"}, "point": 1742}, {"user": {"uid": 55, "userid": 49, "name": "teufel-junior", "avatar": "https://static.truckersmp.com/avatarsN/4966286.1704737379.png"}, "point": 1706}, {"user": {"uid": 95, "userid": 195, "name": "CptSNASA", "avatar": "https://cdn.discordapp.com/avatars/294121947170734082/6e3ce4491dff4e05075983f63d051eaa.png"}, "point": 1688}, {"user": {"uid": 255, "userid": 222, "name": "Richard_Gae", "avatar": "https://cdn.discordapp.com/avatars/513398763436638208/1e65e7031e400e84e3bb54c560ebc4f4.png"}, "point": 1688}, {"user": {"uid": 229, "userid": 189, "name": "Jojo2007", "avatar": "https://cdn.discordapp.com/avatars/534402304028311552/077d386b1190d39301f5ed59945250b2.png"}, "point": 1502}, {"user": {"uid": 173, "userid": 153, "name": "Pappfisch", "avatar": "https://cdn.discordapp.com/avatars/614095913098674207/76fe38dfc900216a2db47c0e4bb3afe6.png"}, "point": 1474}, {"user": {"uid": 80, "userid": 73, "name": "YasinAbi", "avatar": "https://cdn.discordapp.com/avatars/847538667613454346/c0a331cbb54089df7ac19c80d2cbcb16.png"}, "point": 1386}, {"user": {"uid": 78, "userid": 67, "name": "amugosch", "avatar": "https://cdn.discordapp.com/avatars/518693794372124672/5949205b8e72fb2bbec984f551835583.png"}, "point": 1382}, {"user": {"uid": 210, "userid": 181, "name": "OmsiFlorian", "avatar": "https://cdn.discordapp.com/avatars/960602310919225366/b6554978c58fd75fbcc39fa9f954f5fd.png"}, "point": 1374}, {"user": {"uid": 77, "userid": 64, "name": "ossikralle91", "avatar": "https://cdn.discordapp.com/avatars/174228229341577216/f6ce32d40a58b95cefa47ce3e939a8b4.png"}, "point": 1342}, {"user": {"uid": 132, "userid": 120, "name": "Lagarto [GER]", "avatar": "https://cdn.discordapp.com/avatars/450047218272174090/48410ae421bcedb0473c534a1923fc57.png"}, "point": 1274}, {"user": {"uid": 171, "userid": 152, "name": "nooby__1337", "avatar": "https://cdn.discordapp.com/avatars/323131410154258432/2f118a9e44ee4e5c4745be5aefb3e9d5.png"}, "point": 1214}, {"user": {"uid": 163, "userid": 144, "name": "Greifswalder [DE]", "avatar": "https://static.truckersmp.com/avatarsN/302455.1544957087.gif"}, "point": 1040}, {"user": {"uid": 42, "userid": 35, "name": "realMadDog", "avatar": "https://cdn.discordapp.com/avatars/622527094588571649/478a01f3180940db369efcbecbef19ef.png"}, "point": 1038}, {"user": {"uid": 122, "userid": 110, "name": "[FLG] Eichelh\u00f6rnchen/Julian", "avatar": "https://cdn.discordapp.com/avatars/373870026651860992/43b57e30d35962bcf5006380a8ed554b.png"}, "point": 1022}, {"user": {"uid": 106, "userid": 106, "name": "Melvin", "avatar": "https://cdn.discordapp.com/avatars/228563858472697857/ba3b12c379a57943b2918174b352b8d3.png"}, "point": 1018}, {"user": {"uid": 41, "userid": 38, "name": "leDome [Ger]", "avatar": "https://static.truckersmp.com/avatarsN/1199931.1660483158.png"}, "point": 928}, {"user": {"uid": 22, "userid": 19, "name": "Tater", "avatar": "https://cdn.discordapp.com/avatars/686943270273679401/7293647ea38988bf70abf67901cd4a5e.png"}, "point": 826}, {"user": {"uid": 200, "userid": 171, "name": "Alex Fox I of Fox Island", "avatar": "https://cdn.discordapp.com/avatars/810804798244782090/ab72b31d900b254f10155005b868a8d6.png"}, "point": 802}, {"user": {"uid": 186, "userid": 161, "name": "zOfficialPablo", "avatar": "https://static.truckersmp.com/avatarsN/defaultavatar.png"}, "point": 680}, {"user": {"uid": 300, "userid": 249, "name": "EinfachLukas\u00ae\u00a9", "avatar": "https://cdn.discordapp.com/avatars/588335286296248330/08cd535940f062cabfc2a866e76f5929.png"}, "point": 660}, {"user": {"uid": 247, "userid": 202, "name": "Le\u00f3n", "avatar": "https://cdn.discordapp.com/avatars/747870615993712755/00078f462acf73fcd0937e7e95bc3949.png"}, "point": 616}, {"user": {"uid": 196, "userid": 170, "name": "noah", "avatar": "https://cdn.discordapp.com/avatars/551872292221747204/6dc460b0d4fbe2a3dbbc6e5755fbb5e5.png"}, "point": 534}, {"user": {"uid": 44, "userid": 37, "name": "Chaz", "avatar": "https://cdn.discordapp.com/avatars/195616243791691777/736984f2893effafb372b7ba85767067.png"}, "point": 330}, {"user": {"uid": 207, "userid": 176, "name": "Kerem6455", "avatar": "https://cdn.discordapp.com/avatars/461142458655571979/385a249f1f7f04dcf08a40e07925c860.png"}, "point": 236}, {"user": {"uid": 145, "userid": 131, "name": "JustAsLife", "avatar": "https://cdn.discordapp.com/avatars/608290753113882644/268784d9ec48fef12c44c1e252410926.png"}, "point": 124}, {"user": {"uid": 8, "userid": 6, "name": "Kluner123", "avatar": "https://cdn.discordapp.com/avatars/342304860450062337/20ee758341436b12f9579532319b567a.png"}, "point": 84}, {"user": {"uid": 28, "userid": 25, "name": "Timtastic", "avatar": "https://cdn.discordapp.com/avatars/695353745680367626/cbbb2f05017a0324ab4dd834e1d2f042.png"}, "point": 10}, {"user": {"uid": 23, "userid": 20, "name": "\u2605  \ud83d\udd30 \ud835\udc9c\ud835\udcc3\ud835\udcc9\ud835\udcbe\ud835\udcb8\ud835\udca2\ud835\udcc7\ud835\udcbe\ud835\udcbb   \ud83d\udd30 \u2605", "avatar": "https://cdn.discordapp.com/avatars/659750239640748042/2d9a9acd3e8fd21f0c0cadec54408a06.png"}, "point": 0}, {"user": {"uid": 26, "userid": 23, "name": "sneakyypython", "avatar": "https://cdn.discordapp.com/avatars/358364284834545665/58b900b42c80c340f191d16ac9b350c9.png"}, "point": 0}, {"user": {"uid": 34, "userid": 29, "name": "Loop20", "avatar": "https://cdn.discordapp.com/avatars/786687237886443540/0b33f786203c732cce9a67dc0822bd1b.png"}, "point": 0}, {"user": {"uid": 39, "userid": 34, "name": "[GER] Chrissy1968", "avatar": "https://static.truckersmp.com/avatarsN/defaultavatar.png"}, "point": 0}, {"user": {"uid": 57, "userid": 43, "name": "supriMx", "avatar": "https://cdn.discordapp.com/avatars/751470193699455056/f86f8708be479712117797429d99a49c.png"}, "point": 0}, {"user": {"uid": 69, "userid": 63, "name": "M4rk4yy", "avatar": "https://static.truckersmp.com/avatarsN/1878609.1697918343.png"}, "point": 0}, {"user": {"uid": 109, "userid": 102, "name": "Tschillgrot", "avatar": "https://cdn.discordapp.com/avatars/715915034143883434/7273182112b6daac76c1755df1be7bf0.png"}, "point": 0}, {"user": {"uid": 124, "userid": 113, "name": "Terrase", "avatar": "https://cdn.discordapp.com/avatars/625396497911119882/364fbbd9cf4c0c505f8784af01f4dc2e.png"}, "point": 0}, {"user": {"uid": 164, "userid": 150, "name": "bonbey", "avatar": "https://cdn.discordapp.com/avatars/817403753383723038/aff0bc6ff5e4f1fac47593736436ff7e.png"}, "point": 0}, {"user": {"uid": 169, "userid": 216, "name": "Homer", "avatar": "https://cdn.discordapp.com/avatars/1002149450724159489/d0ab50d2c567f1f0bf2bf1b466ddd521.png"}, "point": 0}, {"user": {"uid": 191, "userid": 166, "name": "White Tip13", "avatar": "https://cdn.discordapp.com/avatars/774261906558287892/80b09ce366636073c5ccec9a3d36bb64.png"}, "point": 0}, {"user": {"uid": 206, "userid": 175, "name": "Kurtchen", "avatar": "https://cdn.discordapp.com/avatars/239461951170674690/7025368faf4c870bb0a3a76f63f0874f.png"}, "point": 0}, {"user": {"uid": 211, "userid": 177, "name": "BlackJack | Maxi", "avatar": "https://cdn.discordapp.com/avatars/530031383007985665/7b116a150f08efd387c2608c8230ada7.png"}, "point": 0}, {"user": {"uid": 213, "userid": 178, "name": "Mattess5493", "avatar": "https://cdn.discordapp.com/avatars/986724450647048212/02d506c841658c542d22c3194406dc30.png"}, "point": 0}, {"user": {"uid": 234, "userid": 193, "name": "Florian", "avatar": "https://cdn.discordapp.com/avatars/261565331913441282/79e76ce3bca3ef15651a0fc226772d93.png"}, "point": 0}, {"user": {"uid": 248, "userid": 206, "name": "wolf_6412", "avatar": ""}, "point": 0}, {"user": {"uid": 250, "userid": 203, "name": "Psyckow_Retrox", "avatar": "https://cdn.discordapp.com/avatars/556615726866104327/030f53089567fabde2be10538e4d8d35.png"}, "point": 0}, {"user": {"uid": 251, "userid": 204, "name": "Lorst Hichter", "avatar": "https://cdn.discordapp.com/avatars/431096848984571916/8ff0c6dc01d9bd2fd20c1ae1d2915798.png"}, "point": 0}, {"user": {"uid": 256, "userid": 208, "name": "Schlock", "avatar": "https://cdn.discordapp.com/avatars/689232443911176262/f3e440448735fd1ad833d8374bfae5c9.png"}, "point": 0}, {"user": {"uid": 257, "userid": 209, "name": "DavidGo", "avatar": "https://cdn.discordapp.com/avatars/1096168213202608218/None.png"}, "point": 0}, {"user": {"uid": 267, "userid": 224, "name": "\u300c\u2aa8\u0374\u0374\u073c\u203d\u2503\ud835\udc16\u0665\u209a\u209a\u2148\ud835\udfe6\ud835\udfe6\u2503\u203d\u073c\u0374\u0374\u2aa9\u300d", "avatar": "https://cdn.discordapp.com/avatars/990678789241569320/be4347918ce95d99d14a5448430f55d1.png"}, "point": 0}]}