{"fmd": [{"user": {"uid": 3, "userid": 2, "name": "GB |     M.Faruk {21}", "avatar": "https://cdn.discordapp.com/avatars/284769507271245825/a_f4d7f890b3d45b4fcc2acc412335e13a.gif"}, "point": 69230}, {"user": {"uid": 31, "userid": 37, "name": "GB | Dave [19]", "avatar": "https://cdn.discordapp.com/avatars/679370137639583746/5a436e69af2bf32b41a283d26468ffc2.png"}, "point": 28426}, {"user": {"uid": 30, "userid": 35, "name": "GB | Mikey [20]", "avatar": "https://cdn.discordapp.com/avatars/359045731048357888/a_e27f09c576944cb47196bcc128001deb.gif"}, "point": 24646}, {"user": {"uid": 13, "userid": 13, "name": "LOA | Caner [40]", "avatar": "https://cdn.discordapp.com/avatars/644261578392469534/fbb3347356714ef7d3ab0443c54c3929.png"}, "point": 13564}, {"user": {"uid": 16, "userid": 17, "name": "GB | Onur [22]", "avatar": "https://cdn.discordapp.com/avatars/607643687958216793/9fe9b434df5026c6c94dfb2d613dd1f9.png"}, "point": 13453}, {"user": {"uid": 18, "userid": 19, "name": "GB |  Burak {25}", "avatar": "https://cdn.discordapp.com/avatars/291256369871323136/6ea0b9179dbbd8cb525e3f2d2b651524.png"}, "point": 10920}, {"user": {"uid": 2, "userid": 1, "name": "GB  |     Berk {21}", "avatar": "https://cdn.discordapp.com/avatars/330696848287334403/8d3c616cf75dae71fec381be7f32d1ca.png"}, "point": 8564}, {"user": {"uid": 27, "userid": 31, "name": "GB | \u0130brahim [25]", "avatar": "https://cdn.discordapp.com/avatars/370151130266861578/51d5a138c76e1e76f23c34a932ab725d.png"}, "point": 5188}, {"user": {"uid": 105, "userid": 93, "name": "GB | Berat [16]", "avatar": "https://cdn.discordapp.com/avatars/720876302931984398/9dd44f77af219b29ce50a4f2fb1da276.png"}, "point": 4396}, {"user": {"uid": 97, "userid": 85, "name": "[G\u00f6kB\u00f6r\u00fc] Berke \u00c7etin", "avatar": "https://static.truckersmp.com/avatarsN/3362720.1696796999.png"}, "point": 4344}, {"user": {"uid": 102, "userid": 89, "name": "GB | Umut  [16]", "avatar": "https://cdn.discordapp.com/avatars/373521932336758785/db9321895b7f301e1f088a4ae090910f.png"}, "point": 3256}, {"user": {"uid": 26, "userid": 30, "name": "GB | Emin [34]", "avatar": "https://cdn.discordapp.com/avatars/626513702383779880/fdd618c85e0d7d2d1cd4fd59594a5e6d.png"}, "point": 2780}, {"user": {"uid": 17, "userid": 18, "name": "GB | H\u00fcsamettin [36]", "avatar": "https://cdn.discordapp.com/avatars/694988470321545256/d22313bc7a569320ff482c6b36346136.png"}, "point": 2340}, {"user": {"uid": 6, "userid": 6, "name": "GB | Bat\u0131n [19]", "avatar": "https://static.truckersmp.com/avatarsN/4072312.1654349778.png"}, "point": 2024}, {"user": {"uid": 1, "userid": 0, "name": "Snap Dragon", "avatar": "https://cdn.discordapp.com/avatars/374947617366474762/f322a274dfa0cbec3e5a04188a313a88.png"}, "point": 1054}], "fma": [{"user": {"uid": 3, "userid": 2, "name": "GB |     M.Faruk {21}", "avatar": "https://cdn.discordapp.com/avatars/284769507271245825/a_f4d7f890b3d45b4fcc2acc412335e13a.gif"}, "point": 84294}, {"user": {"uid": 31, "userid": 37, "name": "GB | Dave [19]", "avatar": "https://cdn.discordapp.com/avatars/679370137639583746/5a436e69af2bf32b41a283d26468ffc2.png"}, "point": 33798}, {"user": {"uid": 30, "userid": 35, "name": "GB | Mikey [20]", "avatar": "https://cdn.discordapp.com/avatars/359045731048357888/a_e27f09c576944cb47196bcc128001deb.gif"}, "point": 28810}, {"user": {"uid": 16, "userid": 17, "name": "GB | Onur [22]", "avatar": "https://cdn.discordapp.com/avatars/607643687958216793/9fe9b434df5026c6c94dfb2d613dd1f9.png"}, "point": 16076}, {"user": {"uid": 13, "userid": 13, "name": "LOA | Caner [40]", "avatar": "https://cdn.discordapp.com/avatars/644261578392469534/fbb3347356714ef7d3ab0443c54c3929.png"}, "point": 15262}, {"user": {"uid": 18, "userid": 19, "name": "GB |  Burak {25}", "avatar": "https://cdn.discordapp.com/avatars/291256369871323136/6ea0b9179dbbd8cb525e3f2d2b651524.png"}, "point": 12504}, {"user": {"uid": 2, "userid": 1, "name": "GB  |     Berk {21}", "avatar": "https://cdn.discordapp.com/avatars/330696848287334403/8d3c616cf75dae71fec381be7f32d1ca.png"}, "point": 9764}, {"user": {"uid": 27, "userid": 31, "name": "GB | \u0130brahim [25]", "avatar": "https://cdn.discordapp.com/avatars/370151130266861578/51d5a138c76e1e76f23c34a932ab725d.png"}, "point": 5992}, {"user": {"uid": 105, "userid": 93, "name": "GB | Berat [16]", "avatar": "https://cdn.discordapp.com/avatars/720876302931984398/9dd44f77af219b29ce50a4f2fb1da276.png"}, "point": 4732}, {"user": {"uid": 97, "userid": 85, "name": "[G\u00f6kB\u00f6r\u00fc] Berke \u00c7etin", "avatar": "https://static.truckersmp.com/avatarsN/3362720.1696796999.png"}, "point": 4652}, {"user": {"uid": 102, "userid": 89, "name": "GB | Umut  [16]", "avatar": "https://cdn.discordapp.com/avatars/373521932336758785/db9321895b7f301e1f088a4ae090910f.png"}, "point": 3500}, {"user": {"uid": 26, "userid": 30, "name": "GB | Emin [34]", "avatar": "https://cdn.discordapp.com/avatars/626513702383779880/fdd618c85e0d7d2d1cd4fd59594a5e6d.png"}, "point": 3156}, {"user": {"uid": 17, "userid": 18, "name": "GB | H\u00fcsamettin [36]", "avatar": "https://cdn.discordapp.com/avatars/694988470321545256/d22313bc7a569320ff482c6b36346136.png"}, "point": 2632}, {"user": {"uid": 6, "userid": 6, "name": "GB | Bat\u0131n [19]", "avatar": "https://static.truckersmp.com/avatarsN/4072312.1654349778.png"}, "point": 2418}, {"user": {"uid": 1, "userid": 0, "name": "Snap Dragon", "avatar": "https://cdn.discordapp.com/avatars/374947617366474762/f322a274dfa0cbec3e5a04188a313a88.png"}, "point": 1144}, {"user": {"uid": 11, "userid": 11, "name": "GB |  Sefacan {21}", "avatar": "https://cdn.discordapp.com/avatars/334618818867494914/8cb0900a7e34cf5426345615ef4f0478.png"}, "point": 900}]}