{"fmd": [{"user": {"uid": 551, "userid": 448, "name": "Capt_Tom", "avatar": "https://cdn.discordapp.com/avatars/1189926623739400235/76a1784b7640fe89bfca945587db07e3.png"}, "point": 122850}, {"user": {"uid": 636, "userid": 513, "name": "MementoMori [ LT ]", "avatar": "https://static.truckersmp.com/avatarsN/3834590.1713037068.png"}, "point": 100028}, {"user": {"uid": 427, "userid": 353, "name": "Versthappening", "avatar": "https://cdn.discordapp.com/avatars/851032564801077258/b6762130b06d88078b10d519887e731b.png"}, "point": 85961}, {"user": {"uid": 25, "userid": 96, "name": "[G-T-R]GrayWolf", "avatar": "https://cdn.discordapp.com/avatars/463049453067173888/93e0f855de1c1bcdf6924d45b1789338.png"}, "point": 82848}, {"user": {"uid": 596, "userid": 480, "name": "proximirones", "avatar": "https://cdn.discordapp.com/avatars/830886800398221393/0a65872022ee1b3452cc03b312d8a67c.png"}, "point": 82032}, {"user": {"uid": 608, "userid": 489, "name": "Dylan aka Scott", "avatar": "https://cdn.discordapp.com/avatars/287978186732732416/269da0519b0fb3b455df1752ceec3171.png"}, "point": 74368}, {"user": {"uid": 578, "userid": 465, "name": "indowes", "avatar": "https://cdn.discordapp.com/avatars/556782581626961920/4f21483bc72236511d1bd929721efbdc.png"}, "point": 74031}, {"user": {"uid": 212, "userid": 201, "name": "nasht7", "avatar": "https://cdn.discordapp.com/avatars/478817763172024322/a947cf0bc4d7f21695c683d13a485521.png"}, "point": 73524}, {"user": {"uid": 595, "userid": 479, "name": "Championrub", "avatar": "https://cdn.discordapp.com/avatars/811982277474123786/57632d6c13f4de8235b03acd0aba016e.png"}, "point": 66187}, {"user": {"uid": 609, "userid": 490, "name": "ralkinvx", "avatar": "https://cdn.discordapp.com/avatars/626276063609225221/cdf27d657698337dc22e9a4ba4736900.png"}, "point": 57540}, {"user": {"uid": 634, "userid": 511, "name": "Ern", "avatar": "https://cdn.discordapp.com/avatars/238745312296960011/d189f4a3dc567d70350715ae35634bec.png"}, "point": 47236}, {"user": {"uid": 516, "userid": 417, "name": "Ravsh1k", "avatar": "https://cdn.discordapp.com/avatars/901846074740858890/775a54f0f101fa2eb9b9fb54ad87ce55.png"}, "point": 43262}, {"user": {"uid": 618, "userid": 496, "name": "Lorenzo (lftt205)", "avatar": "https://cdn.discordapp.com/avatars/254870559257657344/e6795e10c6356b41ae0dde62b8555d22.png"}, "point": 34852}, {"user": {"uid": 610, "userid": 491, "name": "zaytoven", "avatar": "https://cdn.discordapp.com/avatars/386555958685335563/fbeb103a96e2b3811c54d70f59a6ea9d.png"}, "point": 33364}, {"user": {"uid": 480, "userid": 395, "name": "Sh0tBlow", "avatar": "https://cdn.discordapp.com/avatars/462991116279611392/87bf1e3b76d220025f3fb4b0029427f8.png"}, "point": 33082}, {"user": {"uid": 579, "userid": 466, "name": "pieter.64", "avatar": "https://cdn.discordapp.com/avatars/324877891852828683/00632119b31752fcb8171bbb4279d1f8.png"}, "point": 32694}, {"user": {"uid": 603, "userid": 484, "name": "VJvijey", "avatar": "https://cdn.discordapp.com/avatars/501001074782502912/25abb23bf0c24c97bf14a72fc880b1da.png"}, "point": 31152}, {"user": {"uid": 312, "userid": 263, "name": "Enrikas15", "avatar": "https://cdn.discordapp.com/avatars/924617012926365736/48f337c0b8d40a3b4b5d412c0dcffe9b.png"}, "point": 29368}, {"user": {"uid": 396, "userid": 331, "name": "Lucas", "avatar": "https://cdn.discordapp.com/avatars/1004644388888117258/40f0905fcd22843d4e831fa18fc7576d.png"}, "point": 29060}, {"user": {"uid": 391, "userid": 329, "name": "\u0414\u0436\u0435\u0441\u043f\u0435\u0440", "avatar": "https://cdn.discordapp.com/avatars/632239961994821680/d4a0d65db94bed39bb7ee26b80fc9ddd.png"}, "point": 27800}, {"user": {"uid": 402, "userid": 337, "name": "viriusek", "avatar": "https://cdn.discordapp.com/avatars/814466964918370305/4491219e03ffb01a401aa3b5d09ad470.png"}, "point": 25277}, {"user": {"uid": 576, "userid": 463, "name": "p4v3l", "avatar": "https://cdn.discordapp.com/avatars/718093939768557582/cff5e98b999b78aa9e90528895e622dc.png"}, "point": 24690}, {"user": {"uid": 622, "userid": 500, "name": "Liang", "avatar": "https://cdn.discordapp.com/avatars/1152484045549211749/3487bb42c54b1cae8115bbba55ab7617.png"}, "point": 23892}, {"user": {"uid": 458, "userid": 377, "name": "LordCancer420", "avatar": "https://cdn.discordapp.com/avatars/412529924805492756/38365841d4eaa1db7d73bc11bc478124.png"}, "point": 21347}, {"user": {"uid": 435, "userid": 361, "name": "Wambui", "avatar": "https://cdn.discordapp.com/avatars/922564674866774107/b11795300e6eff544cdcba9cae8ed136.png"}, "point": 20931}, {"user": {"uid": 68, "userid": 176, "name": "Ammaar", "avatar": "https://cdn.discordapp.com/avatars/611183396210737167/83c6d8f59f35509744d9eb2b420625ee.png"}, "point": 19504}, {"user": {"uid": 593, "userid": 478, "name": "AZV9", "avatar": "https://cdn.discordapp.com/avatars/379023177214590986/5dd1975bdc9d6b3ab0b192d2903aefc4.png"}, "point": 18598}, {"user": {"uid": 630, "userid": 507, "name": "Pingvins_", "avatar": "https://cdn.discordapp.com/avatars/665639547756871680/11b9131c70b40606a84197ce1d9cf7ca.png"}, "point": 17693}, {"user": {"uid": 642, "userid": 516, "name": "Aljaz Miklic", "avatar": "https://cdn.discordapp.com/avatars/771794563680436234/1d775092d4983d2143b8a4f98b6b0979.png"}, "point": 17206}, {"user": {"uid": 631, "userid": 508, "name": "A$h1Ma$h1", "avatar": "https://cdn.discordapp.com/avatars/801452708547657739/bf3266b67299389596b4b5ecd7c627ce.png"}, "point": 17110}, {"user": {"uid": 627, "userid": 503, "name": "Bobgamer235", "avatar": "https://cdn.discordapp.com/avatars/921910347131125762/c1b95dedbf4e3e3960c1c9b5e0afedff.png"}, "point": 16755}, {"user": {"uid": 589, "userid": 474, "name": "jamie o connor", "avatar": "https://cdn.discordapp.com/avatars/1182404565451165726/8e491d058c40545ad2c385c34f22f3f2.png"}, "point": 16376}, {"user": {"uid": 555, "userid": 450, "name": "RansomQ", "avatar": "https://cdn.discordapp.com/avatars/1034928983353069638/f837399f37d29329e765cd8dc59f0f52.png"}, "point": 16246}, {"user": {"uid": 635, "userid": 512, "name": "ruthlessducky", "avatar": "https://cdn.discordapp.com/avatars/586356271343599623/630a34ace8f201030d7d0f1c81cf8257.png"}, "point": 15054}, {"user": {"uid": 341, "userid": 285, "name": "Bestpadawan", "avatar": "https://cdn.discordapp.com/avatars/116954631346716680/7d9007d6c735cb957ef368c03280281f.png"}, "point": 14452}, {"user": {"uid": 586, "userid": 472, "name": "glacier", "avatar": "https://cdn.discordapp.com/avatars/943781141910024193/ba217232bb42c8653d3dd3e9c90dbc21.png"}, "point": 13686}, {"user": {"uid": 615, "userid": 493, "name": "darkallstar", "avatar": "https://cdn.discordapp.com/avatars/332260706403483650/84f2bc9de1dfaec4b2e862b1a80682e9.png"}, "point": 13274}, {"user": {"uid": 454, "userid": 375, "name": "\ud83c\udf79Adam\ud83c\udf79", "avatar": "https://cdn.discordapp.com/avatars/1050839535904362506/5a8db3156b6bcb1056659951e1189380.png"}, "point": 13182}, {"user": {"uid": 633, "userid": 510, "name": "\ud835\udcd8\ud835\udcf6\ud835\udcf9\ud835\udcee\ud835\udcfb\ud835\udcf2\ud835\udcea\ud835\udcf5\ud835\udce3\ud835\udcf1\ud835\udcee\ud835\udcec\ud835\udcea", "avatar": "https://cdn.discordapp.com/avatars/1014563270969008269/c43edc4e857cd33bff1eeb4ecfe6956a.png"}, "point": 12556}, {"user": {"uid": 604, "userid": 485, "name": "JULY 50", "avatar": "https://cdn.discordapp.com/avatars/744250253192200253/4666b6bb62f4822c80c74bda55dc913a.png"}, "point": 12310}, {"user": {"uid": 629, "userid": 506, "name": "Bin_Tyler", "avatar": "https://cdn.discordapp.com/avatars/778660332570804325/c854253e1f12ab7a70384535a84fae7d.png"}, "point": 11581}, {"user": {"uid": 619, "userid": 497, "name": "DonkeyBoss7688", "avatar": "https://cdn.discordapp.com/avatars/700804702748672110/2601bee8eb4ae6bf017bf9c8e88021d9.png"}, "point": 11568}, {"user": {"uid": 456, "userid": 374, "name": "Jaroslavan1", "avatar": "https://static.truckersmp.com/avatarsN/defaultavatar.png"}, "point": 10346}, {"user": {"uid": 626, "userid": 504, "name": "Trav.", "avatar": "https://cdn.discordapp.com/avatars/860279987058901043/13d8aaf9fb377ad8eb70b7ac9e4b380f.png"}, "point": 9312}, {"user": {"uid": 644, "userid": 519, "name": "Rumcajs", "avatar": "https://cdn.discordapp.com/avatars/236603258314031104/d2dda1e0af37139c5fe5d71603c2d07a.png"}, "point": 7896}, {"user": {"uid": 599, "userid": 482, "name": "dood51", "avatar": "https://cdn.discordapp.com/avatars/1215977765778489364/e2e4afccd7e82bb48dc1b4e183cb9feb.png"}, "point": 7410}, {"user": {"uid": 49, "userid": 155, "name": "\ud835\udd43\ud835\udd56\ud835\udd5d\ud835\udd56", "avatar": "https://cdn.discordapp.com/avatars/757581408763117579/7fa86769562bcd479575f7ce3ad6003e.png"}, "point": 7004}, {"user": {"uid": 583, "userid": 468, "name": "Karl Vesterskov", "avatar": "https://cdn.discordapp.com/avatars/573541932194594827/b243f3011ce88a7f878ff4fe5001f005.png"}, "point": 6822}, {"user": {"uid": 597, "userid": 481, "name": "Matheus", "avatar": "https://cdn.discordapp.com/avatars/856644813737820202/8d15bcb983457db26a02d8e47d9f9b6f.png"}, "point": 6596}, {"user": {"uid": 203, "userid": 194, "name": "Sajen", "avatar": "https://cdn.discordapp.com/avatars/461624630143352832/a_c84fcd98ea86e5f707a383530a5bb0ef.gif"}, "point": 6376}, {"user": {"uid": 4, "userid": 7, "name": "Sang0kas", "avatar": "https://cdn.discordapp.com/avatars/327061419818352641/f17a95aa48e93697f0853d91d0dd2a5f.png"}, "point": 6370}, {"user": {"uid": 624, "userid": 501, "name": "NBAAREN", "avatar": "https://static.truckersmp.com/avatarsN/defaultavatar.png"}, "point": 6340}, {"user": {"uid": 617, "userid": 494, "name": "wivson", "avatar": "https://cdn.discordapp.com/avatars/952247435185496164/fbd4b45d1f0c777e36db54cf256dafba.png"}, "point": 6144}, {"user": {"uid": 607, "userid": 488, "name": "Alfie W.", "avatar": "https://cdn.discordapp.com/avatars/1211337860096196668/96a6540f5ca78a23060f5410480dd709.png"}, "point": 5902}, {"user": {"uid": 582, "userid": 470, "name": "BelievedMoney87", "avatar": "https://cdn.discordapp.com/avatars/709197432940003389/a0997e5f44e61d454aa00b808b09299c.png"}, "point": 5822}, {"user": {"uid": 561, "userid": 453, "name": "phevos", "avatar": "https://cdn.discordapp.com/avatars/622325492716011561/7de674db261521ac520b656f5089d908.png"}, "point": 5654}, {"user": {"uid": 504, "userid": 411, "name": "ArgotheWolf", "avatar": "https://static.truckersmp.com/avatarsN/1940165.1712798979.png"}, "point": 5398}, {"user": {"uid": 501, "userid": 408, "name": "StrongHunter", "avatar": "https://static.truckersmp.com/avatarsN/5291373.1701634237.jpg"}, "point": 5310}, {"user": {"uid": 428, "userid": 355, "name": "Mesterlol", "avatar": "https://cdn.discordapp.com/avatars/670641506033467409/a_2f14343df687335c63f7e07780fcddaf.gif"}, "point": 4866}, {"user": {"uid": 240, "userid": 324, "name": "El cigala", "avatar": "https://cdn.discordapp.com/avatars/303581906015092739/832ad8f1b8494b72b34f5c2f1bf642ce.png"}, "point": 4770}, {"user": {"uid": 549, "userid": 446, "name": "Almog", "avatar": "https://cdn.discordapp.com/avatars/579308291402891265/a_38fa85d1706d1c39aaa44d5c2af0a862.gif"}, "point": 4650}, {"user": {"uid": 605, "userid": 486, "name": "davids", "avatar": "https://cdn.discordapp.com/avatars/905186515653648404/7546b53c6b2cb7527aa1f23c1149dff6.png"}, "point": 4434}, {"user": {"uid": 50, "userid": 156, "name": "Marshallvet", "avatar": "https://cdn.discordapp.com/avatars/365295813187862568/2dc1aabcc7382486a66d1dc8f514dd2e.png"}, "point": 4344}, {"user": {"uid": 260, "userid": 221, "name": "NotPika", "avatar": "https://cdn.discordapp.com/avatars/1067827165556650024/47c9f5f730ebb99916f6373cf7ec75ef.png"}, "point": 4194}, {"user": {"uid": 625, "userid": 502, "name": "! Kermit", "avatar": "https://cdn.discordapp.com/avatars/933759740977225799/5e8244727f7554349e400b0c460ae319.png"}, "point": 4118}, {"user": {"uid": 379, "userid": 318, "name": "anton", "avatar": "https://cdn.discordapp.com/avatars/316993386320101396/f3b8f04566e732e290072e00b7062636.png"}, "point": 4048}, {"user": {"uid": 539, "userid": 436, "name": "Pyrozen", "avatar": "https://cdn.discordapp.com/avatars/161364596987265024/a_5fb233aca7be875c38d65789539f1b87.gif"}, "point": 3608}, {"user": {"uid": 574, "userid": 462, "name": "\ua7a8\u0243\u0393-\ua7a6\u039e\u16d7\ua7a8", "avatar": "https://cdn.discordapp.com/avatars/986563915544682527/8683b5e187d891d1b92221acd9cca6fa.png"}, "point": 3574}, {"user": {"uid": 542, "userid": 439, "name": "crazymarshmello", "avatar": "https://cdn.discordapp.com/avatars/334756264225800195/8152ee86743ced25471a12731df057f9.png"}, "point": 3528}, {"user": {"uid": 550, "userid": 447, "name": "Jayftd", "avatar": "https://cdn.discordapp.com/avatars/1192649532090109952/3054905a0cea1c6fa90b1009fecd72d7.png"}, "point": 3286}, {"user": {"uid": 621, "userid": 499, "name": "apw", "avatar": "https://cdn.discordapp.com/avatars/721204983646912513/04f78bbe5f7084650bd2845c38210d13.png"}, "point": 3282}, {"user": {"uid": 231, "userid": 208, "name": "flo555", "avatar": "https://cdn.discordapp.com/avatars/736237365235941466/40914e01983cef1afed53aaa4a530b49.png"}, "point": 3226}, {"user": {"uid": 385, "userid": 325, "name": "ladbur2000xx", "avatar": "https://cdn.discordapp.com/avatars/971245090267881474/b9b9c6d735bc88afabe74203e5481492.png"}, "point": 3174}, {"user": {"uid": 476, "userid": 389, "name": "MaD_mAn", "avatar": "https://cdn.discordapp.com/avatars/533653882094616586/a_8531dafbb50f6022a788fa07891b84c4.gif"}, "point": 2872}, {"user": {"uid": 569, "userid": 459, "name": "Mark Williams16", "avatar": ""}, "point": 2562}, {"user": {"uid": 637, "userid": 514, "name": "superprogamer147", "avatar": "https://cdn.discordapp.com/avatars/541531402731126806/e3c7841e49b35b7b6025cef486b99ef6.png"}, "point": 2260}, {"user": {"uid": 408, "userid": 341, "name": "mcomplex", "avatar": "https://cdn.discordapp.com/avatars/437616213145812992/9fb536e5f0080630e86228776cb7f85d.png"}, "point": 1984}, {"user": {"uid": 483, "userid": 394, "name": "Xikxzy", "avatar": "https://cdn.discordapp.com/avatars/960949402191683595/1270700e622dfb0e702498378ecf1317.png"}, "point": 1919}, {"user": {"uid": 438, "userid": 363, "name": "\u0280\u1d00s\u1d0f\u1d21\u028f \u1d0b\u1d0f\u029f\u1d07\u0262\u1d00", "avatar": "https://cdn.discordapp.com/avatars/1164444779623489562/a_b22800fa646f69b7baf097af65a2db9a.gif"}, "point": 1794}, {"user": {"uid": 620, "userid": 498, "name": "Antoine", "avatar": "https://cdn.discordapp.com/avatars/1204501042063081514/79ee349b6511e2000af8a32fb8a6974e.png"}, "point": 1608}, {"user": {"uid": 71, "userid": 180, "name": "Cooper", "avatar": "https://cdn.discordapp.com/avatars/975708541836984370/4ed8118ac94af87cdd6c5ad799e1d79e.png"}, "point": 1500}, {"user": {"uid": 546, "userid": 443, "name": "Shuuu", "avatar": ""}, "point": 1276}, {"user": {"uid": 592, "userid": 477, "name": "Demiurge", "avatar": "https://cdn.discordapp.com/avatars/793155312005546004/09da0a385522c8736aedcdc2cb118d4c.png"}, "point": 1118}, {"user": {"uid": 545, "userid": 442, "name": "sound", "avatar": "https://cdn.discordapp.com/avatars/750842468240457879/e86780b092a5fcff5398919bb385c074.png"}, "point": 1064}, {"user": {"uid": 640, "userid": 515, "name": "Raresix", "avatar": "https://cdn.discordapp.com/avatars/275267995159494657/eb10633a5e41fbede4d68e8fa0cf482d.png"}, "point": 1026}, {"user": {"uid": 628, "userid": 505, "name": "DaJEE", "avatar": "https://static.truckersmp.com/avatarsN/3555176.1623776794.jpg"}, "point": 902}, {"user": {"uid": 463, "userid": 380, "name": "nightwolf64", "avatar": "https://cdn.discordapp.com/avatars/869142578514259979/45017b37b3e500d5861ec6491b471cf3.png"}, "point": 22}, {"user": {"uid": 643, "userid": 518, "name": "modunga fodunga", "avatar": "https://cdn.discordapp.com/avatars/975800453986136114/4b29d690fbcaea1ab4410acbcc0ba316.png"}, "point": 6}, {"user": {"uid": 424, "userid": 351, "name": "\u0f3a\u10e6 Chloe-Rose \u10e6\u0f3b", "avatar": "https://cdn.discordapp.com/avatars/222093180248653825/6bcdb53ab795ecc1dcce216045e8b3ac.png"}, "point": 0}, {"user": {"uid": 524, "userid": 429, "name": "Random homeless guy", "avatar": "https://cdn.discordapp.com/avatars/1094680917890580570/c898280079ab4c93a0e9bea98b2ecfb6.png"}, "point": 0}, {"user": {"uid": 585, "userid": 469, "name": "Yannis", "avatar": "https://cdn.discordapp.com/avatars/958692090550845520/df39a249414d1cf57d44a196b8dc2b91.png"}, "point": 0}], "fma": [{"user": {"uid": 551, "userid": 448, "name": "Capt_Tom", "avatar": "https://cdn.discordapp.com/avatars/1189926623739400235/76a1784b7640fe89bfca945587db07e3.png"}, "point": 124630}, {"user": {"uid": 25, "userid": 96, "name": "[G-T-R]GrayWolf", "avatar": "https://cdn.discordapp.com/avatars/463049453067173888/93e0f855de1c1bcdf6924d45b1789338.png"}, "point": 110944}, {"user": {"uid": 636, "userid": 513, "name": "MementoMori [ LT ]", "avatar": "https://static.truckersmp.com/avatarsN/3834590.1713037068.png"}, "point": 100636}, {"user": {"uid": 427, "userid": 353, "name": "Versthappening", "avatar": "https://cdn.discordapp.com/avatars/851032564801077258/b6762130b06d88078b10d519887e731b.png"}, "point": 100351}, {"user": {"uid": 596, "userid": 480, "name": "proximirones", "avatar": "https://cdn.discordapp.com/avatars/830886800398221393/0a65872022ee1b3452cc03b312d8a67c.png"}, "point": 99298}, {"user": {"uid": 212, "userid": 201, "name": "nasht7", "avatar": "https://cdn.discordapp.com/avatars/478817763172024322/a947cf0bc4d7f21695c683d13a485521.png"}, "point": 85330}, {"user": {"uid": 578, "userid": 465, "name": "indowes", "avatar": "https://cdn.discordapp.com/avatars/556782581626961920/4f21483bc72236511d1bd929721efbdc.png"}, "point": 80039}, {"user": {"uid": 608, "userid": 489, "name": "Dylan aka Scott", "avatar": "https://cdn.discordapp.com/avatars/287978186732732416/269da0519b0fb3b455df1752ceec3171.png"}, "point": 74368}, {"user": {"uid": 595, "userid": 479, "name": "Championrub", "avatar": "https://cdn.discordapp.com/avatars/811982277474123786/57632d6c13f4de8235b03acd0aba016e.png"}, "point": 73687}, {"user": {"uid": 516, "userid": 417, "name": "Ravsh1k", "avatar": "https://cdn.discordapp.com/avatars/901846074740858890/775a54f0f101fa2eb9b9fb54ad87ce55.png"}, "point": 66558}, {"user": {"uid": 609, "userid": 490, "name": "ralkinvx", "avatar": "https://cdn.discordapp.com/avatars/626276063609225221/cdf27d657698337dc22e9a4ba4736900.png"}, "point": 58520}, {"user": {"uid": 634, "userid": 511, "name": "Ern", "avatar": "https://cdn.discordapp.com/avatars/238745312296960011/d189f4a3dc567d70350715ae35634bec.png"}, "point": 50512}, {"user": {"uid": 480, "userid": 395, "name": "Sh0tBlow", "avatar": "https://cdn.discordapp.com/avatars/462991116279611392/87bf1e3b76d220025f3fb4b0029427f8.png"}, "point": 40729}, {"user": {"uid": 396, "userid": 331, "name": "Lucas", "avatar": "https://cdn.discordapp.com/avatars/1004644388888117258/40f0905fcd22843d4e831fa18fc7576d.png"}, "point": 40428}, {"user": {"uid": 618, "userid": 496, "name": "Lorenzo (lftt205)", "avatar": "https://cdn.discordapp.com/avatars/254870559257657344/e6795e10c6356b41ae0dde62b8555d22.png"}, "point": 35652}, {"user": {"uid": 579, "userid": 466, "name": "pieter.64", "avatar": "https://cdn.discordapp.com/avatars/324877891852828683/00632119b31752fcb8171bbb4279d1f8.png"}, "point": 35530}, {"user": {"uid": 610, "userid": 491, "name": "zaytoven", "avatar": "https://cdn.discordapp.com/avatars/386555958685335563/fbeb103a96e2b3811c54d70f59a6ea9d.png"}, "point": 34164}, {"user": {"uid": 603, "userid": 484, "name": "VJvijey", "avatar": "https://cdn.discordapp.com/avatars/501001074782502912/25abb23bf0c24c97bf14a72fc880b1da.png"}, "point": 32932}, {"user": {"uid": 458, "userid": 377, "name": "LordCancer420", "avatar": "https://cdn.discordapp.com/avatars/412529924805492756/38365841d4eaa1db7d73bc11bc478124.png"}, "point": 32709}, {"user": {"uid": 312, "userid": 263, "name": "Enrikas15", "avatar": "https://cdn.discordapp.com/avatars/924617012926365736/48f337c0b8d40a3b4b5d412c0dcffe9b.png"}, "point": 30768}, {"user": {"uid": 391, "userid": 329, "name": "\u0414\u0436\u0435\u0441\u043f\u0435\u0440", "avatar": "https://cdn.discordapp.com/avatars/632239961994821680/d4a0d65db94bed39bb7ee26b80fc9ddd.png"}, "point": 27834}, {"user": {"uid": 402, "userid": 337, "name": "viriusek", "avatar": "https://cdn.discordapp.com/avatars/814466964918370305/4491219e03ffb01a401aa3b5d09ad470.png"}, "point": 25877}, {"user": {"uid": 576, "userid": 463, "name": "p4v3l", "avatar": "https://cdn.discordapp.com/avatars/718093939768557582/cff5e98b999b78aa9e90528895e622dc.png"}, "point": 24836}, {"user": {"uid": 622, "userid": 500, "name": "Liang", "avatar": "https://cdn.discordapp.com/avatars/1152484045549211749/3487bb42c54b1cae8115bbba55ab7617.png"}, "point": 24692}, {"user": {"uid": 435, "userid": 361, "name": "Wambui", "avatar": "https://cdn.discordapp.com/avatars/922564674866774107/b11795300e6eff544cdcba9cae8ed136.png"}, "point": 20937}, {"user": {"uid": 68, "userid": 176, "name": "Ammaar", "avatar": "https://cdn.discordapp.com/avatars/611183396210737167/83c6d8f59f35509744d9eb2b420625ee.png"}, "point": 19512}, {"user": {"uid": 593, "userid": 478, "name": "AZV9", "avatar": "https://cdn.discordapp.com/avatars/379023177214590986/5dd1975bdc9d6b3ab0b192d2903aefc4.png"}, "point": 18694}, {"user": {"uid": 630, "userid": 507, "name": "Pingvins_", "avatar": "https://cdn.discordapp.com/avatars/665639547756871680/11b9131c70b40606a84197ce1d9cf7ca.png"}, "point": 17693}, {"user": {"uid": 454, "userid": 375, "name": "\ud83c\udf79Adam\ud83c\udf79", "avatar": "https://cdn.discordapp.com/avatars/1050839535904362506/5a8db3156b6bcb1056659951e1189380.png"}, "point": 17614}, {"user": {"uid": 642, "userid": 516, "name": "Aljaz Miklic", "avatar": "https://cdn.discordapp.com/avatars/771794563680436234/1d775092d4983d2143b8a4f98b6b0979.png"}, "point": 17206}, {"user": {"uid": 631, "userid": 508, "name": "A$h1Ma$h1", "avatar": "https://cdn.discordapp.com/avatars/801452708547657739/bf3266b67299389596b4b5ecd7c627ce.png"}, "point": 17110}, {"user": {"uid": 627, "userid": 503, "name": "Bobgamer235", "avatar": "https://cdn.discordapp.com/avatars/921910347131125762/c1b95dedbf4e3e3960c1c9b5e0afedff.png"}, "point": 16755}, {"user": {"uid": 589, "userid": 474, "name": "jamie o connor", "avatar": "https://cdn.discordapp.com/avatars/1182404565451165726/8e491d058c40545ad2c385c34f22f3f2.png"}, "point": 16392}, {"user": {"uid": 555, "userid": 450, "name": "RansomQ", "avatar": "https://cdn.discordapp.com/avatars/1034928983353069638/f837399f37d29329e765cd8dc59f0f52.png"}, "point": 16246}, {"user": {"uid": 341, "userid": 285, "name": "Bestpadawan", "avatar": "https://cdn.discordapp.com/avatars/116954631346716680/7d9007d6c735cb957ef368c03280281f.png"}, "point": 15264}, {"user": {"uid": 635, "userid": 512, "name": "ruthlessducky", "avatar": "https://cdn.discordapp.com/avatars/586356271343599623/630a34ace8f201030d7d0f1c81cf8257.png"}, "point": 15054}, {"user": {"uid": 586, "userid": 472, "name": "glacier", "avatar": "https://cdn.discordapp.com/avatars/943781141910024193/ba217232bb42c8653d3dd3e9c90dbc21.png"}, "point": 13686}, {"user": {"uid": 615, "userid": 493, "name": "darkallstar", "avatar": "https://cdn.discordapp.com/avatars/332260706403483650/84f2bc9de1dfaec4b2e862b1a80682e9.png"}, "point": 13274}, {"user": {"uid": 633, "userid": 510, "name": "\ud835\udcd8\ud835\udcf6\ud835\udcf9\ud835\udcee\ud835\udcfb\ud835\udcf2\ud835\udcea\ud835\udcf5\ud835\udce3\ud835\udcf1\ud835\udcee\ud835\udcec\ud835\udcea", "avatar": "https://cdn.discordapp.com/avatars/1014563270969008269/c43edc4e857cd33bff1eeb4ecfe6956a.png"}, "point": 12556}, {"user": {"uid": 604, "userid": 485, "name": "JULY 50", "avatar": "https://cdn.discordapp.com/avatars/744250253192200253/4666b6bb62f4822c80c74bda55dc913a.png"}, "point": 12310}, {"user": {"uid": 629, "userid": 506, "name": "Bin_Tyler", "avatar": "https://cdn.discordapp.com/avatars/778660332570804325/c854253e1f12ab7a70384535a84fae7d.png"}, "point": 11581}, {"user": {"uid": 619, "userid": 497, "name": "DonkeyBoss7688", "avatar": "https://cdn.discordapp.com/avatars/700804702748672110/2601bee8eb4ae6bf017bf9c8e88021d9.png"}, "point": 11568}, {"user": {"uid": 456, "userid": 374, "name": "Jaroslavan1", "avatar": "https://static.truckersmp.com/avatarsN/defaultavatar.png"}, "point": 10412}, {"user": {"uid": 626, "userid": 504, "name": "Trav.", "avatar": "https://cdn.discordapp.com/avatars/860279987058901043/13d8aaf9fb377ad8eb70b7ac9e4b380f.png"}, "point": 9312}, {"user": {"uid": 599, "userid": 482, "name": "dood51", "avatar": "https://cdn.discordapp.com/avatars/1215977765778489364/e2e4afccd7e82bb48dc1b4e183cb9feb.png"}, "point": 9022}, {"user": {"uid": 203, "userid": 194, "name": "Sajen", "avatar": "https://cdn.discordapp.com/avatars/461624630143352832/a_c84fcd98ea86e5f707a383530a5bb0ef.gif"}, "point": 8006}, {"user": {"uid": 644, "userid": 519, "name": "Rumcajs", "avatar": "https://cdn.discordapp.com/avatars/236603258314031104/d2dda1e0af37139c5fe5d71603c2d07a.png"}, "point": 7896}, {"user": {"uid": 597, "userid": 481, "name": "Matheus", "avatar": "https://cdn.discordapp.com/avatars/856644813737820202/8d15bcb983457db26a02d8e47d9f9b6f.png"}, "point": 7498}, {"user": {"uid": 624, "userid": 501, "name": "NBAAREN", "avatar": "https://static.truckersmp.com/avatarsN/defaultavatar.png"}, "point": 7140}, {"user": {"uid": 49, "userid": 155, "name": "\ud835\udd43\ud835\udd56\ud835\udd5d\ud835\udd56", "avatar": "https://cdn.discordapp.com/avatars/757581408763117579/7fa86769562bcd479575f7ce3ad6003e.png"}, "point": 7004}, {"user": {"uid": 583, "userid": 468, "name": "Karl Vesterskov", "avatar": "https://cdn.discordapp.com/avatars/573541932194594827/b243f3011ce88a7f878ff4fe5001f005.png"}, "point": 6920}, {"user": {"uid": 4, "userid": 7, "name": "Sang0kas", "avatar": "https://cdn.discordapp.com/avatars/327061419818352641/f17a95aa48e93697f0853d91d0dd2a5f.png"}, "point": 6392}, {"user": {"uid": 504, "userid": 411, "name": "ArgotheWolf", "avatar": "https://static.truckersmp.com/avatarsN/1940165.1712798979.png"}, "point": 6294}, {"user": {"uid": 617, "userid": 494, "name": "wivson", "avatar": "https://cdn.discordapp.com/avatars/952247435185496164/fbd4b45d1f0c777e36db54cf256dafba.png"}, "point": 6144}, {"user": {"uid": 607, "userid": 488, "name": "Alfie W.", "avatar": "https://cdn.discordapp.com/avatars/1211337860096196668/96a6540f5ca78a23060f5410480dd709.png"}, "point": 5902}, {"user": {"uid": 582, "userid": 470, "name": "BelievedMoney87", "avatar": "https://cdn.discordapp.com/avatars/709197432940003389/a0997e5f44e61d454aa00b808b09299c.png"}, "point": 5836}, {"user": {"uid": 625, "userid": 502, "name": "! Kermit", "avatar": "https://cdn.discordapp.com/avatars/933759740977225799/5e8244727f7554349e400b0c460ae319.png"}, "point": 5816}, {"user": {"uid": 501, "userid": 408, "name": "StrongHunter", "avatar": "https://static.truckersmp.com/avatarsN/5291373.1701634237.jpg"}, "point": 5710}, {"user": {"uid": 561, "userid": 453, "name": "phevos", "avatar": "https://cdn.discordapp.com/avatars/622325492716011561/7de674db261521ac520b656f5089d908.png"}, "point": 5654}, {"user": {"uid": 574, "userid": 462, "name": "\ua7a8\u0243\u0393-\ua7a6\u039e\u16d7\ua7a8", "avatar": "https://cdn.discordapp.com/avatars/986563915544682527/8683b5e187d891d1b92221acd9cca6fa.png"}, "point": 5182}, {"user": {"uid": 260, "userid": 221, "name": "NotPika", "avatar": "https://cdn.discordapp.com/avatars/1067827165556650024/47c9f5f730ebb99916f6373cf7ec75ef.png"}, "point": 5144}, {"user": {"uid": 542, "userid": 439, "name": "crazymarshmello", "avatar": "https://cdn.discordapp.com/avatars/334756264225800195/8152ee86743ced25471a12731df057f9.png"}, "point": 5142}, {"user": {"uid": 428, "userid": 355, "name": "Mesterlol", "avatar": "https://cdn.discordapp.com/avatars/670641506033467409/a_2f14343df687335c63f7e07780fcddaf.gif"}, "point": 4926}, {"user": {"uid": 240, "userid": 324, "name": "El cigala", "avatar": "https://cdn.discordapp.com/avatars/303581906015092739/832ad8f1b8494b72b34f5c2f1bf642ce.png"}, "point": 4770}, {"user": {"uid": 549, "userid": 446, "name": "Almog", "avatar": "https://cdn.discordapp.com/avatars/579308291402891265/a_38fa85d1706d1c39aaa44d5c2af0a862.gif"}, "point": 4650}, {"user": {"uid": 605, "userid": 486, "name": "davids", "avatar": "https://cdn.discordapp.com/avatars/905186515653648404/7546b53c6b2cb7527aa1f23c1149dff6.png"}, "point": 4434}, {"user": {"uid": 50, "userid": 156, "name": "Marshallvet", "avatar": "https://cdn.discordapp.com/avatars/365295813187862568/2dc1aabcc7382486a66d1dc8f514dd2e.png"}, "point": 4344}, {"user": {"uid": 379, "userid": 318, "name": "anton", "avatar": "https://cdn.discordapp.com/avatars/316993386320101396/f3b8f04566e732e290072e00b7062636.png"}, "point": 4068}, {"user": {"uid": 539, "userid": 436, "name": "Pyrozen", "avatar": "https://cdn.discordapp.com/avatars/161364596987265024/a_5fb233aca7be875c38d65789539f1b87.gif"}, "point": 3684}, {"user": {"uid": 550, "userid": 447, "name": "Jayftd", "avatar": "https://cdn.discordapp.com/avatars/1192649532090109952/3054905a0cea1c6fa90b1009fecd72d7.png"}, "point": 3286}, {"user": {"uid": 621, "userid": 499, "name": "apw", "avatar": "https://cdn.discordapp.com/avatars/721204983646912513/04f78bbe5f7084650bd2845c38210d13.png"}, "point": 3282}, {"user": {"uid": 231, "userid": 208, "name": "flo555", "avatar": "https://cdn.discordapp.com/avatars/736237365235941466/40914e01983cef1afed53aaa4a530b49.png"}, "point": 3226}, {"user": {"uid": 385, "userid": 325, "name": "ladbur2000xx", "avatar": "https://cdn.discordapp.com/avatars/971245090267881474/b9b9c6d735bc88afabe74203e5481492.png"}, "point": 3192}, {"user": {"uid": 476, "userid": 389, "name": "MaD_mAn", "avatar": "https://cdn.discordapp.com/avatars/533653882094616586/a_8531dafbb50f6022a788fa07891b84c4.gif"}, "point": 2902}, {"user": {"uid": 569, "userid": 459, "name": "Mark Williams16", "avatar": ""}, "point": 2590}, {"user": {"uid": 637, "userid": 514, "name": "superprogamer147", "avatar": "https://cdn.discordapp.com/avatars/541531402731126806/e3c7841e49b35b7b6025cef486b99ef6.png"}, "point": 2260}, {"user": {"uid": 408, "userid": 341, "name": "mcomplex", "avatar": "https://cdn.discordapp.com/avatars/437616213145812992/9fb536e5f0080630e86228776cb7f85d.png"}, "point": 1988}, {"user": {"uid": 592, "userid": 477, "name": "Demiurge", "avatar": "https://cdn.discordapp.com/avatars/793155312005546004/09da0a385522c8736aedcdc2cb118d4c.png"}, "point": 1926}, {"user": {"uid": 483, "userid": 394, "name": "Xikxzy", "avatar": "https://cdn.discordapp.com/avatars/960949402191683595/1270700e622dfb0e702498378ecf1317.png"}, "point": 1921}, {"user": {"uid": 438, "userid": 363, "name": "\u0280\u1d00s\u1d0f\u1d21\u028f \u1d0b\u1d0f\u029f\u1d07\u0262\u1d00", "avatar": "https://cdn.discordapp.com/avatars/1164444779623489562/a_b22800fa646f69b7baf097af65a2db9a.gif"}, "point": 1794}, {"user": {"uid": 620, "userid": 498, "name": "Antoine", "avatar": "https://cdn.discordapp.com/avatars/1204501042063081514/79ee349b6511e2000af8a32fb8a6974e.png"}, "point": 1608}, {"user": {"uid": 71, "userid": 180, "name": "Cooper", "avatar": "https://cdn.discordapp.com/avatars/975708541836984370/4ed8118ac94af87cdd6c5ad799e1d79e.png"}, "point": 1500}, {"user": {"uid": 546, "userid": 443, "name": "Shuuu", "avatar": ""}, "point": 1276}, {"user": {"uid": 545, "userid": 442, "name": "sound", "avatar": "https://cdn.discordapp.com/avatars/750842468240457879/e86780b092a5fcff5398919bb385c074.png"}, "point": 1064}, {"user": {"uid": 640, "userid": 515, "name": "Raresix", "avatar": "https://cdn.discordapp.com/avatars/275267995159494657/eb10633a5e41fbede4d68e8fa0cf482d.png"}, "point": 1026}, {"user": {"uid": 628, "userid": 505, "name": "DaJEE", "avatar": "https://static.truckersmp.com/avatarsN/3555176.1623776794.jpg"}, "point": 902}, {"user": {"uid": 424, "userid": 351, "name": "\u0f3a\u10e6 Chloe-Rose \u10e6\u0f3b", "avatar": "https://cdn.discordapp.com/avatars/222093180248653825/6bcdb53ab795ecc1dcce216045e8b3ac.png"}, "point": 834}, {"user": {"uid": 366, "userid": 306, "name": "Uncle Pepsi", "avatar": "https://cdn.discordapp.com/avatars/731413844953399347/35af463ccf73b5ce230df852023ed837.png"}, "point": 818}, {"user": {"uid": 565, "userid": 455, "name": "ENERGY Frxzy", "avatar": "https://cdn.discordapp.com/avatars/547885211808038916/c643593b786ac8eca051bf1b3c208167.png"}, "point": 54}, {"user": {"uid": 463, "userid": 380, "name": "nightwolf64", "avatar": "https://cdn.discordapp.com/avatars/869142578514259979/45017b37b3e500d5861ec6491b471cf3.png"}, "point": 22}, {"user": {"uid": 643, "userid": 518, "name": "modunga fodunga", "avatar": "https://cdn.discordapp.com/avatars/975800453986136114/4b29d690fbcaea1ab4410acbcc0ba316.png"}, "point": 6}, {"user": {"uid": 585, "userid": 469, "name": "Yannis", "avatar": "https://cdn.discordapp.com/avatars/958692090550845520/df39a249414d1cf57d44a196b8dc2b91.png"}, "point": 4}, {"user": {"uid": 524, "userid": 429, "name": "Random homeless guy", "avatar": "https://cdn.discordapp.com/avatars/1094680917890580570/c898280079ab4c93a0e9bea98b2ecfb6.png"}, "point": 0}]}