{"fmd": [{"user": {"uid": 5, "userid": 2, "name": "[M.P.L] Wardenbosss", "avatar": "https://cdn.discordapp.com/avatars/520704393218097162/aaa950a0dd545951416ceadb301b5f8c.png"}, "point": 82995}, {"user": {"uid": 7, "userid": 5, "name": "brunexu90", "avatar": "https://cdn.discordapp.com/avatars/866673390198194186/adfd3867b8a9d576b1656a07598d513d.png"}, "point": 34906}, {"user": {"uid": 1, "userid": 1, "name": "Camilol977\u2663", "avatar": "https://cdn.discordapp.com/avatars/245031309745848321/ae0f1b07f557e3f1901851e78a071537.png"}, "point": 29792}, {"user": {"uid": 4, "userid": 3, "name": "The F\u00fchrer", "avatar": "https://cdn.discordapp.com/avatars/995860343492452462/1ebef82b9149a352f7b02d91062095a1.png"}, "point": 14954}], "fma": [{"user": {"uid": 1, "userid": 1, "name": "Camilol977\u2663", "avatar": "https://cdn.discordapp.com/avatars/245031309745848321/ae0f1b07f557e3f1901851e78a071537.png"}, "point": 1110304}, {"user": {"uid": 5, "userid": 2, "name": "[M.P.L] Wardenbosss", "avatar": "https://cdn.discordapp.com/avatars/520704393218097162/aaa950a0dd545951416ceadb301b5f8c.png"}, "point": 585444}, {"user": {"uid": 7, "userid": 5, "name": "brunexu90", "avatar": "https://cdn.discordapp.com/avatars/866673390198194186/adfd3867b8a9d576b1656a07598d513d.png"}, "point": 542510}, {"user": {"uid": 4, "userid": 3, "name": "The F\u00fchrer", "avatar": "https://cdn.discordapp.com/avatars/995860343492452462/1ebef82b9149a352f7b02d91062095a1.png"}, "point": 211644}]}