{"fmd": [{"user": {"uid": 118, "userid": 96, "name": "(DR) ST1G", "avatar": "https://cdn.discordapp.com/avatars/515890400494616608/f4bac7aef316082f7bad4fcbb6b39570.png"}, "point": 105472}, {"user": {"uid": 175, "userid": 148, "name": "(MDT) Prestimoin", "avatar": "https://cdn.discordapp.com/avatars/635946792143421472/3d42f6ebd096c1bb1a69d2314f316763.png"}, "point": 92880}, {"user": {"uid": 55, "userid": 44, "name": "(DR)  Dougie", "avatar": "https://cdn.discordapp.com/avatars/297388374409347072/4d61d8619083a93069be006fc82fdeb8.png"}, "point": 90724}, {"user": {"uid": 28, "userid": 23, "name": "(CEO) Pete (DND)", "avatar": "https://cdn.discordapp.com/avatars/316660255872516106/8a2dca3b679afae90df18edc44b1584c.png"}, "point": 86316}, {"user": {"uid": 1, "userid": 0, "name": "(Owner) Essex", "avatar": "https://cdn.discordapp.com/avatars/986728515892285461/a_c4301bd78f1d1d60c25f66672af89a9a.gif"}, "point": 73032}, {"user": {"uid": 161, "userid": 134, "name": "(DR) colvie", "avatar": "https://cdn.discordapp.com/avatars/401489800013676545/86bff531bf2c8b036c06a8de1e90b364.png"}, "point": 71962}, {"user": {"uid": 178, "userid": 150, "name": "(DR) ferroequinology", "avatar": "https://cdn.discordapp.com/avatars/791319343233368074/36a840b8aafa5e7f6cae3e0569604aaf.png"}, "point": 65017}, {"user": {"uid": 183, "userid": 155, "name": "(DRT) Stuart Green", "avatar": "https://cdn.discordapp.com/avatars/561116804685234196/ebd7eac27d7b1caa7af6683903e1ca07.png"}, "point": 63542}, {"user": {"uid": 157, "userid": 130, "name": "(DR) Sparky92", "avatar": "https://cdn.discordapp.com/avatars/473576104112947200/6cbb0a2f6d2be214938b423e02ea7c71.png"}, "point": 58822}, {"user": {"uid": 176, "userid": 149, "name": "(DRT) Copey7503", "avatar": "https://cdn.discordapp.com/avatars/424390191256567808/14d5d86cdb30dc4c281a7040d80f6337.png"}, "point": 53996}, {"user": {"uid": 192, "userid": 163, "name": "(DRT) Diican", "avatar": ""}, "point": 53674}, {"user": {"uid": 6, "userid": 3, "name": "(Co Owner) Angry Raptor", "avatar": "https://cdn.discordapp.com/avatars/474484979548815360/6347a182410a674dfb6f831275c1b803.png"}, "point": 50832}, {"user": {"uid": 162, "userid": 135, "name": "(DR) KyleJD", "avatar": "https://cdn.discordapp.com/avatars/409483259471462401/7eb13975afe47d1771b417a7419cccee.png"}, "point": 36784}, {"user": {"uid": 172, "userid": 145, "name": "(DR) JortGlobe", "avatar": "https://cdn.discordapp.com/avatars/821749276706734110/7962c232c2fcc443a70792b6c9d5979b.png"}, "point": 34216}, {"user": {"uid": 181, "userid": 153, "name": "(DRT) Valis__", "avatar": "https://cdn.discordapp.com/avatars/234744539003355146/4da0e3c52afa03968509d0d17c8dde46.png"}, "point": 33970}, {"user": {"uid": 184, "userid": 156, "name": "(DRT)Jonnymoorhouse", "avatar": "https://cdn.discordapp.com/avatars/451628803488350228/62c196d8ace48e3ca873c3cd53c0f331.png"}, "point": 32412}, {"user": {"uid": 166, "userid": 139, "name": "(DR) Cloven", "avatar": "https://cdn.discordapp.com/avatars/897392805104734239/8fde5905c683ee11047bee0e47fa8db8.png"}, "point": 26130}, {"user": {"uid": 182, "userid": 154, "name": "(DRT) Jxm7e", "avatar": "https://cdn.discordapp.com/avatars/925135882565070850/5ef8f37aea1309f52a104fbdc7494f34.png"}, "point": 21232}, {"user": {"uid": 191, "userid": 162, "name": "(DRT) 007Lukey", "avatar": "https://cdn.discordapp.com/avatars/1134193277105619004/2144f5bdf982ff3bd540e294401d2af1.png"}, "point": 20753}, {"user": {"uid": 180, "userid": 152, "name": "(DRT) Fredm240i (TeslaTrucker08)", "avatar": "https://cdn.discordapp.com/avatars/862380226965143572/310ea0bf4a810f46994ad13a581aa357.png"}, "point": 20588}, {"user": {"uid": 187, "userid": 159, "name": "(DRT) Dingo Meat (Vytezx)", "avatar": "https://cdn.discordapp.com/avatars/679412978788990976/21e61a927957081cc4c7f8cf5eb3df55.png"}, "point": 18351}, {"user": {"uid": 173, "userid": 146, "name": "(DR) Liam", "avatar": "https://cdn.discordapp.com/avatars/851490830840889354/5573f1564aacc140704ae8b24f22b114.png"}, "point": 18096}, {"user": {"uid": 170, "userid": 143, "name": "(DR) Achay", "avatar": "https://cdn.discordapp.com/avatars/677239494310887435/c44c872a0347d956f56e2d5f575b79b9.png"}, "point": 17684}, {"user": {"uid": 79, "userid": 65, "name": "(DR) Pranto Sarker", "avatar": "https://cdn.discordapp.com/avatars/308254991385231371/aab66cdf57aa340b8439bdcdf609d5fd.png"}, "point": 15074}, {"user": {"uid": 137, "userid": 111, "name": "[LOA] (DR) The Fallen", "avatar": "https://cdn.discordapp.com/avatars/365176026872938506/e3a0fb6fc3e046f79a25a0bee6311616.png"}, "point": 14286}, {"user": {"uid": 13, "userid": 9, "name": "(Co Owner) BRDYVPR", "avatar": "https://cdn.discordapp.com/avatars/760196239022489633/e52474f8d25af8ac2dbffaddb6943c37.png"}, "point": 13245}, {"user": {"uid": 158, "userid": 131, "name": "(HRT) Infantry4life", "avatar": "https://cdn.discordapp.com/avatars/313867376707895298/eaeca34699613c2d815224f6096fa34a.png"}, "point": 12086}, {"user": {"uid": 171, "userid": 144, "name": "(DR) P3rran", "avatar": "https://cdn.discordapp.com/avatars/495694046413717524/fac894c68850acc52cd9a5c1e354fa57.png"}, "point": 11494}, {"user": {"uid": 196, "userid": 166, "name": "(DRT) Luke", "avatar": "https://cdn.discordapp.com/avatars/924745071142780948/99bb4917e766bed414a04777f06a682a.png"}, "point": 10637}, {"user": {"uid": 80, "userid": 67, "name": "LOA (CCS | MD)Jordiiee", "avatar": "https://cdn.discordapp.com/avatars/1145831014975950993/041a309be9e8ea34bfeb8416fb771238.png"}, "point": 10538}, {"user": {"uid": 5, "userid": 2, "name": "(owner) Boss \ud835\udcd9\ud835\udcf8\ud835\udcfb\ud835\udced1498", "avatar": "https://cdn.discordapp.com/avatars/613745490646925352/64aef3a50f31a7fbf4deca8ad2915a69.png"}, "point": 10146}, {"user": {"uid": 144, "userid": 118, "name": "(DR) Hosso", "avatar": "https://cdn.discordapp.com/avatars/872618725281505321/47ea03b91cd14d27c548bcb8f1da42b5.png"}, "point": 8568}, {"user": {"uid": 159, "userid": 132, "name": "(DR) JMCGPHOTGRAPHY", "avatar": "https://cdn.discordapp.com/avatars/909849031100989450/175672eb7ba5131485de4f8dc0a52d17.png"}, "point": 7084}, {"user": {"uid": 167, "userid": 140, "name": "(DR) A2KC", "avatar": "https://cdn.discordapp.com/avatars/639473850223951872/0f0335acc6aff2497f76242cbdee5a47.png"}, "point": 6658}, {"user": {"uid": 143, "userid": 117, "name": "(DR) Haz Moss", "avatar": "https://cdn.discordapp.com/avatars/1188074687641702458/ffcc816a9eaeb034211b5b81d60a0fc6.png"}, "point": 6226}, {"user": {"uid": 152, "userid": 125, "name": "(DR) driftakisa vadi kesha", "avatar": "https://cdn.discordapp.com/avatars/1127995075436220517/cebc2b721a8810bb26009529a3bec870.png"}, "point": 5930}, {"user": {"uid": 190, "userid": 161, "name": "(DRT) Yuss._.", "avatar": "https://cdn.discordapp.com/avatars/1173266476707348565/e2e52ae09734bc3eac51d518b0313cb0.png"}, "point": 5810}, {"user": {"uid": 95, "userid": 78, "name": "(DR) JYXH", "avatar": "https://cdn.discordapp.com/avatars/1176564919861260309/6b24021290db5d66363b21aed762aed2.png"}, "point": 5756}, {"user": {"uid": 81, "userid": 68, "name": "LOA (MD/ET) Madtycoon421", "avatar": "https://cdn.discordapp.com/avatars/992047149292470282/d1609eecec6906e44e7f4d666d72248b.png"}, "point": 5722}, {"user": {"uid": 174, "userid": 147, "name": "(DRT) Knakkerxd", "avatar": "https://cdn.discordapp.com/avatars/1063539820116332695/None.png"}, "point": 4138}, {"user": {"uid": 189, "userid": 160, "name": "(DRT) Mehmetcano", "avatar": "https://cdn.discordapp.com/avatars/795014176795787274/6649dc030abbf6f016bb94e163d8e85f.png"}, "point": 4136}, {"user": {"uid": 199, "userid": 169, "name": "(DRT) User5029", "avatar": "https://cdn.discordapp.com/avatars/721416593166303352/afa8c7025775e1fe06693b6d84c2c407.png"}, "point": 3944}, {"user": {"uid": 42, "userid": 35, "name": "(DR) Aggyg", "avatar": "https://cdn.discordapp.com/avatars/1117791762124115968/ef168e1f36b49018b55b049355120a02.png"}, "point": 3552}, {"user": {"uid": 105, "userid": 86, "name": "(DR) Amazingbuik", "avatar": "https://cdn.discordapp.com/avatars/839966237299572756/a100c0d7c960d71c7c93832e14953597.png"}, "point": 2621}, {"user": {"uid": 147, "userid": 121, "name": "(DR) Bait", "avatar": "https://cdn.discordapp.com/avatars/784933468768305152/bd96fdb7307124edc59dac71d429f36d.png"}, "point": 2278}, {"user": {"uid": 142, "userid": 116, "name": "(MD) Leadervaf", "avatar": "https://cdn.discordapp.com/avatars/621386924556550166/dfe8de3b1406b5055afa4e4d72c020a8.png"}, "point": 2032}, {"user": {"uid": 168, "userid": 141, "name": "(DR) Google Chorme", "avatar": "https://cdn.discordapp.com/avatars/764862414494629919/c99ba750aa353484486a5562b7062f05.png"}, "point": 1530}, {"user": {"uid": 179, "userid": 151, "name": "(DRT) Wolvesfires (kaij16)", "avatar": "https://cdn.discordapp.com/avatars/1107257908137312277/05b3933f4bd829fd1ee87e4ba464fcec.png"}, "point": 1378}, {"user": {"uid": 186, "userid": 158, "name": "(DR) Atakusi ( MagyarHeker )", "avatar": "https://cdn.discordapp.com/avatars/1210299728307425291/703291374be4a4ae6fff36a50738f33d.png"}, "point": 730}, {"user": {"uid": 200, "userid": 170, "name": "(DRT) Intercooledrblx (1future)", "avatar": "https://cdn.discordapp.com/avatars/564068770465710080/9a99b36e3746d79c523ae525549aa391.png"}, "point": 368}, {"user": {"uid": 68, "userid": 54, "name": "(DR) Jerry", "avatar": "https://cdn.discordapp.com/avatars/598584819571490866/e03eac23faa569518589c410a03ed3b5.png"}, "point": 294}, {"user": {"uid": 185, "userid": 157, "name": "(DRT) Silent4pvt54", "avatar": "https://cdn.discordapp.com/avatars/915680159699435541/1cbe2294716467d97d7a6bd37dca92f2.png"}, "point": 244}, {"user": {"uid": 197, "userid": 167, "name": "(DRT) Alphawolf1864", "avatar": ""}, "point": 53}, {"user": {"uid": 195, "userid": 165, "name": "(DRT) Bmasterone", "avatar": "https://cdn.discordapp.com/avatars/1100759821843701851/82affac63db8473062d475d8600ea632.png"}, "point": 13}, {"user": {"uid": 84, "userid": 71, "name": "(DR) Ashton", "avatar": "https://cdn.discordapp.com/avatars/1182285011014139904/6defbd6e4ca8032cbaa6dea22d797436.png"}, "point": 0}, {"user": {"uid": 148, "userid": 122, "name": "(DR) DenZo", "avatar": "https://cdn.discordapp.com/avatars/566970132963000320/5726328d7f6569c6fe770efeb59ef791.png"}, "point": 0}, {"user": {"uid": 156, "userid": 129, "name": "(DR) dariuss", "avatar": "https://cdn.discordapp.com/avatars/941518932135776257/e7df09724419873cb015f972ea4a957e.png"}, "point": 0}], "fma": [{"user": {"uid": 1, "userid": 0, "name": "(Owner) Essex", "avatar": "https://cdn.discordapp.com/avatars/986728515892285461/a_c4301bd78f1d1d60c25f66672af89a9a.gif"}, "point": 161066}, {"user": {"uid": 118, "userid": 96, "name": "(DR) ST1G", "avatar": "https://cdn.discordapp.com/avatars/515890400494616608/f4bac7aef316082f7bad4fcbb6b39570.png"}, "point": 160302}, {"user": {"uid": 28, "userid": 23, "name": "(CEO) Pete (DND)", "avatar": "https://cdn.discordapp.com/avatars/316660255872516106/8a2dca3b679afae90df18edc44b1584c.png"}, "point": 160236}, {"user": {"uid": 175, "userid": 148, "name": "(MDT) Prestimoin", "avatar": "https://cdn.discordapp.com/avatars/635946792143421472/3d42f6ebd096c1bb1a69d2314f316763.png"}, "point": 143420}, {"user": {"uid": 6, "userid": 3, "name": "(Co Owner) Angry Raptor", "avatar": "https://cdn.discordapp.com/avatars/474484979548815360/6347a182410a674dfb6f831275c1b803.png"}, "point": 131452}, {"user": {"uid": 161, "userid": 134, "name": "(DR) colvie", "avatar": "https://cdn.discordapp.com/avatars/401489800013676545/86bff531bf2c8b036c06a8de1e90b364.png"}, "point": 124662}, {"user": {"uid": 157, "userid": 130, "name": "(DR) Sparky92", "avatar": "https://cdn.discordapp.com/avatars/473576104112947200/6cbb0a2f6d2be214938b423e02ea7c71.png"}, "point": 112962}, {"user": {"uid": 178, "userid": 150, "name": "(DR) ferroequinology", "avatar": "https://cdn.discordapp.com/avatars/791319343233368074/36a840b8aafa5e7f6cae3e0569604aaf.png"}, "point": 105557}, {"user": {"uid": 55, "userid": 44, "name": "(DR)  Dougie", "avatar": "https://cdn.discordapp.com/avatars/297388374409347072/4d61d8619083a93069be006fc82fdeb8.png"}, "point": 90724}, {"user": {"uid": 183, "userid": 155, "name": "(DRT) Stuart Green", "avatar": "https://cdn.discordapp.com/avatars/561116804685234196/ebd7eac27d7b1caa7af6683903e1ca07.png"}, "point": 68892}, {"user": {"uid": 13, "userid": 9, "name": "(Co Owner) BRDYVPR", "avatar": "https://cdn.discordapp.com/avatars/760196239022489633/e52474f8d25af8ac2dbffaddb6943c37.png"}, "point": 65225}, {"user": {"uid": 162, "userid": 135, "name": "(DR) KyleJD", "avatar": "https://cdn.discordapp.com/avatars/409483259471462401/7eb13975afe47d1771b417a7419cccee.png"}, "point": 62484}, {"user": {"uid": 176, "userid": 149, "name": "(DRT) Copey7503", "avatar": "https://cdn.discordapp.com/avatars/424390191256567808/14d5d86cdb30dc4c281a7040d80f6337.png"}, "point": 54036}, {"user": {"uid": 192, "userid": 163, "name": "(DRT) Diican", "avatar": ""}, "point": 53724}, {"user": {"uid": 166, "userid": 139, "name": "(DR) Cloven", "avatar": "https://cdn.discordapp.com/avatars/897392805104734239/8fde5905c683ee11047bee0e47fa8db8.png"}, "point": 49570}, {"user": {"uid": 170, "userid": 143, "name": "(DR) Achay", "avatar": "https://cdn.discordapp.com/avatars/677239494310887435/c44c872a0347d956f56e2d5f575b79b9.png"}, "point": 47724}, {"user": {"uid": 81, "userid": 68, "name": "LOA (MD/ET) Madtycoon421", "avatar": "https://cdn.discordapp.com/avatars/992047149292470282/d1609eecec6906e44e7f4d666d72248b.png"}, "point": 36202}, {"user": {"uid": 184, "userid": 156, "name": "(DRT)Jonnymoorhouse", "avatar": "https://cdn.discordapp.com/avatars/451628803488350228/62c196d8ace48e3ca873c3cd53c0f331.png"}, "point": 36112}, {"user": {"uid": 181, "userid": 153, "name": "(DRT) Valis__", "avatar": "https://cdn.discordapp.com/avatars/234744539003355146/4da0e3c52afa03968509d0d17c8dde46.png"}, "point": 35670}, {"user": {"uid": 172, "userid": 145, "name": "(DR) JortGlobe", "avatar": "https://cdn.discordapp.com/avatars/821749276706734110/7962c232c2fcc443a70792b6c9d5979b.png"}, "point": 34216}, {"user": {"uid": 156, "userid": 129, "name": "(DR) dariuss", "avatar": "https://cdn.discordapp.com/avatars/941518932135776257/58df44b337962ebca7bddc3de0d4f593.png"}, "point": 30280}, {"user": {"uid": 182, "userid": 154, "name": "(DRT) Jxm7e", "avatar": "https://cdn.discordapp.com/avatars/925135882565070850/5ef8f37aea1309f52a104fbdc7494f34.png"}, "point": 22432}, {"user": {"uid": 187, "userid": 159, "name": "(DRT) Dingo Meat (Vytezx)", "avatar": "https://cdn.discordapp.com/avatars/679412978788990976/21e61a927957081cc4c7f8cf5eb3df55.png"}, "point": 21951}, {"user": {"uid": 191, "userid": 162, "name": "(DRT) 007Lukey", "avatar": "https://cdn.discordapp.com/avatars/1134193277105619004/2144f5bdf982ff3bd540e294401d2af1.png"}, "point": 21153}, {"user": {"uid": 180, "userid": 152, "name": "(DRT) Fredm240i (TeslaTrucker08)", "avatar": "https://cdn.discordapp.com/avatars/862380226965143572/310ea0bf4a810f46994ad13a581aa357.png"}, "point": 20588}, {"user": {"uid": 173, "userid": 146, "name": "(DR) Liam", "avatar": "https://cdn.discordapp.com/avatars/851490830840889354/5573f1564aacc140704ae8b24f22b114.png"}, "point": 18096}, {"user": {"uid": 158, "userid": 131, "name": "(HRT) Infantry4life", "avatar": "https://cdn.discordapp.com/avatars/313867376707895298/eaeca34699613c2d815224f6096fa34a.png"}, "point": 15486}, {"user": {"uid": 79, "userid": 65, "name": "(DR) Pranto Sarker", "avatar": "https://cdn.discordapp.com/avatars/308254991385231371/aab66cdf57aa340b8439bdcdf609d5fd.png"}, "point": 15074}, {"user": {"uid": 137, "userid": 111, "name": "[LOA] (DR) The Fallen", "avatar": "https://cdn.discordapp.com/avatars/365176026872938506/e3a0fb6fc3e046f79a25a0bee6311616.png"}, "point": 14526}, {"user": {"uid": 196, "userid": 166, "name": "(DRT) Luke", "avatar": "https://cdn.discordapp.com/avatars/924745071142780948/99bb4917e766bed414a04777f06a682a.png"}, "point": 12637}, {"user": {"uid": 80, "userid": 67, "name": "LOA (CCS | MD)Jordiiee", "avatar": "https://cdn.discordapp.com/avatars/1145831014975950993/041a309be9e8ea34bfeb8416fb771238.png"}, "point": 12278}, {"user": {"uid": 171, "userid": 144, "name": "(DR) P3rran", "avatar": "https://cdn.discordapp.com/avatars/495694046413717524/fac894c68850acc52cd9a5c1e354fa57.png"}, "point": 11494}, {"user": {"uid": 5, "userid": 2, "name": "(owner) Boss \ud835\udcd9\ud835\udcf8\ud835\udcfb\ud835\udced1498", "avatar": "https://cdn.discordapp.com/avatars/613745490646925352/64aef3a50f31a7fbf4deca8ad2915a69.png"}, "point": 10962}, {"user": {"uid": 144, "userid": 118, "name": "(DR) Hosso", "avatar": "https://cdn.discordapp.com/avatars/872618725281505321/47ea03b91cd14d27c548bcb8f1da42b5.png"}, "point": 8568}, {"user": {"uid": 159, "userid": 132, "name": "(DR) JMCGPHOTGRAPHY", "avatar": "https://cdn.discordapp.com/avatars/909849031100989450/175672eb7ba5131485de4f8dc0a52d17.png"}, "point": 7084}, {"user": {"uid": 167, "userid": 140, "name": "(DR) A2KC", "avatar": "https://cdn.discordapp.com/avatars/639473850223951872/0f0335acc6aff2497f76242cbdee5a47.png"}, "point": 6658}, {"user": {"uid": 143, "userid": 117, "name": "(DR) Haz Moss", "avatar": "https://cdn.discordapp.com/avatars/1188074687641702458/ffcc816a9eaeb034211b5b81d60a0fc6.png"}, "point": 6626}, {"user": {"uid": 190, "userid": 161, "name": "(DRT) Yuss._.", "avatar": "https://cdn.discordapp.com/avatars/1173266476707348565/e2e52ae09734bc3eac51d518b0313cb0.png"}, "point": 6210}, {"user": {"uid": 152, "userid": 125, "name": "(DR) driftakisa vadi kesha", "avatar": "https://cdn.discordapp.com/avatars/1127995075436220517/cebc2b721a8810bb26009529a3bec870.png"}, "point": 5930}, {"user": {"uid": 95, "userid": 78, "name": "(DR) JYXH", "avatar": "https://cdn.discordapp.com/avatars/1176564919861260309/6b24021290db5d66363b21aed762aed2.png"}, "point": 5756}, {"user": {"uid": 189, "userid": 160, "name": "(DRT) Mehmetcano", "avatar": "https://cdn.discordapp.com/avatars/795014176795787274/6649dc030abbf6f016bb94e163d8e85f.png"}, "point": 4936}, {"user": {"uid": 199, "userid": 169, "name": "(DRT) User5029", "avatar": "https://cdn.discordapp.com/avatars/721416593166303352/afa8c7025775e1fe06693b6d84c2c407.png"}, "point": 4744}, {"user": {"uid": 174, "userid": 147, "name": "(DRT) Knakkerxd", "avatar": "https://cdn.discordapp.com/avatars/1063539820116332695/None.png"}, "point": 4138}, {"user": {"uid": 42, "userid": 35, "name": "(DR) Aggyg", "avatar": "https://cdn.discordapp.com/avatars/1117791762124115968/ef168e1f36b49018b55b049355120a02.png"}, "point": 3552}, {"user": {"uid": 105, "userid": 86, "name": "(DR) Amazingbuik", "avatar": "https://cdn.discordapp.com/avatars/839966237299572756/a100c0d7c960d71c7c93832e14953597.png"}, "point": 2621}, {"user": {"uid": 147, "userid": 121, "name": "(DR) Bait", "avatar": "https://cdn.discordapp.com/avatars/784933468768305152/bd96fdb7307124edc59dac71d429f36d.png"}, "point": 2278}, {"user": {"uid": 142, "userid": 116, "name": "(MD) Leadervaf", "avatar": "https://cdn.discordapp.com/avatars/621386924556550166/dfe8de3b1406b5055afa4e4d72c020a8.png"}, "point": 2032}, {"user": {"uid": 168, "userid": 141, "name": "(DR) Google Chorme", "avatar": "https://cdn.discordapp.com/avatars/764862414494629919/c99ba750aa353484486a5562b7062f05.png"}, "point": 1530}, {"user": {"uid": 179, "userid": 151, "name": "(DRT) Wolvesfires (kaij16)", "avatar": "https://cdn.discordapp.com/avatars/1107257908137312277/05b3933f4bd829fd1ee87e4ba464fcec.png"}, "point": 1378}, {"user": {"uid": 200, "userid": 170, "name": "(DRT) Intercooledrblx (1future)", "avatar": "https://cdn.discordapp.com/avatars/564068770465710080/9a99b36e3746d79c523ae525549aa391.png"}, "point": 1168}, {"user": {"uid": 186, "userid": 158, "name": "(DR) Atakusi ( MagyarHeker )", "avatar": "https://cdn.discordapp.com/avatars/1210299728307425291/703291374be4a4ae6fff36a50738f33d.png"}, "point": 730}, {"user": {"uid": 185, "userid": 157, "name": "(DRT) Silent4pvt54", "avatar": "https://cdn.discordapp.com/avatars/915680159699435541/1cbe2294716467d97d7a6bd37dca92f2.png"}, "point": 644}, {"user": {"uid": 195, "userid": 165, "name": "(DRT) Bmasterone", "avatar": "https://cdn.discordapp.com/avatars/1100759821843701851/82affac63db8473062d475d8600ea632.png"}, "point": 613}, {"user": {"uid": 63, "userid": 50, "name": "(DR) Rubie", "avatar": "https://cdn.discordapp.com/avatars/768527805549641729/35552f09af2efc91cea70391485bb7e2.png"}, "point": 400}, {"user": {"uid": 68, "userid": 54, "name": "(DR) Jerry", "avatar": "https://cdn.discordapp.com/avatars/598584819571490866/e03eac23faa569518589c410a03ed3b5.png"}, "point": 294}, {"user": {"uid": 197, "userid": 167, "name": "(DRT) Alphawolf1864", "avatar": ""}, "point": 53}, {"user": {"uid": 148, "userid": 122, "name": "(DR) DenZo", "avatar": "https://cdn.discordapp.com/avatars/566970132963000320/5726328d7f6569c6fe770efeb59ef791.png"}, "point": 40}, {"user": {"uid": 84, "userid": 71, "name": "(DR) Ashton", "avatar": "https://cdn.discordapp.com/avatars/1182285011014139904/6defbd6e4ca8032cbaa6dea22d797436.png"}, "point": 0}]}