{"fmd": [{"user": {"uid": 1, "userid": 0, "name": "Brad", "avatar": "https://cdn.discordapp.com/avatars/507570358782525451/0f8d2ac0cb4d5df4b45d8529b6efe809.png"}, "point": 97545}, {"user": {"uid": 351, "userid": 254, "name": "nini", "avatar": "https://cdn.discordapp.com/avatars/288301509396135938/f02d103af07193e5fa4452628f6d749a.png"}, "point": 73798}, {"user": {"uid": 352, "userid": 255, "name": "Deilia", "avatar": "https://static.truckersmp.com/avatarsN/5164534.1711935146.png"}, "point": 38203}, {"user": {"uid": 350, "userid": 251, "name": "Charon IV", "avatar": "https://cdn.discordapp.com/avatars/336964513033093130/da18a1808802bdf3485f3b885a65072c.png"}, "point": 37238}, {"user": {"uid": 312, "userid": 239, "name": "Two Trappy", "avatar": "https://cdn.discordapp.com/avatars/460444257250181120/e1fe6b34c1ce8b3d86f89e7e210ca57e.png"}, "point": 36238}, {"user": {"uid": 218, "userid": 246, "name": "Jord", "avatar": "https://cdn.discordapp.com/avatars/684027652016832535/fa88b9b0dd673495c894582f075a5a83.png"}, "point": 23216}, {"user": {"uid": 358, "userid": 258, "name": "KARAMITROS", "avatar": "https://cdn.discordapp.com/avatars/884473658884649011/3527b044612c65be1a2e46dcec9693e4.png"}, "point": 16090}, {"user": {"uid": 341, "userid": 247, "name": "usaf", "avatar": "https://cdn.discordapp.com/avatars/635080691213795329/62011e9c8354b5b7cd4d6dfac48b2878.png"}, "point": 12582}, {"user": {"uid": 132, "userid": 118, "name": "lukaa", "avatar": "https://cdn.discordapp.com/avatars/939556970342539304/68bdf203b030fb927269c35d1e0d49f7.png"}, "point": 12012}, {"user": {"uid": 287, "userid": 226, "name": "PRO100WRYJ (funio555)", "avatar": "https://cdn.discordapp.com/avatars/402794199306600449/7059e235f57f380e1dda0358238087eb.png"}, "point": 11445}, {"user": {"uid": 153, "userid": 186, "name": "LeoM", "avatar": "https://cdn.discordapp.com/avatars/337951742475894786/980a1f3ff23017ee6d2dcd0ce57dbe03.png"}, "point": 11198}, {"user": {"uid": 12, "userid": 253, "name": "Arcon_", "avatar": "https://cdn.discordapp.com/avatars/590425598552440833/4610e0fe8e3eb4f12c2841d1d8fba137.png"}, "point": 10494}, {"user": {"uid": 240, "userid": 194, "name": "Kuz", "avatar": "https://cdn.discordapp.com/avatars/832669736994209862/ff7517c2ce19c2ae7910bdd66a68d466.png"}, "point": 6582}, {"user": {"uid": 294, "userid": 231, "name": "bojan", "avatar": ""}, "point": 6200}, {"user": {"uid": 348, "userid": 250, "name": "Junior", "avatar": "https://cdn.discordapp.com/avatars/1064578657370251375/50b52baf4756dd0a5cfd7f6162bf7154.png"}, "point": 3442}, {"user": {"uid": 162, "userid": 209, "name": "LATAM001", "avatar": "https://cdn.discordapp.com/avatars/527511788133285898/9b91224f92847573fa760fb444bfb5e7.png"}, "point": 3278}, {"user": {"uid": 363, "userid": 261, "name": "Hen_Saf", "avatar": "https://cdn.discordapp.com/avatars/767735764599439360/7dafddaf3752db3fc0d05dfe2a6ba8cb.png"}, "point": 2910}, {"user": {"uid": 284, "userid": 243, "name": "Dent", "avatar": "https://cdn.discordapp.com/avatars/803273884904325135/200c3f7ecc9b2621b1dd5d21ad51cb13.png"}, "point": 2330}, {"user": {"uid": 356, "userid": 257, "name": "prince", "avatar": "https://cdn.discordapp.com/avatars/561960385750761472/baa8187f57979991d38812e415d41191.png"}, "point": 2004}, {"user": {"uid": 347, "userid": 249, "name": "itzsherytuk \uab57\u2665\ud835\ude30\ud83c\udf49", "avatar": "https://cdn.discordapp.com/avatars/639525301164179475/6a36b9f1ffefd5da8208561c4b26d82d.png"}, "point": 1966}, {"user": {"uid": 364, "userid": 263, "name": "Seal", "avatar": "https://cdn.discordapp.com/avatars/357507868586541056/cb1a534c52f12c22fc1aecdffb2f526b.png"}, "point": 1114}, {"user": {"uid": 361, "userid": 260, "name": "Infedible", "avatar": "https://cdn.discordapp.com/avatars/155733160364212225/be55b965ff9090c011a37c8ad72f4ecf.png"}, "point": 1094}, {"user": {"uid": 365, "userid": 262, "name": "Nino", "avatar": "https://cdn.discordapp.com/avatars/400694856827011073/ec52f8c6645244614e85a449413b0b89.png"}, "point": 1002}], "fma": [{"user": {"uid": 1, "userid": 0, "name": "Brad", "avatar": "https://cdn.discordapp.com/avatars/507570358782525451/0f8d2ac0cb4d5df4b45d8529b6efe809.png"}, "point": 1698307}, {"user": {"uid": 312, "userid": 239, "name": "Two Trappy", "avatar": "https://cdn.discordapp.com/avatars/460444257250181120/e1fe6b34c1ce8b3d86f89e7e210ca57e.png"}, "point": 936240}, {"user": {"uid": 284, "userid": 243, "name": "Dent", "avatar": "https://cdn.discordapp.com/avatars/803273884904325135/200c3f7ecc9b2621b1dd5d21ad51cb13.png"}, "point": 652332}, {"user": {"uid": 218, "userid": 246, "name": "Jord", "avatar": "https://cdn.discordapp.com/avatars/684027652016832535/fa88b9b0dd673495c894582f075a5a83.png"}, "point": 628228}, {"user": {"uid": 360, "userid": 259, "name": "EisenWolf", "avatar": "https://static.truckersmp.com/avatarsN/4112608.1704752368.jpg"}, "point": 372500}, {"user": {"uid": 12, "userid": 253, "name": "Arcon_", "avatar": "https://cdn.discordapp.com/avatars/590425598552440833/4610e0fe8e3eb4f12c2841d1d8fba137.png"}, "point": 275494}, {"user": {"uid": 351, "userid": 254, "name": "nini", "avatar": "https://cdn.discordapp.com/avatars/288301509396135938/f02d103af07193e5fa4452628f6d749a.png"}, "point": 223798}, {"user": {"uid": 352, "userid": 255, "name": "Deilia", "avatar": "https://static.truckersmp.com/avatarsN/5164534.1711935146.png"}, "point": 93203}, {"user": {"uid": 358, "userid": 258, "name": "KARAMITROS", "avatar": "https://cdn.discordapp.com/avatars/884473658884649011/3527b044612c65be1a2e46dcec9693e4.png"}, "point": 88590}, {"user": {"uid": 356, "userid": 257, "name": "prince", "avatar": "https://cdn.discordapp.com/avatars/561960385750761472/baa8187f57979991d38812e415d41191.png"}, "point": 57004}, {"user": {"uid": 2, "userid": 3, "name": "midnightowl98", "avatar": "https://cdn.discordapp.com/avatars/804441268469497897/808e048bc43c4b1304071b7ba4ba18e7.png"}, "point": 50000}, {"user": {"uid": 350, "userid": 251, "name": "Charon IV", "avatar": "https://cdn.discordapp.com/avatars/336964513033093130/da18a1808802bdf3485f3b885a65072c.png"}, "point": 47238}, {"user": {"uid": 287, "userid": 226, "name": "PRO100WRYJ (funio555)", "avatar": "https://cdn.discordapp.com/avatars/402794199306600449/7059e235f57f380e1dda0358238087eb.png"}, "point": 16445}, {"user": {"uid": 341, "userid": 247, "name": "usaf", "avatar": "https://cdn.discordapp.com/avatars/635080691213795329/62011e9c8354b5b7cd4d6dfac48b2878.png"}, "point": 12582}, {"user": {"uid": 132, "userid": 118, "name": "lukaa", "avatar": "https://cdn.discordapp.com/avatars/939556970342539304/68bdf203b030fb927269c35d1e0d49f7.png"}, "point": 12012}, {"user": {"uid": 153, "userid": 186, "name": "LeoM", "avatar": "https://cdn.discordapp.com/avatars/337951742475894786/980a1f3ff23017ee6d2dcd0ce57dbe03.png"}, "point": 11198}, {"user": {"uid": 240, "userid": 194, "name": "Kuz", "avatar": "https://cdn.discordapp.com/avatars/832669736994209862/ff7517c2ce19c2ae7910bdd66a68d466.png"}, "point": 6582}, {"user": {"uid": 294, "userid": 231, "name": "bojan", "avatar": ""}, "point": 6200}, {"user": {"uid": 348, "userid": 250, "name": "Junior", "avatar": "https://cdn.discordapp.com/avatars/1064578657370251375/50b52baf4756dd0a5cfd7f6162bf7154.png"}, "point": 3442}, {"user": {"uid": 162, "userid": 209, "name": "LATAM001", "avatar": "https://cdn.discordapp.com/avatars/527511788133285898/9b91224f92847573fa760fb444bfb5e7.png"}, "point": 3278}, {"user": {"uid": 363, "userid": 261, "name": "Hen_Saf", "avatar": "https://cdn.discordapp.com/avatars/767735764599439360/7dafddaf3752db3fc0d05dfe2a6ba8cb.png"}, "point": 2910}, {"user": {"uid": 347, "userid": 249, "name": "itzsherytuk \uab57\u2665\ud835\ude30\ud83c\udf49", "avatar": "https://cdn.discordapp.com/avatars/639525301164179475/6a36b9f1ffefd5da8208561c4b26d82d.png"}, "point": 1966}, {"user": {"uid": 364, "userid": 263, "name": "Seal", "avatar": "https://cdn.discordapp.com/avatars/357507868586541056/cb1a534c52f12c22fc1aecdffb2f526b.png"}, "point": 1114}, {"user": {"uid": 361, "userid": 260, "name": "Infedible", "avatar": "https://cdn.discordapp.com/avatars/155733160364212225/be55b965ff9090c011a37c8ad72f4ecf.png"}, "point": 1094}, {"user": {"uid": 365, "userid": 262, "name": "Nino", "avatar": "https://cdn.discordapp.com/avatars/400694856827011073/ec52f8c6645244614e85a449413b0b89.png"}, "point": 1002}]}