{"fmd": [{"user": {"uid": 3, "userid": 2, "name": "Orlynsky", "avatar": "https://avatars.steamstatic.com/63a4ac3dfc7c22d71119e814f4f124bde3149941_full.jpg"}, "point": 169375}, {"user": {"uid": 8, "userid": 6, "name": "shipmate", "avatar": "https://avatars.steamstatic.com/3a4bdab4c8b08247c0e12345ba110647e9464041_full.jpg"}, "point": 89080}, {"user": {"uid": 10, "userid": 7, "name": "stanimir103", "avatar": "https://avatars.steamstatic.com/83d87adbf692b7c38710922c890830ce1ae74376_full.jpg"}, "point": 61536}, {"user": {"uid": 5, "userid": 5, "name": "COO | Raull", "avatar": "https://cdn.discordapp.com/avatars/1045451668709445782/cf44428a080988139cb0995c19ab461b.png"}, "point": 36081}, {"user": {"uid": 19, "userid": 18, "name": "Tarik", "avatar": "https://avatars.akamai.steamstatic.com/65f26bc666c38e43c0eea2544b64ab1d263eee3c_full.jpg"}, "point": 22620}, {"user": {"uid": 13, "userid": 11, "name": "Captain Codpeice", "avatar": "https://avatars.steamstatic.com/542c53aa722f46d9d5214c1ffa794db92238b76f_full.jpg"}, "point": 13249}, {"user": {"uid": 9, "userid": 8, "name": "adamrobert1010", "avatar": "https://avatars.steamstatic.com/1e842c01e7522e541a2bd24ef6925940169e37ac_full.jpg"}, "point": 4424}, {"user": {"uid": 14, "userid": 12, "name": "Christianz", "avatar": "https://imgur.com/xYz8IAz.png"}, "point": 1970}, {"user": {"uid": 6, "userid": 4, "name": "\ua2eb\ua079\ua182\ua079\ua091", "avatar": "https://avatars.steamstatic.com/4ab3db0761bdfb0b02c32de00e0924e1270cf81a_full.jpg"}, "point": 1098}, {"user": {"uid": 20, "userid": 16, "name": "roadwarrior134", "avatar": "https://imgur.com/xYz8IAz.png"}, "point": 10}], "fma": [{"user": {"uid": 3, "userid": 2, "name": "Orlynsky", "avatar": "https://avatars.steamstatic.com/63a4ac3dfc7c22d71119e814f4f124bde3149941_full.jpg"}, "point": 219485}, {"user": {"uid": 8, "userid": 6, "name": "shipmate", "avatar": "https://avatars.steamstatic.com/3a4bdab4c8b08247c0e12345ba110647e9464041_full.jpg"}, "point": 101920}, {"user": {"uid": 10, "userid": 7, "name": "stanimir103", "avatar": "https://avatars.steamstatic.com/83d87adbf692b7c38710922c890830ce1ae74376_full.jpg"}, "point": 71550}, {"user": {"uid": 5, "userid": 5, "name": "COO | Raull", "avatar": "https://cdn.discordapp.com/avatars/1045451668709445782/cf44428a080988139cb0995c19ab461b.png"}, "point": 52983}, {"user": {"uid": 19, "userid": 18, "name": "Tarik", "avatar": "https://avatars.akamai.steamstatic.com/65f26bc666c38e43c0eea2544b64ab1d263eee3c_full.jpg"}, "point": 27220}, {"user": {"uid": 13, "userid": 11, "name": "Captain Codpeice", "avatar": "https://avatars.steamstatic.com/542c53aa722f46d9d5214c1ffa794db92238b76f_full.jpg"}, "point": 13459}, {"user": {"uid": 9, "userid": 8, "name": "adamrobert1010", "avatar": "https://avatars.steamstatic.com/1e842c01e7522e541a2bd24ef6925940169e37ac_full.jpg"}, "point": 4424}, {"user": {"uid": 14, "userid": 12, "name": "Christianz", "avatar": "https://imgur.com/xYz8IAz.png"}, "point": 3024}, {"user": {"uid": 6, "userid": 4, "name": "\ua2eb\ua079\ua182\ua079\ua091", "avatar": "https://avatars.steamstatic.com/4ab3db0761bdfb0b02c32de00e0924e1270cf81a_full.jpg"}, "point": 1098}, {"user": {"uid": 20, "userid": 16, "name": "roadwarrior134", "avatar": "https://imgur.com/xYz8IAz.png"}, "point": 10}]}