{"fmd": [{"user": {"uid": 8, "userid": 6, "name": "ll iScuf ll", "avatar": "https://cdn.discordapp.com/avatars/321795006178525186/a_b79d3e9a2be03b5fc4d9c795da893874.gif"}, "point": 914917}, {"user": {"uid": 1, "userid": 1, "name": "!itsPeanutttt", "avatar": "https://cdn.discordapp.com/avatars/208757218013609985/a_b8fae2196be237eb9612f9daed82c1e3.gif"}, "point": 257343}, {"user": {"uid": 241, "userid": 184, "name": "F_I_S_T", "avatar": "https://cdn.discordapp.com/avatars/540017955413557258/525e165ce9fb3db253ba3e03ac9b58e3.png"}, "point": 165726}, {"user": {"uid": 194, "userid": 150, "name": "_W0LFIE_", "avatar": "https://cdn.discordapp.com/avatars/1153533912254009377/a5cd0bb93f2d7e40729a9cec032b1e6f.png"}, "point": 130244}, {"user": {"uid": 259, "userid": 197, "name": "I3uckfast", "avatar": "https://cdn.discordapp.com/avatars/1004430807357722625/8824de375f59b95e388b5680710ead3f.png"}, "point": 113870}, {"user": {"uid": 234, "userid": 178, "name": "Saga Virtanen", "avatar": "https://static.truckersmp.com/avatarsN/343160.1685564872.png"}, "point": 109778}, {"user": {"uid": 76, "userid": 60, "name": "V8 Gaming", "avatar": "https://cdn.discordapp.com/avatars/793808849404559452/3ad45fe419c80a0cc727643ff48b4a6c.png"}, "point": 99185}, {"user": {"uid": 176, "userid": 136, "name": "Para", "avatar": ""}, "point": 79456}, {"user": {"uid": 28, "userid": 17, "name": "Misty\u3063 \u309b", "avatar": "https://cdn.discordapp.com/avatars/451086562617327616/3a7355e38c7bc476a871faee38e8f1c0.png"}, "point": 77114}, {"user": {"uid": 140, "userid": 107, "name": "Ata35", "avatar": "https://cdn.discordapp.com/avatars/320518548046741505/67114a1cf7e0397b1e94fc8af83fd158.png"}, "point": 62752}, {"user": {"uid": 109, "userid": 84, "name": "bigboytrains", "avatar": "https://static.truckersmp.com/avatarsN/defaultavatar.png"}, "point": 62605}, {"user": {"uid": 112, "userid": 86, "name": "PistonFace08", "avatar": "https://cdn.discordapp.com/avatars/562334030612135968/a2f83155381251c95dc78b28c3ae46c6.png"}, "point": 59096}, {"user": {"uid": 15, "userid": 10, "name": "MarlonSkills", "avatar": "https://cdn.discordapp.com/avatars/315956778884005890/9a3d00de17d4e51023e4dc7542353ce7.png"}, "point": 47964}, {"user": {"uid": 173, "userid": 133, "name": "LizzyM#290199", "avatar": ""}, "point": 43390}, {"user": {"uid": 108, "userid": 83, "name": "mth.", "avatar": "https://cdn.discordapp.com/avatars/1048895539606978651/a_ed23bd3b02d03ccafa443faf15ff38ca.gif"}, "point": 33328}, {"user": {"uid": 222, "userid": 171, "name": "DRAKNESS", "avatar": "https://cdn.discordapp.com/avatars/191435261777936384/cde25647f4a18c5f7427ee26497adb09.png"}, "point": 32859}, {"user": {"uid": 54, "userid": 44, "name": "BDaken", "avatar": "https://cdn.discordapp.com/avatars/216786480088088577/2b6f81c3727a628c4806c5a0ece25fcd.png"}, "point": 31534}, {"user": {"uid": 174, "userid": 134, "name": "Scottish Crowbar", "avatar": "https://cdn.discordapp.com/avatars/797519024707600384/65cfe00c851aa9d7219c1b45d1862ffe.png"}, "point": 31454}, {"user": {"uid": 213, "userid": 163, "name": "Little Meow", "avatar": "https://cdn.discordapp.com/avatars/1019561099177234442/ddd644a232498d08379163bd4797740e.png"}, "point": 30936}, {"user": {"uid": 29, "userid": 18, "name": "Wesjet", "avatar": "https://cdn.discordapp.com/avatars/680834715388870687/a_b96031e2cba9196dacc295bf0c52b280.gif"}, "point": 29844}, {"user": {"uid": 253, "userid": 193, "name": "Lucien_Schildpad", "avatar": "https://static.truckersmp.com/avatarsN/defaultavatar.png"}, "point": 29474}, {"user": {"uid": 255, "userid": 195, "name": "danl", "avatar": "https://cdn.discordapp.com/avatars/109097646110552064/ecc38a9d813406d64511abb2d7bb05b8.png"}, "point": 27964}, {"user": {"uid": 32, "userid": 21, "name": "NateNZ", "avatar": "https://cdn.discordapp.com/avatars/263779798327885834/54adfd241b87dc24073b7cc175209ad7.png"}, "point": 26962}, {"user": {"uid": 277, "userid": 208, "name": "SCOTTISH truckerharry", "avatar": "https://cdn.discordapp.com/avatars/1165638896974049290/a4dfd80509ae0b6182b178949ec66486.png"}, "point": 26748}, {"user": {"uid": 146, "userid": 112, "name": "JENNAS JUGS", "avatar": "https://cdn.discordapp.com/avatars/697145117458301013/8fc3d9c9fcb32f3b81c47ef234d1a62f.png"}, "point": 26726}, {"user": {"uid": 230, "userid": 174, "name": "pauches", "avatar": ""}, "point": 25010}, {"user": {"uid": 260, "userid": 198, "name": "TJ2006", "avatar": "https://cdn.discordapp.com/avatars/405456778772480001/929852eed2b7943bbbde706a2a381e14.png"}, "point": 21564}, {"user": {"uid": 5, "userid": 4, "name": "Dutchkiwi", "avatar": "https://cdn.discordapp.com/avatars/757764740629135380/7db38fb02ba63b040c93e1df3a1fc462.png"}, "point": 20578}, {"user": {"uid": 106, "userid": 81, "name": "Eman1234", "avatar": "https://cdn.discordapp.com/avatars/1080554850699444255/d096291062d241160beffdcd8f0e5f36.png"}, "point": 19050}, {"user": {"uid": 295, "userid": 219, "name": "\ud835\udcdc\ud835\udcf2\ud835\udcf5\ud835\udcf4\ud835\udd02", "avatar": "https://cdn.discordapp.com/avatars/755125398865444947/0b78828f5b9533a29acddaa37ce1841b.png"}, "point": 18814}, {"user": {"uid": 214, "userid": 164, "name": "hamez", "avatar": ""}, "point": 17650}, {"user": {"uid": 148, "userid": 114, "name": "olieatspringles", "avatar": "https://cdn.discordapp.com/avatars/262621686929686540/8250778c986f58e084aac164b12242e7.png"}, "point": 16964}, {"user": {"uid": 144, "userid": 110, "name": "Fizzi_", "avatar": "https://cdn.discordapp.com/avatars/414719910422380554/622dfe5da93fb665169d69c65f113bd8.png"}, "point": 13450}, {"user": {"uid": 102, "userid": 143, "name": "TruckingWithMystic", "avatar": "https://static.truckersmp.com/avatarsN/4982857.1710519460.png"}, "point": 13384}, {"user": {"uid": 134, "userid": 104, "name": "Freshmuscl3", "avatar": "https://static.truckersmp.com/avatarsN/5222182.1706276666.png"}, "point": 12150}, {"user": {"uid": 204, "userid": 155, "name": "Scarry", "avatar": "https://cdn.discordapp.com/avatars/844243311656304640/97d5a76cb3a043c30ccf82e19a6869f9.png"}, "point": 11932}, {"user": {"uid": 299, "userid": 221, "name": "Lz [UK]", "avatar": "https://cdn.discordapp.com/avatars/523427833159221249/e393473e2f079f4bdf69b75d20b051b4.png"}, "point": 11068}, {"user": {"uid": 16, "userid": 13, "name": "S.C.P.-1471-A-gremlin-09-K9", "avatar": "https://cdn.discordapp.com/avatars/626022532746575873/c568a43f69a0dee7c591f4036c60a4a6.png"}, "point": 10626}, {"user": {"uid": 289, "userid": 214, "name": "realjetro007", "avatar": "https://cdn.discordapp.com/avatars/390698464775766016/aa9c91b254c0493d00065ac5e9d31d05.png"}, "point": 10056}, {"user": {"uid": 271, "userid": 205, "name": "NastyCrash", "avatar": "https://cdn.discordapp.com/avatars/1215071595232501851/d43c896a417d199036e552c12852794e.png"}, "point": 9518}, {"user": {"uid": 242, "userid": 185, "name": "Itmehokiledu", "avatar": "https://cdn.discordapp.com/avatars/384091675997241344/c8675ddaab83431958ee30dc5605b336.png"}, "point": 9460}, {"user": {"uid": 269, "userid": 204, "name": "Phoenix", "avatar": "https://cdn.discordapp.com/avatars/763003227749875713/7ff7c721d3258dd78a9e4986dce764f8.png"}, "point": 8580}, {"user": {"uid": 281, "userid": 210, "name": "TravelChimp", "avatar": "https://cdn.discordapp.com/avatars/836310585683083304/a_56b4d9d67d30547bfde32a929488480c.gif"}, "point": 7668}, {"user": {"uid": 58, "userid": 47, "name": "MarcusFrey", "avatar": "https://cdn.discordapp.com/avatars/424530180111859715/e4ac5b8e682d1c3df22f59365a57c23c.png"}, "point": 7204}, {"user": {"uid": 262, "userid": 200, "name": "iDrxpYT\u30c4", "avatar": "https://cdn.discordapp.com/avatars/811986924767019008/96ba427a21e357cebd5b315bd897c793.png"}, "point": 7118}, {"user": {"uid": 248, "userid": 191, "name": "\u00c7ako", "avatar": "https://cdn.discordapp.com/avatars/443072261000527875/0f80be7a1cda56aad905872ab94d77e3.png"}, "point": 6282}, {"user": {"uid": 23, "userid": 14, "name": "ajjjjj", "avatar": "https://cdn.discordapp.com/avatars/823704900780687381/ad59e1d2eb1afd9016e3578e1dacf6bb.png"}, "point": 5988}, {"user": {"uid": 48, "userid": 39, "name": "Spindeel", "avatar": "https://cdn.discordapp.com/avatars/1086774241858420736/cfa674e9aca18b610a2082e076c4539c.png"}, "point": 5827}, {"user": {"uid": 163, "userid": 124, "name": "N1CK904", "avatar": "https://cdn.discordapp.com/avatars/1056467542824206346/382880aa0ba504228fe5c5478bda93b2.png"}, "point": 5486}, {"user": {"uid": 273, "userid": 206, "name": "TootsGaming", "avatar": "https://cdn.discordapp.com/avatars/822199520846282793/b0470670f15d8600df10133eee7a2156.png"}, "point": 5358}, {"user": {"uid": 266, "userid": 202, "name": "asupra", "avatar": "https://cdn.discordapp.com/avatars/678640648089370645/0364d6b3ff1b03ad126f0df700b015cc.png"}, "point": 4928}, {"user": {"uid": 291, "userid": 215, "name": "Sparkumi", "avatar": "https://cdn.discordapp.com/avatars/258960910515830784/d8a720b6487490b2d73ca1981e5d7700.png"}, "point": 4858}, {"user": {"uid": 14, "userid": 9, "name": "AlfieGMTV", "avatar": "https://cdn.discordapp.com/avatars/573560111868543044/3af88c35b910ef6c5b09046038007475.png"}, "point": 4272}, {"user": {"uid": 244, "userid": 188, "name": "semhettinga123", "avatar": ""}, "point": 4174}, {"user": {"uid": 296, "userid": 218, "name": "Michael \ud83d\udc9a", "avatar": "https://cdn.discordapp.com/avatars/335759126569287681/eca5cbceee88e1bddb93a09dde047aa5.png"}, "point": 4136}, {"user": {"uid": 62, "userid": 51, "name": "SeducktiveDan", "avatar": "https://cdn.discordapp.com/avatars/329977583397765121/f9c5e558bf04973f5734efc56c1e5aa8.png"}, "point": 3766}, {"user": {"uid": 124, "userid": 95, "name": "s  p  a  c  e  .", "avatar": "https://cdn.discordapp.com/avatars/507451917803192331/9da7762bc3c6d8765d14c7ab4f3b64cb.png"}, "point": 3504}, {"user": {"uid": 254, "userid": 194, "name": "flawless_dev", "avatar": "https://cdn.discordapp.com/avatars/868798419886551050/ca4670e61fdef39a5423310236484ce9.png"}, "point": 3318}, {"user": {"uid": 177, "userid": 137, "name": "Empxre", "avatar": "https://static.truckersmp.com/avatarsN/3970233.1704159881.png"}, "point": 3112}, {"user": {"uid": 75, "userid": 61, "name": "table", "avatar": "https://cdn.discordapp.com/avatars/805707800365367316/46cf9fa9ef340cf9eaae96f07f74c4ce.png"}, "point": 2658}, {"user": {"uid": 211, "userid": 160, "name": "Oggy", "avatar": "https://cdn.discordapp.com/avatars/813944061073293372/0994cbd1d327fd1c7a486a105874face.png"}, "point": 2576}, {"user": {"uid": 45, "userid": 36, "name": "AMD R9 270X", "avatar": "https://cdn.discordapp.com/avatars/978792461541445654/68b342baaa06b174073ab1c9e2428c02.png"}, "point": 2458}, {"user": {"uid": 231, "userid": 175, "name": "Sk8erNZ", "avatar": "https://cdn.discordapp.com/avatars/1202503801064652840/0cecbf5753d63ccc0e23a42322c74450.png"}, "point": 2236}, {"user": {"uid": 37, "userid": 27, "name": "Erlandsson", "avatar": "https://cdn.discordapp.com/avatars/269573362127339520/a_ccd317af5036524984573b7d21370655.gif"}, "point": 2068}, {"user": {"uid": 205, "userid": 156, "name": "Nam\u0456", "avatar": "https://static.truckersmp.com/avatarsN/860661.1702117181.jpg"}, "point": 1630}, {"user": {"uid": 202, "userid": 154, "name": "FAJAK", "avatar": "https://cdn.discordapp.com/avatars/877633282508980234/6c8eac195e35e0e5da568acfdaeae1c2.png"}, "point": 1406}, {"user": {"uid": 154, "userid": 119, "name": "WhatsAptyp", "avatar": "https://cdn.discordapp.com/avatars/755731783030407199/21bf829739ff5cb6fa0c9f6a11773ec3.png"}, "point": 1374}, {"user": {"uid": 267, "userid": 203, "name": "Sticks", "avatar": "https://cdn.discordapp.com/avatars/1017196087276220447/69432ca72ed34db31f7a0cb99c8fbdae.png"}, "point": 1340}, {"user": {"uid": 147, "userid": 113, "name": "Serk", "avatar": "https://cdn.discordapp.com/avatars/425690651569422336/2cd8ceab113fdcd09bd952e294d99905.png"}, "point": 1328}, {"user": {"uid": 42, "userid": 33, "name": "Dannyyboy", "avatar": "https://cdn.discordapp.com/avatars/908717832521531462/ee7d0160b32f50933ff5e8c5b36399d0.png"}, "point": 1250}, {"user": {"uid": 250, "userid": 190, "name": "Paps.", "avatar": "https://cdn.discordapp.com/avatars/742292225266024519/656bfd0179b89f3ed28456821cd3763f.png"}, "point": 1126}, {"user": {"uid": 290, "userid": 213, "name": "callum", "avatar": ""}, "point": 986}, {"user": {"uid": 197, "userid": 152, "name": "EmotionlessMagic", "avatar": "https://cdn.discordapp.com/avatars/310160170804051979/50bca36df64281da3baa1644d10b0e03.png"}, "point": 882}, {"user": {"uid": 40, "userid": 31, "name": "UNDRDAWG", "avatar": "https://cdn.discordapp.com/avatars/204807541010464768/f74f1ebad5cb76d4c1f5b2c499bb1e2e.png"}, "point": 842}, {"user": {"uid": 100, "userid": 75, "name": "I am KingHeet", "avatar": "https://static.truckersmp.com/avatarsN/3141865.1659238151.jpeg"}, "point": 662}, {"user": {"uid": 229, "userid": 173, "name": "mettemink", "avatar": "https://cdn.discordapp.com/avatars/602003905697808384/38aba6169854e52f7b724b388648142f.png"}, "point": 400}, {"user": {"uid": 285, "userid": 212, "name": "Tezza4182", "avatar": "https://cdn.discordapp.com/avatars/847917571759276104/7a3c2c45a40f20eaf892c5ce1fb5f891.png"}, "point": 284}, {"user": {"uid": 278, "userid": 207, "name": "cookie", "avatar": "https://cdn.discordapp.com/avatars/1189979856440664064/3ca110a3092a62629f101bfde858d678.png"}, "point": 82}, {"user": {"uid": 206, "userid": 161, "name": "adrie de ovenschaal", "avatar": "https://cdn.discordapp.com/avatars/1028215593716953150/86bb92839a79b1409f65a5c89c519633.png"}, "point": 4}, {"user": {"uid": 158, "userid": 123, "name": "fixleo.", "avatar": "https://cdn.discordapp.com/avatars/735916984801427547/2b87ef45f5db1df7fed27bf71038f06f.png"}, "point": 0}, {"user": {"uid": 261, "userid": 199, "name": "Lucas M", "avatar": "https://cdn.discordapp.com/avatars/1051127166659731467/39c7346a18638193475fd383f50f5ac3.png"}, "point": 0}], "fma": [{"user": {"uid": 8, "userid": 6, "name": "ll iScuf ll", "avatar": "https://cdn.discordapp.com/avatars/321795006178525186/a_b79d3e9a2be03b5fc4d9c795da893874.gif"}, "point": 1063866}, {"user": {"uid": 108, "userid": 83, "name": "mth.", "avatar": "https://cdn.discordapp.com/avatars/1048895539606978651/a_ed23bd3b02d03ccafa443faf15ff38ca.gif"}, "point": 540238}, {"user": {"uid": 1, "userid": 1, "name": "!itsPeanutttt", "avatar": "https://cdn.discordapp.com/avatars/208757218013609985/a_b8fae2196be237eb9612f9daed82c1e3.gif"}, "point": 512410}, {"user": {"uid": 134, "userid": 104, "name": "Freshmuscl3", "avatar": "https://static.truckersmp.com/avatarsN/5222182.1706276666.png"}, "point": 323286}, {"user": {"uid": 241, "userid": 184, "name": "F_I_S_T", "avatar": "https://cdn.discordapp.com/avatars/540017955413557258/525e165ce9fb3db253ba3e03ac9b58e3.png"}, "point": 302734}, {"user": {"uid": 32, "userid": 21, "name": "NateNZ", "avatar": "https://cdn.discordapp.com/avatars/263779798327885834/54adfd241b87dc24073b7cc175209ad7.png"}, "point": 291999}, {"user": {"uid": 109, "userid": 84, "name": "bigboytrains", "avatar": "https://static.truckersmp.com/avatarsN/defaultavatar.png"}, "point": 255927}, {"user": {"uid": 28, "userid": 17, "name": "Misty\u3063 \u309b", "avatar": "https://cdn.discordapp.com/avatars/451086562617327616/3a7355e38c7bc476a871faee38e8f1c0.png"}, "point": 242184}, {"user": {"uid": 259, "userid": 197, "name": "I3uckfast", "avatar": "https://cdn.discordapp.com/avatars/1004430807357722625/8824de375f59b95e388b5680710ead3f.png"}, "point": 238338}, {"user": {"uid": 234, "userid": 178, "name": "Saga Virtanen", "avatar": "https://static.truckersmp.com/avatarsN/343160.1685564872.png"}, "point": 221422}, {"user": {"uid": 76, "userid": 60, "name": "V8 Gaming", "avatar": "https://cdn.discordapp.com/avatars/793808849404559452/3ad45fe419c80a0cc727643ff48b4a6c.png"}, "point": 202431}, {"user": {"uid": 194, "userid": 150, "name": "_W0LFIE_", "avatar": "https://cdn.discordapp.com/avatars/1153533912254009377/a5cd0bb93f2d7e40729a9cec032b1e6f.png"}, "point": 180886}, {"user": {"uid": 112, "userid": 86, "name": "PistonFace08", "avatar": "https://cdn.discordapp.com/avatars/562334030612135968/a2f83155381251c95dc78b28c3ae46c6.png"}, "point": 160752}, {"user": {"uid": 29, "userid": 18, "name": "Wesjet", "avatar": "https://cdn.discordapp.com/avatars/680834715388870687/a_b96031e2cba9196dacc295bf0c52b280.gif"}, "point": 135668}, {"user": {"uid": 128, "userid": 98, "name": "repsaj", "avatar": "https://cdn.discordapp.com/avatars/508654072145117186/206047a0b4dee71003ef7e4472eeb89d.png"}, "point": 120000}, {"user": {"uid": 176, "userid": 136, "name": "Para", "avatar": ""}, "point": 118260}, {"user": {"uid": 146, "userid": 112, "name": "JENNAS JUGS", "avatar": "https://cdn.discordapp.com/avatars/697145117458301013/8fc3d9c9fcb32f3b81c47ef234d1a62f.png"}, "point": 107864}, {"user": {"uid": 16, "userid": 13, "name": "S.C.P.-1471-A-gremlin-09-K9", "avatar": "https://cdn.discordapp.com/avatars/626022532746575873/c568a43f69a0dee7c591f4036c60a4a6.png"}, "point": 93696}, {"user": {"uid": 140, "userid": 107, "name": "Ata35", "avatar": "https://cdn.discordapp.com/avatars/320518548046741505/67114a1cf7e0397b1e94fc8af83fd158.png"}, "point": 84576}, {"user": {"uid": 277, "userid": 208, "name": "SCOTTISH truckerharry", "avatar": "https://cdn.discordapp.com/avatars/1165638896974049290/a4dfd80509ae0b6182b178949ec66486.png"}, "point": 83276}, {"user": {"uid": 213, "userid": 163, "name": "Little Meow", "avatar": "https://cdn.discordapp.com/avatars/1019561099177234442/ddd644a232498d08379163bd4797740e.png"}, "point": 82596}, {"user": {"uid": 102, "userid": 143, "name": "TruckingWithMystic", "avatar": "https://static.truckersmp.com/avatarsN/4982857.1710519460.png"}, "point": 79956}, {"user": {"uid": 174, "userid": 134, "name": "Scottish Crowbar", "avatar": "https://cdn.discordapp.com/avatars/797519024707600384/65cfe00c851aa9d7219c1b45d1862ffe.png"}, "point": 76146}, {"user": {"uid": 242, "userid": 185, "name": "Itmehokiledu", "avatar": "https://cdn.discordapp.com/avatars/384091675997241344/c8675ddaab83431958ee30dc5605b336.png"}, "point": 73360}, {"user": {"uid": 160, "userid": 125, "name": "mu han", "avatar": "https://cdn.discordapp.com/avatars/1121405880924123219/4fa32749d7c53cc30aa99181c81f851f.png"}, "point": 70000}, {"user": {"uid": 15, "userid": 10, "name": "MarlonSkills", "avatar": "https://cdn.discordapp.com/avatars/315956778884005890/9a3d00de17d4e51023e4dc7542353ce7.png"}, "point": 64876}, {"user": {"uid": 62, "userid": 51, "name": "SeducktiveDan", "avatar": "https://cdn.discordapp.com/avatars/329977583397765121/f9c5e558bf04973f5734efc56c1e5aa8.png"}, "point": 64538}, {"user": {"uid": 45, "userid": 36, "name": "AMD R9 270X", "avatar": "https://cdn.discordapp.com/avatars/978792461541445654/68b342baaa06b174073ab1c9e2428c02.png"}, "point": 63506}, {"user": {"uid": 100, "userid": 75, "name": "I am KingHeet", "avatar": "https://static.truckersmp.com/avatarsN/3141865.1659238151.jpeg"}, "point": 62422}, {"user": {"uid": 138, "userid": 108, "name": "Olgun", "avatar": "https://cdn.discordapp.com/avatars/543101720469962763/235378ab05ea161fd55fac3e59e639d9.png"}, "point": 60000}, {"user": {"uid": 173, "userid": 133, "name": "LizzyM#290199", "avatar": ""}, "point": 49426}, {"user": {"uid": 222, "userid": 171, "name": "DRAKNESS", "avatar": "https://cdn.discordapp.com/avatars/191435261777936384/cde25647f4a18c5f7427ee26497adb09.png"}, "point": 44891}, {"user": {"uid": 211, "userid": 160, "name": "Oggy", "avatar": "https://cdn.discordapp.com/avatars/813944061073293372/0994cbd1d327fd1c7a486a105874face.png"}, "point": 43248}, {"user": {"uid": 253, "userid": 193, "name": "Lucien_Schildpad", "avatar": "https://static.truckersmp.com/avatarsN/defaultavatar.png"}, "point": 39336}, {"user": {"uid": 54, "userid": 44, "name": "BDaken", "avatar": "https://cdn.discordapp.com/avatars/216786480088088577/2b6f81c3727a628c4806c5a0ece25fcd.png"}, "point": 36928}, {"user": {"uid": 230, "userid": 174, "name": "pauches", "avatar": ""}, "point": 30332}, {"user": {"uid": 255, "userid": 195, "name": "danl", "avatar": "https://cdn.discordapp.com/avatars/109097646110552064/ecc38a9d813406d64511abb2d7bb05b8.png"}, "point": 29940}, {"user": {"uid": 260, "userid": 198, "name": "TJ2006", "avatar": "https://cdn.discordapp.com/avatars/405456778772480001/929852eed2b7943bbbde706a2a381e14.png"}, "point": 27170}, {"user": {"uid": 106, "userid": 81, "name": "Eman1234", "avatar": "https://cdn.discordapp.com/avatars/1080554850699444255/d096291062d241160beffdcd8f0e5f36.png"}, "point": 24068}, {"user": {"uid": 5, "userid": 4, "name": "Dutchkiwi", "avatar": "https://cdn.discordapp.com/avatars/757764740629135380/7db38fb02ba63b040c93e1df3a1fc462.png"}, "point": 23848}, {"user": {"uid": 295, "userid": 219, "name": "\ud835\udcdc\ud835\udcf2\ud835\udcf5\ud835\udcf4\ud835\udd02", "avatar": "https://cdn.discordapp.com/avatars/755125398865444947/0b78828f5b9533a29acddaa37ce1841b.png"}, "point": 20536}, {"user": {"uid": 148, "userid": 114, "name": "olieatspringles", "avatar": "https://cdn.discordapp.com/avatars/262621686929686540/8250778c986f58e084aac164b12242e7.png"}, "point": 20282}, {"user": {"uid": 214, "userid": 164, "name": "hamez", "avatar": ""}, "point": 19246}, {"user": {"uid": 273, "userid": 206, "name": "TootsGaming", "avatar": "https://cdn.discordapp.com/avatars/822199520846282793/b0470670f15d8600df10133eee7a2156.png"}, "point": 16112}, {"user": {"uid": 144, "userid": 110, "name": "Fizzi_", "avatar": "https://cdn.discordapp.com/avatars/414719910422380554/622dfe5da93fb665169d69c65f113bd8.png"}, "point": 16028}, {"user": {"uid": 204, "userid": 155, "name": "Scarry", "avatar": "https://cdn.discordapp.com/avatars/844243311656304640/97d5a76cb3a043c30ccf82e19a6869f9.png"}, "point": 15158}, {"user": {"uid": 299, "userid": 221, "name": "Lz [UK]", "avatar": "https://cdn.discordapp.com/avatars/523427833159221249/e393473e2f079f4bdf69b75d20b051b4.png"}, "point": 14546}, {"user": {"uid": 269, "userid": 204, "name": "Phoenix", "avatar": "https://cdn.discordapp.com/avatars/763003227749875713/7ff7c721d3258dd78a9e4986dce764f8.png"}, "point": 13868}, {"user": {"uid": 271, "userid": 205, "name": "NastyCrash", "avatar": "https://cdn.discordapp.com/avatars/1215071595232501851/d43c896a417d199036e552c12852794e.png"}, "point": 13722}, {"user": {"uid": 289, "userid": 214, "name": "realjetro007", "avatar": "https://cdn.discordapp.com/avatars/390698464775766016/aa9c91b254c0493d00065ac5e9d31d05.png"}, "point": 12340}, {"user": {"uid": 246, "userid": 187, "name": "Microsoft Windows 11", "avatar": "https://cdn.discordapp.com/avatars/728756808218443837/b8ccacf7012c375e36281d19dbaa916b.png"}, "point": 12000}, {"user": {"uid": 262, "userid": 200, "name": "iDrxpYT\u30c4", "avatar": "https://cdn.discordapp.com/avatars/811986924767019008/96ba427a21e357cebd5b315bd897c793.png"}, "point": 11326}, {"user": {"uid": 163, "userid": 124, "name": "N1CK904", "avatar": "https://cdn.discordapp.com/avatars/1056467542824206346/382880aa0ba504228fe5c5478bda93b2.png"}, "point": 9884}, {"user": {"uid": 58, "userid": 47, "name": "MarcusFrey", "avatar": "https://cdn.discordapp.com/avatars/424530180111859715/e4ac5b8e682d1c3df22f59365a57c23c.png"}, "point": 9576}, {"user": {"uid": 281, "userid": 210, "name": "TravelChimp", "avatar": "https://cdn.discordapp.com/avatars/836310585683083304/a_56b4d9d67d30547bfde32a929488480c.gif"}, "point": 8612}, {"user": {"uid": 48, "userid": 39, "name": "Spindeel", "avatar": "https://cdn.discordapp.com/avatars/1086774241858420736/cfa674e9aca18b610a2082e076c4539c.png"}, "point": 8420}, {"user": {"uid": 266, "userid": 202, "name": "asupra", "avatar": "https://cdn.discordapp.com/avatars/678640648089370645/0364d6b3ff1b03ad126f0df700b015cc.png"}, "point": 6992}, {"user": {"uid": 248, "userid": 191, "name": "\u00c7ako", "avatar": "https://cdn.discordapp.com/avatars/443072261000527875/0f80be7a1cda56aad905872ab94d77e3.png"}, "point": 6980}, {"user": {"uid": 23, "userid": 14, "name": "ajjjjj", "avatar": "https://cdn.discordapp.com/avatars/823704900780687381/ad59e1d2eb1afd9016e3578e1dacf6bb.png"}, "point": 6748}, {"user": {"uid": 291, "userid": 215, "name": "Sparkumi", "avatar": "https://cdn.discordapp.com/avatars/258960910515830784/d8a720b6487490b2d73ca1981e5d7700.png"}, "point": 6028}, {"user": {"uid": 244, "userid": 188, "name": "semhettinga123", "avatar": ""}, "point": 5554}, {"user": {"uid": 14, "userid": 9, "name": "AlfieGMTV", "avatar": "https://cdn.discordapp.com/avatars/573560111868543044/3af88c35b910ef6c5b09046038007475.png"}, "point": 5106}, {"user": {"uid": 296, "userid": 218, "name": "Michael \ud83d\udc9a", "avatar": "https://cdn.discordapp.com/avatars/335759126569287681/eca5cbceee88e1bddb93a09dde047aa5.png"}, "point": 4930}, {"user": {"uid": 177, "userid": 137, "name": "Empxre", "avatar": "https://static.truckersmp.com/avatarsN/3970233.1704159881.png"}, "point": 4258}, {"user": {"uid": 124, "userid": 95, "name": "s  p  a  c  e  .", "avatar": "https://cdn.discordapp.com/avatars/507451917803192331/9da7762bc3c6d8765d14c7ab4f3b64cb.png"}, "point": 3842}, {"user": {"uid": 75, "userid": 61, "name": "table", "avatar": "https://cdn.discordapp.com/avatars/805707800365367316/46cf9fa9ef340cf9eaae96f07f74c4ce.png"}, "point": 3610}, {"user": {"uid": 254, "userid": 194, "name": "flawless_dev", "avatar": "https://cdn.discordapp.com/avatars/868798419886551050/ca4670e61fdef39a5423310236484ce9.png"}, "point": 3522}, {"user": {"uid": 231, "userid": 175, "name": "Sk8erNZ", "avatar": "https://cdn.discordapp.com/avatars/1202503801064652840/0cecbf5753d63ccc0e23a42322c74450.png"}, "point": 3166}, {"user": {"uid": 154, "userid": 119, "name": "WhatsAptyp", "avatar": "https://cdn.discordapp.com/avatars/755731783030407199/21bf829739ff5cb6fa0c9f6a11773ec3.png"}, "point": 2240}, {"user": {"uid": 267, "userid": 203, "name": "Sticks", "avatar": "https://cdn.discordapp.com/avatars/1017196087276220447/69432ca72ed34db31f7a0cb99c8fbdae.png"}, "point": 2144}, {"user": {"uid": 147, "userid": 113, "name": "Serk", "avatar": "https://cdn.discordapp.com/avatars/425690651569422336/2cd8ceab113fdcd09bd952e294d99905.png"}, "point": 2136}, {"user": {"uid": 197, "userid": 152, "name": "EmotionlessMagic", "avatar": "https://cdn.discordapp.com/avatars/310160170804051979/50bca36df64281da3baa1644d10b0e03.png"}, "point": 2090}, {"user": {"uid": 37, "userid": 27, "name": "Erlandsson", "avatar": "https://cdn.discordapp.com/avatars/269573362127339520/a_ccd317af5036524984573b7d21370655.gif"}, "point": 2068}, {"user": {"uid": 250, "userid": 190, "name": "Paps.", "avatar": "https://cdn.discordapp.com/avatars/742292225266024519/656bfd0179b89f3ed28456821cd3763f.png"}, "point": 1830}, {"user": {"uid": 202, "userid": 154, "name": "FAJAK", "avatar": "https://cdn.discordapp.com/avatars/877633282508980234/6c8eac195e35e0e5da568acfdaeae1c2.png"}, "point": 1808}, {"user": {"uid": 205, "userid": 156, "name": "Nam\u0456", "avatar": "https://static.truckersmp.com/avatarsN/860661.1702117181.jpg"}, "point": 1630}, {"user": {"uid": 42, "userid": 33, "name": "Dannyyboy", "avatar": "https://cdn.discordapp.com/avatars/908717832521531462/ee7d0160b32f50933ff5e8c5b36399d0.png"}, "point": 1250}, {"user": {"uid": 290, "userid": 213, "name": "callum", "avatar": ""}, "point": 1230}, {"user": {"uid": 285, "userid": 212, "name": "Tezza4182", "avatar": "https://cdn.discordapp.com/avatars/847917571759276104/7a3c2c45a40f20eaf892c5ce1fb5f891.png"}, "point": 1218}, {"user": {"uid": 40, "userid": 31, "name": "UNDRDAWG", "avatar": "https://cdn.discordapp.com/avatars/204807541010464768/f74f1ebad5cb76d4c1f5b2c499bb1e2e.png"}, "point": 1096}, {"user": {"uid": 278, "userid": 207, "name": "cookie", "avatar": "https://cdn.discordapp.com/avatars/1189979856440664064/3ca110a3092a62629f101bfde858d678.png"}, "point": 746}, {"user": {"uid": 229, "userid": 173, "name": "mettemink", "avatar": "https://cdn.discordapp.com/avatars/602003905697808384/38aba6169854e52f7b724b388648142f.png"}, "point": 400}, {"user": {"uid": 283, "userid": 211, "name": "atg.\ud83e\udd86", "avatar": "https://cdn.discordapp.com/avatars/748911314533089422/3cf27c2129325e34b0066145e056116c.png"}, "point": 200}, {"user": {"uid": 206, "userid": 161, "name": "adrie de ovenschaal", "avatar": "https://cdn.discordapp.com/avatars/1028215593716953150/86bb92839a79b1409f65a5c89c519633.png"}, "point": 4}, {"user": {"uid": 158, "userid": 123, "name": "fixleo.", "avatar": "https://cdn.discordapp.com/avatars/735916984801427547/2b87ef45f5db1df7fed27bf71038f06f.png"}, "point": 0}, {"user": {"uid": 261, "userid": 199, "name": "Lucas M", "avatar": "https://cdn.discordapp.com/avatars/1051127166659731467/39c7346a18638193475fd383f50f5ac3.png"}, "point": 0}]}