{"fmd": [{"user": {"uid": 136, "userid": 121, "name": "Fuzzi_One", "avatar": "https://avatars.steamstatic.com/80dc5c843904a69c82033fa7600d24e61dc9b370_full.jpg"}, "point": 1962734}, {"user": {"uid": 104, "userid": 92, "name": "Mario", "avatar": ""}, "point": 510959}, {"user": {"uid": 180, "userid": 159, "name": "HEFTI / Heiko", "avatar": "https://avatars.steamstatic.com/377878dfc35ee55e1eac69a197f1347d78f35066_full.jpg"}, "point": 160684}, {"user": {"uid": 171, "userid": 154, "name": "dom_binda", "avatar": "https://avatars.steamstatic.com/850c742b99f1bd3b7e51baab91a51db1ac4e08c8_full.jpg"}, "point": 158116}, {"user": {"uid": 28, "userid": 21, "name": "Lenkradgreifer / Peter", "avatar": "https://avatars.steamstatic.com/acf67207768cdc5be5f09aca6a9f7830bf27d6f7_full.jpg"}, "point": 144219}, {"user": {"uid": 31, "userid": 22, "name": "[RSL] Fun_irrenanstalt", "avatar": ""}, "point": 106850}, {"user": {"uid": 147, "userid": 132, "name": "Der  Opa", "avatar": "https://cdn.discordapp.com/avatars/390841934358249482/5182d95c0600108142ddbca2b09a1bb4.png"}, "point": 101998}, {"user": {"uid": 151, "userid": 136, "name": "rosiilein", "avatar": "https://avatars.steamstatic.com/fef49e7fa7e1997310d705b2a6158ff8dc1cdfeb_full.jpg"}, "point": 86108}, {"user": {"uid": 176, "userid": 157, "name": "SKELETOR96", "avatar": "https://avatars.steamstatic.com/e2de94aa5b303690fc34a2784287b2ea576b1250_full.jpg"}, "point": 85716}, {"user": {"uid": 165, "userid": 147, "name": "Bernd.R", "avatar": "https://avatars.steamstatic.com/1632837e2e6f9bff2970254d35d06bae45d9a395_full.jpg"}, "point": 71792}, {"user": {"uid": 143, "userid": 128, "name": "Tomm82m", "avatar": "https://avatars.steamstatic.com/70845c436d1d1acef2a024c0a46d21d53c13eda5_full.jpg"}, "point": 67892}, {"user": {"uid": 10, "userid": 10, "name": "[RSL] \u2720Anorak\u2720", "avatar": "https://cdn.discordapp.com/avatars/1211937272702697512/e8ec7cf3e7a4c9617a76c3f001924ec6.png"}, "point": 55371}, {"user": {"uid": 38, "userid": 27, "name": "elmundo1992", "avatar": "https://avatars.steamstatic.com/54be38c13d0e7792de2af9a76c4e376766cf697a_full.jpg"}, "point": 50640}, {"user": {"uid": 12, "userid": 9, "name": "Fabian", "avatar": "https://cdn.discordapp.com/avatars/636590993206149131/a_111fda2bf4727ff3c93f010507ff166c.gif"}, "point": 49891}, {"user": {"uid": 177, "userid": 158, "name": "Kloppster", "avatar": "https://avatars.steamstatic.com/32e721501b65adb28b8fe6c8cfd103215969ae49_full.jpg"}, "point": 49382}, {"user": {"uid": 6, "userid": 6, "name": "Rom77", "avatar": "https://avatars.steamstatic.com/c949ed9e884ddd730097bfe8848bdc3fb152f582_full.jpg"}, "point": 48707}, {"user": {"uid": 194, "userid": 171, "name": "subnayzz", "avatar": "https://avatars.steamstatic.com/541d03601aebfb8436b10da6b9d4d1275ec7edc4_full.jpg"}, "point": 47783}, {"user": {"uid": 1, "userid": 1, "name": "[RSL] Reamonn", "avatar": "https://cdn.discordapp.com/avatars/208630023626817536/d6b5a101ffa2655e917e9e2ca950025a.png"}, "point": 46961}, {"user": {"uid": 27, "userid": 40, "name": "Odin", "avatar": "https://avatars.steamstatic.com/d85514129aa7b2bd055e58358fea8f36254dbc3b_full.jpg"}, "point": 45210}, {"user": {"uid": 32, "userid": 35, "name": "ChrisHB", "avatar": "https://static.truckersmp.com/avatarsN/1701744.1706334814.jpg"}, "point": 42146}, {"user": {"uid": 3, "userid": 3, "name": "Yglo233", "avatar": "https://avatars.steamstatic.com/31b7c52f47bfc7fdf48a7793bcc63254fbb4d4e0_full.jpg"}, "point": 41870}, {"user": {"uid": 25, "userid": 19, "name": "Razoraptor", "avatar": "https://avatars.steamstatic.com/411f0a1d08563b0dcd648c344b113688287bfb1f_full.jpg"}, "point": 41244}, {"user": {"uid": 190, "userid": 168, "name": "DWELLER23", "avatar": "https://avatars.steamstatic.com/415e39cd7b3cbe49442ef90b37c5e367980f8124_full.jpg"}, "point": 39943}, {"user": {"uid": 184, "userid": 162, "name": "\ud835\udc00\ud835\udc25\ud835\udc1e\ud835\udc31", "avatar": "https://avatars.steamstatic.com/d3eb39d70f297a4191bea908797cd7972a77ad86_full.jpg"}, "point": 38102}, {"user": {"uid": 118, "userid": 103, "name": "EinfachnurWolf", "avatar": "https://avatars.steamstatic.com/dcddc28153a03ef589ba9b54c11a1edc4384acdf_full.jpg"}, "point": 37510}, {"user": {"uid": 202, "userid": 176, "name": "Husky-Wolf", "avatar": "https://avatars.steamstatic.com/b331eecb5a6494dedce1f093aa6e3ab82b9b0794_full.jpg"}, "point": 32232}, {"user": {"uid": 196, "userid": 174, "name": "Th3_RS", "avatar": "https://avatars.steamstatic.com/db3bd0a387e73f7853a3a00ec81cafc962c949cc_full.jpg"}, "point": 31918}, {"user": {"uid": 62, "userid": 55, "name": "Uhtred Ragnarson", "avatar": "https://avatars.steamstatic.com/5ac96193edf39f0e7071bf69bf710db4a2352465_full.jpg"}, "point": 30542}, {"user": {"uid": 84, "userid": 75, "name": "lolgamer5300", "avatar": "https://avatars.steamstatic.com/76ad51d2c234085fc07dbe1396e3d39331376fd5_full.jpg"}, "point": 29918}, {"user": {"uid": 169, "userid": 153, "name": "Ca24", "avatar": "https://avatars.steamstatic.com/fef49e7fa7e1997310d705b2a6158ff8dc1cdfeb_full.jpg"}, "point": 27410}, {"user": {"uid": 72, "userid": 64, "name": "BoucBrutal", "avatar": "https://avatars.steamstatic.com/3b0d8bbe6bc98d9e4405baafe0d341663e8d5bf1_full.jpg"}, "point": 26646}, {"user": {"uid": 98, "userid": 88, "name": "2710150", "avatar": "https://avatars.steamstatic.com/8b06c487bb6e3cf74c5ac6803b77ba8a7d9de45d_full.jpg"}, "point": 25326}, {"user": {"uid": 75, "userid": 67, "name": "GunGamerTV", "avatar": "https://avatars.steamstatic.com/64ae1da41a9c51a5ab44c29f0b054b14123aabe4_full.jpg"}, "point": 24407}, {"user": {"uid": 157, "userid": 149, "name": "[RSL] SlapVEVO", "avatar": "https://cdn.discordapp.com/avatars/263769453165019148/9bbe47d6a17fa7b410126bcb9a98e7e5.png"}, "point": 23328}, {"user": {"uid": 64, "userid": 57, "name": "captainbubatz", "avatar": "https://avatars.steamstatic.com/05e287bb68b9dd3798bae459b8e7d4cc59c5e9a5_full.jpg"}, "point": 22868}, {"user": {"uid": 145, "userid": 130, "name": "Mr.Korall", "avatar": "https://avatars.steamstatic.com/71c5c5744ad9cda9e24a3cbb14bba2e238bf66af_full.jpg"}, "point": 22038}, {"user": {"uid": 153, "userid": 138, "name": "anvo97", "avatar": "https://avatars.steamstatic.com/cb20d4b269536a4a6a6b5ee95d21a8bdc6587639_full.jpg"}, "point": 21466}, {"user": {"uid": 166, "userid": 148, "name": "Mr. Flamerbob", "avatar": "https://avatars.steamstatic.com/f09c6f0a5e09fe9c72513549759e782358641670_full.jpg"}, "point": 21175}, {"user": {"uid": 29, "userid": 23, "name": "Seitenbacher_Hanf\u00f6l", "avatar": "https://avatars.steamstatic.com/acf67207768cdc5be5f09aca6a9f7830bf27d6f7_full.jpg"}, "point": 20892}, {"user": {"uid": 161, "userid": 144, "name": "Marian", "avatar": "https://cdn.discordapp.com/avatars/583290029909213184/24bc7994a80bd53bab469d683dd3a2d6.png"}, "point": 20146}, {"user": {"uid": 15, "userid": 13, "name": "Ben", "avatar": "https://avatars.steamstatic.com/38184fe514390db6b685d098a43d9b8cf60939e2_full.jpg"}, "point": 19226}, {"user": {"uid": 198, "userid": 175, "name": "SiKe_342", "avatar": "https://avatars.steamstatic.com/1fd7929be85d31c2215352cf1dd62fe4f50f6539_full.jpg"}, "point": 18646}, {"user": {"uid": 69, "userid": 61, "name": "Cordova_901", "avatar": "https://avatars.steamstatic.com/30fe0fec254500730ad4ec2c2284bb366cec6dac_full.jpg"}, "point": 17756}, {"user": {"uid": 186, "userid": 165, "name": "niklasluley", "avatar": "https://avatars.steamstatic.com/260b656ce9a406015f76d7cdcf7c667009f71704_full.jpg"}, "point": 17676}, {"user": {"uid": 139, "userid": 124, "name": "felix-menzler", "avatar": "https://avatars.steamstatic.com/92f23da5d9678dfe7c3d530a1c449c98331a0cca_full.jpg"}, "point": 17430}, {"user": {"uid": 154, "userid": 139, "name": "diedubblebres", "avatar": "https://avatars.steamstatic.com/708b6fa271f19f23714dc247683d820bad1aa579_full.jpg"}, "point": 16926}, {"user": {"uid": 77, "userid": 69, "name": "petschu", "avatar": "https://avatars.steamstatic.com/0b25d0c7ae09b25b5b8181b3759231284797f3df_full.jpg"}, "point": 16286}, {"user": {"uid": 86, "userid": 77, "name": "Hryni", "avatar": "https://avatars.steamstatic.com/0c8f01b7d411a479d2220fc9cae760ccb6ca7fa4_full.jpg"}, "point": 16218}, {"user": {"uid": 7, "userid": 7, "name": "lordyee41", "avatar": "https://avatars.steamstatic.com/0ae81ca7c6209a3391ea86d2da7ff019658732e0_full.jpg"}, "point": 15226}, {"user": {"uid": 148, "userid": 133, "name": "justin__zockt", "avatar": "https://avatars.steamstatic.com/8f6916be3dcc60a0c3e9391276bce389a138b83a_full.jpg"}, "point": 13844}, {"user": {"uid": 73, "userid": 65, "name": "AlterSack", "avatar": "https://avatars.steamstatic.com/dbb56f070d18b66129214d1ba8763e3b8d7f0aa8_full.jpg"}, "point": 13818}, {"user": {"uid": 17, "userid": 38, "name": "Julian", "avatar": "https://avatars.steamstatic.com/bba9b676052e67e10f0ce8cec815c138e5c030b8_full.jpg"}, "point": 13450}, {"user": {"uid": 141, "userid": 126, "name": "Dome", "avatar": "https://avatars.steamstatic.com/ae55f68b3ccef730e265e45ade565f8eb7719e40_full.jpg"}, "point": 13408}, {"user": {"uid": 183, "userid": 161, "name": "2Lost4Playing", "avatar": "https://avatars.steamstatic.com/a73955f5d746e6e266b5170c2eed3047928ff0b7_full.jpg"}, "point": 12994}, {"user": {"uid": 192, "userid": 172, "name": "TopsyCret", "avatar": "https://avatars.steamstatic.com/82aecb83684b9c1d29f6f26a4642971416734fcc_full.jpg"}, "point": 11994}, {"user": {"uid": 50, "userid": 43, "name": "Tarial", "avatar": "https://avatars.steamstatic.com/852cd2da47222f03895ad2c285d0980e4f003168_full.jpg"}, "point": 11488}, {"user": {"uid": 51, "userid": 42, "name": "Holy Kiwinger <3\u2122", "avatar": "https://avatars.steamstatic.com/83d2ab083eb76aebed718fd01921fbe2af2b7e35_full.jpg"}, "point": 11082}, {"user": {"uid": 55, "userid": 50, "name": "zogger9000", "avatar": "https://static.truckersmp.com/avatarsN/defaultavatar.png"}, "point": 11028}, {"user": {"uid": 155, "userid": 140, "name": "\u1d05\u1d00\u1d20\u1d05\u1d00\u1d1b\u026a\u1d20\u1d07", "avatar": "https://cdn.discordapp.com/avatars/933050296811290684/c6ba92368a24015455013d8440ca558e.png"}, "point": 11004}, {"user": {"uid": 114, "userid": 99, "name": "melox030", "avatar": "https://avatars.steamstatic.com/fef49e7fa7e1997310d705b2a6158ff8dc1cdfeb_full.jpg"}, "point": 10922}, {"user": {"uid": 122, "userid": 106, "name": "HaterKing_997", "avatar": "https://avatars.steamstatic.com/f26cba967853fcb92d653d1ee4d0d2dbdc9dd60e_full.jpg"}, "point": 10756}, {"user": {"uid": 63, "userid": 56, "name": "berryMdream", "avatar": "https://avatars.steamstatic.com/af2116e7c2fb64d742bad69adee6beca4934692e_full.jpg"}, "point": 10296}, {"user": {"uid": 41, "userid": 25, "name": "Marvin", "avatar": "https://avatars.steamstatic.com/fef49e7fa7e1997310d705b2a6158ff8dc1cdfeb_full.jpg"}, "point": 10180}, {"user": {"uid": 91, "userid": 82, "name": "Ninja_Kiwi", "avatar": "https://avatars.steamstatic.com/1aaec1ed3f3cd8465fa42665b01eb70d7f701604_full.jpg"}, "point": 9768}, {"user": {"uid": 81, "userid": 72, "name": "Wolfssturm1", "avatar": "https://avatars.steamstatic.com/360236e555049f204b12d3a8685a3b9b9764ebfe_full.jpg"}, "point": 9600}, {"user": {"uid": 201, "userid": 177, "name": "Alexander", "avatar": "https://avatars.steamstatic.com/2bf8d638de1cfc5daa528b34f1cc50e720746fb2_full.jpg"}, "point": 8400}, {"user": {"uid": 132, "userid": 117, "name": "!Pinocchio", "avatar": "https://avatars.steamstatic.com/ad6d05f99b19d6a006f36db6008f93a6b4d5fe3a_full.jpg"}, "point": 7884}, {"user": {"uid": 130, "userid": 115, "name": "GhostRiDeR_REAL", "avatar": "https://avatars.steamstatic.com/0f18411149a060051bdafef053969f859dc73196_full.jpg"}, "point": 7472}, {"user": {"uid": 105, "userid": 91, "name": "[RSL] Andrii", "avatar": "https://cdn.discordapp.com/avatars/693181056060227706/708c635c0bec244ac90d907dd0b76146.png"}, "point": 7130}, {"user": {"uid": 48, "userid": 44, "name": "DeeBee", "avatar": "https://avatars.steamstatic.com/dce158ba0978775e46796f95ac009ded8d52693f_full.jpg"}, "point": 7126}, {"user": {"uid": 160, "userid": 143, "name": "D4t", "avatar": "https://avatars.steamstatic.com/eaacbbf3f597bc70d6d767b555ffdf5e9fb8e942_full.jpg"}, "point": 7034}, {"user": {"uid": 164, "userid": 146, "name": "RecordingBadass", "avatar": "https://avatars.steamstatic.com/60a08004ab4caf17dee67aeabda1d156d08dff11_full.jpg"}, "point": 6602}, {"user": {"uid": 112, "userid": 97, "name": "Marko", "avatar": "https://avatars.steamstatic.com/fef49e7fa7e1997310d705b2a6158ff8dc1cdfeb_full.jpg"}, "point": 6544}, {"user": {"uid": 167, "userid": 150, "name": "JaPaMoe", "avatar": "https://avatars.steamstatic.com/c7c051daec1b48bfe55b531f6dba3a456de32c96_full.jpg"}, "point": 6056}, {"user": {"uid": 134, "userid": 119, "name": "El\u017cbieta Bosak", "avatar": "https://avatars.steamstatic.com/3fa0cc4cf07503e4ee7542b46195aae10b7ec6e7_full.jpg"}, "point": 6024}, {"user": {"uid": 191, "userid": 170, "name": "TheAndy33", "avatar": "https://avatars.steamstatic.com/bf469dff0dd81e52001fff72d1cc373d855c5498_full.jpg"}, "point": 6011}, {"user": {"uid": 195, "userid": 173, "name": "Walk1ngZ0mb3R", "avatar": "https://avatars.steamstatic.com/b2edbc430cffa963966ebafc9e7844414a9c51c1_full.jpg"}, "point": 5716}, {"user": {"uid": 49, "userid": 47, "name": "UselessHumanBeing", "avatar": "https://avatars.steamstatic.com/97e463a36f2693f6158631fb69c4074694019c20_full.jpg"}, "point": 5538}, {"user": {"uid": 71, "userid": 63, "name": "Ghost_Trix", "avatar": "https://avatars.steamstatic.com/65784cb24ab0fea7698c7d0fd5055e1079d83d63_full.jpg"}, "point": 5304}, {"user": {"uid": 26, "userid": 33, "name": "[RSL] Mambo", "avatar": "https://cdn.discordapp.com/avatars/768651199607734294/a_ee77029fae0aa73c1dacc5bae7a62aac.gif"}, "point": 4740}, {"user": {"uid": 57, "userid": 49, "name": "\u039b\u03a3\u01a7\u01acX", "avatar": "https://avatars.steamstatic.com/05bd07116ef64dc4f7e2b12d9c32ca2ded228988_full.jpg"}, "point": 4404}, {"user": {"uid": 168, "userid": 151, "name": "LordMiLu", "avatar": "https://avatars.steamstatic.com/90281bcb08a9d28ef4c343c5f6b8b75f093e4a9b_full.jpg"}, "point": 4390}, {"user": {"uid": 22, "userid": 15, "name": "[RSL] Kevin", "avatar": ""}, "point": 4360}, {"user": {"uid": 113, "userid": 98, "name": "Pumatv_20", "avatar": "https://avatars.steamstatic.com/a8ae302ff03a84c1c05cbe29cc83cc437b9fce7c_full.jpg"}, "point": 4292}, {"user": {"uid": 68, "userid": 60, "name": "JoBro", "avatar": "https://avatars.steamstatic.com/b1b8c9839ebbf8e0d885f64d1366a1ff95b0d0d5_full.jpg"}, "point": 4208}, {"user": {"uid": 185, "userid": 164, "name": "Vivi.w0k", "avatar": "https://cdn.discordapp.com/avatars/1200094544616759397/5540250518027a844ec3c1e2321ba186.png"}, "point": 4076}, {"user": {"uid": 137, "userid": 122, "name": "Ollknoll", "avatar": "https://avatars.steamstatic.com/940454d3f8b8075ab35bd2a555be3b529fd8c29f_full.jpg"}, "point": 3834}, {"user": {"uid": 87, "userid": 78, "name": "JonasMcPotter", "avatar": "https://avatars.steamstatic.com/5a130ded2be398408680c2526b5408ce08d13834_full.jpg"}, "point": 3484}, {"user": {"uid": 204, "userid": 180, "name": "Epeson", "avatar": "https://avatars.steamstatic.com/8d9be6b7519123be4e11d212692d51dd124ff102_full.jpg"}, "point": 3436}, {"user": {"uid": 42, "userid": 45, "name": "xSimogg", "avatar": "https://avatars.steamstatic.com/f0e116a40ac026c80897f3568a6f6b0fd150a4cc_full.jpg"}, "point": 3280}, {"user": {"uid": 175, "userid": 156, "name": "Hennes", "avatar": "https://avatars.steamstatic.com/95d8f1c00bbdc43e289e494f3dad027a6f930ac4_full.jpg"}, "point": 3272}, {"user": {"uid": 129, "userid": 114, "name": "Aykut", "avatar": "https://avatars.steamstatic.com/e1dc7079faabd6aa122062cc19d9d7ada9ea3b81_full.jpg"}, "point": 3146}, {"user": {"uid": 138, "userid": 123, "name": "Leon22", "avatar": ""}, "point": 3136}, {"user": {"uid": 46, "userid": 37, "name": "GiiForce", "avatar": "https://avatars.steamstatic.com/345c6ba953d6a7e56e2df6f319cbee50a72bf91d_full.jpg"}, "point": 2904}, {"user": {"uid": 119, "userid": 104, "name": "hansenluca06", "avatar": "https://avatars.steamstatic.com/cc744d1a1b593d1fcbda3c00a975f994662815ff_full.jpg"}, "point": 2900}, {"user": {"uid": 116, "userid": 101, "name": "Qiopoto", "avatar": "https://avatars.steamstatic.com/b81d548442ebcbaef1258431da08bd7d985fdc08_full.jpg"}, "point": 2522}, {"user": {"uid": 127, "userid": 112, "name": "pappnaas05", "avatar": "https://cdn.discordapp.com/avatars/467693099351801857/e789a6de8444c4ddbc96f54f5eca2073.png"}, "point": 2344}, {"user": {"uid": 205, "userid": 181, "name": "Jakkd", "avatar": "https://avatars.steamstatic.com/97670eff7ffff1bfa68343bab29481e6fb148c75_full.jpg"}, "point": 2240}, {"user": {"uid": 117, "userid": 102, "name": "LilMiiP :)", "avatar": "https://avatars.steamstatic.com/5f49c38ec606469b6ecae76ea46b312b9fccb77c_full.jpg"}, "point": 2236}, {"user": {"uid": 189, "userid": 167, "name": "SGDDYNAMO", "avatar": "https://avatars.steamstatic.com/1fa48f3adeb9594213eb5579244b70f7430ff46e_full.jpg"}, "point": 2216}, {"user": {"uid": 159, "userid": 142, "name": "marc03null", "avatar": "https://avatars.steamstatic.com/8dfe278c7493b6984540e57ecd57b791df13841e_full.jpg"}, "point": 2202}, {"user": {"uid": 88, "userid": 79, "name": "EVEC_Titeltan", "avatar": "https://avatars.steamstatic.com/4c5baa7578949704b1e9f6fd3e1f6fef486ea255_full.jpg"}, "point": 2042}, {"user": {"uid": 133, "userid": 118, "name": "[RSL] Reisstehtf\u00fcrryze", "avatar": "https://avatars.steamstatic.com/14c94ace391b90e2c5c3e07e44f518f25a3d4376_full.jpg"}, "point": 2040}, {"user": {"uid": 14, "userid": 12, "name": "taaastyyy", "avatar": "https://avatars.steamstatic.com/d71b2fd5a847a659ec55c28f0693363643794d79_full.jpg"}, "point": 1980}, {"user": {"uid": 70, "userid": 62, "name": "Tr4xe", "avatar": "https://avatars.steamstatic.com/f2113fe4c56a40abf11f5b2ba82a922b9362e305_full.jpg"}, "point": 1852}, {"user": {"uid": 61, "userid": 54, "name": "Marcel.3101", "avatar": "https://avatars.steamstatic.com/cbfb3b9dd23d1713d1630789bf8ace321f82a154_full.jpg"}, "point": 1784}, {"user": {"uid": 43, "userid": 39, "name": "ruhland.stefan", "avatar": "https://avatars.steamstatic.com/c5a360f6f39ed4867c4fb6e3f4aca743020af39a_full.jpg"}, "point": 1766}, {"user": {"uid": 9, "userid": 8, "name": "Batenhorster", "avatar": "https://avatars.steamstatic.com/7ff64278f3090ef80d56581bac259497766a45b3_full.jpg"}, "point": 1758}, {"user": {"uid": 131, "userid": 116, "name": "DnS", "avatar": "https://avatars.steamstatic.com/76b7a1118346ddac8e32198f37f89bdd31a1a9c7_full.jpg"}, "point": 1740}, {"user": {"uid": 187, "userid": 166, "name": "JF 112", "avatar": "https://avatars.steamstatic.com/9338cf14e4e649d883667878f97b756cf1eca742_full.jpg"}, "point": 1542}, {"user": {"uid": 23, "userid": 16, "name": "Darea", "avatar": "https://avatars.steamstatic.com/1c0cb0d9a2a2ad10690718ef6e7ab599426cee06_full.jpg"}, "point": 1460}, {"user": {"uid": 174, "userid": 163, "name": "matto3_0", "avatar": "https://avatars.steamstatic.com/def847b7a7bffa014ac28f21e9a278648b903f0e_full.jpg"}, "point": 1426}, {"user": {"uid": 52, "userid": 48, "name": "MsDave", "avatar": "https://avatars.steamstatic.com/3f06eafab28aab2c8a8da3ad2767aa99979d2c41_full.jpg"}, "point": 1340}, {"user": {"uid": 24, "userid": 24, "name": "Seifediaz", "avatar": "https://avatars.steamstatic.com/cb5f25f4d67874651ddb54df4b0d8283356f308b_full.jpg"}, "point": 1334}, {"user": {"uid": 99, "userid": 110, "name": "[RSL]Albanr.9", "avatar": "https://avatars.steamstatic.com/b3773af8338e7a36b55ec298e6dee7f4e0cd9aa0_full.jpg"}, "point": 1316}, {"user": {"uid": 135, "userid": 120, "name": "mschmidi270373", "avatar": "https://avatars.steamstatic.com/d670cb75b7d0055ee9c551ea24f9135512728a93_full.jpg"}, "point": 1302}, {"user": {"uid": 47, "userid": 41, "name": "gamer-gimlie", "avatar": "https://avatars.steamstatic.com/d07679e7ac4c9c629a3819f2a9693e2b66389e8a_full.jpg"}, "point": 1154}, {"user": {"uid": 199, "userid": 179, "name": "Marv", "avatar": "https://cdn.discordapp.com/avatars/491269024970440704/286a9b0e6df880695d71c4fb52f886c4.png"}, "point": 1038}, {"user": {"uid": 45, "userid": 36, "name": "Der Sachse", "avatar": "https://avatars.steamstatic.com/a627d3c0e9fe310d6ce9538c3594376522acbb00_full.jpg"}, "point": 1014}, {"user": {"uid": 2, "userid": 2, "name": "[RSL] Ghost", "avatar": "https://cdn.discordapp.com/avatars/673509646996209676/a_7feeb1df41d09e7ca4d7d962e4c56933.gif"}, "point": 956}, {"user": {"uid": 30, "userid": 52, "name": "Marlboro Gold", "avatar": "https://avatars.steamstatic.com/a04fb35aae2d932a8d6fe3d9a9663ab1c39cacea_full.jpg"}, "point": 780}, {"user": {"uid": 163, "userid": 152, "name": "martin.kuenz", "avatar": "https://avatars.steamstatic.com/fef49e7fa7e1997310d705b2a6158ff8dc1cdfeb_full.jpg"}, "point": 776}, {"user": {"uid": 100, "userid": 89, "name": "Lion6366", "avatar": "https://avatars.steamstatic.com/961035ce9e16e38c7ac779931d4df1b1bb827cb4_full.jpg"}, "point": 438}, {"user": {"uid": 54, "userid": 51, "name": "Don-R-Wetter", "avatar": "https://avatars.steamstatic.com/0bb0dc2a849ac1c4393c7237a60e37dba6be53c4_full.jpg"}, "point": 374}, {"user": {"uid": 126, "userid": 111, "name": "alxcan01", "avatar": "https://avatars.steamstatic.com/ce217224eb7f8c7a067f3f5c253f408010655c68_full.jpg"}, "point": 278}, {"user": {"uid": 19, "userid": 14, "name": "SPX_Vatron", "avatar": "https://avatars.steamstatic.com/ba66eed8be1a95a4c1d657c7fe97520bc63e55f9_full.jpg"}, "point": 244}, {"user": {"uid": 121, "userid": 107, "name": "Stoffel", "avatar": "https://avatars.steamstatic.com/f5a053006888d02d791fed0f3b467b0f22a72b75_full.jpg"}, "point": 124}, {"user": {"uid": 181, "userid": 160, "name": "Edgarianer007", "avatar": "https://avatars.steamstatic.com/de0a5993bd753b89c6b5c132a26d7ddc838e4424_full.jpg"}, "point": 74}, {"user": {"uid": 74, "userid": 66, "name": "FloZi0501", "avatar": "https://avatars.steamstatic.com/b630572cee357e2a7e9f9eaa1aed9723fb5ab984_full.jpg"}, "point": 0}], "fma": [{"user": {"uid": 136, "userid": 121, "name": "Fuzzi_One", "avatar": "https://avatars.steamstatic.com/80dc5c843904a69c82033fa7600d24e61dc9b370_full.jpg"}, "point": 1962734}, {"user": {"uid": 104, "userid": 92, "name": "Mario", "avatar": ""}, "point": 510959}, {"user": {"uid": 180, "userid": 159, "name": "HEFTI / Heiko", "avatar": "https://avatars.steamstatic.com/377878dfc35ee55e1eac69a197f1347d78f35066_full.jpg"}, "point": 160684}, {"user": {"uid": 171, "userid": 154, "name": "dom_binda", "avatar": "https://avatars.steamstatic.com/850c742b99f1bd3b7e51baab91a51db1ac4e08c8_full.jpg"}, "point": 158116}, {"user": {"uid": 28, "userid": 21, "name": "Lenkradgreifer / Peter", "avatar": "https://avatars.steamstatic.com/acf67207768cdc5be5f09aca6a9f7830bf27d6f7_full.jpg"}, "point": 144219}, {"user": {"uid": 31, "userid": 22, "name": "[RSL] Fun_irrenanstalt", "avatar": ""}, "point": 106850}, {"user": {"uid": 147, "userid": 132, "name": "Der  Opa", "avatar": "https://cdn.discordapp.com/avatars/390841934358249482/5182d95c0600108142ddbca2b09a1bb4.png"}, "point": 101998}, {"user": {"uid": 151, "userid": 136, "name": "rosiilein", "avatar": "https://avatars.steamstatic.com/fef49e7fa7e1997310d705b2a6158ff8dc1cdfeb_full.jpg"}, "point": 86108}, {"user": {"uid": 176, "userid": 157, "name": "SKELETOR96", "avatar": "https://avatars.steamstatic.com/e2de94aa5b303690fc34a2784287b2ea576b1250_full.jpg"}, "point": 85716}, {"user": {"uid": 165, "userid": 147, "name": "Bernd.R", "avatar": "https://avatars.steamstatic.com/1632837e2e6f9bff2970254d35d06bae45d9a395_full.jpg"}, "point": 71792}, {"user": {"uid": 143, "userid": 128, "name": "Tomm82m", "avatar": "https://avatars.steamstatic.com/70845c436d1d1acef2a024c0a46d21d53c13eda5_full.jpg"}, "point": 67892}, {"user": {"uid": 10, "userid": 10, "name": "[RSL] \u2720Anorak\u2720", "avatar": "https://cdn.discordapp.com/avatars/1211937272702697512/e8ec7cf3e7a4c9617a76c3f001924ec6.png"}, "point": 56971}, {"user": {"uid": 38, "userid": 27, "name": "elmundo1992", "avatar": "https://avatars.steamstatic.com/54be38c13d0e7792de2af9a76c4e376766cf697a_full.jpg"}, "point": 50640}, {"user": {"uid": 12, "userid": 9, "name": "Fabian", "avatar": "https://cdn.discordapp.com/avatars/636590993206149131/a_111fda2bf4727ff3c93f010507ff166c.gif"}, "point": 49891}, {"user": {"uid": 177, "userid": 158, "name": "Kloppster", "avatar": "https://avatars.steamstatic.com/32e721501b65adb28b8fe6c8cfd103215969ae49_full.jpg"}, "point": 49382}, {"user": {"uid": 6, "userid": 6, "name": "Rom77", "avatar": "https://avatars.steamstatic.com/c949ed9e884ddd730097bfe8848bdc3fb152f582_full.jpg"}, "point": 48707}, {"user": {"uid": 194, "userid": 171, "name": "subnayzz", "avatar": "https://avatars.steamstatic.com/541d03601aebfb8436b10da6b9d4d1275ec7edc4_full.jpg"}, "point": 47783}, {"user": {"uid": 1, "userid": 1, "name": "[RSL] Reamonn", "avatar": "https://cdn.discordapp.com/avatars/208630023626817536/d6b5a101ffa2655e917e9e2ca950025a.png"}, "point": 46961}, {"user": {"uid": 27, "userid": 40, "name": "Odin", "avatar": "https://avatars.steamstatic.com/d85514129aa7b2bd055e58358fea8f36254dbc3b_full.jpg"}, "point": 45210}, {"user": {"uid": 32, "userid": 35, "name": "ChrisHB", "avatar": "https://static.truckersmp.com/avatarsN/1701744.1706334814.jpg"}, "point": 42146}, {"user": {"uid": 3, "userid": 3, "name": "Yglo233", "avatar": "https://avatars.steamstatic.com/31b7c52f47bfc7fdf48a7793bcc63254fbb4d4e0_full.jpg"}, "point": 41870}, {"user": {"uid": 25, "userid": 19, "name": "Razoraptor", "avatar": "https://avatars.steamstatic.com/411f0a1d08563b0dcd648c344b113688287bfb1f_full.jpg"}, "point": 41244}, {"user": {"uid": 190, "userid": 168, "name": "DWELLER23", "avatar": "https://avatars.steamstatic.com/415e39cd7b3cbe49442ef90b37c5e367980f8124_full.jpg"}, "point": 39943}, {"user": {"uid": 184, "userid": 162, "name": "\ud835\udc00\ud835\udc25\ud835\udc1e\ud835\udc31", "avatar": "https://avatars.steamstatic.com/d3eb39d70f297a4191bea908797cd7972a77ad86_full.jpg"}, "point": 38102}, {"user": {"uid": 118, "userid": 103, "name": "EinfachnurWolf", "avatar": "https://avatars.steamstatic.com/dcddc28153a03ef589ba9b54c11a1edc4384acdf_full.jpg"}, "point": 38010}, {"user": {"uid": 202, "userid": 176, "name": "Husky-Wolf", "avatar": "https://avatars.steamstatic.com/b331eecb5a6494dedce1f093aa6e3ab82b9b0794_full.jpg"}, "point": 32232}, {"user": {"uid": 196, "userid": 174, "name": "Th3_RS", "avatar": "https://avatars.steamstatic.com/db3bd0a387e73f7853a3a00ec81cafc962c949cc_full.jpg"}, "point": 31918}, {"user": {"uid": 62, "userid": 55, "name": "Uhtred Ragnarson", "avatar": "https://avatars.steamstatic.com/5ac96193edf39f0e7071bf69bf710db4a2352465_full.jpg"}, "point": 30542}, {"user": {"uid": 84, "userid": 75, "name": "lolgamer5300", "avatar": "https://avatars.steamstatic.com/76ad51d2c234085fc07dbe1396e3d39331376fd5_full.jpg"}, "point": 29918}, {"user": {"uid": 169, "userid": 153, "name": "Ca24", "avatar": "https://avatars.steamstatic.com/fef49e7fa7e1997310d705b2a6158ff8dc1cdfeb_full.jpg"}, "point": 27410}, {"user": {"uid": 72, "userid": 64, "name": "BoucBrutal", "avatar": "https://avatars.steamstatic.com/3b0d8bbe6bc98d9e4405baafe0d341663e8d5bf1_full.jpg"}, "point": 26646}, {"user": {"uid": 98, "userid": 88, "name": "2710150", "avatar": "https://avatars.steamstatic.com/8b06c487bb6e3cf74c5ac6803b77ba8a7d9de45d_full.jpg"}, "point": 25326}, {"user": {"uid": 75, "userid": 67, "name": "GunGamerTV", "avatar": "https://avatars.steamstatic.com/64ae1da41a9c51a5ab44c29f0b054b14123aabe4_full.jpg"}, "point": 24407}, {"user": {"uid": 64, "userid": 57, "name": "captainbubatz", "avatar": "https://avatars.steamstatic.com/05e287bb68b9dd3798bae459b8e7d4cc59c5e9a5_full.jpg"}, "point": 23368}, {"user": {"uid": 157, "userid": 149, "name": "[RSL] SlapVEVO", "avatar": "https://cdn.discordapp.com/avatars/263769453165019148/9bbe47d6a17fa7b410126bcb9a98e7e5.png"}, "point": 23328}, {"user": {"uid": 145, "userid": 130, "name": "Mr.Korall", "avatar": "https://avatars.steamstatic.com/71c5c5744ad9cda9e24a3cbb14bba2e238bf66af_full.jpg"}, "point": 22838}, {"user": {"uid": 153, "userid": 138, "name": "anvo97", "avatar": "https://avatars.steamstatic.com/cb20d4b269536a4a6a6b5ee95d21a8bdc6587639_full.jpg"}, "point": 21466}, {"user": {"uid": 166, "userid": 148, "name": "Mr. Flamerbob", "avatar": "https://avatars.steamstatic.com/f09c6f0a5e09fe9c72513549759e782358641670_full.jpg"}, "point": 21175}, {"user": {"uid": 29, "userid": 23, "name": "Seitenbacher_Hanf\u00f6l", "avatar": "https://avatars.steamstatic.com/acf67207768cdc5be5f09aca6a9f7830bf27d6f7_full.jpg"}, "point": 20892}, {"user": {"uid": 161, "userid": 144, "name": "Marian", "avatar": "https://cdn.discordapp.com/avatars/583290029909213184/24bc7994a80bd53bab469d683dd3a2d6.png"}, "point": 20146}, {"user": {"uid": 15, "userid": 13, "name": "Ben", "avatar": "https://avatars.steamstatic.com/38184fe514390db6b685d098a43d9b8cf60939e2_full.jpg"}, "point": 19226}, {"user": {"uid": 198, "userid": 175, "name": "SiKe_342", "avatar": "https://avatars.steamstatic.com/1fd7929be85d31c2215352cf1dd62fe4f50f6539_full.jpg"}, "point": 18646}, {"user": {"uid": 69, "userid": 61, "name": "Cordova_901", "avatar": "https://avatars.steamstatic.com/30fe0fec254500730ad4ec2c2284bb366cec6dac_full.jpg"}, "point": 17756}, {"user": {"uid": 186, "userid": 165, "name": "niklasluley", "avatar": "https://avatars.steamstatic.com/260b656ce9a406015f76d7cdcf7c667009f71704_full.jpg"}, "point": 17676}, {"user": {"uid": 139, "userid": 124, "name": "felix-menzler", "avatar": "https://avatars.steamstatic.com/92f23da5d9678dfe7c3d530a1c449c98331a0cca_full.jpg"}, "point": 17430}, {"user": {"uid": 154, "userid": 139, "name": "diedubblebres", "avatar": "https://avatars.steamstatic.com/708b6fa271f19f23714dc247683d820bad1aa579_full.jpg"}, "point": 16926}, {"user": {"uid": 77, "userid": 69, "name": "petschu", "avatar": "https://avatars.steamstatic.com/0b25d0c7ae09b25b5b8181b3759231284797f3df_full.jpg"}, "point": 16286}, {"user": {"uid": 86, "userid": 77, "name": "Hryni", "avatar": "https://avatars.steamstatic.com/0c8f01b7d411a479d2220fc9cae760ccb6ca7fa4_full.jpg"}, "point": 16218}, {"user": {"uid": 99, "userid": 110, "name": "[RSL]Albanr.9", "avatar": "https://avatars.steamstatic.com/b3773af8338e7a36b55ec298e6dee7f4e0cd9aa0_full.jpg"}, "point": 15516}, {"user": {"uid": 7, "userid": 7, "name": "lordyee41", "avatar": "https://avatars.steamstatic.com/0ae81ca7c6209a3391ea86d2da7ff019658732e0_full.jpg"}, "point": 15226}, {"user": {"uid": 148, "userid": 133, "name": "justin__zockt", "avatar": "https://avatars.steamstatic.com/8f6916be3dcc60a0c3e9391276bce389a138b83a_full.jpg"}, "point": 13844}, {"user": {"uid": 73, "userid": 65, "name": "AlterSack", "avatar": "https://avatars.steamstatic.com/dbb56f070d18b66129214d1ba8763e3b8d7f0aa8_full.jpg"}, "point": 13818}, {"user": {"uid": 17, "userid": 38, "name": "Julian", "avatar": "https://avatars.steamstatic.com/bba9b676052e67e10f0ce8cec815c138e5c030b8_full.jpg"}, "point": 13450}, {"user": {"uid": 141, "userid": 126, "name": "Dome", "avatar": "https://avatars.steamstatic.com/ae55f68b3ccef730e265e45ade565f8eb7719e40_full.jpg"}, "point": 13408}, {"user": {"uid": 183, "userid": 161, "name": "2Lost4Playing", "avatar": "https://avatars.steamstatic.com/a73955f5d746e6e266b5170c2eed3047928ff0b7_full.jpg"}, "point": 12994}, {"user": {"uid": 192, "userid": 172, "name": "TopsyCret", "avatar": "https://avatars.steamstatic.com/82aecb83684b9c1d29f6f26a4642971416734fcc_full.jpg"}, "point": 11994}, {"user": {"uid": 50, "userid": 43, "name": "Tarial", "avatar": "https://avatars.steamstatic.com/852cd2da47222f03895ad2c285d0980e4f003168_full.jpg"}, "point": 11488}, {"user": {"uid": 51, "userid": 42, "name": "Holy Kiwinger <3\u2122", "avatar": "https://avatars.steamstatic.com/83d2ab083eb76aebed718fd01921fbe2af2b7e35_full.jpg"}, "point": 11082}, {"user": {"uid": 55, "userid": 50, "name": "zogger9000", "avatar": "https://static.truckersmp.com/avatarsN/defaultavatar.png"}, "point": 11028}, {"user": {"uid": 155, "userid": 140, "name": "\u1d05\u1d00\u1d20\u1d05\u1d00\u1d1b\u026a\u1d20\u1d07", "avatar": "https://cdn.discordapp.com/avatars/933050296811290684/c6ba92368a24015455013d8440ca558e.png"}, "point": 11004}, {"user": {"uid": 114, "userid": 99, "name": "melox030", "avatar": "https://avatars.steamstatic.com/fef49e7fa7e1997310d705b2a6158ff8dc1cdfeb_full.jpg"}, "point": 10922}, {"user": {"uid": 122, "userid": 106, "name": "HaterKing_997", "avatar": "https://avatars.steamstatic.com/f26cba967853fcb92d653d1ee4d0d2dbdc9dd60e_full.jpg"}, "point": 10756}, {"user": {"uid": 63, "userid": 56, "name": "berryMdream", "avatar": "https://avatars.steamstatic.com/af2116e7c2fb64d742bad69adee6beca4934692e_full.jpg"}, "point": 10296}, {"user": {"uid": 41, "userid": 25, "name": "Marvin", "avatar": "https://avatars.steamstatic.com/fef49e7fa7e1997310d705b2a6158ff8dc1cdfeb_full.jpg"}, "point": 10180}, {"user": {"uid": 91, "userid": 82, "name": "Ninja_Kiwi", "avatar": "https://avatars.steamstatic.com/1aaec1ed3f3cd8465fa42665b01eb70d7f701604_full.jpg"}, "point": 9768}, {"user": {"uid": 81, "userid": 72, "name": "Wolfssturm1", "avatar": "https://avatars.steamstatic.com/360236e555049f204b12d3a8685a3b9b9764ebfe_full.jpg"}, "point": 9600}, {"user": {"uid": 201, "userid": 177, "name": "Alexander", "avatar": "https://avatars.steamstatic.com/2bf8d638de1cfc5daa528b34f1cc50e720746fb2_full.jpg"}, "point": 8400}, {"user": {"uid": 132, "userid": 117, "name": "!Pinocchio", "avatar": "https://avatars.steamstatic.com/ad6d05f99b19d6a006f36db6008f93a6b4d5fe3a_full.jpg"}, "point": 7884}, {"user": {"uid": 130, "userid": 115, "name": "GhostRiDeR_REAL", "avatar": "https://avatars.steamstatic.com/0f18411149a060051bdafef053969f859dc73196_full.jpg"}, "point": 7472}, {"user": {"uid": 105, "userid": 91, "name": "[RSL] Andrii", "avatar": "https://cdn.discordapp.com/avatars/693181056060227706/708c635c0bec244ac90d907dd0b76146.png"}, "point": 7130}, {"user": {"uid": 48, "userid": 44, "name": "DeeBee", "avatar": "https://avatars.steamstatic.com/dce158ba0978775e46796f95ac009ded8d52693f_full.jpg"}, "point": 7126}, {"user": {"uid": 160, "userid": 143, "name": "D4t", "avatar": "https://avatars.steamstatic.com/eaacbbf3f597bc70d6d767b555ffdf5e9fb8e942_full.jpg"}, "point": 7034}, {"user": {"uid": 164, "userid": 146, "name": "RecordingBadass", "avatar": "https://avatars.steamstatic.com/60a08004ab4caf17dee67aeabda1d156d08dff11_full.jpg"}, "point": 6602}, {"user": {"uid": 112, "userid": 97, "name": "Marko", "avatar": "https://avatars.steamstatic.com/fef49e7fa7e1997310d705b2a6158ff8dc1cdfeb_full.jpg"}, "point": 6544}, {"user": {"uid": 167, "userid": 150, "name": "JaPaMoe", "avatar": "https://avatars.steamstatic.com/c7c051daec1b48bfe55b531f6dba3a456de32c96_full.jpg"}, "point": 6056}, {"user": {"uid": 134, "userid": 119, "name": "El\u017cbieta Bosak", "avatar": "https://avatars.steamstatic.com/3fa0cc4cf07503e4ee7542b46195aae10b7ec6e7_full.jpg"}, "point": 6024}, {"user": {"uid": 191, "userid": 170, "name": "TheAndy33", "avatar": "https://avatars.steamstatic.com/bf469dff0dd81e52001fff72d1cc373d855c5498_full.jpg"}, "point": 6011}, {"user": {"uid": 195, "userid": 173, "name": "Walk1ngZ0mb3R", "avatar": "https://avatars.steamstatic.com/b2edbc430cffa963966ebafc9e7844414a9c51c1_full.jpg"}, "point": 5716}, {"user": {"uid": 49, "userid": 47, "name": "UselessHumanBeing", "avatar": "https://avatars.steamstatic.com/97e463a36f2693f6158631fb69c4074694019c20_full.jpg"}, "point": 5538}, {"user": {"uid": 71, "userid": 63, "name": "Ghost_Trix", "avatar": "https://avatars.steamstatic.com/65784cb24ab0fea7698c7d0fd5055e1079d83d63_full.jpg"}, "point": 5304}, {"user": {"uid": 26, "userid": 33, "name": "[RSL] Mambo", "avatar": "https://cdn.discordapp.com/avatars/768651199607734294/a_ee77029fae0aa73c1dacc5bae7a62aac.gif"}, "point": 4740}, {"user": {"uid": 57, "userid": 49, "name": "\u039b\u03a3\u01a7\u01acX", "avatar": "https://avatars.steamstatic.com/05bd07116ef64dc4f7e2b12d9c32ca2ded228988_full.jpg"}, "point": 4404}, {"user": {"uid": 168, "userid": 151, "name": "LordMiLu", "avatar": "https://avatars.steamstatic.com/90281bcb08a9d28ef4c343c5f6b8b75f093e4a9b_full.jpg"}, "point": 4390}, {"user": {"uid": 22, "userid": 15, "name": "[RSL] Kevin", "avatar": ""}, "point": 4360}, {"user": {"uid": 113, "userid": 98, "name": "Pumatv_20", "avatar": "https://avatars.steamstatic.com/a8ae302ff03a84c1c05cbe29cc83cc437b9fce7c_full.jpg"}, "point": 4292}, {"user": {"uid": 68, "userid": 60, "name": "JoBro", "avatar": "https://avatars.steamstatic.com/b1b8c9839ebbf8e0d885f64d1366a1ff95b0d0d5_full.jpg"}, "point": 4208}, {"user": {"uid": 185, "userid": 164, "name": "Vivi.w0k", "avatar": "https://cdn.discordapp.com/avatars/1200094544616759397/5540250518027a844ec3c1e2321ba186.png"}, "point": 4076}, {"user": {"uid": 137, "userid": 122, "name": "Ollknoll", "avatar": "https://avatars.steamstatic.com/940454d3f8b8075ab35bd2a555be3b529fd8c29f_full.jpg"}, "point": 3834}, {"user": {"uid": 87, "userid": 78, "name": "JonasMcPotter", "avatar": "https://avatars.steamstatic.com/5a130ded2be398408680c2526b5408ce08d13834_full.jpg"}, "point": 3484}, {"user": {"uid": 204, "userid": 180, "name": "Epeson", "avatar": "https://avatars.steamstatic.com/8d9be6b7519123be4e11d212692d51dd124ff102_full.jpg"}, "point": 3436}, {"user": {"uid": 42, "userid": 45, "name": "xSimogg", "avatar": "https://avatars.steamstatic.com/f0e116a40ac026c80897f3568a6f6b0fd150a4cc_full.jpg"}, "point": 3280}, {"user": {"uid": 175, "userid": 156, "name": "Hennes", "avatar": "https://avatars.steamstatic.com/95d8f1c00bbdc43e289e494f3dad027a6f930ac4_full.jpg"}, "point": 3272}, {"user": {"uid": 129, "userid": 114, "name": "Aykut", "avatar": "https://avatars.steamstatic.com/e1dc7079faabd6aa122062cc19d9d7ada9ea3b81_full.jpg"}, "point": 3146}, {"user": {"uid": 138, "userid": 123, "name": "Leon22", "avatar": ""}, "point": 3136}, {"user": {"uid": 46, "userid": 37, "name": "GiiForce", "avatar": "https://avatars.steamstatic.com/345c6ba953d6a7e56e2df6f319cbee50a72bf91d_full.jpg"}, "point": 2904}, {"user": {"uid": 119, "userid": 104, "name": "hansenluca06", "avatar": "https://avatars.steamstatic.com/cc744d1a1b593d1fcbda3c00a975f994662815ff_full.jpg"}, "point": 2900}, {"user": {"uid": 116, "userid": 101, "name": "Qiopoto", "avatar": "https://avatars.steamstatic.com/b81d548442ebcbaef1258431da08bd7d985fdc08_full.jpg"}, "point": 2522}, {"user": {"uid": 127, "userid": 112, "name": "pappnaas05", "avatar": "https://cdn.discordapp.com/avatars/467693099351801857/e789a6de8444c4ddbc96f54f5eca2073.png"}, "point": 2344}, {"user": {"uid": 205, "userid": 181, "name": "Jakkd", "avatar": "https://avatars.steamstatic.com/97670eff7ffff1bfa68343bab29481e6fb148c75_full.jpg"}, "point": 2240}, {"user": {"uid": 117, "userid": 102, "name": "LilMiiP :)", "avatar": "https://avatars.steamstatic.com/5f49c38ec606469b6ecae76ea46b312b9fccb77c_full.jpg"}, "point": 2236}, {"user": {"uid": 189, "userid": 167, "name": "SGDDYNAMO", "avatar": "https://avatars.steamstatic.com/1fa48f3adeb9594213eb5579244b70f7430ff46e_full.jpg"}, "point": 2216}, {"user": {"uid": 159, "userid": 142, "name": "marc03null", "avatar": "https://avatars.steamstatic.com/8dfe278c7493b6984540e57ecd57b791df13841e_full.jpg"}, "point": 2202}, {"user": {"uid": 88, "userid": 79, "name": "EVEC_Titeltan", "avatar": "https://avatars.steamstatic.com/4c5baa7578949704b1e9f6fd3e1f6fef486ea255_full.jpg"}, "point": 2042}, {"user": {"uid": 133, "userid": 118, "name": "[RSL] Reisstehtf\u00fcrryze", "avatar": "https://avatars.steamstatic.com/14c94ace391b90e2c5c3e07e44f518f25a3d4376_full.jpg"}, "point": 2040}, {"user": {"uid": 14, "userid": 12, "name": "taaastyyy", "avatar": "https://avatars.steamstatic.com/d71b2fd5a847a659ec55c28f0693363643794d79_full.jpg"}, "point": 1980}, {"user": {"uid": 70, "userid": 62, "name": "Tr4xe", "avatar": "https://avatars.steamstatic.com/f2113fe4c56a40abf11f5b2ba82a922b9362e305_full.jpg"}, "point": 1852}, {"user": {"uid": 61, "userid": 54, "name": "Marcel.3101", "avatar": "https://avatars.steamstatic.com/cbfb3b9dd23d1713d1630789bf8ace321f82a154_full.jpg"}, "point": 1784}, {"user": {"uid": 43, "userid": 39, "name": "ruhland.stefan", "avatar": "https://avatars.steamstatic.com/c5a360f6f39ed4867c4fb6e3f4aca743020af39a_full.jpg"}, "point": 1766}, {"user": {"uid": 9, "userid": 8, "name": "Batenhorster", "avatar": "https://avatars.steamstatic.com/7ff64278f3090ef80d56581bac259497766a45b3_full.jpg"}, "point": 1758}, {"user": {"uid": 131, "userid": 116, "name": "DnS", "avatar": "https://avatars.steamstatic.com/76b7a1118346ddac8e32198f37f89bdd31a1a9c7_full.jpg"}, "point": 1740}, {"user": {"uid": 187, "userid": 166, "name": "JF 112", "avatar": "https://avatars.steamstatic.com/9338cf14e4e649d883667878f97b756cf1eca742_full.jpg"}, "point": 1542}, {"user": {"uid": 23, "userid": 16, "name": "Darea", "avatar": "https://avatars.steamstatic.com/1c0cb0d9a2a2ad10690718ef6e7ab599426cee06_full.jpg"}, "point": 1460}, {"user": {"uid": 174, "userid": 163, "name": "matto3_0", "avatar": "https://avatars.steamstatic.com/def847b7a7bffa014ac28f21e9a278648b903f0e_full.jpg"}, "point": 1426}, {"user": {"uid": 52, "userid": 48, "name": "MsDave", "avatar": "https://avatars.steamstatic.com/3f06eafab28aab2c8a8da3ad2767aa99979d2c41_full.jpg"}, "point": 1340}, {"user": {"uid": 24, "userid": 24, "name": "Seifediaz", "avatar": "https://avatars.steamstatic.com/cb5f25f4d67874651ddb54df4b0d8283356f308b_full.jpg"}, "point": 1334}, {"user": {"uid": 135, "userid": 120, "name": "mschmidi270373", "avatar": "https://avatars.steamstatic.com/d670cb75b7d0055ee9c551ea24f9135512728a93_full.jpg"}, "point": 1302}, {"user": {"uid": 47, "userid": 41, "name": "gamer-gimlie", "avatar": "https://avatars.steamstatic.com/d07679e7ac4c9c629a3819f2a9693e2b66389e8a_full.jpg"}, "point": 1154}, {"user": {"uid": 199, "userid": 179, "name": "Marv", "avatar": "https://cdn.discordapp.com/avatars/491269024970440704/286a9b0e6df880695d71c4fb52f886c4.png"}, "point": 1038}, {"user": {"uid": 45, "userid": 36, "name": "Der Sachse", "avatar": "https://avatars.steamstatic.com/a627d3c0e9fe310d6ce9538c3594376522acbb00_full.jpg"}, "point": 1014}, {"user": {"uid": 2, "userid": 2, "name": "[RSL] Ghost", "avatar": "https://cdn.discordapp.com/avatars/673509646996209676/a_7feeb1df41d09e7ca4d7d962e4c56933.gif"}, "point": 956}, {"user": {"uid": 30, "userid": 52, "name": "Marlboro Gold", "avatar": "https://avatars.steamstatic.com/a04fb35aae2d932a8d6fe3d9a9663ab1c39cacea_full.jpg"}, "point": 780}, {"user": {"uid": 163, "userid": 152, "name": "martin.kuenz", "avatar": "https://avatars.steamstatic.com/fef49e7fa7e1997310d705b2a6158ff8dc1cdfeb_full.jpg"}, "point": 776}, {"user": {"uid": 100, "userid": 89, "name": "Lion6366", "avatar": "https://avatars.steamstatic.com/961035ce9e16e38c7ac779931d4df1b1bb827cb4_full.jpg"}, "point": 438}, {"user": {"uid": 54, "userid": 51, "name": "Don-R-Wetter", "avatar": "https://avatars.steamstatic.com/0bb0dc2a849ac1c4393c7237a60e37dba6be53c4_full.jpg"}, "point": 374}, {"user": {"uid": 126, "userid": 111, "name": "alxcan01", "avatar": "https://avatars.steamstatic.com/ce217224eb7f8c7a067f3f5c253f408010655c68_full.jpg"}, "point": 278}, {"user": {"uid": 19, "userid": 14, "name": "SPX_Vatron", "avatar": "https://avatars.steamstatic.com/ba66eed8be1a95a4c1d657c7fe97520bc63e55f9_full.jpg"}, "point": 244}, {"user": {"uid": 121, "userid": 107, "name": "Stoffel", "avatar": "https://avatars.steamstatic.com/f5a053006888d02d791fed0f3b467b0f22a72b75_full.jpg"}, "point": 124}, {"user": {"uid": 181, "userid": 160, "name": "Edgarianer007", "avatar": "https://avatars.steamstatic.com/de0a5993bd753b89c6b5c132a26d7ddc838e4424_full.jpg"}, "point": 74}, {"user": {"uid": 74, "userid": 66, "name": "FloZi0501", "avatar": "https://avatars.steamstatic.com/b630572cee357e2a7e9f9eaa1aed9723fb5ab984_full.jpg"}, "point": 0}]}