{"fmd": [{"user": {"uid": 2, "userid": 3, "name": "ryanmc1996", "avatar": "https://cdn.discordapp.com/avatars/1029069708651139283/201deb7169ccc69677e94184b5510416.png"}, "point": 7086}, {"user": {"uid": 3, "userid": 2, "name": "shaunirishv8ireland", "avatar": "https://cdn.discordapp.com/avatars/320654755271802880/d501f0b71fad7302cf7b1104294bed06.png"}, "point": 5038}, {"user": {"uid": 8, "userid": 8, "name": "adamlee5199", "avatar": "https://cdn.discordapp.com/avatars/1061154053398216774/2c0738cae2d7dd0e9bdabd7fe8e00e96.png"}, "point": 666}], "fma": [{"user": {"uid": 2, "userid": 3, "name": "ryanmc1996", "avatar": "https://cdn.discordapp.com/avatars/1029069708651139283/201deb7169ccc69677e94184b5510416.png"}, "point": 7156}, {"user": {"uid": 3, "userid": 2, "name": "shaunirishv8ireland", "avatar": "https://cdn.discordapp.com/avatars/320654755271802880/d501f0b71fad7302cf7b1104294bed06.png"}, "point": 5272}, {"user": {"uid": 8, "userid": 8, "name": "adamlee5199", "avatar": "https://cdn.discordapp.com/avatars/1061154053398216774/2c0738cae2d7dd0e9bdabd7fe8e00e96.png"}, "point": 672}]}