{"fmd": [{"user": {"uid": 3, "userid": 3, "name": "Exotic", "avatar": "https://cdn.discordapp.com/avatars/700374237877239900/a_21e1ff939d6a4f746de039650ff02a1d.gif"}, "point": 13875}, {"user": {"uid": 18, "userid": 16, "name": "\ud835\ude3f\ud835\ude5e\ud835\ude68\ud835\ude58\ud835\ude64 \ud835\ude4e\ud835\ude69\ud835\ude6a", "avatar": "https://cdn.discordapp.com/avatars/767765813797060611/ac21f048f12e41496ab04e023cb027d8.png"}, "point": 11014}, {"user": {"uid": 10, "userid": 10, "name": "bone heart", "avatar": "https://cdn.discordapp.com/avatars/792768685861371905/7d4ab7382176b5d07f614f4361b87b46.png"}, "point": 9182}, {"user": {"uid": 12, "userid": 15, "name": "h\u03b1ll\u0454luj\u03b1h", "avatar": "https://cdn.discordapp.com/avatars/489787824397352970/42ff6b81d02f4d7b1083fdebdb00a305.png"}, "point": 9030}, {"user": {"uid": 15, "userid": 12, "name": "Lorenzo br", "avatar": "https://cdn.discordapp.com/avatars/635968015371862082/8ca41d930d87fb4266f4c1666828d3f3.png"}, "point": 7790}, {"user": {"uid": 23, "userid": 22, "name": "Martijn", "avatar": "https://cdn.discordapp.com/avatars/153514855280803840/a_55db952b0b6b1ab551cc2fe7fe823cec.gif"}, "point": 6540}, {"user": {"uid": 19, "userid": 17, "name": "Marcos", "avatar": "https://avatars.steamstatic.com/752eb38c3b0bc6f74708ec2c3d44d00bda41edde_full.jpg"}, "point": 6474}, {"user": {"uid": 8, "userid": 6, "name": "\ud835\udc12kyH\u03b5ad\u03b5\u044f", "avatar": "https://cdn.discordapp.com/avatars/368478030504525825/0e043adf10e519ea7205a27fc0f2bf23.png"}, "point": 5948}, {"user": {"uid": 14, "userid": 11, "name": "L O R E N Z", "avatar": "https://static.truckersmp.com/avatarsN/4486749.1691828789.png"}, "point": 5821}, {"user": {"uid": 24, "userid": 23, "name": "Gnurken", "avatar": "https://static.truckersmp.com/avatarsN/1166949.1704562524.png"}, "point": 5614}, {"user": {"uid": 16, "userid": 13, "name": "chad vectron", "avatar": "https://cdn.discordapp.com/avatars/657613617906057247/81f8851d92f3ac1f80da82575197921f.png"}, "point": 5444}, {"user": {"uid": 13, "userid": 9, "name": "n i x a", "avatar": "https://cdn.discordapp.com/avatars/939242048131842149/d73eae702546d32ffede01366fc67c13.png"}, "point": 5254}, {"user": {"uid": 1, "userid": 1, "name": "RageDev", "avatar": "https://cdn.discordapp.com/avatars/461836521335685120/dda93fcefdcfe9188fdda0adc2a5b012.png"}, "point": 5074}, {"user": {"uid": 47, "userid": 44, "name": "FilleeSWE", "avatar": "https://cdn.discordapp.com/avatars/457245258325950494/cbbc432d0792314c51aa7e41d5c5f1eb.png"}, "point": 3812}, {"user": {"uid": 34, "userid": 26, "name": "WiLczuR77", "avatar": "https://cdn.discordapp.com/avatars/786282772255211560/215b343cd011110bf98e4157bab6f2cb.png"}, "point": 3690}, {"user": {"uid": 38, "userid": 34, "name": "BGwarrior_49", "avatar": "https://cdn.discordapp.com/avatars/588444287843172363/2ed83c8492581aa1c2555ecaa5180e82.png"}, "point": 3674}, {"user": {"uid": 28, "userid": 27, "name": "reissverschlussverfahren", "avatar": "https://avatars.steamstatic.com/7b74c751b8e0bb519b02aa069a2d74d24c2356ae_full.jpg"}, "point": 3574}, {"user": {"uid": 11, "userid": 7, "name": "Niftyx", "avatar": "https://cdn.discordapp.com/avatars/414183078039257090/4eedc04f9ead43168cae1e47de1b4356.png"}, "point": 2514}, {"user": {"uid": 43, "userid": 39, "name": "ItsRedex", "avatar": "https://avatars.steamstatic.com/88264dee979a39c8e698b5e8c4e6ef33758a26b1_full.jpg"}, "point": 4}, {"user": {"uid": 39, "userid": 36, "name": "' Jonas.", "avatar": "https://static.truckersmp.com/avatarsN/defaultavatar.png"}, "point": 0}, {"user": {"uid": 41, "userid": 45, "name": "Lukas", "avatar": "https://cdn.discordapp.com/avatars/936740740518776873/9cc8fe6180dfdd124a773b4483c298b5.png"}, "point": 0}], "fma": [{"user": {"uid": 3, "userid": 3, "name": "Exotic", "avatar": "https://cdn.discordapp.com/avatars/700374237877239900/a_21e1ff939d6a4f746de039650ff02a1d.gif"}, "point": 763875}, {"user": {"uid": 24, "userid": 23, "name": "Gnurken", "avatar": "https://static.truckersmp.com/avatarsN/1166949.1704562524.png"}, "point": 505614}, {"user": {"uid": 34, "userid": 26, "name": "WiLczuR77", "avatar": "https://cdn.discordapp.com/avatars/786282772255211560/215b343cd011110bf98e4157bab6f2cb.png"}, "point": 503690}, {"user": {"uid": 47, "userid": 44, "name": "FilleeSWE", "avatar": "https://cdn.discordapp.com/avatars/457245258325950494/cbbc432d0792314c51aa7e41d5c5f1eb.png"}, "point": 211812}, {"user": {"uid": 10, "userid": 10, "name": "bone heart", "avatar": "https://cdn.discordapp.com/avatars/792768685861371905/7d4ab7382176b5d07f614f4361b87b46.png"}, "point": 209182}, {"user": {"uid": 19, "userid": 17, "name": "Marcos", "avatar": "https://avatars.steamstatic.com/752eb38c3b0bc6f74708ec2c3d44d00bda41edde_full.jpg"}, "point": 206474}, {"user": {"uid": 30, "userid": 24, "name": "Keff[\u03b7l]", "avatar": "https://static.truckersmp.com/avatarsN/defaultavatar.png"}, "point": 200000}, {"user": {"uid": 42, "userid": 38, "name": "Swift", "avatar": "https://cdn.discordapp.com/avatars/633793745040441374/48903a67b93f395922e572446f995268.png"}, "point": 200000}, {"user": {"uid": 18, "userid": 16, "name": "\ud835\ude3f\ud835\ude5e\ud835\ude68\ud835\ude58\ud835\ude64 \ud835\ude4e\ud835\ude69\ud835\ude6a", "avatar": "https://cdn.discordapp.com/avatars/767765813797060611/ac21f048f12e41496ab04e023cb027d8.png"}, "point": 111014}, {"user": {"uid": 12, "userid": 15, "name": "h\u03b1ll\u0454luj\u03b1h", "avatar": "https://cdn.discordapp.com/avatars/489787824397352970/42ff6b81d02f4d7b1083fdebdb00a305.png"}, "point": 109030}, {"user": {"uid": 38, "userid": 34, "name": "BGwarrior_49", "avatar": "https://cdn.discordapp.com/avatars/588444287843172363/2ed83c8492581aa1c2555ecaa5180e82.png"}, "point": 103874}, {"user": {"uid": 17, "userid": 14, "name": "Jimmy", "avatar": "https://cdn.discordapp.com/avatars/1219626449699602432/e0c133c5b094607d0489ce1e94388b30.png"}, "point": 100000}, {"user": {"uid": 41, "userid": 45, "name": "Lukas", "avatar": "https://cdn.discordapp.com/avatars/936740740518776873/9cc8fe6180dfdd124a773b4483c298b5.png"}, "point": 100000}, {"user": {"uid": 8, "userid": 6, "name": "\ud835\udc12kyH\u03b5ad\u03b5\u044f", "avatar": "https://cdn.discordapp.com/avatars/368478030504525825/0e043adf10e519ea7205a27fc0f2bf23.png"}, "point": 83948}, {"user": {"uid": 16, "userid": 13, "name": "chad vectron", "avatar": "https://cdn.discordapp.com/avatars/657613617906057247/81f8851d92f3ac1f80da82575197921f.png"}, "point": 49444}, {"user": {"uid": 15, "userid": 12, "name": "Lorenzo br", "avatar": "https://cdn.discordapp.com/avatars/635968015371862082/8ca41d930d87fb4266f4c1666828d3f3.png"}, "point": 47790}, {"user": {"uid": 31, "userid": 25, "name": "itzadel", "avatar": "https://avatars.steamstatic.com/aca3c56c6009b259e00d373e14bf616065f6de3c_full.jpg"}, "point": 40000}, {"user": {"uid": 37, "userid": 33, "name": "TTDTheo", "avatar": "https://cdn.discordapp.com/avatars/1145683091176833114/b5db924ff0fe5de313fb1f3d6c2526cd.png"}, "point": 40000}, {"user": {"uid": 39, "userid": 36, "name": "' Jonas.", "avatar": "https://static.truckersmp.com/avatarsN/defaultavatar.png"}, "point": 40000}, {"user": {"uid": 44, "userid": 40, "name": "M\u03b9\u2113\u043a\u0455\u043d\u03b1\u043a\u0454", "avatar": "https://cdn.discordapp.com/avatars/688104706781872311/60e828510640b08b57f5a68138ae4f64.png"}, "point": 40000}, {"user": {"uid": 9, "userid": 28, "name": "[FR] [Solve] L\u00e9o_55ZZ", "avatar": "https://avatars.steamstatic.com/356b6fa9ec7a6d6bce2fdbf5a87360de441f5f8b_full.jpg"}, "point": 20000}, {"user": {"uid": 22, "userid": 31, "name": "\u0196\u03b1\u043c\u01ac\u028b\u044f\u0432\u03c3", "avatar": "https://cdn.discordapp.com/avatars/1004182382741569607/a_5eaba1403a5906728bb20080706700c9.gif"}, "point": 20000}, {"user": {"uid": 36, "userid": 41, "name": "\u00b4\ud835\udd6d\ud835\udd9a\ud835\udd99\ud835\udd99\ud835\udd8a\ud835\udd97\ud835\udd87\ud835\udd8e\ud835\udd97\ud835\udd93\ud835\udd8a \u2122", "avatar": "https://cdn.discordapp.com/avatars/739880406580461721/8e3728279de0d66bcc5165935e796c59.png"}, "point": 20000}, {"user": {"uid": 23, "userid": 22, "name": "Martijn", "avatar": "https://cdn.discordapp.com/avatars/153514855280803840/a_55db952b0b6b1ab551cc2fe7fe823cec.gif"}, "point": 6540}, {"user": {"uid": 1, "userid": 1, "name": "RageDev", "avatar": "https://cdn.discordapp.com/avatars/461836521335685120/dda93fcefdcfe9188fdda0adc2a5b012.png"}, "point": 6474}, {"user": {"uid": 14, "userid": 11, "name": "L O R E N Z", "avatar": "https://static.truckersmp.com/avatarsN/4486749.1691828789.png"}, "point": 5821}, {"user": {"uid": 13, "userid": 9, "name": "n i x a", "avatar": "https://cdn.discordapp.com/avatars/939242048131842149/d73eae702546d32ffede01366fc67c13.png"}, "point": 5254}, {"user": {"uid": 28, "userid": 27, "name": "reissverschlussverfahren", "avatar": "https://avatars.steamstatic.com/7b74c751b8e0bb519b02aa069a2d74d24c2356ae_full.jpg"}, "point": 3574}, {"user": {"uid": 11, "userid": 7, "name": "Niftyx", "avatar": "https://cdn.discordapp.com/avatars/414183078039257090/4eedc04f9ead43168cae1e47de1b4356.png"}, "point": 2514}, {"user": {"uid": 40, "userid": 37, "name": "DriversHubTest", "avatar": "https://cdn.discordapp.com/avatars/1230853613711265823/None.png"}, "point": 200}, {"user": {"uid": 43, "userid": 39, "name": "ItsRedex", "avatar": "https://avatars.steamstatic.com/88264dee979a39c8e698b5e8c4e6ef33758a26b1_full.jpg"}, "point": 4}]}