{"fmd": [{"user": {"uid": 3, "userid": 3, "name": "HunterM7", "avatar": "https://static.truckersmp.com/avatarsN/1409042.1708826162.png"}, "point": 66688}, {"user": {"uid": 1, "userid": 1, "name": "Marky", "avatar": "https://cdn.discordapp.com/avatars/689263232204144772/247b7a4b1d49ff1dbb6a47a511bd2856.png"}, "point": 56407}, {"user": {"uid": 6, "userid": 6, "name": "Turnerr", "avatar": "https://cdn.discordapp.com/avatars/312631180811960323/c949424f0736baed8a5224440edd7a6f.png"}, "point": 47434}, {"user": {"uid": 29, "userid": 23, "name": "TylerTurner23", "avatar": "https://cdn.discordapp.com/avatars/376484356820303872/ac68e90848524f7fdba22362300a9b63.png"}, "point": 37069}, {"user": {"uid": 21, "userid": 20, "name": "Howling Rex", "avatar": "https://cdn.discordapp.com/avatars/337293473260634113/a_0f39025b731d0a2a283e3f8b7074ba4b.gif"}, "point": 30210}, {"user": {"uid": 23, "userid": 21, "name": "Dadolexs", "avatar": "https://cdn.discordapp.com/avatars/749893898498998322/cf93a81295b3f02d710aa19a10a4851f.png"}, "point": 12008}, {"user": {"uid": 8, "userid": 8, "name": "I Love Chlorine", "avatar": "https://cdn.discordapp.com/avatars/313259967195119618/262ec9e36ebbca8c8fc859e56bb4e0ab.png"}, "point": 11846}, {"user": {"uid": 16, "userid": 16, "name": "Mxchine", "avatar": "https://cdn.discordapp.com/avatars/474235253196587008/f1e9c5b7333c7077311269649e3da964.png"}, "point": 11524}, {"user": {"uid": 5, "userid": 5, "name": "UhNikez", "avatar": "https://cdn.discordapp.com/avatars/516646179724066816/a_7043de204e579b64955005813b155de2.gif"}, "point": 9336}, {"user": {"uid": 20, "userid": 18, "name": "ryan", "avatar": "https://cdn.discordapp.com/avatars/1161733270988390550/5db8a3552a049657fd59eabce5b8af5c.png"}, "point": 7144}, {"user": {"uid": 14, "userid": 14, "name": "kylebeast_20", "avatar": "https://cdn.discordapp.com/avatars/718190426821099560/b429b3271570a75f3d277f64b73af5e8.png"}, "point": 7010}, {"user": {"uid": 18, "userid": 17, "name": "Jamiered", "avatar": "https://cdn.discordapp.com/avatars/1147262697226915871/736b8bad0e21b87c29e53f6259d84554.png"}, "point": 6322}, {"user": {"uid": 15, "userid": 15, "name": "thomson18", "avatar": "https://cdn.discordapp.com/avatars/598517721239650305/658257a4f6c8b083170d9af190f5829c.png"}, "point": 5618}, {"user": {"uid": 27, "userid": 22, "name": "Ryan", "avatar": "https://cdn.discordapp.com/avatars/801393155512860683/f1010ed26cc6153adc64a3d164862dca.png"}, "point": 4746}, {"user": {"uid": 2, "userid": 2, "name": "gamerbobish", "avatar": "https://cdn.discordapp.com/avatars/373087058878529546/cf3cdcf1ca98ed049a81721d5b12aa63.png"}, "point": 1886}], "fma": [{"user": {"uid": 3, "userid": 3, "name": "HunterM7", "avatar": "https://static.truckersmp.com/avatarsN/1409042.1708826162.png"}, "point": 68314}, {"user": {"uid": 1, "userid": 1, "name": "Marky", "avatar": "https://cdn.discordapp.com/avatars/689263232204144772/247b7a4b1d49ff1dbb6a47a511bd2856.png"}, "point": 57813}, {"user": {"uid": 6, "userid": 6, "name": "Turnerr", "avatar": "https://cdn.discordapp.com/avatars/312631180811960323/c949424f0736baed8a5224440edd7a6f.png"}, "point": 50372}, {"user": {"uid": 29, "userid": 23, "name": "TylerTurner23", "avatar": "https://cdn.discordapp.com/avatars/376484356820303872/ac68e90848524f7fdba22362300a9b63.png"}, "point": 39520}, {"user": {"uid": 21, "userid": 20, "name": "Howling Rex", "avatar": "https://cdn.discordapp.com/avatars/337293473260634113/a_0f39025b731d0a2a283e3f8b7074ba4b.gif"}, "point": 34035}, {"user": {"uid": 23, "userid": 21, "name": "Dadolexs", "avatar": "https://cdn.discordapp.com/avatars/749893898498998322/cf93a81295b3f02d710aa19a10a4851f.png"}, "point": 13758}, {"user": {"uid": 16, "userid": 16, "name": "Mxchine", "avatar": "https://cdn.discordapp.com/avatars/474235253196587008/f1e9c5b7333c7077311269649e3da964.png"}, "point": 12898}, {"user": {"uid": 8, "userid": 8, "name": "I Love Chlorine", "avatar": "https://cdn.discordapp.com/avatars/313259967195119618/262ec9e36ebbca8c8fc859e56bb4e0ab.png"}, "point": 12100}, {"user": {"uid": 5, "userid": 5, "name": "UhNikez", "avatar": "https://cdn.discordapp.com/avatars/516646179724066816/a_7043de204e579b64955005813b155de2.gif"}, "point": 10192}, {"user": {"uid": 14, "userid": 14, "name": "kylebeast_20", "avatar": "https://cdn.discordapp.com/avatars/718190426821099560/b429b3271570a75f3d277f64b73af5e8.png"}, "point": 8810}, {"user": {"uid": 20, "userid": 18, "name": "ryan", "avatar": "https://cdn.discordapp.com/avatars/1161733270988390550/5db8a3552a049657fd59eabce5b8af5c.png"}, "point": 7544}, {"user": {"uid": 18, "userid": 17, "name": "Jamiered", "avatar": "https://cdn.discordapp.com/avatars/1147262697226915871/736b8bad0e21b87c29e53f6259d84554.png"}, "point": 7122}, {"user": {"uid": 15, "userid": 15, "name": "thomson18", "avatar": "https://cdn.discordapp.com/avatars/598517721239650305/658257a4f6c8b083170d9af190f5829c.png"}, "point": 6418}, {"user": {"uid": 27, "userid": 22, "name": "Ryan", "avatar": "https://cdn.discordapp.com/avatars/801393155512860683/f1010ed26cc6153adc64a3d164862dca.png"}, "point": 6346}, {"user": {"uid": 2, "userid": 2, "name": "gamerbobish", "avatar": "https://cdn.discordapp.com/avatars/373087058878529546/cf3cdcf1ca98ed049a81721d5b12aa63.png"}, "point": 2106}]}