{"fmd": [{"user": {"uid": 6, "userid": 4, "name": "prush1973", "avatar": "https://www.vangardvtc.com/assets/img/team/prush1973.png"}, "point": 100453}, {"user": {"uid": 1, "userid": 1, "name": "Merlin65", "avatar": "https://avatars.steamstatic.com/de44e7016bb9dcb0be1ea2dc7243d8742a5f1470_full.jpg"}, "point": 25314}], "fma": [{"user": {"uid": 6, "userid": 4, "name": "prush1973", "avatar": "https://www.vangardvtc.com/assets/img/team/prush1973.png"}, "point": 113492}, {"user": {"uid": 1, "userid": 1, "name": "Merlin65", "avatar": "https://avatars.steamstatic.com/de44e7016bb9dcb0be1ea2dc7243d8742a5f1470_full.jpg"}, "point": 90988}, {"user": {"uid": 4, "userid": 2, "name": "atkinsonchris", "avatar": "https://avatars.steamstatic.com/4f74cf6303acc9fd74add3f74e42ef81a4d25934_full.jpg"}, "point": 400}]}