{"fmd": [{"user": {"uid": 1, "userid": 1, "name": "Michael15164", "avatar": "https://cdn.discordapp.com/avatars/1162872174638538893/adb3023489a19a566a387e85460b90bd.png"}, "point": 9320}, {"user": {"uid": 12, "userid": 9, "name": "\ud835\udd8b\ud835\udd94\ud835\udd88\ud835\udd9a\ud835\udd98", "avatar": "https://cdn.discordapp.com/avatars/304449038298775563/835223cfa577f18b004bf875b8ccde19.png"}, "point": 6463}], "fma": [{"user": {"uid": 1, "userid": 1, "name": "Michael15164", "avatar": "https://cdn.discordapp.com/avatars/1162872174638538893/adb3023489a19a566a387e85460b90bd.png"}, "point": 9396}, {"user": {"uid": 12, "userid": 9, "name": "\ud835\udd8b\ud835\udd94\ud835\udd88\ud835\udd9a\ud835\udd98", "avatar": "https://cdn.discordapp.com/avatars/304449038298775563/835223cfa577f18b004bf875b8ccde19.png"}, "point": 8163}]}