{"fmd": [{"user": {"uid": 5, "userid": 3, "name": "{Wild Hogz} Dennisthe8th", "avatar": "https://cdn.discordapp.com/avatars/575015095894016014/69fc086441725970662f0b9ba9bf5e32.png"}, "point": 305966}, {"user": {"uid": 56, "userid": 45, "name": "{Wild Hogz} jbica", "avatar": "https://cdn.discordapp.com/avatars/394272398930739212/488d03490a2359e57a3622544f8bbba2.png"}, "point": 212124}, {"user": {"uid": 6, "userid": 4, "name": "{Wild Hogz} xBoss Hogx", "avatar": "https://cdn.discordapp.com/avatars/395641245973741570/1d2f3aa509dfa1d50abcd99dc298bcf2.png"}, "point": 176955}, {"user": {"uid": 4, "userid": 2, "name": "{Wild Hogz} A1 Canadian", "avatar": "https://cdn.discordapp.com/avatars/212943181858209792/8ae2deba5c05a595e3f4f725cf0a110c.png"}, "point": 144149}, {"user": {"uid": 1, "userid": 1, "name": "{Wild Hogz} Chappy1225", "avatar": "https://cdn.discordapp.com/avatars/480244047311667201/b51db2fc9e7e314933519021bee4ae3e.png"}, "point": 112121}, {"user": {"uid": 46, "userid": 37, "name": "MysticalKief", "avatar": "https://static.truckersmp.com/avatarsN/5392881.1708315948.jpeg"}, "point": 100799}, {"user": {"uid": 8, "userid": 6, "name": "{Wild Hogz} Murdernova256", "avatar": "https://cdn.discordapp.com/avatars/549931745584349185/9647aabac5de7bc6ca63f26696871246.png"}, "point": 73426}, {"user": {"uid": 62, "userid": 51, "name": "{Wild Hogz} Quietly", "avatar": "https://cdn.discordapp.com/avatars/868245424748789780/8a1ab23c30376d3abf61f312883016ee.png"}, "point": 69052}, {"user": {"uid": 64, "userid": 53, "name": "{Wild Hogz} Lango2K", "avatar": "https://cdn.discordapp.com/avatars/155344631628824586/23ae01fa02a7351bf040e2ffcceedb95.png"}, "point": 62906}, {"user": {"uid": 58, "userid": 47, "name": "{Wild Hogz} tigerpaws228", "avatar": "https://cdn.discordapp.com/avatars/1076334805026865224/9754cc3fa4400c7c63e36c2370494b5b.png"}, "point": 53934}, {"user": {"uid": 9, "userid": 7, "name": "{Wild Hogz} TACOMAN", "avatar": "https://cdn.discordapp.com/avatars/935175174700040252/2d6dbed1ba891f242274b7e80e50a9ae.png"}, "point": 48510}, {"user": {"uid": 42, "userid": 35, "name": "{Wild Hogz} Kazuhira", "avatar": "https://cdn.discordapp.com/avatars/225785171977175051/48c9493c48aa2f43ad6a6c4fd44812e1.png"}, "point": 47382}, {"user": {"uid": 11, "userid": 9, "name": "{Wild Hogz} Maciek", "avatar": "https://cdn.discordapp.com/avatars/282728597209481216/cc91713475ae575649772cee951992ba.png"}, "point": 45896}, {"user": {"uid": 18, "userid": 14, "name": "{Wild Hogz} Gamerman", "avatar": "https://cdn.discordapp.com/avatars/573630780778086410/a_674628635bbdee5ef172597209a914dd.gif"}, "point": 43570}, {"user": {"uid": 69, "userid": 58, "name": "{Wild Hogz} Cougar", "avatar": ""}, "point": 42712}, {"user": {"uid": 7, "userid": 5, "name": "{Wild Hogz} Jacket", "avatar": "https://cdn.discordapp.com/avatars/111638504500408320/880678f246665808c2165f5f693b72cd.png"}, "point": 38752}, {"user": {"uid": 27, "userid": 49, "name": "{Wild Hogz} BULLBAR", "avatar": "https://cdn.discordapp.com/avatars/1168390732541870212/a5bab703422d6b1f807e765388af0398.png"}, "point": 35240}, {"user": {"uid": 12, "userid": 10, "name": "{Wild Hogz} soulsmasher6666", "avatar": "https://cdn.discordapp.com/avatars/1158045973369593856/b2645d6cde0a401682204bea2d404c0d.png"}, "point": 34702}, {"user": {"uid": 60, "userid": 48, "name": "{Wild Hogz} K/D Ranger Gaming", "avatar": "https://cdn.discordapp.com/avatars/703424674729689109/c17aaf6e5b1ebb8b1231e89004ee01a4.png"}, "point": 30782}, {"user": {"uid": 65, "userid": 54, "name": "{Wild Hogz} Hooligan", "avatar": "https://cdn.discordapp.com/avatars/249655265383677954/d1c651b6cbbe76b4b3eb67b0a4219551.png"}, "point": 20248}, {"user": {"uid": 57, "userid": 46, "name": "Brick", "avatar": "https://avatars.steamstatic.com/a941a682c23ed1e66560827e559727b93486c5e4_full.jpg"}, "point": 19434}, {"user": {"uid": 68, "userid": 57, "name": "{Wild Hogz} ethansick101", "avatar": "https://cdn.discordapp.com/avatars/536776529565319179/07d66746a195f5fc4c5d5de87274e9f2.png"}, "point": 17006}, {"user": {"uid": 55, "userid": 44, "name": "{Wild Hogz} Foxtrot513", "avatar": "https://cdn.discordapp.com/avatars/674350818563981362/e9606d17e61ead62929e28429589f871.png"}, "point": 12172}, {"user": {"uid": 63, "userid": 52, "name": "{Wild Hogz} noble", "avatar": ""}, "point": 9124}, {"user": {"uid": 67, "userid": 56, "name": "{Wild Hogz} IzzyBearLove", "avatar": "https://cdn.discordapp.com/avatars/1205856832032346185/97660d566efeadf9f972c2e2b0a4ce73.png"}, "point": 7472}, {"user": {"uid": 26, "userid": 22, "name": "{Wild Hogz} Papa Pitbull", "avatar": "https://cdn.discordapp.com/avatars/551884638939906058/33a88bf5abd6ffcaa757f71c4fcf1eac.png"}, "point": 5528}, {"user": {"uid": 16, "userid": 12, "name": "{Wild Hogz} Nash5805", "avatar": "https://cdn.discordapp.com/avatars/731282242818801767/bc5849384e18ac0dc02c2c5f27c4eae9.png"}, "point": 5488}, {"user": {"uid": 20, "userid": 16, "name": "{Wild Hogz} Ghosty", "avatar": "https://cdn.discordapp.com/avatars/263817802769498115/019744ef9cc5011e21751fcb2cebd5f5.png"}, "point": 3692}, {"user": {"uid": 13, "userid": 11, "name": "{Wild Hogz} AirForcePilotF22", "avatar": "https://cdn.discordapp.com/avatars/606966605796343820/f3600332ec8fbf750a4e640f470c1ac9.png"}, "point": 3442}, {"user": {"uid": 66, "userid": 55, "name": "{Wild Hogz} Loy\ud83c\udf80", "avatar": "https://cdn.discordapp.com/avatars/548161653145993218/99fb57ead636ba1d1e0a08617f6312af.png"}, "point": 3178}, {"user": {"uid": 41, "userid": 34, "name": "{Wild Hogz} xZEROx", "avatar": "https://cdn.discordapp.com/avatars/238122989042794496/2665659af5682abf53e23187e5e1c2ac.png"}, "point": 3140}, {"user": {"uid": 10, "userid": 42, "name": "{Wild Hogz} DragonPatton", "avatar": "https://cdn.discordapp.com/avatars/165562962763972609/1a18d6ca1cb2abf88694ee67cb8e346e.png"}, "point": 2384}, {"user": {"uid": 32, "userid": 26, "name": "{Wild Hogz} Chiswick", "avatar": "https://cdn.discordapp.com/avatars/521497748118437890/71010943e064ff3f787cf2964aeca2ea.png"}, "point": 2278}, {"user": {"uid": 24, "userid": 20, "name": "{Wild Hogz} Trucking Nomad", "avatar": "https://cdn.discordapp.com/avatars/591719957339963402/57759d8fd45c7243b6434bee544c69ea.png"}, "point": 412}, {"user": {"uid": 31, "userid": 25, "name": "{Wild Hogz} Obi", "avatar": "https://cdn.discordapp.com/avatars/385913418781294592/576befd7018681ceb36a7e1e28152616.png"}, "point": 4}], "fma": [{"user": {"uid": 5, "userid": 3, "name": "{Wild Hogz} Dennisthe8th", "avatar": "https://cdn.discordapp.com/avatars/575015095894016014/69fc086441725970662f0b9ba9bf5e32.png"}, "point": 331254}, {"user": {"uid": 56, "userid": 45, "name": "{Wild Hogz} jbica", "avatar": "https://cdn.discordapp.com/avatars/394272398930739212/488d03490a2359e57a3622544f8bbba2.png"}, "point": 237156}, {"user": {"uid": 6, "userid": 4, "name": "{Wild Hogz} xBoss Hogx", "avatar": "https://cdn.discordapp.com/avatars/395641245973741570/1d2f3aa509dfa1d50abcd99dc298bcf2.png"}, "point": 219832}, {"user": {"uid": 4, "userid": 2, "name": "{Wild Hogz} A1 Canadian", "avatar": "https://cdn.discordapp.com/avatars/212943181858209792/8ae2deba5c05a595e3f4f725cf0a110c.png"}, "point": 177317}, {"user": {"uid": 46, "userid": 37, "name": "MysticalKief", "avatar": "https://static.truckersmp.com/avatarsN/5392881.1708315948.jpeg"}, "point": 129638}, {"user": {"uid": 1, "userid": 1, "name": "{Wild Hogz} Chappy1225", "avatar": "https://cdn.discordapp.com/avatars/480244047311667201/b51db2fc9e7e314933519021bee4ae3e.png"}, "point": 127721}, {"user": {"uid": 8, "userid": 6, "name": "{Wild Hogz} Murdernova256", "avatar": "https://cdn.discordapp.com/avatars/549931745584349185/9647aabac5de7bc6ca63f26696871246.png"}, "point": 85426}, {"user": {"uid": 62, "userid": 51, "name": "{Wild Hogz} Quietly", "avatar": "https://cdn.discordapp.com/avatars/868245424748789780/8a1ab23c30376d3abf61f312883016ee.png"}, "point": 77152}, {"user": {"uid": 11, "userid": 9, "name": "{Wild Hogz} Maciek", "avatar": "https://cdn.discordapp.com/avatars/282728597209481216/cc91713475ae575649772cee951992ba.png"}, "point": 65896}, {"user": {"uid": 42, "userid": 35, "name": "{Wild Hogz} Kazuhira", "avatar": "https://cdn.discordapp.com/avatars/225785171977175051/48c9493c48aa2f43ad6a6c4fd44812e1.png"}, "point": 64382}, {"user": {"uid": 64, "userid": 53, "name": "{Wild Hogz} Lango2K", "avatar": "https://cdn.discordapp.com/avatars/155344631628824586/23ae01fa02a7351bf040e2ffcceedb95.png"}, "point": 63906}, {"user": {"uid": 12, "userid": 10, "name": "{Wild Hogz} soulsmasher6666", "avatar": "https://cdn.discordapp.com/avatars/1158045973369593856/b2645d6cde0a401682204bea2d404c0d.png"}, "point": 59702}, {"user": {"uid": 7, "userid": 5, "name": "{Wild Hogz} Jacket", "avatar": "https://cdn.discordapp.com/avatars/111638504500408320/880678f246665808c2165f5f693b72cd.png"}, "point": 58228}, {"user": {"uid": 58, "userid": 47, "name": "{Wild Hogz} tigerpaws228", "avatar": "https://cdn.discordapp.com/avatars/1076334805026865224/9754cc3fa4400c7c63e36c2370494b5b.png"}, "point": 56934}, {"user": {"uid": 18, "userid": 14, "name": "{Wild Hogz} Gamerman", "avatar": "https://cdn.discordapp.com/avatars/573630780778086410/a_674628635bbdee5ef172597209a914dd.gif"}, "point": 53070}, {"user": {"uid": 9, "userid": 7, "name": "{Wild Hogz} TACOMAN", "avatar": "https://cdn.discordapp.com/avatars/935175174700040252/2d6dbed1ba891f242274b7e80e50a9ae.png"}, "point": 49510}, {"user": {"uid": 69, "userid": 58, "name": "{Wild Hogz} Cougar", "avatar": ""}, "point": 42712}, {"user": {"uid": 27, "userid": 49, "name": "{Wild Hogz} BULLBAR", "avatar": "https://cdn.discordapp.com/avatars/1168390732541870212/a5bab703422d6b1f807e765388af0398.png"}, "point": 36240}, {"user": {"uid": 60, "userid": 48, "name": "{Wild Hogz} K/D Ranger Gaming", "avatar": "https://cdn.discordapp.com/avatars/703424674729689109/c17aaf6e5b1ebb8b1231e89004ee01a4.png"}, "point": 32782}, {"user": {"uid": 65, "userid": 54, "name": "{Wild Hogz} Hooligan", "avatar": "https://cdn.discordapp.com/avatars/249655265383677954/d1c651b6cbbe76b4b3eb67b0a4219551.png"}, "point": 20248}, {"user": {"uid": 57, "userid": 46, "name": "Brick", "avatar": "https://avatars.steamstatic.com/a941a682c23ed1e66560827e559727b93486c5e4_full.jpg"}, "point": 19852}, {"user": {"uid": 68, "userid": 57, "name": "{Wild Hogz} ethansick101", "avatar": "https://cdn.discordapp.com/avatars/536776529565319179/07d66746a195f5fc4c5d5de87274e9f2.png"}, "point": 19186}, {"user": {"uid": 10, "userid": 42, "name": "{Wild Hogz} DragonPatton", "avatar": "https://cdn.discordapp.com/avatars/165562962763972609/1a18d6ca1cb2abf88694ee67cb8e346e.png"}, "point": 14404}, {"user": {"uid": 55, "userid": 44, "name": "{Wild Hogz} Foxtrot513", "avatar": "https://cdn.discordapp.com/avatars/674350818563981362/e9606d17e61ead62929e28429589f871.png"}, "point": 12172}, {"user": {"uid": 26, "userid": 22, "name": "{Wild Hogz} Papa Pitbull", "avatar": "https://cdn.discordapp.com/avatars/551884638939906058/33a88bf5abd6ffcaa757f71c4fcf1eac.png"}, "point": 10528}, {"user": {"uid": 16, "userid": 12, "name": "{Wild Hogz} Nash5805", "avatar": "https://cdn.discordapp.com/avatars/731282242818801767/bc5849384e18ac0dc02c2c5f27c4eae9.png"}, "point": 10488}, {"user": {"uid": 63, "userid": 52, "name": "{Wild Hogz} noble", "avatar": ""}, "point": 9124}, {"user": {"uid": 67, "userid": 56, "name": "{Wild Hogz} IzzyBearLove", "avatar": "https://cdn.discordapp.com/avatars/1205856832032346185/97660d566efeadf9f972c2e2b0a4ce73.png"}, "point": 7472}, {"user": {"uid": 20, "userid": 16, "name": "{Wild Hogz} Ghosty", "avatar": "https://cdn.discordapp.com/avatars/263817802769498115/019744ef9cc5011e21751fcb2cebd5f5.png"}, "point": 3692}, {"user": {"uid": 13, "userid": 11, "name": "{Wild Hogz} AirForcePilotF22", "avatar": "https://cdn.discordapp.com/avatars/606966605796343820/f3600332ec8fbf750a4e640f470c1ac9.png"}, "point": 3442}, {"user": {"uid": 66, "userid": 55, "name": "{Wild Hogz} Loy\ud83c\udf80", "avatar": "https://cdn.discordapp.com/avatars/548161653145993218/99fb57ead636ba1d1e0a08617f6312af.png"}, "point": 3178}, {"user": {"uid": 41, "userid": 34, "name": "{Wild Hogz} xZEROx", "avatar": "https://cdn.discordapp.com/avatars/238122989042794496/2665659af5682abf53e23187e5e1c2ac.png"}, "point": 3140}, {"user": {"uid": 32, "userid": 26, "name": "{Wild Hogz} Chiswick", "avatar": "https://cdn.discordapp.com/avatars/521497748118437890/71010943e064ff3f787cf2964aeca2ea.png"}, "point": 2278}, {"user": {"uid": 24, "userid": 20, "name": "{Wild Hogz} Trucking Nomad", "avatar": "https://cdn.discordapp.com/avatars/591719957339963402/57759d8fd45c7243b6434bee544c69ea.png"}, "point": 412}, {"user": {"uid": 31, "userid": 25, "name": "{Wild Hogz} Obi", "avatar": "https://cdn.discordapp.com/avatars/385913418781294592/576befd7018681ceb36a7e1e28152616.png"}, "point": 4}]}