{"fmd": [{"user": {"uid": 19, "userid": 17, "name": "zachdilley94", "avatar": "https://cdn.discordapp.com/avatars/1198294472912535706/None.png"}, "point": 6024}, {"user": {"uid": 15, "userid": 12, "name": "TJ Wilkerson", "avatar": "https://avatars.steamstatic.com/26b69678a236209ad790f0065aa999f4a49ed7de_full.jpg"}, "point": 4036}], "fma": [{"user": {"uid": 19, "userid": 17, "name": "zachdilley94", "avatar": "https://cdn.discordapp.com/avatars/1198294472912535706/None.png"}, "point": 6076}, {"user": {"uid": 15, "userid": 12, "name": "TJ Wilkerson", "avatar": "https://avatars.steamstatic.com/26b69678a236209ad790f0065aa999f4a49ed7de_full.jpg"}, "point": 4850}]}