{"fmd":[{"user":{"uid":1187,"userid":726,"name":"afrikandionysus","avatar":"https://cdn.discordapp.com/avatars/759714918177177670/661f5840a2c808aa6c88959f5a379f8d.png"},"point":4458},{"user":{"uid":1061,"userid":656,"name":"Thy Night Owl","avatar":"https://cdn.discordapp.com/avatars/678366200312496154/7e3c44efb2393e0a9a4b593cb42f936d.png"},"point":4032},{"user":{"uid":1433,"userid":888,"name":"Max Nightly","avatar":"https://cdn.discordapp.com/avatars/210135075516448769/b2bb70de46df75ef8c5464cd9653539b.png"},"point":3323},{"user":{"uid":1291,"userid":792,"name":"Zachey","avatar":"https://cdn.discordapp.com/avatars/612403127517315072/47ce0b865674b635f44d43634494d755.png"},"point":3087},{"user":{"uid":1419,"userid":880,"name":"Mister E","avatar":"https://cdn.discordapp.com/avatars/519617154782461991/4a0616a32ffc7f7ee6eeeeab8c9952e5.png"},"point":2624},{"user":{"uid":1382,"userid":847,"name":"Aeroplane","avatar":"https://cdn.discordapp.com/avatars/919580354736705617/cd8c60e397730ab82e685faaf72d3c77.png"},"point":2485},{"user":{"uid":866,"userid":550,"name":"RoudeLéiw","avatar":"https://cdn.discordapp.com/avatars/497412687257534464/53a76d2cc11ce4a0171c5d1f84df139a.png"},"point":2482},{"user":{"uid":717,"userid":477,"name":"Turnt","avatar":"https://cdn.discordapp.com/avatars/417130736848470039/a_af2f73ff3f0bf8c460edc1b1f02192f9.gif"},"point":2328},{"user":{"uid":1271,"userid":780,"name":"brazvo (Bruno)","avatar":"https://cdn.discordapp.com/avatars/823826275964682251/c28159cbabe58874bd1244a97d68d24b.png"},"point":2266},{"user":{"uid":87,"userid":203,"name":"pvfcmatt1","avatar":"https://cdn.discordapp.com/avatars/668822602806198278/eb4c4684efc13d2a58ddeae555edc5a7.png"},"point":1736},{"user":{"uid":191,"userid":352,"name":"kia_nokia","avatar":"https://cdn.discordapp.com/avatars/946038819118022666/9613cd97518544022b55252d1952e174.png"},"point":1656},{"user":{"uid":1398,"userid":862,"name":"2222Y","avatar":"https://cdn.discordapp.com/avatars/702624334036074646/1b14cc6963653ea32a778ea6e4f23a4d.png"},"point":1372},{"user":{"uid":1401,"userid":863,"name":"Chris A","avatar":"https://cdn.discordapp.com/avatars/415560774283427860/4f7b8d964bad29469a9d70cddb9cfadc.png"},"point":1041},{"user":{"uid":169,"userid":327,"name":"Carlos King","avatar":"https://cdn.discordapp.com/avatars/506487248217309184/bd6c4d705e13abd33b3b26c5bdcd897d.png"},"point":1029},{"user":{"uid":112,"userid":657,"name":"zatrisss","avatar":"https://cdn.discordapp.com/avatars/270114281280765956/4dc89eaaac37811ab06058499942981b.png"},"point":999},{"user":{"uid":1448,"userid":894,"name":"jeysunn","avatar":"https://cdn.discordapp.com/avatars/853206258512298024/0fef9b881357560e340b10568c517402.png"},"point":831},{"user":{"uid":716,"userid":476,"name":"mwe2187","avatar":"https://cdn.discordapp.com/avatars/628250855899922448/93721c72d6dba299ffc43f2a9a13483b.png"},"point":827},{"user":{"uid":41,"userid":820,"name":"Jack","avatar":"https://cdn.discordapp.com/avatars/555074609544822795/26630357aa77583972fdf8ef8dc632af.png"},"point":727},{"user":{"uid":1406,"userid":864,"name":"tecsrpi","avatar":"https://cdn.discordapp.com/avatars/1188513541355999252/b348b995a546919d8eb02265e1fec581.png"},"point":573},{"user":{"uid":1034,"userid":635,"name":"fox_bot","avatar":"https://cdn.discordapp.com/avatars/673289306424475659/6760c43d2e087fd99eeef160473251a3.png"},"point":440},{"user":{"uid":759,"userid":501,"name":"TheSkiller","avatar":"https://cdn.discordapp.com/avatars/665158641355325450/da6b6d4e62038b3f92dd42b7b34f7ec9.png"},"point":366},{"user":{"uid":971,"userid":604,"name":"patriotic clone trooper","avatar":"https://cdn.discordapp.com/avatars/577748827470168075/3f3c57f906d80e80dff8ed6e54c70d25.png"},"point":347},{"user":{"uid":892,"userid":567,"name":"KuroSerpent","avatar":"https://cdn.discordapp.com/avatars/249645812726890497/a_21c0489bbb0c99be7db8bbbfb1ed5e85.gif"},"point":287},{"user":{"uid":159,"userid":312,"name":"SugarFr33","avatar":"https://cdn.discordapp.com/avatars/201772157087383553/f9067034f4df1893aef1e1bf739998d1.png"},"point":269},{"user":{"uid":999,"userid":616,"name":"Beegrit","avatar":"https://cdn.discordapp.com/avatars/292420244629094401/1d32a1a50108693129ae812d6d445b1d.png"},"point":175},{"user":{"uid":1043,"userid":882,"name":"Road_Riders_TMP","avatar":"https://cdn.discordapp.com/avatars/1082828793447718952/9b669c2db8e406d5ef9cd445e1fdc927.png"},"point":154},{"user":{"uid":1325,"userid":816,"name":"Kian UK","avatar":"https://avatars.steamstatic.com/fef49e7fa7e1997310d705b2a6158ff8dc1cdfeb_full.jpg"},"point":114},{"user":{"uid":1342,"userid":828,"name":"Daniel","avatar":"https://cdn.discordapp.com/avatars/541172246207791114/600374feb5b9287f0b354b1ff11870d1.png"},"point":112},{"user":{"uid":968,"userid":602,"name":"Svampen Bob","avatar":"https://cdn.discordapp.com/avatars/323528455209877505/bd28ff6f721d0a3c44f06e7301bb8ff4.png"},"point":35}],"fma":[{"user":{"uid":1382,"userid":847,"name":"Aeroplane","avatar":"https://cdn.discordapp.com/avatars/919580354736705617/cd8c60e397730ab82e685faaf72d3c77.png"},"point":37888},{"user":{"uid":1291,"userid":792,"name":"Zachey","avatar":"https://cdn.discordapp.com/avatars/612403127517315072/47ce0b865674b635f44d43634494d755.png"},"point":33838},{"user":{"uid":1401,"userid":863,"name":"Chris A","avatar":"https://cdn.discordapp.com/avatars/415560774283427860/4f7b8d964bad29469a9d70cddb9cfadc.png"},"point":31723},{"user":{"uid":1271,"userid":780,"name":"brazvo (Bruno)","avatar":"https://cdn.discordapp.com/avatars/823826275964682251/c28159cbabe58874bd1244a97d68d24b.png"},"point":4710},{"user":{"uid":1187,"userid":726,"name":"afrikandionysus","avatar":"https://cdn.discordapp.com/avatars/759714918177177670/661f5840a2c808aa6c88959f5a379f8d.png"},"point":4702},{"user":{"uid":1061,"userid":656,"name":"Thy Night Owl","avatar":"https://cdn.discordapp.com/avatars/678366200312496154/7e3c44efb2393e0a9a4b593cb42f936d.png"},"point":4177},{"user":{"uid":1433,"userid":888,"name":"Max Nightly","avatar":"https://cdn.discordapp.com/avatars/210135075516448769/b2bb70de46df75ef8c5464cd9653539b.png"},"point":3454},{"user":{"uid":87,"userid":203,"name":"pvfcmatt1","avatar":"https://cdn.discordapp.com/avatars/668822602806198278/eb4c4684efc13d2a58ddeae555edc5a7.png"},"point":3411},{"user":{"uid":1419,"userid":880,"name":"Mister E","avatar":"https://cdn.discordapp.com/avatars/519617154782461991/4a0616a32ffc7f7ee6eeeeab8c9952e5.png"},"point":3321},{"user":{"uid":119,"userid":258,"name":"LordLegend","avatar":"https://cdn.discordapp.com/avatars/507573290995417108/294e2517c647c3c8703945fbc200afcd.png"},"point":3027},{"user":{"uid":866,"userid":550,"name":"RoudeLéiw","avatar":"https://cdn.discordapp.com/avatars/497412687257534464/53a76d2cc11ce4a0171c5d1f84df139a.png"},"point":2697},{"user":{"uid":112,"userid":657,"name":"zatrisss","avatar":"https://cdn.discordapp.com/avatars/270114281280765956/4dc89eaaac37811ab06058499942981b.png"},"point":2669},{"user":{"uid":717,"userid":477,"name":"Turnt","avatar":"https://cdn.discordapp.com/avatars/417130736848470039/a_af2f73ff3f0bf8c460edc1b1f02192f9.gif"},"point":2526},{"user":{"uid":191,"userid":352,"name":"kia_nokia","avatar":"https://cdn.discordapp.com/avatars/946038819118022666/9613cd97518544022b55252d1952e174.png"},"point":1694},{"user":{"uid":1316,"userid":807,"name":"Gota","avatar":"https://cdn.discordapp.com/avatars/167291299693723648/beb31f691ab4478e3268181a76f3a451.png"},"point":1645},{"user":{"uid":924,"userid":576,"name":"🌈Hearty_Laces🌈They/Them","avatar":"https://cdn.discordapp.com/avatars/461978281906929675/9128b3d5991d797b2e4060e71c4c5f41.png"},"point":1464},{"user":{"uid":1398,"userid":862,"name":"2222Y","avatar":"https://cdn.discordapp.com/avatars/702624334036074646/1b14cc6963653ea32a778ea6e4f23a4d.png"},"point":1442},{"user":{"uid":1105,"userid":675,"name":"Jack3D60","avatar":"https://cdn.discordapp.com/avatars/805496381754048572/bcf10ae824b274e1c532971dcb857977.png"},"point":1213},{"user":{"uid":169,"userid":327,"name":"Carlos King","avatar":"https://cdn.discordapp.com/avatars/506487248217309184/bd6c4d705e13abd33b3b26c5bdcd897d.png"},"point":1029},{"user":{"uid":716,"userid":476,"name":"mwe2187","avatar":"https://cdn.discordapp.com/avatars/628250855899922448/93721c72d6dba299ffc43f2a9a13483b.png"},"point":881},{"user":{"uid":1448,"userid":894,"name":"jeysunn","avatar":"https://cdn.discordapp.com/avatars/853206258512298024/0fef9b881357560e340b10568c517402.png"},"point":846},{"user":{"uid":41,"userid":820,"name":"Jack","avatar":"https://cdn.discordapp.com/avatars/555074609544822795/26630357aa77583972fdf8ef8dc632af.png"},"point":727},{"user":{"uid":619,"userid":418,"name":"NumberHunter91","avatar":"https://cdn.discordapp.com/avatars/276407067223392256/c656134c8d2a712de1b2dbaf3856e995.png"},"point":662},{"user":{"uid":1406,"userid":864,"name":"tecsrpi","avatar":"https://cdn.discordapp.com/avatars/1188513541355999252/b348b995a546919d8eb02265e1fec581.png"},"point":587},{"user":{"uid":1034,"userid":635,"name":"fox_bot","avatar":"https://cdn.discordapp.com/avatars/673289306424475659/6760c43d2e087fd99eeef160473251a3.png"},"point":440},{"user":{"uid":870,"userid":553,"name":"evilzocken","avatar":"https://cdn.discordapp.com/avatars/665665436678881280/25d7fd2d1432b799ac4b37a8d7592c6a.png"},"point":417},{"user":{"uid":759,"userid":501,"name":"TheSkiller","avatar":"https://cdn.discordapp.com/avatars/665158641355325450/da6b6d4e62038b3f92dd42b7b34f7ec9.png"},"point":366},{"user":{"uid":971,"userid":604,"name":"patriotic clone trooper","avatar":"https://cdn.discordapp.com/avatars/577748827470168075/3f3c57f906d80e80dff8ed6e54c70d25.png"},"point":347},{"user":{"uid":892,"userid":567,"name":"KuroSerpent","avatar":"https://cdn.discordapp.com/avatars/249645812726890497/a_21c0489bbb0c99be7db8bbbfb1ed5e85.gif"},"point":287},{"user":{"uid":671,"userid":448,"name":"Rocky","avatar":"https://cdn.discordapp.com/avatars/508226509744635904/6696b0bd9167804479c233924b375fa1.png"},"point":275},{"user":{"uid":159,"userid":312,"name":"SugarFr33","avatar":"https://cdn.discordapp.com/avatars/201772157087383553/f9067034f4df1893aef1e1bf739998d1.png"},"point":269},{"user":{"uid":999,"userid":616,"name":"Beegrit","avatar":"https://cdn.discordapp.com/avatars/292420244629094401/1d32a1a50108693129ae812d6d445b1d.png"},"point":175},{"user":{"uid":1043,"userid":882,"name":"Road_Riders_TMP","avatar":"https://cdn.discordapp.com/avatars/1082828793447718952/9b669c2db8e406d5ef9cd445e1fdc927.png"},"point":154},{"user":{"uid":1325,"userid":816,"name":"Kian UK","avatar":"https://avatars.steamstatic.com/fef49e7fa7e1997310d705b2a6158ff8dc1cdfeb_full.jpg"},"point":114},{"user":{"uid":1342,"userid":828,"name":"Daniel","avatar":"https://cdn.discordapp.com/avatars/541172246207791114/600374feb5b9287f0b354b1ff11870d1.png"},"point":112},{"user":{"uid":968,"userid":602,"name":"Svampen Bob","avatar":"https://cdn.discordapp.com/avatars/323528455209877505/bd28ff6f721d0a3c44f06e7301bb8ff4.png"},"point":35}]}