{"fmd":[{"user":{"uid":376,"userid":217,"name":"im_tibo","avatar":"https://cdn.discordapp.com/avatars/677523358773936159/4701cf2e052934cb803f95ac1f17c941.png"},"point":4669},{"user":{"uid":96,"userid":120,"name":"Pattarapon","avatar":"https://cdn.discordapp.com/avatars/687263407417720832/a_c8f593c66e5dce0aeea7d8e0dc04e0cc.gif"},"point":4617},{"user":{"uid":300,"userid":197,"name":"zoop","avatar":"https://cdn.discordapp.com/avatars/221167310986149888/834a0f2ed8b4aacbb621e04069eba462.png"},"point":4162},{"user":{"uid":75,"userid":87,"name":"Divaice","avatar":"https://cdn.discordapp.com/avatars/442566760277868546/036f730b9f21ac80ae369dbbaa692664.png"},"point":3283},{"user":{"uid":82,"userid":99,"name":"PepyNox 🤖","avatar":"https://cdn.discordapp.com/avatars/261473263752839168/a_32058670e7fcdb9136bb159147e62d09.gif"},"point":2570},{"user":{"uid":19,"userid":22,"name":"Garmy","avatar":"https://cdn.discordapp.com/avatars/537294435617341451/513dcf25a48a7f737f1643ad3c103e65.png"},"point":1236},{"user":{"uid":286,"userid":190,"name":"[MCG] NarBREAD (SVK)","avatar":"https://cdn.discordapp.com/attachments/1058844743582363859/1162360746752090153/SmartSelect_20231013-140626_Gallery.jpg?ex=653ba7cd&is=652932cd&hm=909f43b4b9783fd00a00fed9e0690b8a674b513d16c085eb132e237ea763d8ca&"},"point":1210},{"user":{"uid":16,"userid":19,"name":"Tom","avatar":"https://cdn.discordapp.com/avatars/306758358092742657/3f6e08a50ffe39d2f24b54aff99cc3d2.png"},"point":968},{"user":{"uid":104,"userid":128,"name":"Jablko 47","avatar":"https://cdn.discordapp.com/avatars/496659970696282112/c598da5e3493f03048d4831a1b806273.png"},"point":878},{"user":{"uid":219,"userid":162,"name":"Unlined","avatar":"https://cdn.discordapp.com/avatars/805174902566682644/ebc23285318adf34b6840ae2d324a959.png"},"point":871},{"user":{"uid":114,"userid":139,"name":"PEPANEX","avatar":"https://cdn.discordapp.com/avatars/496311588727291924/0eb71ed379c239d4539c1fcdb4049290.png"},"point":513},{"user":{"uid":418,"userid":231,"name":"Raďas","avatar":"https://cdn.discordapp.com/avatars/797569994698260530/f477fc21e7339e15597635242b2e6702.png"},"point":354},{"user":{"uid":469,"userid":247,"name":"Ayl0o","avatar":"https://cdn.discordapp.com/avatars/706856186712031233/926726bdacd19e3f7294b06bcf6f729b.png"},"point":319}],"fma":[{"user":{"uid":376,"userid":217,"name":"im_tibo","avatar":"https://cdn.discordapp.com/avatars/677523358773936159/4701cf2e052934cb803f95ac1f17c941.png"},"point":4669},{"user":{"uid":96,"userid":120,"name":"Pattarapon","avatar":"https://cdn.discordapp.com/avatars/687263407417720832/a_c8f593c66e5dce0aeea7d8e0dc04e0cc.gif"},"point":4617},{"user":{"uid":300,"userid":197,"name":"zoop","avatar":"https://cdn.discordapp.com/avatars/221167310986149888/834a0f2ed8b4aacbb621e04069eba462.png"},"point":4162},{"user":{"uid":75,"userid":87,"name":"Divaice","avatar":"https://cdn.discordapp.com/avatars/442566760277868546/036f730b9f21ac80ae369dbbaa692664.png"},"point":3283},{"user":{"uid":82,"userid":99,"name":"PepyNox 🤖","avatar":"https://cdn.discordapp.com/avatars/261473263752839168/a_32058670e7fcdb9136bb159147e62d09.gif"},"point":2570},{"user":{"uid":19,"userid":22,"name":"Garmy","avatar":"https://cdn.discordapp.com/avatars/537294435617341451/513dcf25a48a7f737f1643ad3c103e65.png"},"point":1236},{"user":{"uid":286,"userid":190,"name":"[MCG] NarBREAD (SVK)","avatar":"https://cdn.discordapp.com/attachments/1058844743582363859/1162360746752090153/SmartSelect_20231013-140626_Gallery.jpg?ex=653ba7cd&is=652932cd&hm=909f43b4b9783fd00a00fed9e0690b8a674b513d16c085eb132e237ea763d8ca&"},"point":1210},{"user":{"uid":16,"userid":19,"name":"Tom","avatar":"https://cdn.discordapp.com/avatars/306758358092742657/3f6e08a50ffe39d2f24b54aff99cc3d2.png"},"point":968},{"user":{"uid":104,"userid":128,"name":"Jablko 47","avatar":"https://cdn.discordapp.com/avatars/496659970696282112/c598da5e3493f03048d4831a1b806273.png"},"point":878},{"user":{"uid":219,"userid":162,"name":"Unlined","avatar":"https://cdn.discordapp.com/avatars/805174902566682644/ebc23285318adf34b6840ae2d324a959.png"},"point":871},{"user":{"uid":114,"userid":139,"name":"PEPANEX","avatar":"https://cdn.discordapp.com/avatars/496311588727291924/0eb71ed379c239d4539c1fcdb4049290.png"},"point":513},{"user":{"uid":418,"userid":231,"name":"Raďas","avatar":"https://cdn.discordapp.com/avatars/797569994698260530/f477fc21e7339e15597635242b2e6702.png"},"point":354},{"user":{"uid":469,"userid":247,"name":"Ayl0o","avatar":"https://cdn.discordapp.com/avatars/706856186712031233/926726bdacd19e3f7294b06bcf6f729b.png"},"point":319}]}