{"fmd":[{"user":{"uid":43,"userid":31,"name":"[GER]Christian","avatar":"https://static.truckersmp.com/avatarsN/196694.1705792859.png"},"point":7874},{"user":{"uid":46,"userid":44,"name":"Linus14_trucker","avatar":"https://cdn.discordapp.com/avatars/973298563750719518/f8077addf056d9aaf51c748928a4a6d2.png"},"point":5881},{"user":{"uid":348,"userid":284,"name":"Domco","avatar":"https://cdn.discordapp.com/avatars/142061877336342529/c82ea6a79feb7ca9092dbc85f3329fa7.png"},"point":5740},{"user":{"uid":61,"userid":75,"name":"𝕲𝖍𝖔𝖘𝖙𝖕𝖆𝖚𝖑𝖔𝖔","avatar":"https://cdn.discordapp.com/avatars/964420212864741376/e8283a2f908472c913999fda7149c790.png"},"point":5311},{"user":{"uid":342,"userid":279,"name":"Nadine97","avatar":"https://static.truckersmp.com/avatarsN/5464335.1715126595.jpg"},"point":4818},{"user":{"uid":295,"userid":246,"name":"Tiberius","avatar":"https://cdn.discordapp.com/avatars/305385843428950026/6c00ebb9bf00d5c68028e29af849b1ad.png"},"point":3687},{"user":{"uid":73,"userid":65,"name":"Ersque","avatar":"https://cdn.discordapp.com/avatars/219183521711915008/d8224c427b6d0b5f9a2b151734d67e76.png"},"point":2997},{"user":{"uid":318,"userid":259,"name":"Theusios","avatar":"https://cdn.discordapp.com/avatars/294602089739452426/74d1468f7e577c89f2a37dbe4a8ec0fc.png"},"point":2867},{"user":{"uid":93,"userid":79,"name":"Starvin Marvin","avatar":"https://cdn.discordapp.com/avatars/616564166379044893/597930cdaf15fb1a0044037d135a7ceb.png"},"point":2457},{"user":{"uid":12,"userid":10,"name":"Tchabalala/Axel","avatar":"https://cdn.discordapp.com/avatars/336794680454938624/c949fc0ae2a0b67356a833b7f2dfb640.png"},"point":2355},{"user":{"uid":205,"userid":207,"name":"Taro Kun","avatar":"https://cdn.discordapp.com/avatars/690602863499673660/2f5c46ca1b40b993b01f73dd3c1fdb9a.png"},"point":2052},{"user":{"uid":47,"userid":40,"name":"Nerikan","avatar":"https://cdn.discordapp.com/avatars/501777572112367638/93b7d985e53cc4f12b14f7394dda3e82.png"},"point":2038},{"user":{"uid":272,"userid":227,"name":"Pfindus","avatar":"https://static.truckersmp.com/avatarsN/4311053.1710660288.png"},"point":2028},{"user":{"uid":92,"userid":84,"name":"Corosion","avatar":"https://cdn.discordapp.com/avatars/233911033859670016/d066a4ff18b288553ae04a47a1c59ed8.png"},"point":1953},{"user":{"uid":152,"userid":135,"name":"manu7432","avatar":"https://cdn.discordapp.com/avatars/1024735246249373777/2d7e240ada7e8d3f41e4150fb6b1d0aa.png"},"point":1913},{"user":{"uid":282,"userid":235,"name":"cyberstorm","avatar":""},"point":1805},{"user":{"uid":341,"userid":278,"name":"Joschi83","avatar":"https://cdn.discordapp.com/avatars/251453206599696384/41d5c1e1d5fbbbff3de8808bdd3805d1.png"},"point":1795},{"user":{"uid":316,"userid":256,"name":"TheRedFox3D","avatar":"https://cdn.discordapp.com/avatars/424908259397468161/a_a56e6550cf624d0dc25a91a73f9b8f16.gif"},"point":1473},{"user":{"uid":50,"userid":41,"name":"Schnitzel.","avatar":"https://cdn.discordapp.com/avatars/690570896557211658/ae7d3f32a78a923191f8d72c0cf40ce3.png"},"point":1398},{"user":{"uid":325,"userid":265,"name":"[GER] Sääm","avatar":"https://static.truckersmp.com/avatarsN/2524791.1714481709.jpg"},"point":1274},{"user":{"uid":71,"userid":60,"name":"geronimo8815","avatar":"https://static.truckersmp.com/avatarsN/5294261.1711913743.png"},"point":1264},{"user":{"uid":148,"userid":145,"name":"weisserkreuzer","avatar":"https://cdn.discordapp.com/avatars/303094283752308737/651be3b81b2b904cd1112f8501fd2e49.png"},"point":1249},{"user":{"uid":309,"userid":255,"name":"Guny69","avatar":"https://static.truckersmp.com/avatarsN/3695120.1713478510.jpg"},"point":1228},{"user":{"uid":44,"userid":37,"name":"Chaz","avatar":"https://cdn.discordapp.com/avatars/195616243791691777/736984f2893effafb372b7ba85767067.png"},"point":1161},{"user":{"uid":51,"userid":71,"name":"Joerg45701","avatar":"https://static.truckersmp.com/avatarsN/defaultavatar.png"},"point":1112},{"user":{"uid":9,"userid":5,"name":"Fast-rider","avatar":"https://static.truckersmp.com/avatarsN/4041389.1709222265.png"},"point":1108},{"user":{"uid":78,"userid":67,"name":"amugosch","avatar":"https://cdn.discordapp.com/avatars/518693794372124672/5949205b8e72fb2bbec984f551835583.png"},"point":1090},{"user":{"uid":77,"userid":64,"name":"ossikralle91","avatar":"https://cdn.discordapp.com/avatars/174228229341577216/f6ce32d40a58b95cefa47ce3e939a8b4.png"},"point":1059},{"user":{"uid":18,"userid":16,"name":"teufelsfrucht","avatar":"https://static.truckersmp.com/avatarsN/4047213.1699434878.png"},"point":1039},{"user":{"uid":121,"userid":108,"name":"Maxl931","avatar":"https://cdn.discordapp.com/avatars/663414831239528468/319a0b0939774c10d6c0b6c9d711393c.png"},"point":932},{"user":{"uid":130,"userid":187,"name":"Peter235","avatar":"https://static.truckersmp.com/avatarsN/defaultavatar.png"},"point":852},{"user":{"uid":57,"userid":43,"name":"supriMx","avatar":"https://cdn.discordapp.com/avatars/751470193699455056/98cd545e0af002cc3108d6fa276083ab.png"},"point":835},{"user":{"uid":266,"userid":221,"name":"Pliegenfilz_xX","avatar":""},"point":751},{"user":{"uid":118,"userid":112,"name":"KartoffelsackAUT","avatar":"https://cdn.discordapp.com/avatars/356200668513697803/b25e3d4366d3df16b93d5b8b49a98c24.png"},"point":743},{"user":{"uid":275,"userid":229,"name":"ByEnderman_HD","avatar":"https://cdn.discordapp.com/avatars/664529284043636767/6b9fb4edd1d2c073428b956ede3c7228.png"},"point":690},{"user":{"uid":139,"userid":127,"name":"SturmNudelLP (PC)","avatar":"https://cdn.discordapp.com/avatars/686996505550258225/9fdc874a2ccce42bee7c48ef3ab9c80a.png"},"point":651},{"user":{"uid":125,"userid":114,"name":"Best_Offline","avatar":"https://cdn.discordapp.com/avatars/427147191614963713/f4fd038e7c2d396fd8754d2b0bf2510e.png"},"point":474},{"user":{"uid":234,"userid":193,"name":"Florian","avatar":"https://cdn.discordapp.com/avatars/261565331913441282/79e76ce3bca3ef15651a0fc226772d93.png"},"point":377},{"user":{"uid":58,"userid":45,"name":"Knirpsi","avatar":"https://cdn.discordapp.com/avatars/680795972275666957/83cbd46025e4c642396e78b1fb4a60d0.png"},"point":331},{"user":{"uid":31,"userid":36,"name":"Tedpli","avatar":"https://cdn.discordapp.com/avatars/501065020088647690/37ac2db1efd93758a8680c6c9ce7abc8.png"},"point":250},{"user":{"uid":344,"userid":280,"name":"Jestful","avatar":"https://cdn.discordapp.com/avatars/633121275430174762/1a5cd468e1dce02e330bcf3bc075a75e.png"},"point":135},{"user":{"uid":307,"userid":251,"name":"julex_07","avatar":"https://cdn.discordapp.com/avatars/878671512801009684/b8b0cc1e4da62e31f9c17e52a1054f8b.png"},"point":134},{"user":{"uid":91,"userid":85,"name":"Chris94","avatar":"https://cdn.discordapp.com/avatars/618891974765838336/d2fa711dddd045b14969332972ba64b3.png"},"point":48},{"user":{"uid":326,"userid":266,"name":"Maurice19","avatar":"https://cdn.discordapp.com/avatars/1206036847852257352/492ccf7623f8bb21d7676148fcf3daae.png"},"point":0}],"fma":[{"user":{"uid":43,"userid":31,"name":"[GER]Christian","avatar":"https://static.truckersmp.com/avatarsN/196694.1705792859.png"},"point":7874},{"user":{"uid":46,"userid":44,"name":"Linus14_trucker","avatar":"https://cdn.discordapp.com/avatars/973298563750719518/f8077addf056d9aaf51c748928a4a6d2.png"},"point":5881},{"user":{"uid":348,"userid":284,"name":"Domco","avatar":"https://cdn.discordapp.com/avatars/142061877336342529/c82ea6a79feb7ca9092dbc85f3329fa7.png"},"point":5740},{"user":{"uid":61,"userid":75,"name":"𝕲𝖍𝖔𝖘𝖙𝖕𝖆𝖚𝖑𝖔𝖔","avatar":"https://cdn.discordapp.com/avatars/964420212864741376/e8283a2f908472c913999fda7149c790.png"},"point":5311},{"user":{"uid":342,"userid":279,"name":"Nadine97","avatar":"https://static.truckersmp.com/avatarsN/5464335.1715126595.jpg"},"point":4818},{"user":{"uid":295,"userid":246,"name":"Tiberius","avatar":"https://cdn.discordapp.com/avatars/305385843428950026/6c00ebb9bf00d5c68028e29af849b1ad.png"},"point":3687},{"user":{"uid":73,"userid":65,"name":"Ersque","avatar":"https://cdn.discordapp.com/avatars/219183521711915008/d8224c427b6d0b5f9a2b151734d67e76.png"},"point":2997},{"user":{"uid":318,"userid":259,"name":"Theusios","avatar":"https://cdn.discordapp.com/avatars/294602089739452426/74d1468f7e577c89f2a37dbe4a8ec0fc.png"},"point":2867},{"user":{"uid":93,"userid":79,"name":"Starvin Marvin","avatar":"https://cdn.discordapp.com/avatars/616564166379044893/597930cdaf15fb1a0044037d135a7ceb.png"},"point":2457},{"user":{"uid":12,"userid":10,"name":"Tchabalala/Axel","avatar":"https://cdn.discordapp.com/avatars/336794680454938624/c949fc0ae2a0b67356a833b7f2dfb640.png"},"point":2355},{"user":{"uid":205,"userid":207,"name":"Taro Kun","avatar":"https://cdn.discordapp.com/avatars/690602863499673660/2f5c46ca1b40b993b01f73dd3c1fdb9a.png"},"point":2052},{"user":{"uid":47,"userid":40,"name":"Nerikan","avatar":"https://cdn.discordapp.com/avatars/501777572112367638/93b7d985e53cc4f12b14f7394dda3e82.png"},"point":2038},{"user":{"uid":272,"userid":227,"name":"Pfindus","avatar":"https://static.truckersmp.com/avatarsN/4311053.1710660288.png"},"point":2028},{"user":{"uid":92,"userid":84,"name":"Corosion","avatar":"https://cdn.discordapp.com/avatars/233911033859670016/d066a4ff18b288553ae04a47a1c59ed8.png"},"point":1953},{"user":{"uid":152,"userid":135,"name":"manu7432","avatar":"https://cdn.discordapp.com/avatars/1024735246249373777/2d7e240ada7e8d3f41e4150fb6b1d0aa.png"},"point":1913},{"user":{"uid":282,"userid":235,"name":"cyberstorm","avatar":""},"point":1805},{"user":{"uid":341,"userid":278,"name":"Joschi83","avatar":"https://cdn.discordapp.com/avatars/251453206599696384/41d5c1e1d5fbbbff3de8808bdd3805d1.png"},"point":1795},{"user":{"uid":316,"userid":256,"name":"TheRedFox3D","avatar":"https://cdn.discordapp.com/avatars/424908259397468161/a_a56e6550cf624d0dc25a91a73f9b8f16.gif"},"point":1473},{"user":{"uid":50,"userid":41,"name":"Schnitzel.","avatar":"https://cdn.discordapp.com/avatars/690570896557211658/ae7d3f32a78a923191f8d72c0cf40ce3.png"},"point":1398},{"user":{"uid":325,"userid":265,"name":"[GER] Sääm","avatar":"https://static.truckersmp.com/avatarsN/2524791.1714481709.jpg"},"point":1274},{"user":{"uid":71,"userid":60,"name":"geronimo8815","avatar":"https://static.truckersmp.com/avatarsN/5294261.1711913743.png"},"point":1264},{"user":{"uid":148,"userid":145,"name":"weisserkreuzer","avatar":"https://cdn.discordapp.com/avatars/303094283752308737/651be3b81b2b904cd1112f8501fd2e49.png"},"point":1249},{"user":{"uid":309,"userid":255,"name":"Guny69","avatar":"https://static.truckersmp.com/avatarsN/3695120.1713478510.jpg"},"point":1228},{"user":{"uid":44,"userid":37,"name":"Chaz","avatar":"https://cdn.discordapp.com/avatars/195616243791691777/736984f2893effafb372b7ba85767067.png"},"point":1161},{"user":{"uid":51,"userid":71,"name":"Joerg45701","avatar":"https://static.truckersmp.com/avatarsN/defaultavatar.png"},"point":1112},{"user":{"uid":9,"userid":5,"name":"Fast-rider","avatar":"https://static.truckersmp.com/avatarsN/4041389.1709222265.png"},"point":1108},{"user":{"uid":78,"userid":67,"name":"amugosch","avatar":"https://cdn.discordapp.com/avatars/518693794372124672/5949205b8e72fb2bbec984f551835583.png"},"point":1090},{"user":{"uid":77,"userid":64,"name":"ossikralle91","avatar":"https://cdn.discordapp.com/avatars/174228229341577216/f6ce32d40a58b95cefa47ce3e939a8b4.png"},"point":1059},{"user":{"uid":18,"userid":16,"name":"teufelsfrucht","avatar":"https://static.truckersmp.com/avatarsN/4047213.1699434878.png"},"point":1039},{"user":{"uid":121,"userid":108,"name":"Maxl931","avatar":"https://cdn.discordapp.com/avatars/663414831239528468/319a0b0939774c10d6c0b6c9d711393c.png"},"point":932},{"user":{"uid":130,"userid":187,"name":"Peter235","avatar":"https://static.truckersmp.com/avatarsN/defaultavatar.png"},"point":852},{"user":{"uid":57,"userid":43,"name":"supriMx","avatar":"https://cdn.discordapp.com/avatars/751470193699455056/98cd545e0af002cc3108d6fa276083ab.png"},"point":835},{"user":{"uid":266,"userid":221,"name":"Pliegenfilz_xX","avatar":""},"point":751},{"user":{"uid":118,"userid":112,"name":"KartoffelsackAUT","avatar":"https://cdn.discordapp.com/avatars/356200668513697803/b25e3d4366d3df16b93d5b8b49a98c24.png"},"point":743},{"user":{"uid":275,"userid":229,"name":"ByEnderman_HD","avatar":"https://cdn.discordapp.com/avatars/664529284043636767/6b9fb4edd1d2c073428b956ede3c7228.png"},"point":690},{"user":{"uid":139,"userid":127,"name":"SturmNudelLP (PC)","avatar":"https://cdn.discordapp.com/avatars/686996505550258225/9fdc874a2ccce42bee7c48ef3ab9c80a.png"},"point":651},{"user":{"uid":125,"userid":114,"name":"Best_Offline","avatar":"https://cdn.discordapp.com/avatars/427147191614963713/f4fd038e7c2d396fd8754d2b0bf2510e.png"},"point":474},{"user":{"uid":234,"userid":193,"name":"Florian","avatar":"https://cdn.discordapp.com/avatars/261565331913441282/79e76ce3bca3ef15651a0fc226772d93.png"},"point":377},{"user":{"uid":58,"userid":45,"name":"Knirpsi","avatar":"https://cdn.discordapp.com/avatars/680795972275666957/83cbd46025e4c642396e78b1fb4a60d0.png"},"point":331},{"user":{"uid":31,"userid":36,"name":"Tedpli","avatar":"https://cdn.discordapp.com/avatars/501065020088647690/37ac2db1efd93758a8680c6c9ce7abc8.png"},"point":250},{"user":{"uid":344,"userid":280,"name":"Jestful","avatar":"https://cdn.discordapp.com/avatars/633121275430174762/1a5cd468e1dce02e330bcf3bc075a75e.png"},"point":135},{"user":{"uid":307,"userid":251,"name":"julex_07","avatar":"https://cdn.discordapp.com/avatars/878671512801009684/b8b0cc1e4da62e31f9c17e52a1054f8b.png"},"point":134},{"user":{"uid":91,"userid":85,"name":"Chris94","avatar":"https://cdn.discordapp.com/avatars/618891974765838336/d2fa711dddd045b14969332972ba64b3.png"},"point":48},{"user":{"uid":326,"userid":266,"name":"Maurice19","avatar":"https://cdn.discordapp.com/avatars/1206036847852257352/492ccf7623f8bb21d7676148fcf3daae.png"},"point":0}]}