{"fmd":[{"user":{"uid":551,"userid":448,"name":"Capt_Tom","avatar":"https://cdn.discordapp.com/avatars/1189926623739400235/76a1784b7640fe89bfca945587db07e3.png"},"point":5235},{"user":{"uid":663,"userid":532,"name":"Cardigaso","avatar":"https://cdn.discordapp.com/avatars/1125047721863163974/cc9a8c66b569f73b2dd8c694988747df.png"},"point":4275},{"user":{"uid":636,"userid":513,"name":"MementoMori","avatar":"https://cdn.discordapp.com/avatars/978142750681731182/884e73c1f41e29c7cc3518441545a1f8.png"},"point":3882},{"user":{"uid":609,"userid":490,"name":"ralkinvx","avatar":"https://cdn.discordapp.com/avatars/626276063609225221/cdf27d657698337dc22e9a4ba4736900.png"},"point":2643},{"user":{"uid":482,"userid":392,"name":"Wet Noodle","avatar":"https://cdn.discordapp.com/avatars/824403778845147176/682f6dbf68952ce1dcdb8a34833920cf.png"},"point":2099},{"user":{"uid":25,"userid":96,"name":"[G-T-R]GrayWolf","avatar":"https://cdn.discordapp.com/avatars/463049453067173888/93e0f855de1c1bcdf6924d45b1789338.png"},"point":1923},{"user":{"uid":539,"userid":436,"name":"Pyrozen","avatar":"https://cdn.discordapp.com/avatars/161364596987265024/a_5fb233aca7be875c38d65789539f1b87.gif"},"point":1721},{"user":{"uid":664,"userid":533,"name":"Oscar","avatar":"https://cdn.discordapp.com/avatars/753279277679640647/469bd493af1db8a90fc0fe5b999147a1.png"},"point":1679},{"user":{"uid":402,"userid":337,"name":"viriusek","avatar":"https://cdn.discordapp.com/avatars/814466964918370305/78f995b4dea90ade36a4984506d67d5b.png"},"point":1455},{"user":{"uid":648,"userid":521,"name":"Sandro","avatar":"https://cdn.discordapp.com/avatars/221992990275534848/5502ab9ba51414716bca672635e36ccc.png"},"point":1455},{"user":{"uid":50,"userid":156,"name":"Marshallvet","avatar":"https://cdn.discordapp.com/avatars/365295813187862568/2dc1aabcc7382486a66d1dc8f514dd2e.png"},"point":1224},{"user":{"uid":595,"userid":479,"name":"Championrub","avatar":"https://cdn.discordapp.com/avatars/811982277474123786/57632d6c13f4de8235b03acd0aba016e.png"},"point":1153},{"user":{"uid":480,"userid":395,"name":"Sh0tBlow","avatar":"https://cdn.discordapp.com/avatars/462991116279611392/87bf1e3b76d220025f3fb4b0029427f8.png"},"point":832},{"user":{"uid":660,"userid":530,"name":"Rauel","avatar":"https://cdn.discordapp.com/avatars/313128032317472768/031312c709f076e11fb4af16bd03dc0b.png"},"point":786},{"user":{"uid":454,"userid":375,"name":"🍹Adam🍹","avatar":"https://cdn.discordapp.com/avatars/1050839535904362506/5a8db3156b6bcb1056659951e1189380.png"},"point":763},{"user":{"uid":620,"userid":498,"name":"Antoine","avatar":"https://cdn.discordapp.com/avatars/1204501042063081514/79ee349b6511e2000af8a32fb8a6974e.png"},"point":730},{"user":{"uid":516,"userid":417,"name":"Ravsh1k","avatar":"https://cdn.discordapp.com/avatars/901846074740858890/775a54f0f101fa2eb9b9fb54ad87ce55.png"},"point":245},{"user":{"uid":599,"userid":482,"name":"dood51","avatar":"https://cdn.discordapp.com/avatars/1215977765778489364/e2e4afccd7e82bb48dc1b4e183cb9feb.png"},"point":205},{"user":{"uid":427,"userid":353,"name":"Versthappening","avatar":"https://cdn.discordapp.com/avatars/851032564801077258/b6762130b06d88078b10d519887e731b.png"},"point":0}],"fma":[{"user":{"uid":636,"userid":513,"name":"MementoMori","avatar":"https://cdn.discordapp.com/avatars/978142750681731182/884e73c1f41e29c7cc3518441545a1f8.png"},"point":6462},{"user":{"uid":551,"userid":448,"name":"Capt_Tom","avatar":"https://cdn.discordapp.com/avatars/1189926623739400235/76a1784b7640fe89bfca945587db07e3.png"},"point":5825},{"user":{"uid":609,"userid":490,"name":"ralkinvx","avatar":"https://cdn.discordapp.com/avatars/626276063609225221/cdf27d657698337dc22e9a4ba4736900.png"},"point":4603},{"user":{"uid":663,"userid":532,"name":"Cardigaso","avatar":"https://cdn.discordapp.com/avatars/1125047721863163974/cc9a8c66b569f73b2dd8c694988747df.png"},"point":4275},{"user":{"uid":25,"userid":96,"name":"[G-T-R]GrayWolf","avatar":"https://cdn.discordapp.com/avatars/463049453067173888/93e0f855de1c1bcdf6924d45b1789338.png"},"point":3003},{"user":{"uid":402,"userid":337,"name":"viriusek","avatar":"https://cdn.discordapp.com/avatars/814466964918370305/78f995b4dea90ade36a4984506d67d5b.png"},"point":2435},{"user":{"uid":482,"userid":392,"name":"Wet Noodle","avatar":"https://cdn.discordapp.com/avatars/824403778845147176/682f6dbf68952ce1dcdb8a34833920cf.png"},"point":2099},{"user":{"uid":539,"userid":436,"name":"Pyrozen","avatar":"https://cdn.discordapp.com/avatars/161364596987265024/a_5fb233aca7be875c38d65789539f1b87.gif"},"point":1721},{"user":{"uid":664,"userid":533,"name":"Oscar","avatar":"https://cdn.discordapp.com/avatars/753279277679640647/469bd493af1db8a90fc0fe5b999147a1.png"},"point":1679},{"user":{"uid":648,"userid":521,"name":"Sandro","avatar":"https://cdn.discordapp.com/avatars/221992990275534848/5502ab9ba51414716bca672635e36ccc.png"},"point":1455},{"user":{"uid":50,"userid":156,"name":"Marshallvet","avatar":"https://cdn.discordapp.com/avatars/365295813187862568/2dc1aabcc7382486a66d1dc8f514dd2e.png"},"point":1224},{"user":{"uid":595,"userid":479,"name":"Championrub","avatar":"https://cdn.discordapp.com/avatars/811982277474123786/57632d6c13f4de8235b03acd0aba016e.png"},"point":1153},{"user":{"uid":480,"userid":395,"name":"Sh0tBlow","avatar":"https://cdn.discordapp.com/avatars/462991116279611392/87bf1e3b76d220025f3fb4b0029427f8.png"},"point":1029},{"user":{"uid":660,"userid":530,"name":"Rauel","avatar":"https://cdn.discordapp.com/avatars/313128032317472768/031312c709f076e11fb4af16bd03dc0b.png"},"point":786},{"user":{"uid":454,"userid":375,"name":"🍹Adam🍹","avatar":"https://cdn.discordapp.com/avatars/1050839535904362506/5a8db3156b6bcb1056659951e1189380.png"},"point":763},{"user":{"uid":620,"userid":498,"name":"Antoine","avatar":"https://cdn.discordapp.com/avatars/1204501042063081514/79ee349b6511e2000af8a32fb8a6974e.png"},"point":730},{"user":{"uid":516,"userid":417,"name":"Ravsh1k","avatar":"https://cdn.discordapp.com/avatars/901846074740858890/775a54f0f101fa2eb9b9fb54ad87ce55.png"},"point":245},{"user":{"uid":599,"userid":482,"name":"dood51","avatar":"https://cdn.discordapp.com/avatars/1215977765778489364/e2e4afccd7e82bb48dc1b4e183cb9feb.png"},"point":205},{"user":{"uid":260,"userid":221,"name":"NotPika","avatar":"https://cdn.discordapp.com/avatars/1067827165556650024/47c9f5f730ebb99916f6373cf7ec75ef.png"},"point":85},{"user":{"uid":427,"userid":353,"name":"Versthappening","avatar":"https://cdn.discordapp.com/avatars/851032564801077258/b6762130b06d88078b10d519887e731b.png"},"point":0}]}