{"fmd":[{"user":{"uid":1,"userid":1,"name":"Chinchulines","avatar":"https://static.truckersmp.com/avatarsN/5157719.1708998904.png"},"point":3288},{"user":{"uid":3,"userid":2,"name":"twitch.tv/ el_uruguayop","avatar":"https://avatars.steamstatic.com/f559eb3f2353a53b1056d03c2968037b59fec846_full.jpg"},"point":1842},{"user":{"uid":14,"userid":11,"name":"ELCARLOS","avatar":""},"point":1770},{"user":{"uid":12,"userid":9,"name":"Rakterion","avatar":"https://avatars.steamstatic.com/c3c2be1c64ebbb22961b3639239f7ce18fccdfac_full.jpg"},"point":1400},{"user":{"uid":8,"userid":4,"name":"fruttinicolas","avatar":"https://avatars.steamstatic.com/3023e43df6a37e11e2792ef1e5456000bffc3394_full.jpg"},"point":1009},{"user":{"uid":15,"userid":12,"name":"🔥LeandroG🔥","avatar":"https://cdn.discordapp.com/avatars/582745971557924864/af9c115fb3aeef08e20222fd441d1ae8.png"},"point":545}],"fma":[{"user":{"uid":1,"userid":1,"name":"Chinchulines","avatar":"https://static.truckersmp.com/avatarsN/5157719.1708998904.png"},"point":6381},{"user":{"uid":3,"userid":2,"name":"twitch.tv/ el_uruguayop","avatar":"https://avatars.steamstatic.com/f559eb3f2353a53b1056d03c2968037b59fec846_full.jpg"},"point":3311},{"user":{"uid":8,"userid":4,"name":"fruttinicolas","avatar":"https://avatars.steamstatic.com/3023e43df6a37e11e2792ef1e5456000bffc3394_full.jpg"},"point":2709},{"user":{"uid":14,"userid":11,"name":"ELCARLOS","avatar":""},"point":1770},{"user":{"uid":12,"userid":9,"name":"Rakterion","avatar":"https://avatars.steamstatic.com/c3c2be1c64ebbb22961b3639239f7ce18fccdfac_full.jpg"},"point":1400},{"user":{"uid":15,"userid":12,"name":"🔥LeandroG🔥","avatar":"https://cdn.discordapp.com/avatars/582745971557924864/af9c115fb3aeef08e20222fd441d1ae8.png"},"point":545}]}