{"fmd":[{"user":{"uid":203,"userid":173,"name":"(DR) Billy1bob","avatar":""},"point":8018},{"user":{"uid":210,"userid":180,"name":"(DRT) Dark_age_gamer (Stuart)","avatar":"https://cdn.discordapp.com/avatars/952110105028079668/925f4268ce0ee99d5da863af64fba716.png"},"point":6499},{"user":{"uid":212,"userid":182,"name":"Sexual_Bullet","avatar":"https://avatars.steamstatic.com/13d537e3111e55e43efa7c4d40292ea6ff8d152d_full.jpg"},"point":2694},{"user":{"uid":28,"userid":23,"name":"(CEO) Pete (DND)","avatar":"https://cdn.discordapp.com/avatars/316660255872516106/8a2dca3b679afae90df18edc44b1584c.png"},"point":2324},{"user":{"uid":13,"userid":9,"name":"(Co Owner) BRDYVPR","avatar":"https://cdn.discordapp.com/avatars/760196239022489633/e52474f8d25af8ac2dbffaddb6943c37.png"},"point":1157},{"user":{"uid":1,"userid":0,"name":"(Owner) Essex","avatar":"https://cdn.discordapp.com/avatars/986728515892285461/a_c4301bd78f1d1d60c25f66672af89a9a.gif"},"point":1155},{"user":{"uid":6,"userid":3,"name":"(Co Owner) Angry Raptor","avatar":"https://cdn.discordapp.com/avatars/474484979548815360/6347a182410a674dfb6f831275c1b803.png"},"point":1153},{"user":{"uid":202,"userid":172,"name":"(DR) WeeMenace06","avatar":"https://cdn.discordapp.com/avatars/970355206590181376/76a0b6ef3a5eca2c11e5ca399efa3a52.png"},"point":1105},{"user":{"uid":205,"userid":175,"name":"(DR) Magnusw001","avatar":"https://cdn.discordapp.com/avatars/813730694869811211/820e80ec325b3958169fe25811a8c668.png"},"point":1019},{"user":{"uid":209,"userid":179,"name":"(DRT) celticcarrots","avatar":"https://cdn.discordapp.com/avatars/387561475709075466/8a663c0e4edf64e2828bb3ed0de97bf4.png"},"point":489},{"user":{"uid":137,"userid":111,"name":"[LOA] (DR) The Fallen","avatar":"https://cdn.discordapp.com/avatars/365176026872938506/e3a0fb6fc3e046f79a25a0bee6311616.png"},"point":330},{"user":{"uid":192,"userid":163,"name":"(DR) Diican","avatar":""},"point":260},{"user":{"uid":148,"userid":122,"name":"(DR) DenZo","avatar":"https://cdn.discordapp.com/avatars/566970132963000320/5726328d7f6569c6fe770efeb59ef791.png"},"point":236}],"fma":[{"user":{"uid":203,"userid":173,"name":"(DR) Billy1bob","avatar":""},"point":8018},{"user":{"uid":212,"userid":182,"name":"Sexual_Bullet","avatar":"https://avatars.steamstatic.com/13d537e3111e55e43efa7c4d40292ea6ff8d152d_full.jpg"},"point":7694},{"user":{"uid":28,"userid":23,"name":"(CEO) Pete (DND)","avatar":"https://cdn.discordapp.com/avatars/316660255872516106/8a2dca3b679afae90df18edc44b1584c.png"},"point":7324},{"user":{"uid":13,"userid":9,"name":"(Co Owner) BRDYVPR","avatar":"https://cdn.discordapp.com/avatars/760196239022489633/e52474f8d25af8ac2dbffaddb6943c37.png"},"point":6557},{"user":{"uid":210,"userid":180,"name":"(DRT) Dark_age_gamer (Stuart)","avatar":"https://cdn.discordapp.com/avatars/952110105028079668/925f4268ce0ee99d5da863af64fba716.png"},"point":6499},{"user":{"uid":1,"userid":0,"name":"(Owner) Essex","avatar":"https://cdn.discordapp.com/avatars/986728515892285461/a_c4301bd78f1d1d60c25f66672af89a9a.gif"},"point":6266},{"user":{"uid":6,"userid":3,"name":"(Co Owner) Angry Raptor","avatar":"https://cdn.discordapp.com/avatars/474484979548815360/6347a182410a674dfb6f831275c1b803.png"},"point":6153},{"user":{"uid":202,"userid":172,"name":"(DR) WeeMenace06","avatar":"https://cdn.discordapp.com/avatars/970355206590181376/76a0b6ef3a5eca2c11e5ca399efa3a52.png"},"point":6105},{"user":{"uid":205,"userid":175,"name":"(DR) Magnusw001","avatar":"https://cdn.discordapp.com/avatars/813730694869811211/820e80ec325b3958169fe25811a8c668.png"},"point":6019},{"user":{"uid":156,"userid":129,"name":"(DR) dariuss","avatar":"https://cdn.discordapp.com/avatars/941518932135776257/58df44b337962ebca7bddc3de0d4f593.png"},"point":5000},{"user":{"uid":5,"userid":2,"name":"(Founder) Boss 𝓙𝓸𝓻𝓭1498","avatar":"https://cdn.discordapp.com/avatars/613745490646925352/64aef3a50f31a7fbf4deca8ad2915a69.png"},"point":5000},{"user":{"uid":63,"userid":50,"name":"(DR) Rubie","avatar":"https://cdn.discordapp.com/avatars/768527805549641729/35552f09af2efc91cea70391485bb7e2.png"},"point":5000},{"user":{"uid":209,"userid":179,"name":"(DRT) celticcarrots","avatar":"https://cdn.discordapp.com/avatars/387561475709075466/8a663c0e4edf64e2828bb3ed0de97bf4.png"},"point":489},{"user":{"uid":137,"userid":111,"name":"[LOA] (DR) The Fallen","avatar":"https://cdn.discordapp.com/avatars/365176026872938506/e3a0fb6fc3e046f79a25a0bee6311616.png"},"point":330},{"user":{"uid":192,"userid":163,"name":"(DR) Diican","avatar":""},"point":260},{"user":{"uid":148,"userid":122,"name":"(DR) DenZo","avatar":"https://cdn.discordapp.com/avatars/566970132963000320/5726328d7f6569c6fe770efeb59ef791.png"},"point":236}]}