{"fmd":[{"user":{"uid":8,"userid":6,"name":"shipmate","avatar":"https://avatars.steamstatic.com/3a4bdab4c8b08247c0e12345ba110647e9464041_full.jpg"},"point":2178},{"user":{"uid":10,"userid":7,"name":"stanimir103","avatar":"https://avatars.steamstatic.com/83d87adbf692b7c38710922c890830ce1ae74376_full.jpg"},"point":600},{"user":{"uid":4,"userid":3,"name":"Midnight","avatar":"https://avatars.steamstatic.com/ebe36137900783b02c9faaac486d6408fa104ab9_full.jpg"},"point":405}],"fma":[{"user":{"uid":8,"userid":6,"name":"shipmate","avatar":"https://avatars.steamstatic.com/3a4bdab4c8b08247c0e12345ba110647e9464041_full.jpg"},"point":2178},{"user":{"uid":10,"userid":7,"name":"stanimir103","avatar":"https://avatars.steamstatic.com/83d87adbf692b7c38710922c890830ce1ae74376_full.jpg"},"point":600},{"user":{"uid":4,"userid":3,"name":"Midnight","avatar":"https://avatars.steamstatic.com/ebe36137900783b02c9faaac486d6408fa104ab9_full.jpg"},"point":405}]}