{"fmd":[{"user":{"uid":50,"userid":48,"name":"Strandhult/JackJax","avatar":"https://cdn.discordapp.com/avatars/422386875597062145/5388b933f0bc01057ab8ae9086dcdd63.png"},"point":3514},{"user":{"uid":92,"userid":89,"name":"ThePepsiCat","avatar":"https://static.truckersmp.com/avatarsN/4071303.1715976178.png"},"point":3074},{"user":{"uid":34,"userid":26,"name":"WiLczuR77","avatar":"https://cdn.discordapp.com/avatars/786282772255211560/805e88c750ff03f556cc99fdbb7902a4.png"},"point":2194},{"user":{"uid":53,"userid":62,"name":"Black_Dragon33","avatar":"https://avatars.steamstatic.com/7a98d429d9fb61bb6065773f2005fce7257463a8_full.jpg"},"point":2021},{"user":{"uid":48,"userid":46,"name":"TommyNL","avatar":"https://avatars.steamstatic.com/566ece5c0f63be2634d91a038b57b1e369f28983_full.jpg"},"point":1712},{"user":{"uid":38,"userid":34,"name":"BGwarrior_49","avatar":"https://cdn.discordapp.com/avatars/588444287843172363/2ed83c8492581aa1c2555ecaa5180e82.png"},"point":1675},{"user":{"uid":24,"userid":23,"name":"Gnurken","avatar":"https://static.truckersmp.com/avatarsN/1166949.1704562524.png"},"point":1570},{"user":{"uid":16,"userid":13,"name":"chad vectron","avatar":"https://cdn.discordapp.com/avatars/657613617906057247/81f8851d92f3ac1f80da82575197921f.png"},"point":1474},{"user":{"uid":3,"userid":3,"name":"Exotic","avatar":"https://cdn.discordapp.com/avatars/700374237877239900/a_21e1ff939d6a4f746de039650ff02a1d.gif"},"point":1281},{"user":{"uid":15,"userid":12,"name":"Lorenzo br","avatar":"https://cdn.discordapp.com/avatars/635968015371862082/8ca41d930d87fb4266f4c1666828d3f3.png"},"point":1245},{"user":{"uid":14,"userid":11,"name":"L O R E N Z","avatar":"https://static.truckersmp.com/avatarsN/4486749.1691828789.png"},"point":1082},{"user":{"uid":23,"userid":22,"name":"Martijn","avatar":"https://cdn.discordapp.com/avatars/153514855280803840/a_55db952b0b6b1ab551cc2fe7fe823cec.gif"},"point":1082},{"user":{"uid":64,"userid":63,"name":"Legacy","avatar":"https://cdn.discordapp.com/avatars/306808975620440064/0522be58e18dbdf6b47398dddf828943.png"},"point":1010},{"user":{"uid":13,"userid":9,"name":"n i x a","avatar":"https://cdn.discordapp.com/avatars/939242048131842149/0c09f59a1fc40944c84193ca10b31063.png"},"point":842},{"user":{"uid":54,"userid":53,"name":"nikosenos","avatar":"https://cdn.discordapp.com/avatars/385849670578077709/89afaee0019e2114289578582d6e7773.png"},"point":762},{"user":{"uid":62,"userid":61,"name":"Thomas.","avatar":"https://cdn.discordapp.com/avatars/1000353949620117514/b42831995cac9fc332f49722a7656a19.png"},"point":527},{"user":{"uid":86,"userid":84,"name":"мσρρу_тмρ","avatar":"https://static.truckersmp.com/avatarsN/3916396.1690030869.png"},"point":527},{"user":{"uid":74,"userid":78,"name":"callum","avatar":""},"point":526},{"user":{"uid":72,"userid":71,"name":"MexicanRolex","avatar":"https://avatars.steamstatic.com/ebf693345528eedeba24efca9cde46658e5dbf3e_full.jpg"},"point":480},{"user":{"uid":39,"userid":36,"name":"' Jonas.","avatar":"https://static.truckersmp.com/avatarsN/defaultavatar.png"},"point":429},{"user":{"uid":30,"userid":24,"name":"ԼƛMƠ[ƝԼ]","avatar":"https://static.truckersmp.com/avatarsN/2636041.1713489251.png"},"point":282},{"user":{"uid":49,"userid":47,"name":"90s_s","avatar":"https://avatars.steamstatic.com/4a0e9b42f2229b905fb58255d76001d0f262d117_full.jpg"},"point":205},{"user":{"uid":41,"userid":45,"name":"Lukas","avatar":"https://cdn.discordapp.com/avatars/936740740518776873/9cc8fe6180dfdd124a773b4483c298b5.png"},"point":0}],"fma":[{"user":{"uid":50,"userid":48,"name":"Strandhult/JackJax","avatar":"https://cdn.discordapp.com/avatars/422386875597062145/5388b933f0bc01057ab8ae9086dcdd63.png"},"point":3514},{"user":{"uid":92,"userid":89,"name":"ThePepsiCat","avatar":"https://static.truckersmp.com/avatarsN/4071303.1715976178.png"},"point":3074},{"user":{"uid":53,"userid":62,"name":"Black_Dragon33","avatar":"https://avatars.steamstatic.com/7a98d429d9fb61bb6065773f2005fce7257463a8_full.jpg"},"point":2521},{"user":{"uid":34,"userid":26,"name":"WiLczuR77","avatar":"https://cdn.discordapp.com/avatars/786282772255211560/805e88c750ff03f556cc99fdbb7902a4.png"},"point":2194},{"user":{"uid":48,"userid":46,"name":"TommyNL","avatar":"https://avatars.steamstatic.com/566ece5c0f63be2634d91a038b57b1e369f28983_full.jpg"},"point":1712},{"user":{"uid":38,"userid":34,"name":"BGwarrior_49","avatar":"https://cdn.discordapp.com/avatars/588444287843172363/2ed83c8492581aa1c2555ecaa5180e82.png"},"point":1675},{"user":{"uid":24,"userid":23,"name":"Gnurken","avatar":"https://static.truckersmp.com/avatarsN/1166949.1704562524.png"},"point":1570},{"user":{"uid":16,"userid":13,"name":"chad vectron","avatar":"https://cdn.discordapp.com/avatars/657613617906057247/81f8851d92f3ac1f80da82575197921f.png"},"point":1474},{"user":{"uid":3,"userid":3,"name":"Exotic","avatar":"https://cdn.discordapp.com/avatars/700374237877239900/a_21e1ff939d6a4f746de039650ff02a1d.gif"},"point":1281},{"user":{"uid":15,"userid":12,"name":"Lorenzo br","avatar":"https://cdn.discordapp.com/avatars/635968015371862082/8ca41d930d87fb4266f4c1666828d3f3.png"},"point":1245},{"user":{"uid":14,"userid":11,"name":"L O R E N Z","avatar":"https://static.truckersmp.com/avatarsN/4486749.1691828789.png"},"point":1082},{"user":{"uid":23,"userid":22,"name":"Martijn","avatar":"https://cdn.discordapp.com/avatars/153514855280803840/a_55db952b0b6b1ab551cc2fe7fe823cec.gif"},"point":1082},{"user":{"uid":64,"userid":63,"name":"Legacy","avatar":"https://cdn.discordapp.com/avatars/306808975620440064/0522be58e18dbdf6b47398dddf828943.png"},"point":1010},{"user":{"uid":13,"userid":9,"name":"n i x a","avatar":"https://cdn.discordapp.com/avatars/939242048131842149/0c09f59a1fc40944c84193ca10b31063.png"},"point":842},{"user":{"uid":54,"userid":53,"name":"nikosenos","avatar":"https://cdn.discordapp.com/avatars/385849670578077709/89afaee0019e2114289578582d6e7773.png"},"point":762},{"user":{"uid":62,"userid":61,"name":"Thomas.","avatar":"https://cdn.discordapp.com/avatars/1000353949620117514/b42831995cac9fc332f49722a7656a19.png"},"point":527},{"user":{"uid":86,"userid":84,"name":"мσρρу_тмρ","avatar":"https://static.truckersmp.com/avatarsN/3916396.1690030869.png"},"point":527},{"user":{"uid":74,"userid":78,"name":"callum","avatar":""},"point":526},{"user":{"uid":1,"userid":1,"name":"RageDev","avatar":"https://cdn.discordapp.com/avatars/461836521335685120/dda93fcefdcfe9188fdda0adc2a5b012.png"},"point":500},{"user":{"uid":72,"userid":71,"name":"MexicanRolex","avatar":"https://avatars.steamstatic.com/ebf693345528eedeba24efca9cde46658e5dbf3e_full.jpg"},"point":480},{"user":{"uid":39,"userid":36,"name":"' Jonas.","avatar":"https://static.truckersmp.com/avatarsN/defaultavatar.png"},"point":429},{"user":{"uid":30,"userid":24,"name":"ԼƛMƠ[ƝԼ]","avatar":"https://static.truckersmp.com/avatarsN/2636041.1713489251.png"},"point":282},{"user":{"uid":49,"userid":47,"name":"90s_s","avatar":"https://avatars.steamstatic.com/4a0e9b42f2229b905fb58255d76001d0f262d117_full.jpg"},"point":205},{"user":{"uid":41,"userid":45,"name":"Lukas","avatar":"https://cdn.discordapp.com/avatars/936740740518776873/9cc8fe6180dfdd124a773b4483c298b5.png"},"point":0}]}