{"fmd":[{"user":{"uid":46,"userid":37,"name":"WH | MysticalKief","avatar":"https://cdn.discordapp.com/avatars/498659512081973248/15c947ebb3b550bee883b0c47337c7ac.png"},"point":4199},{"user":{"uid":8,"userid":6,"name":"WH | Murdernova256","avatar":"https://cdn.discordapp.com/avatars/549931745584349185/9647aabac5de7bc6ca63f26696871246.png"},"point":2194},{"user":{"uid":73,"userid":60,"name":"WH | ONDAROAD2","avatar":"https://cdn.discordapp.com/avatars/383806148010049557/1962b816d972b64542031cc025361b36.png"},"point":1640},{"user":{"uid":9,"userid":7,"name":"WH | TACOMAN","avatar":"https://cdn.discordapp.com/avatars/935175174700040252/2d6dbed1ba891f242274b7e80e50a9ae.png"},"point":1435},{"user":{"uid":18,"userid":14,"name":"WH | Gamerman","avatar":"https://cdn.discordapp.com/avatars/573630780778086410/a_674628635bbdee5ef172597209a914dd.gif"},"point":1292},{"user":{"uid":32,"userid":26,"name":"WH | Chiswick","avatar":"https://cdn.discordapp.com/avatars/521497748118437890/71010943e064ff3f787cf2964aeca2ea.png"},"point":1168},{"user":{"uid":69,"userid":58,"name":"WH | Cougar","avatar":""},"point":996},{"user":{"uid":1,"userid":1,"name":"WH | Chappy1225","avatar":"https://cdn.discordapp.com/avatars/480244047311667201/b51db2fc9e7e314933519021bee4ae3e.png"},"point":325}],"fma":[{"user":{"uid":46,"userid":37,"name":"WH | MysticalKief","avatar":"https://cdn.discordapp.com/avatars/498659512081973248/15c947ebb3b550bee883b0c47337c7ac.png"},"point":4699},{"user":{"uid":8,"userid":6,"name":"WH | Murdernova256","avatar":"https://cdn.discordapp.com/avatars/549931745584349185/9647aabac5de7bc6ca63f26696871246.png"},"point":2194},{"user":{"uid":73,"userid":60,"name":"WH | ONDAROAD2","avatar":"https://cdn.discordapp.com/avatars/383806148010049557/1962b816d972b64542031cc025361b36.png"},"point":1641},{"user":{"uid":9,"userid":7,"name":"WH | TACOMAN","avatar":"https://cdn.discordapp.com/avatars/935175174700040252/2d6dbed1ba891f242274b7e80e50a9ae.png"},"point":1435},{"user":{"uid":18,"userid":14,"name":"WH | Gamerman","avatar":"https://cdn.discordapp.com/avatars/573630780778086410/a_674628635bbdee5ef172597209a914dd.gif"},"point":1292},{"user":{"uid":32,"userid":26,"name":"WH | Chiswick","avatar":"https://cdn.discordapp.com/avatars/521497748118437890/71010943e064ff3f787cf2964aeca2ea.png"},"point":1168},{"user":{"uid":69,"userid":58,"name":"WH | Cougar","avatar":""},"point":996},{"user":{"uid":1,"userid":1,"name":"WH | Chappy1225","avatar":"https://cdn.discordapp.com/avatars/480244047311667201/b51db2fc9e7e314933519021bee4ae3e.png"},"point":325},{"user":{"uid":7,"userid":5,"name":"WH | Jacket","avatar":"https://cdn.discordapp.com/avatars/111638504500408320/880678f246665808c2165f5f693b72cd.png"},"point":131}]}