{"fmd":[{"user":{"uid":1382,"userid":847,"name":"Aeroplane","avatar":"https://cdn.discordapp.com/avatars/919580354736705617/cd8c60e397730ab82e685faaf72d3c77.png"},"point":7132},{"user":{"uid":1097,"userid":670,"name":"Ramin Tanuwong [TH]","avatar":"https://static.truckersmp.com/avatarsN/3757199.1645214262.jpg"},"point":6596},{"user":{"uid":1316,"userid":807,"name":"Gota","avatar":"https://cdn.discordapp.com/avatars/167291299693723648/beb31f691ab4478e3268181a76f3a451.png"},"point":6114},{"user":{"uid":1007,"userid":622,"name":"Clover","avatar":"https://cdn.discordapp.com/avatars/524737419292049415/98da32a1bb151e51f366faeefc90a9dd.png"},"point":6098},{"user":{"uid":1253,"userid":769,"name":"Sunny","avatar":"https://cdn.discordapp.com/avatars/335148756653572098/00a5292662c6be574ce781717de8bfeb.png"},"point":5466},{"user":{"uid":87,"userid":203,"name":"pvfcmatt1","avatar":"https://cdn.discordapp.com/avatars/668822602806198278/eb4c4684efc13d2a58ddeae555edc5a7.png"},"point":5119},{"user":{"uid":1271,"userid":780,"name":"brazvo (Bruno)","avatar":"https://cdn.discordapp.com/avatars/823826275964682251/c28159cbabe58874bd1244a97d68d24b.png"},"point":4149},{"user":{"uid":1274,"userid":781,"name":"Damon L.","avatar":"https://cdn.discordapp.com/avatars/232115847756382208/05d4ae0cc6e2512f699421321283352c.png"},"point":3725},{"user":{"uid":1327,"userid":814,"name":"Sefo","avatar":"https://cdn.discordapp.com/avatars/421826472916025365/0c8a3216eb974494cd18a93af0ceb407.png"},"point":3005},{"user":{"uid":1226,"userid":749,"name":"That_Slayer87","avatar":"https://cdn.discordapp.com/avatars/850248504878432287/9484069a71c25b62ac273f0daae0f0c2.png"},"point":2651},{"user":{"uid":1378,"userid":843,"name":"dandelion","avatar":"https://cdn.discordapp.com/avatars/924070723952209941/6d40e5aa69459181ef2bc03107156cc0.png"},"point":2256},{"user":{"uid":1391,"userid":855,"name":"Den_Bruce_","avatar":"https://cdn.discordapp.com/avatars/760190579010830337/6ab1f6c6baee22e03ce68c6ca83f8c91.png"},"point":2181},{"user":{"uid":1015,"userid":626,"name":"HaulmilesLtd","avatar":"https://cdn.discordapp.com/avatars/1025467595983421540/f25df107191c753884caee95fe8ebacc.png"},"point":1720},{"user":{"uid":991,"userid":615,"name":"sybk","avatar":"https://cdn.discordapp.com/avatars/639825073477517322/be61d19c6e2a600597c92870c135fc48.png"},"point":1543},{"user":{"uid":863,"userid":854,"name":"jelledude","avatar":"https://cdn.discordapp.com/avatars/503143884080021514/5647b53045a177f1d215d6dbcf415d10.png"},"point":1488},{"user":{"uid":104,"userid":853,"name":"Jeffy","avatar":"https://cdn.discordapp.com/avatars/1041473902293028864/fb7242df4b5ac08f2c78f06d721dbcae.png"},"point":1280},{"user":{"uid":18,"userid":718,"name":"Kanasteri","avatar":"https://cdn.discordapp.com/avatars/388688028056551425/cadea68055c984a8900142da586bf9e5.png"},"point":1174},{"user":{"uid":912,"userid":575,"name":"chy","avatar":"https://cdn.discordapp.com/avatars/414182799684403200/643c14958d91bd0f582d55aa7e9ffd49.png"},"point":1172},{"user":{"uid":1394,"userid":857,"name":"Avery","avatar":"https://avatars.steamstatic.com/696fca3e2bf6ee0db465e3a808370d15608d0cdf_full.jpg"},"point":1133},{"user":{"uid":1381,"userid":846,"name":"Cav.D","avatar":"https://cdn.discordapp.com/avatars/513622217083322371/55c850f612137f10d1f4a7800b567371.png"},"point":918},{"user":{"uid":1244,"userid":767,"name":"Corvus #CHILLING #1 😊","avatar":"https://cdn.discordapp.com/avatars/1170949991548858411/c96cd5043005eac706d9529fb04d3e33.png"},"point":904},{"user":{"uid":1270,"userid":779,"name":"ANTICHEESEBOY","avatar":"https://cdn.discordapp.com/avatars/788835562660036619/9e77413648d54188e7bcdc62d7461a7a.png"},"point":853},{"user":{"uid":1399,"userid":860,"name":"TEA_K1NG","avatar":"https://cdn.discordapp.com/avatars/945052168287826030/94eed3b4af44fdf462ad35f0974091cf.png"},"point":804},{"user":{"uid":872,"userid":555,"name":"[Lurking] Chris Hazmat #1","avatar":"https://cdn.discordapp.com/avatars/741351957083717673/602c233daa6679046f03b5b805676fbe.png"},"point":791},{"user":{"uid":847,"userid":544,"name":"foundanerror","avatar":"https://cdn.discordapp.com/avatars/490251586136834059/e953985c9b84e58e731b8ff553f66167.png"},"point":730},{"user":{"uid":171,"userid":858,"name":"Jean #1 Renault Trucks fan","avatar":"https://cdn.discordapp.com/avatars/729830742418260028/532c688a0a373a5f36342f13030652be.png"},"point":694},{"user":{"uid":1325,"userid":816,"name":"Kian UK","avatar":"https://avatars.steamstatic.com/fef49e7fa7e1997310d705b2a6158ff8dc1cdfeb_full.jpg"},"point":644},{"user":{"uid":1286,"userid":789,"name":"R̷̈́͝i̶͊͘c̵̋͗h̴͒͝ǐ̴̓e̶̿̔","avatar":"https://cdn.discordapp.com/avatars/356163933545037831/a5f6b26e7cc9ac6cb543840e387cdc48.png"},"point":578},{"user":{"uid":1245,"userid":764,"name":"Eiffel Tower Owner","avatar":"https://cdn.discordapp.com/avatars/909015760347734036/c8847952f95c26f402e44d41e997c8cd.png"},"point":450},{"user":{"uid":1131,"userid":688,"name":"Siv5122","avatar":"https://cdn.discordapp.com/avatars/312794710714482699/8855d8b2bdbd112249cd2fa0d113108e.png"},"point":360},{"user":{"uid":1398,"userid":862,"name":"2222Y","avatar":"https://cdn.discordapp.com/avatars/702624334036074646/1b14cc6963653ea32a778ea6e4f23a4d.png"},"point":348},{"user":{"uid":892,"userid":567,"name":"KuroSerpent","avatar":"https://cdn.discordapp.com/avatars/249645812726890497/a_21c0489bbb0c99be7db8bbbfb1ed5e85.gif"},"point":304},{"user":{"uid":184,"userid":345,"name":"NFLD","avatar":"https://cdn.discordapp.com/avatars/538772758461677578/5f1d024574ed37a8cbaf69c186d93cb1.png"},"point":284},{"user":{"uid":1401,"userid":863,"name":"Lucifer","avatar":"https://cdn.discordapp.com/avatars/415560774283427860/4f7b8d964bad29469a9d70cddb9cfadc.png"},"point":201},{"user":{"uid":1313,"userid":806,"name":"Kizule","avatar":"https://cdn.discordapp.com/avatars/897576249466167377/4b225f923b6e3e5347b9a87db5e6876e.png"},"point":154}],"fma":[{"user":{"uid":1271,"userid":780,"name":"brazvo (Bruno)","avatar":"https://cdn.discordapp.com/avatars/823826275964682251/c28159cbabe58874bd1244a97d68d24b.png"},"point":11381},{"user":{"uid":1316,"userid":807,"name":"Gota","avatar":"https://cdn.discordapp.com/avatars/167291299693723648/beb31f691ab4478e3268181a76f3a451.png"},"point":11344},{"user":{"uid":1007,"userid":622,"name":"Clover","avatar":"https://cdn.discordapp.com/avatars/524737419292049415/98da32a1bb151e51f366faeefc90a9dd.png"},"point":9690},{"user":{"uid":87,"userid":203,"name":"pvfcmatt1","avatar":"https://cdn.discordapp.com/avatars/668822602806198278/eb4c4684efc13d2a58ddeae555edc5a7.png"},"point":9596},{"user":{"uid":1097,"userid":670,"name":"Ramin Tanuwong [TH]","avatar":"https://static.truckersmp.com/avatarsN/3757199.1645214262.jpg"},"point":8034},{"user":{"uid":1382,"userid":847,"name":"Aeroplane","avatar":"https://cdn.discordapp.com/avatars/919580354736705617/cd8c60e397730ab82e685faaf72d3c77.png"},"point":7693},{"user":{"uid":1253,"userid":769,"name":"Sunny","avatar":"https://cdn.discordapp.com/avatars/335148756653572098/00a5292662c6be574ce781717de8bfeb.png"},"point":7529},{"user":{"uid":1391,"userid":855,"name":"Den_Bruce_","avatar":"https://cdn.discordapp.com/avatars/760190579010830337/6ab1f6c6baee22e03ce68c6ca83f8c91.png"},"point":6350},{"user":{"uid":1274,"userid":781,"name":"Damon L.","avatar":"https://cdn.discordapp.com/avatars/232115847756382208/05d4ae0cc6e2512f699421321283352c.png"},"point":5542},{"user":{"uid":1378,"userid":843,"name":"dandelion","avatar":"https://cdn.discordapp.com/avatars/924070723952209941/6d40e5aa69459181ef2bc03107156cc0.png"},"point":3896},{"user":{"uid":912,"userid":575,"name":"chy","avatar":"https://cdn.discordapp.com/avatars/414182799684403200/643c14958d91bd0f582d55aa7e9ffd49.png"},"point":3270},{"user":{"uid":1327,"userid":814,"name":"Sefo","avatar":"https://cdn.discordapp.com/avatars/421826472916025365/0c8a3216eb974494cd18a93af0ceb407.png"},"point":3162},{"user":{"uid":1226,"userid":749,"name":"That_Slayer87","avatar":"https://cdn.discordapp.com/avatars/850248504878432287/9484069a71c25b62ac273f0daae0f0c2.png"},"point":2688},{"user":{"uid":863,"userid":854,"name":"jelledude","avatar":"https://cdn.discordapp.com/avatars/503143884080021514/5647b53045a177f1d215d6dbcf415d10.png"},"point":2269},{"user":{"uid":924,"userid":576,"name":"🌈Hearty_Laces🌈They/Them","avatar":"https://cdn.discordapp.com/avatars/461978281906929675/9128b3d5991d797b2e4060e71c4c5f41.png"},"point":1967},{"user":{"uid":1015,"userid":626,"name":"HaulmilesLtd","avatar":"https://cdn.discordapp.com/avatars/1025467595983421540/f25df107191c753884caee95fe8ebacc.png"},"point":1720},{"user":{"uid":991,"userid":615,"name":"sybk","avatar":"https://cdn.discordapp.com/avatars/639825073477517322/be61d19c6e2a600597c92870c135fc48.png"},"point":1595},{"user":{"uid":1244,"userid":767,"name":"Corvus #CHILLING #1 😊","avatar":"https://cdn.discordapp.com/avatars/1170949991548858411/c96cd5043005eac706d9529fb04d3e33.png"},"point":1454},{"user":{"uid":104,"userid":853,"name":"Jeffy","avatar":"https://cdn.discordapp.com/avatars/1041473902293028864/fb7242df4b5ac08f2c78f06d721dbcae.png"},"point":1306},{"user":{"uid":18,"userid":718,"name":"Kanasteri","avatar":"https://cdn.discordapp.com/avatars/388688028056551425/cadea68055c984a8900142da586bf9e5.png"},"point":1250},{"user":{"uid":1394,"userid":857,"name":"Avery","avatar":"https://avatars.steamstatic.com/696fca3e2bf6ee0db465e3a808370d15608d0cdf_full.jpg"},"point":1173},{"user":{"uid":1381,"userid":846,"name":"Cav.D","avatar":"https://cdn.discordapp.com/avatars/513622217083322371/55c850f612137f10d1f4a7800b567371.png"},"point":936},{"user":{"uid":1270,"userid":779,"name":"ANTICHEESEBOY","avatar":"https://cdn.discordapp.com/avatars/788835562660036619/9e77413648d54188e7bcdc62d7461a7a.png"},"point":900},{"user":{"uid":872,"userid":555,"name":"[Lurking] Chris Hazmat #1","avatar":"https://cdn.discordapp.com/avatars/741351957083717673/602c233daa6679046f03b5b805676fbe.png"},"point":864},{"user":{"uid":1399,"userid":860,"name":"TEA_K1NG","avatar":"https://cdn.discordapp.com/avatars/945052168287826030/94eed3b4af44fdf462ad35f0974091cf.png"},"point":832},{"user":{"uid":847,"userid":544,"name":"foundanerror","avatar":"https://cdn.discordapp.com/avatars/490251586136834059/e953985c9b84e58e731b8ff553f66167.png"},"point":799},{"user":{"uid":171,"userid":858,"name":"Jean #1 Renault Trucks fan","avatar":"https://cdn.discordapp.com/avatars/729830742418260028/532c688a0a373a5f36342f13030652be.png"},"point":718},{"user":{"uid":1325,"userid":816,"name":"Kian UK","avatar":"https://avatars.steamstatic.com/fef49e7fa7e1997310d705b2a6158ff8dc1cdfeb_full.jpg"},"point":644},{"user":{"uid":1286,"userid":789,"name":"R̷̈́͝i̶͊͘c̵̋͗h̴͒͝ǐ̴̓e̶̿̔","avatar":"https://cdn.discordapp.com/avatars/356163933545037831/a5f6b26e7cc9ac6cb543840e387cdc48.png"},"point":604},{"user":{"uid":892,"userid":567,"name":"KuroSerpent","avatar":"https://cdn.discordapp.com/avatars/249645812726890497/a_21c0489bbb0c99be7db8bbbfb1ed5e85.gif"},"point":598},{"user":{"uid":1105,"userid":675,"name":"Jack3D60","avatar":"https://cdn.discordapp.com/avatars/805496381754048572/bcf10ae824b274e1c532971dcb857977.png"},"point":511},{"user":{"uid":1245,"userid":764,"name":"Eiffel Tower Owner","avatar":"https://cdn.discordapp.com/avatars/909015760347734036/c8847952f95c26f402e44d41e997c8cd.png"},"point":450},{"user":{"uid":1131,"userid":688,"name":"Siv5122","avatar":"https://cdn.discordapp.com/avatars/312794710714482699/8855d8b2bdbd112249cd2fa0d113108e.png"},"point":360},{"user":{"uid":1398,"userid":862,"name":"2222Y","avatar":"https://cdn.discordapp.com/avatars/702624334036074646/1b14cc6963653ea32a778ea6e4f23a4d.png"},"point":348},{"user":{"uid":1061,"userid":656,"name":"Thy Night Owl","avatar":"https://cdn.discordapp.com/avatars/678366200312496154/7e3c44efb2393e0a9a4b593cb42f936d.png"},"point":340},{"user":{"uid":184,"userid":345,"name":"NFLD","avatar":"https://cdn.discordapp.com/avatars/538772758461677578/5f1d024574ed37a8cbaf69c186d93cb1.png"},"point":284},{"user":{"uid":1401,"userid":863,"name":"Lucifer","avatar":"https://cdn.discordapp.com/avatars/415560774283427860/4f7b8d964bad29469a9d70cddb9cfadc.png"},"point":201},{"user":{"uid":870,"userid":553,"name":"evilzocken","avatar":"https://cdn.discordapp.com/avatars/665665436678881280/bbf25d8e76ff45868d6e0a2e9b4f189b.png"},"point":200},{"user":{"uid":1313,"userid":806,"name":"Kizule","avatar":"https://cdn.discordapp.com/avatars/897576249466167377/4b225f923b6e3e5347b9a87db5e6876e.png"},"point":154}]}