{"fmd":[{"user":{"uid":178,"userid":142,"name":"Kai'Sa☆UnSyn Amagiri","avatar":"https://cdn.discordapp.com/avatars/234026448229367809/a_3e769a6aef362f7e3f4ea09b2d3f5367.gif"},"point":11536},{"user":{"uid":96,"userid":120,"name":"Pattarapon","avatar":"https://cdn.discordapp.com/avatars/687263407417720832/a_c8f593c66e5dce0aeea7d8e0dc04e0cc.gif"},"point":7479},{"user":{"uid":300,"userid":197,"name":"zoop","avatar":"https://cdn.discordapp.com/avatars/221167310986149888/834a0f2ed8b4aacbb621e04069eba462.png"},"point":2798},{"user":{"uid":460,"userid":245,"name":"[Prime] Malinois","avatar":"https://cdn.discordapp.com/avatars/674758857154887710/9984f9f4d45a58816391042a4ec4d2da.png"},"point":2156},{"user":{"uid":364,"userid":215,"name":"[MCG] Danish_v8","avatar":"https://static.truckersmp.com/avatarsN/3882826.1651322428.jpg"},"point":1310},{"user":{"uid":15,"userid":17,"name":"Aashraye","avatar":"https://cdn.discordapp.com/avatars/514799622510739456/a_9fa635cb53a66b5da365a010bbced50e.gif"},"point":1199},{"user":{"uid":400,"userid":222,"name":"prbkk","avatar":"https://cdn.discordapp.com/avatars/882076408308989952/bd00d6503d087db05af20d86f3f6681e.png"},"point":1000},{"user":{"uid":423,"userid":234,"name":"airilxx","avatar":"https://cdn.discordapp.com/avatars/410461489011490817/d1d300ee9fe0a2746ef91643f057c9f4.png"},"point":911},{"user":{"uid":82,"userid":99,"name":"𝐩𝐞𝐩𝐲𝐧𝐨𝐱","avatar":"https://cdn.discordapp.com/avatars/261473263752839168/a_32058670e7fcdb9136bb159147e62d09.gif"},"point":836},{"user":{"uid":443,"userid":248,"name":"ü","avatar":"https://cdn.discordapp.com/avatars/795288406028451851/9f5b2a24b7bb49c70da96297c4eef265.png"},"point":696},{"user":{"uid":19,"userid":22,"name":"Garmy","avatar":"https://cdn.discordapp.com/avatars/537294435617341451/19dfb744f41be1bc27dafe27f13a2b26.png"},"point":619},{"user":{"uid":399,"userid":223,"name":"kailum88866","avatar":"https://cdn.discordapp.com/avatars/793857518538719253/ff32b32b881efbf3dce9751c3a55588f.png"},"point":598},{"user":{"uid":202,"userid":154,"name":"i'm J clarkson","avatar":"https://cdn.discordapp.com/avatars/690586123952586792/80cf82fd6950b61379dce9612d1f7034.png"},"point":525},{"user":{"uid":211,"userid":160,"name":"human?","avatar":"https://cdn.discordapp.com/avatars/698752151073194015/e626fce336d1295ab98959c084394e8b.png"},"point":506},{"user":{"uid":425,"userid":235,"name":"𝐑𝐚𝐳𝐯𝐚𝐧𝐑𝐎","avatar":"https://cdn.discordapp.com/avatars/781186254976712794/2d6c733e78c760666fe6c9b332860609.png"},"point":0}],"fma":[{"user":{"uid":178,"userid":142,"name":"Kai'Sa☆UnSyn Amagiri","avatar":"https://cdn.discordapp.com/avatars/234026448229367809/a_3e769a6aef362f7e3f4ea09b2d3f5367.gif"},"point":11536},{"user":{"uid":96,"userid":120,"name":"Pattarapon","avatar":"https://cdn.discordapp.com/avatars/687263407417720832/a_c8f593c66e5dce0aeea7d8e0dc04e0cc.gif"},"point":7479},{"user":{"uid":300,"userid":197,"name":"zoop","avatar":"https://cdn.discordapp.com/avatars/221167310986149888/834a0f2ed8b4aacbb621e04069eba462.png"},"point":2798},{"user":{"uid":460,"userid":245,"name":"[Prime] Malinois","avatar":"https://cdn.discordapp.com/avatars/674758857154887710/9984f9f4d45a58816391042a4ec4d2da.png"},"point":2156},{"user":{"uid":364,"userid":215,"name":"[MCG] Danish_v8","avatar":"https://static.truckersmp.com/avatarsN/3882826.1651322428.jpg"},"point":1310},{"user":{"uid":15,"userid":17,"name":"Aashraye","avatar":"https://cdn.discordapp.com/avatars/514799622510739456/a_9fa635cb53a66b5da365a010bbced50e.gif"},"point":1199},{"user":{"uid":400,"userid":222,"name":"prbkk","avatar":"https://cdn.discordapp.com/avatars/882076408308989952/bd00d6503d087db05af20d86f3f6681e.png"},"point":1000},{"user":{"uid":423,"userid":234,"name":"airilxx","avatar":"https://cdn.discordapp.com/avatars/410461489011490817/d1d300ee9fe0a2746ef91643f057c9f4.png"},"point":911},{"user":{"uid":82,"userid":99,"name":"𝐩𝐞𝐩𝐲𝐧𝐨𝐱","avatar":"https://cdn.discordapp.com/avatars/261473263752839168/a_32058670e7fcdb9136bb159147e62d09.gif"},"point":836},{"user":{"uid":443,"userid":248,"name":"ü","avatar":"https://cdn.discordapp.com/avatars/795288406028451851/9f5b2a24b7bb49c70da96297c4eef265.png"},"point":696},{"user":{"uid":19,"userid":22,"name":"Garmy","avatar":"https://cdn.discordapp.com/avatars/537294435617341451/19dfb744f41be1bc27dafe27f13a2b26.png"},"point":619},{"user":{"uid":399,"userid":223,"name":"kailum88866","avatar":"https://cdn.discordapp.com/avatars/793857518538719253/ff32b32b881efbf3dce9751c3a55588f.png"},"point":598},{"user":{"uid":202,"userid":154,"name":"i'm J clarkson","avatar":"https://cdn.discordapp.com/avatars/690586123952586792/80cf82fd6950b61379dce9612d1f7034.png"},"point":525},{"user":{"uid":211,"userid":160,"name":"human?","avatar":"https://cdn.discordapp.com/avatars/698752151073194015/e626fce336d1295ab98959c084394e8b.png"},"point":506},{"user":{"uid":425,"userid":235,"name":"𝐑𝐚𝐳𝐯𝐚𝐧𝐑𝐎","avatar":"https://cdn.discordapp.com/avatars/781186254976712794/2d6c733e78c760666fe6c9b332860609.png"},"point":0}]}