{"fmd":[{"user":{"uid":85,"userid":76,"name":"BratPfanne","avatar":"https://cdn.discordapp.com/avatars/280066593428340739/935c5dc2cac4ab6850284f71bacf7134.png"},"point":15267},{"user":{"uid":36,"userid":82,"name":"SchakalGER","avatar":"https://cdn.discordapp.com/avatars/328243784703803413/0815cbf6b00e890a8030cd7d0042d596.png"},"point":12237},{"user":{"uid":18,"userid":16,"name":"teufelsfrucht","avatar":"https://static.truckersmp.com/avatarsN/4047213.1699434878.png"},"point":6044},{"user":{"uid":194,"userid":188,"name":"[FLG] derMicha","avatar":"https://cdn.discordapp.com/avatars/951482086072660018/6f6fb9e5f328bec8c769d872bed5109a.png"},"point":5297},{"user":{"uid":56,"userid":42,"name":"Glaceon","avatar":"https://cdn.discordapp.com/avatars/348428309018705930/f1b68bf1b8a5121559e1b782c8941327.png"},"point":4733},{"user":{"uid":148,"userid":145,"name":"weisserkreuzer","avatar":"https://cdn.discordapp.com/avatars/303094283752308737/651be3b81b2b904cd1112f8501fd2e49.png"},"point":4483},{"user":{"uid":71,"userid":60,"name":"geronimo8815","avatar":"https://static.truckersmp.com/avatarsN/5294261.1711913743.png"},"point":3818},{"user":{"uid":175,"userid":155,"name":"Desomazu","avatar":"https://cdn.discordapp.com/avatars/920735509251248139/72b5adb5b663ffeedbb767832a878772.png"},"point":2536},{"user":{"uid":152,"userid":135,"name":"manu7432","avatar":"https://cdn.discordapp.com/avatars/1024735246249373777/cef1115e757e0b8944a70bcd74e63455.png"},"point":2295},{"user":{"uid":198,"userid":172,"name":"Just-in-Time","avatar":"https://cdn.discordapp.com/avatars/305770257576886272/90e61c0783482e16128ba88bd7d1f1a0.png"},"point":2216},{"user":{"uid":291,"userid":243,"name":"Javeex","avatar":"https://cdn.discordapp.com/avatars/449671195273723904/f437023536c004b981b1f09339448ad8.png"},"point":1979},{"user":{"uid":27,"userid":24,"name":"theredmachine","avatar":"https://static.truckersmp.com/avatarsN/3462295.1710611272.png"},"point":1837},{"user":{"uid":10,"userid":7,"name":"Michi.","avatar":"https://cdn.discordapp.com/avatars/450646550998286336/cecb7757e1697a4ebde655c679ae60d1.png"},"point":1750},{"user":{"uid":50,"userid":41,"name":"Schnitzel.","avatar":"https://cdn.discordapp.com/avatars/690570896557211658/ae7d3f32a78a923191f8d72c0cf40ce3.png"},"point":1750},{"user":{"uid":272,"userid":227,"name":"Pfindus","avatar":"https://static.truckersmp.com/avatarsN/4311053.1710660288.png"},"point":1656},{"user":{"uid":68,"userid":57,"name":"Anthonyaski","avatar":"https://cdn.discordapp.com/avatars/334780188703588362/4af94601e420a28c570fce2b038e0b23.png"},"point":1594},{"user":{"uid":102,"userid":94,"name":"FivederBayer","avatar":"https://cdn.discordapp.com/avatars/739478235623981097/082efe8aa4fb97c375017d07867fe8c9.png"},"point":1461},{"user":{"uid":275,"userid":229,"name":"ByEnderman_HD","avatar":"https://cdn.discordapp.com/avatars/664529284043636767/6b9fb4edd1d2c073428b956ede3c7228.png"},"point":1428},{"user":{"uid":9,"userid":5,"name":"Fast-rider","avatar":"https://static.truckersmp.com/avatarsN/4041389.1709222265.png"},"point":1189},{"user":{"uid":183,"userid":198,"name":"Flor3ll3","avatar":"https://cdn.discordapp.com/avatars/988474900006174741/fc77f012bd8bd8277bac2e07a75c1ec2.png"},"point":1102},{"user":{"uid":13,"userid":11,"name":"Dignity.","avatar":"https://static.truckersmp.com/avatarsN/4603971.1691867837.png"},"point":1018},{"user":{"uid":114,"userid":101,"name":"Julius","avatar":"https://cdn.discordapp.com/avatars/438789396045758474/16ce72bc46b0c2f154b7580792284d0d.png"},"point":1000},{"user":{"uid":138,"userid":126,"name":"Luide2023","avatar":"https://cdn.discordapp.com/avatars/601828782642429982/None.png"},"point":767},{"user":{"uid":229,"userid":189,"name":"Jojo2007","avatar":"https://cdn.discordapp.com/avatars/534402304028311552/077d386b1190d39301f5ed59945250b2.png"},"point":751},{"user":{"uid":73,"userid":65,"name":"Ersque","avatar":"https://cdn.discordapp.com/avatars/219183521711915008/d8224c427b6d0b5f9a2b151734d67e76.png"},"point":741},{"user":{"uid":192,"userid":218,"name":"Pepe7530","avatar":"https://cdn.discordapp.com/avatars/264676607032033280/162a9ff3830854a226bbd190e2ad07ff.png"},"point":670},{"user":{"uid":108,"userid":107,"name":"DarkDemon","avatar":"https://cdn.discordapp.com/avatars/634094411499962368/17960d661c0077d8756fa6d59cbd8a35.png"},"point":655},{"user":{"uid":4,"userid":3,"name":"KamikazeFlo","avatar":"https://static.truckersmp.com/avatarsN/1855094.1645649823.png"},"point":627},{"user":{"uid":12,"userid":10,"name":"Tchabalala/Axel","avatar":"https://cdn.discordapp.com/avatars/336794680454938624/c949fc0ae2a0b67356a833b7f2dfb640.png"},"point":607},{"user":{"uid":286,"userid":238,"name":"Cortain","avatar":"https://cdn.discordapp.com/avatars/264756755932774400/b92bddec4543c8b93a6922a31c7f40e4.png"},"point":583},{"user":{"uid":90,"userid":92,"name":"Truck Driver(GER)","avatar":"https://cdn.discordapp.com/avatars/697753575450738759/7fd627982dc1053d0feca23ee052e524.png"},"point":575},{"user":{"uid":84,"userid":77,"name":"mike","avatar":"https://cdn.discordapp.com/avatars/1112276488386003034/88820a5194ff058d02d7951c6534b5c8.png"},"point":562},{"user":{"uid":31,"userid":36,"name":"Tedpli","avatar":"https://cdn.discordapp.com/avatars/501065020088647690/37ac2db1efd93758a8680c6c9ce7abc8.png"},"point":508},{"user":{"uid":1,"userid":1,"name":"Feyfar","avatar":"https://cdn.discordapp.com/avatars/513424125239230466/e720ef1e3ff385e1c8577fdf1754b7d3.png"},"point":445},{"user":{"uid":75,"userid":59,"name":"Storm05_","avatar":"https://cdn.discordapp.com/avatars/206094648236572672/8e00adf8bda4a32ef10eccef3d46830c.png"},"point":429},{"user":{"uid":80,"userid":73,"name":"YasinAbi","avatar":"https://cdn.discordapp.com/avatars/847538667613454346/c0a331cbb54089df7ac19c80d2cbcb16.png"},"point":288},{"user":{"uid":19,"userid":17,"name":"Tim13","avatar":"https://cdn.discordapp.com/avatars/932250744386617376/dba03c47053a9fb2a07ede96971bc97a.png"},"point":143}],"fma":[{"user":{"uid":85,"userid":76,"name":"BratPfanne","avatar":"https://cdn.discordapp.com/avatars/280066593428340739/935c5dc2cac4ab6850284f71bacf7134.png"},"point":15267},{"user":{"uid":36,"userid":82,"name":"SchakalGER","avatar":"https://cdn.discordapp.com/avatars/328243784703803413/0815cbf6b00e890a8030cd7d0042d596.png"},"point":12237},{"user":{"uid":18,"userid":16,"name":"teufelsfrucht","avatar":"https://static.truckersmp.com/avatarsN/4047213.1699434878.png"},"point":6044},{"user":{"uid":194,"userid":188,"name":"[FLG] derMicha","avatar":"https://cdn.discordapp.com/avatars/951482086072660018/6f6fb9e5f328bec8c769d872bed5109a.png"},"point":5297},{"user":{"uid":56,"userid":42,"name":"Glaceon","avatar":"https://cdn.discordapp.com/avatars/348428309018705930/f1b68bf1b8a5121559e1b782c8941327.png"},"point":4733},{"user":{"uid":148,"userid":145,"name":"weisserkreuzer","avatar":"https://cdn.discordapp.com/avatars/303094283752308737/651be3b81b2b904cd1112f8501fd2e49.png"},"point":4483},{"user":{"uid":71,"userid":60,"name":"geronimo8815","avatar":"https://static.truckersmp.com/avatarsN/5294261.1711913743.png"},"point":3818},{"user":{"uid":175,"userid":155,"name":"Desomazu","avatar":"https://cdn.discordapp.com/avatars/920735509251248139/72b5adb5b663ffeedbb767832a878772.png"},"point":2536},{"user":{"uid":152,"userid":135,"name":"manu7432","avatar":"https://cdn.discordapp.com/avatars/1024735246249373777/cef1115e757e0b8944a70bcd74e63455.png"},"point":2295},{"user":{"uid":198,"userid":172,"name":"Just-in-Time","avatar":"https://cdn.discordapp.com/avatars/305770257576886272/90e61c0783482e16128ba88bd7d1f1a0.png"},"point":2216},{"user":{"uid":291,"userid":243,"name":"Javeex","avatar":"https://cdn.discordapp.com/avatars/449671195273723904/f437023536c004b981b1f09339448ad8.png"},"point":1979},{"user":{"uid":27,"userid":24,"name":"theredmachine","avatar":"https://static.truckersmp.com/avatarsN/3462295.1710611272.png"},"point":1837},{"user":{"uid":10,"userid":7,"name":"Michi.","avatar":"https://cdn.discordapp.com/avatars/450646550998286336/cecb7757e1697a4ebde655c679ae60d1.png"},"point":1750},{"user":{"uid":50,"userid":41,"name":"Schnitzel.","avatar":"https://cdn.discordapp.com/avatars/690570896557211658/ae7d3f32a78a923191f8d72c0cf40ce3.png"},"point":1750},{"user":{"uid":272,"userid":227,"name":"Pfindus","avatar":"https://static.truckersmp.com/avatarsN/4311053.1710660288.png"},"point":1656},{"user":{"uid":68,"userid":57,"name":"Anthonyaski","avatar":"https://cdn.discordapp.com/avatars/334780188703588362/4af94601e420a28c570fce2b038e0b23.png"},"point":1594},{"user":{"uid":102,"userid":94,"name":"FivederBayer","avatar":"https://cdn.discordapp.com/avatars/739478235623981097/082efe8aa4fb97c375017d07867fe8c9.png"},"point":1461},{"user":{"uid":275,"userid":229,"name":"ByEnderman_HD","avatar":"https://cdn.discordapp.com/avatars/664529284043636767/6b9fb4edd1d2c073428b956ede3c7228.png"},"point":1428},{"user":{"uid":9,"userid":5,"name":"Fast-rider","avatar":"https://static.truckersmp.com/avatarsN/4041389.1709222265.png"},"point":1189},{"user":{"uid":183,"userid":198,"name":"Flor3ll3","avatar":"https://cdn.discordapp.com/avatars/988474900006174741/fc77f012bd8bd8277bac2e07a75c1ec2.png"},"point":1102},{"user":{"uid":13,"userid":11,"name":"Dignity.","avatar":"https://static.truckersmp.com/avatarsN/4603971.1691867837.png"},"point":1018},{"user":{"uid":114,"userid":101,"name":"Julius","avatar":"https://cdn.discordapp.com/avatars/438789396045758474/16ce72bc46b0c2f154b7580792284d0d.png"},"point":1000},{"user":{"uid":138,"userid":126,"name":"Luide2023","avatar":"https://cdn.discordapp.com/avatars/601828782642429982/None.png"},"point":767},{"user":{"uid":229,"userid":189,"name":"Jojo2007","avatar":"https://cdn.discordapp.com/avatars/534402304028311552/077d386b1190d39301f5ed59945250b2.png"},"point":751},{"user":{"uid":73,"userid":65,"name":"Ersque","avatar":"https://cdn.discordapp.com/avatars/219183521711915008/d8224c427b6d0b5f9a2b151734d67e76.png"},"point":741},{"user":{"uid":192,"userid":218,"name":"Pepe7530","avatar":"https://cdn.discordapp.com/avatars/264676607032033280/162a9ff3830854a226bbd190e2ad07ff.png"},"point":670},{"user":{"uid":108,"userid":107,"name":"DarkDemon","avatar":"https://cdn.discordapp.com/avatars/634094411499962368/17960d661c0077d8756fa6d59cbd8a35.png"},"point":655},{"user":{"uid":4,"userid":3,"name":"KamikazeFlo","avatar":"https://static.truckersmp.com/avatarsN/1855094.1645649823.png"},"point":627},{"user":{"uid":12,"userid":10,"name":"Tchabalala/Axel","avatar":"https://cdn.discordapp.com/avatars/336794680454938624/c949fc0ae2a0b67356a833b7f2dfb640.png"},"point":607},{"user":{"uid":286,"userid":238,"name":"Cortain","avatar":"https://cdn.discordapp.com/avatars/264756755932774400/b92bddec4543c8b93a6922a31c7f40e4.png"},"point":583},{"user":{"uid":90,"userid":92,"name":"Truck Driver(GER)","avatar":"https://cdn.discordapp.com/avatars/697753575450738759/7fd627982dc1053d0feca23ee052e524.png"},"point":575},{"user":{"uid":84,"userid":77,"name":"mike","avatar":"https://cdn.discordapp.com/avatars/1112276488386003034/88820a5194ff058d02d7951c6534b5c8.png"},"point":562},{"user":{"uid":31,"userid":36,"name":"Tedpli","avatar":"https://cdn.discordapp.com/avatars/501065020088647690/37ac2db1efd93758a8680c6c9ce7abc8.png"},"point":508},{"user":{"uid":1,"userid":1,"name":"Feyfar","avatar":"https://cdn.discordapp.com/avatars/513424125239230466/e720ef1e3ff385e1c8577fdf1754b7d3.png"},"point":445},{"user":{"uid":75,"userid":59,"name":"Storm05_","avatar":"https://cdn.discordapp.com/avatars/206094648236572672/8e00adf8bda4a32ef10eccef3d46830c.png"},"point":429},{"user":{"uid":80,"userid":73,"name":"YasinAbi","avatar":"https://cdn.discordapp.com/avatars/847538667613454346/c0a331cbb54089df7ac19c80d2cbcb16.png"},"point":288},{"user":{"uid":19,"userid":17,"name":"Tim13","avatar":"https://cdn.discordapp.com/avatars/932250744386617376/dba03c47053a9fb2a07ede96971bc97a.png"},"point":143}]}