{"fmd":[{"user":{"uid":435,"userid":361,"name":"Wambui","avatar":"https://cdn.discordapp.com/avatars/922564674866774107/b11795300e6eff544cdcba9cae8ed136.png"},"point":3425},{"user":{"uid":609,"userid":490,"name":"ralkinvx","avatar":"https://cdn.discordapp.com/avatars/626276063609225221/cdf27d657698337dc22e9a4ba4736900.png"},"point":2961},{"user":{"uid":627,"userid":503,"name":"Bobgamer235","avatar":"https://cdn.discordapp.com/avatars/921910347131125762/c1b95dedbf4e3e3960c1c9b5e0afedff.png"},"point":2125},{"user":{"uid":25,"userid":96,"name":"[G-T-R]GrayWolf","avatar":"https://cdn.discordapp.com/avatars/463049453067173888/93e0f855de1c1bcdf6924d45b1789338.png"},"point":2083},{"user":{"uid":516,"userid":417,"name":"Ravsh1k","avatar":"https://cdn.discordapp.com/avatars/901846074740858890/775a54f0f101fa2eb9b9fb54ad87ce55.png"},"point":1996},{"user":{"uid":596,"userid":480,"name":"proximirones","avatar":"https://cdn.discordapp.com/avatars/830886800398221393/0a65872022ee1b3452cc03b312d8a67c.png"},"point":1802},{"user":{"uid":595,"userid":479,"name":"Championrub","avatar":"https://cdn.discordapp.com/avatars/811982277474123786/57632d6c13f4de8235b03acd0aba016e.png"},"point":1578},{"user":{"uid":458,"userid":377,"name":"LordCancer420","avatar":"https://cdn.discordapp.com/avatars/412529924805492756/38365841d4eaa1db7d73bc11bc478124.png"},"point":1417},{"user":{"uid":427,"userid":353,"name":"Versthappening","avatar":"https://cdn.discordapp.com/avatars/851032564801077258/b6762130b06d88078b10d519887e731b.png"},"point":1416},{"user":{"uid":312,"userid":263,"name":"Enrikas15","avatar":"https://cdn.discordapp.com/avatars/924617012926365736/48f337c0b8d40a3b4b5d412c0dcffe9b.png"},"point":1349},{"user":{"uid":618,"userid":496,"name":"Lorenzo (lftt205)","avatar":"https://cdn.discordapp.com/avatars/254870559257657344/e6795e10c6356b41ae0dde62b8555d22.png"},"point":1222},{"user":{"uid":391,"userid":329,"name":"Джеспер","avatar":"https://cdn.discordapp.com/avatars/632239961994821680/d4a0d65db94bed39bb7ee26b80fc9ddd.png"},"point":1003},{"user":{"uid":341,"userid":285,"name":"Bestpadawan","avatar":"https://cdn.discordapp.com/avatars/116954631346716680/7d9007d6c735cb957ef368c03280281f.png"},"point":972},{"user":{"uid":396,"userid":331,"name":"Lucas","avatar":"https://cdn.discordapp.com/avatars/1004644388888117258/40f0905fcd22843d4e831fa18fc7576d.png"},"point":794},{"user":{"uid":630,"userid":507,"name":"Pingvins_","avatar":"https://cdn.discordapp.com/avatars/665639547756871680/11b9131c70b40606a84197ce1d9cf7ca.png"},"point":704},{"user":{"uid":603,"userid":484,"name":"VJvijey","avatar":"https://cdn.discordapp.com/avatars/501001074782502912/25abb23bf0c24c97bf14a72fc880b1da.png"},"point":624},{"user":{"uid":629,"userid":506,"name":"Bin_Tyler","avatar":"https://cdn.discordapp.com/avatars/778660332570804325/c854253e1f12ab7a70384535a84fae7d.png"},"point":526},{"user":{"uid":626,"userid":504,"name":"Trav.","avatar":"https://cdn.discordapp.com/avatars/860279987058901043/9b5cbff53186b6353369633fcf73263d.png"},"point":489},{"user":{"uid":480,"userid":395,"name":"Sh0tBlow","avatar":"https://cdn.discordapp.com/avatars/462991116279611392/87bf1e3b76d220025f3fb4b0029427f8.png"},"point":253},{"user":{"uid":625,"userid":502,"name":"! Kermit","avatar":"https://cdn.discordapp.com/avatars/933759740977225799/5e8244727f7554349e400b0c460ae319.png"},"point":197},{"user":{"uid":549,"userid":446,"name":"Almog","avatar":"https://cdn.discordapp.com/avatars/579308291402891265/a_38fa85d1706d1c39aaa44d5c2af0a862.gif"},"point":112}],"fma":[{"user":{"uid":25,"userid":96,"name":"[G-T-R]GrayWolf","avatar":"https://cdn.discordapp.com/avatars/463049453067173888/93e0f855de1c1bcdf6924d45b1789338.png"},"point":4582},{"user":{"uid":435,"userid":361,"name":"Wambui","avatar":"https://cdn.discordapp.com/avatars/922564674866774107/b11795300e6eff544cdcba9cae8ed136.png"},"point":3425},{"user":{"uid":609,"userid":490,"name":"ralkinvx","avatar":"https://cdn.discordapp.com/avatars/626276063609225221/cdf27d657698337dc22e9a4ba4736900.png"},"point":2961},{"user":{"uid":516,"userid":417,"name":"Ravsh1k","avatar":"https://cdn.discordapp.com/avatars/901846074740858890/775a54f0f101fa2eb9b9fb54ad87ce55.png"},"point":2515},{"user":{"uid":458,"userid":377,"name":"LordCancer420","avatar":"https://cdn.discordapp.com/avatars/412529924805492756/38365841d4eaa1db7d73bc11bc478124.png"},"point":2217},{"user":{"uid":596,"userid":480,"name":"proximirones","avatar":"https://cdn.discordapp.com/avatars/830886800398221393/0a65872022ee1b3452cc03b312d8a67c.png"},"point":2202},{"user":{"uid":627,"userid":503,"name":"Bobgamer235","avatar":"https://cdn.discordapp.com/avatars/921910347131125762/c1b95dedbf4e3e3960c1c9b5e0afedff.png"},"point":2125},{"user":{"uid":427,"userid":353,"name":"Versthappening","avatar":"https://cdn.discordapp.com/avatars/851032564801077258/b6762130b06d88078b10d519887e731b.png"},"point":1816},{"user":{"uid":312,"userid":263,"name":"Enrikas15","avatar":"https://cdn.discordapp.com/avatars/924617012926365736/48f337c0b8d40a3b4b5d412c0dcffe9b.png"},"point":1749},{"user":{"uid":618,"userid":496,"name":"Lorenzo (lftt205)","avatar":"https://cdn.discordapp.com/avatars/254870559257657344/e6795e10c6356b41ae0dde62b8555d22.png"},"point":1622},{"user":{"uid":595,"userid":479,"name":"Championrub","avatar":"https://cdn.discordapp.com/avatars/811982277474123786/57632d6c13f4de8235b03acd0aba016e.png"},"point":1578},{"user":{"uid":396,"userid":331,"name":"Lucas","avatar":"https://cdn.discordapp.com/avatars/1004644388888117258/40f0905fcd22843d4e831fa18fc7576d.png"},"point":1194},{"user":{"uid":603,"userid":484,"name":"VJvijey","avatar":"https://cdn.discordapp.com/avatars/501001074782502912/25abb23bf0c24c97bf14a72fc880b1da.png"},"point":1024},{"user":{"uid":391,"userid":329,"name":"Джеспер","avatar":"https://cdn.discordapp.com/avatars/632239961994821680/d4a0d65db94bed39bb7ee26b80fc9ddd.png"},"point":1003},{"user":{"uid":341,"userid":285,"name":"Bestpadawan","avatar":"https://cdn.discordapp.com/avatars/116954631346716680/7d9007d6c735cb957ef368c03280281f.png"},"point":972},{"user":{"uid":630,"userid":507,"name":"Pingvins_","avatar":"https://cdn.discordapp.com/avatars/665639547756871680/11b9131c70b40606a84197ce1d9cf7ca.png"},"point":704},{"user":{"uid":629,"userid":506,"name":"Bin_Tyler","avatar":"https://cdn.discordapp.com/avatars/778660332570804325/c854253e1f12ab7a70384535a84fae7d.png"},"point":526},{"user":{"uid":626,"userid":504,"name":"Trav.","avatar":"https://cdn.discordapp.com/avatars/860279987058901043/9b5cbff53186b6353369633fcf73263d.png"},"point":489},{"user":{"uid":622,"userid":500,"name":"Liang","avatar":"https://cdn.discordapp.com/avatars/1152484045549211749/3487bb42c54b1cae8115bbba55ab7617.png"},"point":400},{"user":{"uid":574,"userid":462,"name":"ꞨɃΓ-ꞦΞᛗꞨ","avatar":"https://cdn.discordapp.com/avatars/986563915544682527/8683b5e187d891d1b92221acd9cca6fa.png"},"point":400},{"user":{"uid":366,"userid":306,"name":"Uncle Pepsi","avatar":"https://cdn.discordapp.com/avatars/731413844953399347/d3f3fc49200d39a809129cea5af7dfec.png"},"point":400},{"user":{"uid":542,"userid":439,"name":"crazymarshmello","avatar":"https://cdn.discordapp.com/avatars/334756264225800195/8152ee86743ced25471a12731df057f9.png"},"point":400},{"user":{"uid":480,"userid":395,"name":"Sh0tBlow","avatar":"https://cdn.discordapp.com/avatars/462991116279611392/87bf1e3b76d220025f3fb4b0029427f8.png"},"point":338},{"user":{"uid":625,"userid":502,"name":"! Kermit","avatar":"https://cdn.discordapp.com/avatars/933759740977225799/5e8244727f7554349e400b0c460ae319.png"},"point":197},{"user":{"uid":549,"userid":446,"name":"Almog","avatar":"https://cdn.discordapp.com/avatars/579308291402891265/a_38fa85d1706d1c39aaa44d5c2af0a862.gif"},"point":112}]}