{"fmd":[{"user":{"uid":118,"userid":96,"name":"(DR) ST1G","avatar":"https://cdn.discordapp.com/avatars/515890400494616608/f4bac7aef316082f7bad4fcbb6b39570.png"},"point":10983},{"user":{"uid":171,"userid":144,"name":"(DR) P3rran","avatar":"https://cdn.discordapp.com/avatars/495694046413717524/fac894c68850acc52cd9a5c1e354fa57.png"},"point":5747},{"user":{"uid":161,"userid":134,"name":"(DR) colvie","avatar":"https://cdn.discordapp.com/avatars/401489800013676545/86bff531bf2c8b036c06a8de1e90b364.png"},"point":2903},{"user":{"uid":162,"userid":135,"name":"(DR) KyleJD","avatar":"https://cdn.discordapp.com/avatars/409483259471462401/7eb13975afe47d1771b417a7419cccee.png"},"point":2510},{"user":{"uid":175,"userid":148,"name":"(DR) Prestimoin","avatar":"https://cdn.discordapp.com/avatars/635946792143421472/3d42f6ebd096c1bb1a69d2314f316763.png"},"point":2452},{"user":{"uid":191,"userid":162,"name":"(DRT) 007Lukey","avatar":"https://cdn.discordapp.com/avatars/1134193277105619004/2144f5bdf982ff3bd540e294401d2af1.png"},"point":2370},{"user":{"uid":183,"userid":155,"name":"(DRT) Stuart Green","avatar":"https://cdn.discordapp.com/avatars/561116804685234196/ebd7eac27d7b1caa7af6683903e1ca07.png"},"point":1457},{"user":{"uid":192,"userid":163,"name":"(DRT) Diican","avatar":""},"point":1275},{"user":{"uid":187,"userid":159,"name":"(DRT) Dingo Meat (Vytezx)","avatar":"https://cdn.discordapp.com/avatars/679412978788990976/33f035d6d1a20a91cf39beefe5152573.png"},"point":1011},{"user":{"uid":159,"userid":132,"name":"(DR) JMCGPHOTGRAPHY","avatar":"https://cdn.discordapp.com/avatars/909849031100989450/175672eb7ba5131485de4f8dc0a52d17.png"},"point":794},{"user":{"uid":152,"userid":125,"name":"(DR) driftakisa vadi kesha","avatar":"https://cdn.discordapp.com/avatars/1127995075436220517/a_17ddacad50fc0dad52b6fe8a3bb59ea0.gif"},"point":784},{"user":{"uid":158,"userid":131,"name":"(HR) Infantry4life","avatar":"https://cdn.discordapp.com/avatars/313867376707895298/eaeca34699613c2d815224f6096fa34a.png"},"point":713},{"user":{"uid":184,"userid":156,"name":"(DRT)Jonnymoorhouse","avatar":"https://cdn.discordapp.com/avatars/451628803488350228/62c196d8ace48e3ca873c3cd53c0f331.png"},"point":682},{"user":{"uid":173,"userid":146,"name":"(DR) Liam","avatar":"https://cdn.discordapp.com/avatars/851490830840889354/5573f1564aacc140704ae8b24f22b114.png"},"point":625},{"user":{"uid":28,"userid":23,"name":"(CEO) Pete (DND)","avatar":"https://cdn.discordapp.com/avatars/316660255872516106/8a2dca3b679afae90df18edc44b1584c.png"},"point":318}],"fma":[{"user":{"uid":118,"userid":96,"name":"(DR) ST1G","avatar":"https://cdn.discordapp.com/avatars/515890400494616608/f4bac7aef316082f7bad4fcbb6b39570.png"},"point":11783},{"user":{"uid":171,"userid":144,"name":"(DR) P3rran","avatar":"https://cdn.discordapp.com/avatars/495694046413717524/fac894c68850acc52cd9a5c1e354fa57.png"},"point":5747},{"user":{"uid":161,"userid":134,"name":"(DR) colvie","avatar":"https://cdn.discordapp.com/avatars/401489800013676545/86bff531bf2c8b036c06a8de1e90b364.png"},"point":2903},{"user":{"uid":162,"userid":135,"name":"(DR) KyleJD","avatar":"https://cdn.discordapp.com/avatars/409483259471462401/7eb13975afe47d1771b417a7419cccee.png"},"point":2510},{"user":{"uid":175,"userid":148,"name":"(DR) Prestimoin","avatar":"https://cdn.discordapp.com/avatars/635946792143421472/3d42f6ebd096c1bb1a69d2314f316763.png"},"point":2452},{"user":{"uid":191,"userid":162,"name":"(DRT) 007Lukey","avatar":"https://cdn.discordapp.com/avatars/1134193277105619004/2144f5bdf982ff3bd540e294401d2af1.png"},"point":2370},{"user":{"uid":183,"userid":155,"name":"(DRT) Stuart Green","avatar":"https://cdn.discordapp.com/avatars/561116804685234196/ebd7eac27d7b1caa7af6683903e1ca07.png"},"point":1457},{"user":{"uid":192,"userid":163,"name":"(DRT) Diican","avatar":""},"point":1275},{"user":{"uid":187,"userid":159,"name":"(DRT) Dingo Meat (Vytezx)","avatar":"https://cdn.discordapp.com/avatars/679412978788990976/33f035d6d1a20a91cf39beefe5152573.png"},"point":1011},{"user":{"uid":159,"userid":132,"name":"(DR) JMCGPHOTGRAPHY","avatar":"https://cdn.discordapp.com/avatars/909849031100989450/175672eb7ba5131485de4f8dc0a52d17.png"},"point":794},{"user":{"uid":152,"userid":125,"name":"(DR) driftakisa vadi kesha","avatar":"https://cdn.discordapp.com/avatars/1127995075436220517/a_17ddacad50fc0dad52b6fe8a3bb59ea0.gif"},"point":784},{"user":{"uid":158,"userid":131,"name":"(HR) Infantry4life","avatar":"https://cdn.discordapp.com/avatars/313867376707895298/eaeca34699613c2d815224f6096fa34a.png"},"point":713},{"user":{"uid":184,"userid":156,"name":"(DRT)Jonnymoorhouse","avatar":"https://cdn.discordapp.com/avatars/451628803488350228/62c196d8ace48e3ca873c3cd53c0f331.png"},"point":682},{"user":{"uid":173,"userid":146,"name":"(DR) Liam","avatar":"https://cdn.discordapp.com/avatars/851490830840889354/5573f1564aacc140704ae8b24f22b114.png"},"point":625},{"user":{"uid":28,"userid":23,"name":"(CEO) Pete (DND)","avatar":"https://cdn.discordapp.com/avatars/316660255872516106/8a2dca3b679afae90df18edc44b1584c.png"},"point":318},{"user":{"uid":1,"userid":0,"name":"(Owner) Essex","avatar":"https://cdn.discordapp.com/avatars/986728515892285461/a_c4301bd78f1d1d60c25f66672af89a9a.gif"},"point":20}]}