{"fmd":[{"user":{"uid":341,"userid":247,"name":"usaf","avatar":"https://cdn.discordapp.com/avatars/635080691213795329/62011e9c8354b5b7cd4d6dfac48b2878.png"},"point":4098},{"user":{"uid":218,"userid":246,"name":"Jord","avatar":"https://cdn.discordapp.com/avatars/684027652016832535/fa88b9b0dd673495c894582f075a5a83.png"},"point":4014},{"user":{"uid":312,"userid":239,"name":"Two Trappy","avatar":"https://cdn.discordapp.com/avatars/460444257250181120/e1fe6b34c1ce8b3d86f89e7e210ca57e.png"},"point":1166},{"user":{"uid":284,"userid":243,"name":"Dent","avatar":"https://cdn.discordapp.com/avatars/803273884904325135/200c3f7ecc9b2621b1dd5d21ad51cb13.png"},"point":1165},{"user":{"uid":132,"userid":118,"name":"lukaa","avatar":"https://cdn.discordapp.com/avatars/939556970342539304/68bdf203b030fb927269c35d1e0d49f7.png"},"point":572},{"user":{"uid":1,"userid":0,"name":"Brad","avatar":"https://cdn.discordapp.com/avatars/507570358782525451/0f8d2ac0cb4d5df4b45d8529b6efe809.png"},"point":464}],"fma":[{"user":{"uid":218,"userid":246,"name":"Jord","avatar":"https://cdn.discordapp.com/avatars/684027652016832535/fa88b9b0dd673495c894582f075a5a83.png"},"point":29014},{"user":{"uid":312,"userid":239,"name":"Two Trappy","avatar":"https://cdn.discordapp.com/avatars/460444257250181120/e1fe6b34c1ce8b3d86f89e7e210ca57e.png"},"point":26166},{"user":{"uid":284,"userid":243,"name":"Dent","avatar":"https://cdn.discordapp.com/avatars/803273884904325135/200c3f7ecc9b2621b1dd5d21ad51cb13.png"},"point":26165},{"user":{"uid":352,"userid":255,"name":"Deilia","avatar":"https://static.truckersmp.com/avatarsN/5164534.1711935146.png"},"point":25000},{"user":{"uid":341,"userid":247,"name":"usaf","avatar":"https://cdn.discordapp.com/avatars/635080691213795329/62011e9c8354b5b7cd4d6dfac48b2878.png"},"point":4098},{"user":{"uid":132,"userid":118,"name":"lukaa","avatar":"https://cdn.discordapp.com/avatars/939556970342539304/68bdf203b030fb927269c35d1e0d49f7.png"},"point":572},{"user":{"uid":1,"userid":0,"name":"Brad","avatar":"https://cdn.discordapp.com/avatars/507570358782525451/0f8d2ac0cb4d5df4b45d8529b6efe809.png"},"point":464}]}