{"fmd":[{"user":{"uid":8,"userid":6,"name":"shipmate","avatar":"https://avatars.steamstatic.com/3a4bdab4c8b08247c0e12345ba110647e9464041_full.jpg"},"point":2185},{"user":{"uid":10,"userid":7,"name":"stanimir103","avatar":"https://avatars.steamstatic.com/83d87adbf692b7c38710922c890830ce1ae74376_full.jpg"},"point":1351},{"user":{"uid":5,"userid":5,"name":"COO | Raull","avatar":"https://cdn.discordapp.com/avatars/1045451668709445782/cf44428a080988139cb0995c19ab461b.png"},"point":1349},{"user":{"uid":9,"userid":8,"name":"adamrobert1010","avatar":"https://avatars.steamstatic.com/1e842c01e7522e541a2bd24ef6925940169e37ac_full.jpg"},"point":789},{"user":{"uid":13,"userid":11,"name":"Captain Codpeice","avatar":"https://avatars.steamstatic.com/542c53aa722f46d9d5214c1ffa794db92238b76f_full.jpg"},"point":773}],"fma":[{"user":{"uid":8,"userid":6,"name":"shipmate","avatar":"https://avatars.steamstatic.com/3a4bdab4c8b08247c0e12345ba110647e9464041_full.jpg"},"point":2185},{"user":{"uid":10,"userid":7,"name":"stanimir103","avatar":"https://avatars.steamstatic.com/83d87adbf692b7c38710922c890830ce1ae74376_full.jpg"},"point":1351},{"user":{"uid":5,"userid":5,"name":"COO | Raull","avatar":"https://cdn.discordapp.com/avatars/1045451668709445782/cf44428a080988139cb0995c19ab461b.png"},"point":1349},{"user":{"uid":9,"userid":8,"name":"adamrobert1010","avatar":"https://avatars.steamstatic.com/1e842c01e7522e541a2bd24ef6925940169e37ac_full.jpg"},"point":789},{"user":{"uid":13,"userid":11,"name":"Captain Codpeice","avatar":"https://avatars.steamstatic.com/542c53aa722f46d9d5214c1ffa794db92238b76f_full.jpg"},"point":773}]}