{"fmd":[{"user":{"uid":8,"userid":6,"name":"ll iScuf ll","avatar":"https://cdn.discordapp.com/avatars/321795006178525186/a_b79d3e9a2be03b5fc4d9c795da893874.gif"},"point":6245},{"user":{"uid":241,"userid":184,"name":"F_I_S_T","avatar":"https://cdn.discordapp.com/avatars/540017955413557258/525e165ce9fb3db253ba3e03ac9b58e3.png"},"point":5127},{"user":{"uid":1,"userid":1,"name":"!itsPeanutttt","avatar":"https://cdn.discordapp.com/avatars/208757218013609985/a_b8fae2196be237eb9612f9daed82c1e3.gif"},"point":5096},{"user":{"uid":28,"userid":17,"name":"Mistyっ ゛","avatar":"https://cdn.discordapp.com/avatars/451086562617327616/3a7355e38c7bc476a871faee38e8f1c0.png"},"point":4381},{"user":{"uid":5,"userid":4,"name":"Dutchkiwi","avatar":"https://cdn.discordapp.com/avatars/757764740629135380/7db38fb02ba63b040c93e1df3a1fc462.png"},"point":4034},{"user":{"uid":259,"userid":197,"name":"I3uckfast","avatar":"https://cdn.discordapp.com/avatars/1004430807357722625/8824de375f59b95e388b5680710ead3f.png"},"point":3213},{"user":{"uid":253,"userid":193,"name":"LucienOlijf","avatar":"https://cdn.discordapp.com/avatars/169873049674448897/f66747383622ed7a57f769e76e5c4f9e.png"},"point":2289},{"user":{"uid":173,"userid":133,"name":"LizzyM#290199","avatar":""},"point":2027},{"user":{"uid":54,"userid":44,"name":"BDaken","avatar":"https://cdn.discordapp.com/avatars/216786480088088577/2b6f81c3727a628c4806c5a0ece25fcd.png"},"point":1579},{"user":{"uid":32,"userid":21,"name":"NateNZ","avatar":"https://cdn.discordapp.com/avatars/263779798327885834/54adfd241b87dc24073b7cc175209ad7.png"},"point":1572},{"user":{"uid":140,"userid":107,"name":"Ata35","avatar":"https://cdn.discordapp.com/avatars/320518548046741505/67114a1cf7e0397b1e94fc8af83fd158.png"},"point":1555},{"user":{"uid":15,"userid":10,"name":"MarlonSkills","avatar":"https://cdn.discordapp.com/avatars/315956778884005890/9a3d00de17d4e51023e4dc7542353ce7.png"},"point":1278},{"user":{"uid":213,"userid":163,"name":"Little Meow","avatar":"https://cdn.discordapp.com/avatars/1019561099177234442/ddd644a232498d08379163bd4797740e.png"},"point":1227},{"user":{"uid":277,"userid":208,"name":"SCOTTISH truckerharry","avatar":"https://cdn.discordapp.com/avatars/1165638896974049290/a4dfd80509ae0b6182b178949ec66486.png"},"point":1150},{"user":{"uid":266,"userid":202,"name":"asupra","avatar":"https://cdn.discordapp.com/avatars/678640648089370645/0364d6b3ff1b03ad126f0df700b015cc.png"},"point":985},{"user":{"uid":124,"userid":95,"name":"s  p  a  c  e  .","avatar":"https://cdn.discordapp.com/avatars/507451917803192331/9da7762bc3c6d8765d14c7ab4f3b64cb.png"},"point":904},{"user":{"uid":62,"userid":51,"name":"SeducktiveDan","avatar":"https://cdn.discordapp.com/avatars/329977583397765121/f9c5e558bf04973f5734efc56c1e5aa8.png"},"point":861},{"user":{"uid":146,"userid":112,"name":"JENNAS JUGS","avatar":"https://cdn.discordapp.com/avatars/697145117458301013/8fc3d9c9fcb32f3b81c47ef234d1a62f.png"},"point":613},{"user":{"uid":76,"userid":60,"name":"V8 Gaming","avatar":"https://cdn.discordapp.com/avatars/793808849404559452/3ad45fe419c80a0cc727643ff48b4a6c.png"},"point":519},{"user":{"uid":242,"userid":185,"name":"Itmehokiledu","avatar":"https://cdn.discordapp.com/avatars/384091675997241344/c8675ddaab83431958ee30dc5605b336.png"},"point":514},{"user":{"uid":163,"userid":124,"name":"N1CK904","avatar":"https://cdn.discordapp.com/avatars/1056467542824206346/382880aa0ba504228fe5c5478bda93b2.png"},"point":332},{"user":{"uid":100,"userid":75,"name":"I am KingHeet","avatar":"https://static.truckersmp.com/avatarsN/3141865.1659238151.jpeg"},"point":331},{"user":{"uid":222,"userid":171,"name":"DRAKNESS","avatar":"https://cdn.discordapp.com/avatars/191435261777936384/cde25647f4a18c5f7427ee26497adb09.png"},"point":246},{"user":{"uid":29,"userid":18,"name":"Wesjet","avatar":"https://cdn.discordapp.com/avatars/680834715388870687/51c13442be476488f6e33d9ffbeab678.png"},"point":0},{"user":{"uid":260,"userid":198,"name":"TJ2006","avatar":"https://cdn.discordapp.com/avatars/405456778772480001/929852eed2b7943bbbde706a2a381e14.png"},"point":0},{"user":{"uid":261,"userid":199,"name":"Lucas M","avatar":"https://cdn.discordapp.com/avatars/1051127166659731467/39c7346a18638193475fd383f50f5ac3.png"},"point":0}],"fma":[{"user":{"uid":8,"userid":6,"name":"ll iScuf ll","avatar":"https://cdn.discordapp.com/avatars/321795006178525186/a_b79d3e9a2be03b5fc4d9c795da893874.gif"},"point":7314},{"user":{"uid":259,"userid":197,"name":"I3uckfast","avatar":"https://cdn.discordapp.com/avatars/1004430807357722625/8824de375f59b95e388b5680710ead3f.png"},"point":6499},{"user":{"uid":108,"userid":83,"name":"mth.","avatar":"https://cdn.discordapp.com/avatars/1048895539606978651/a_ed23bd3b02d03ccafa443faf15ff38ca.gif"},"point":6425},{"user":{"uid":1,"userid":1,"name":"!itsPeanutttt","avatar":"https://cdn.discordapp.com/avatars/208757218013609985/a_b8fae2196be237eb9612f9daed82c1e3.gif"},"point":6223},{"user":{"uid":241,"userid":184,"name":"F_I_S_T","avatar":"https://cdn.discordapp.com/avatars/540017955413557258/525e165ce9fb3db253ba3e03ac9b58e3.png"},"point":5996},{"user":{"uid":28,"userid":17,"name":"Mistyっ ゛","avatar":"https://cdn.discordapp.com/avatars/451086562617327616/3a7355e38c7bc476a871faee38e8f1c0.png"},"point":5409},{"user":{"uid":5,"userid":4,"name":"Dutchkiwi","avatar":"https://cdn.discordapp.com/avatars/757764740629135380/7db38fb02ba63b040c93e1df3a1fc462.png"},"point":4529},{"user":{"uid":253,"userid":193,"name":"LucienOlijf","avatar":"https://cdn.discordapp.com/avatars/169873049674448897/f66747383622ed7a57f769e76e5c4f9e.png"},"point":3299},{"user":{"uid":173,"userid":133,"name":"LizzyM#290199","avatar":""},"point":2434},{"user":{"uid":100,"userid":75,"name":"I am KingHeet","avatar":"https://static.truckersmp.com/avatarsN/3141865.1659238151.jpeg"},"point":2361},{"user":{"uid":54,"userid":44,"name":"BDaken","avatar":"https://cdn.discordapp.com/avatars/216786480088088577/2b6f81c3727a628c4806c5a0ece25fcd.png"},"point":1836},{"user":{"uid":32,"userid":21,"name":"NateNZ","avatar":"https://cdn.discordapp.com/avatars/263779798327885834/54adfd241b87dc24073b7cc175209ad7.png"},"point":1572},{"user":{"uid":140,"userid":107,"name":"Ata35","avatar":"https://cdn.discordapp.com/avatars/320518548046741505/67114a1cf7e0397b1e94fc8af83fd158.png"},"point":1555},{"user":{"uid":15,"userid":10,"name":"MarlonSkills","avatar":"https://cdn.discordapp.com/avatars/315956778884005890/9a3d00de17d4e51023e4dc7542353ce7.png"},"point":1554},{"user":{"uid":277,"userid":208,"name":"SCOTTISH truckerharry","avatar":"https://cdn.discordapp.com/avatars/1165638896974049290/a4dfd80509ae0b6182b178949ec66486.png"},"point":1550},{"user":{"uid":213,"userid":163,"name":"Little Meow","avatar":"https://cdn.discordapp.com/avatars/1019561099177234442/ddd644a232498d08379163bd4797740e.png"},"point":1441},{"user":{"uid":266,"userid":202,"name":"asupra","avatar":"https://cdn.discordapp.com/avatars/678640648089370645/0364d6b3ff1b03ad126f0df700b015cc.png"},"point":1335},{"user":{"uid":242,"userid":185,"name":"Itmehokiledu","avatar":"https://cdn.discordapp.com/avatars/384091675997241344/c8675ddaab83431958ee30dc5605b336.png"},"point":1233},{"user":{"uid":146,"userid":112,"name":"JENNAS JUGS","avatar":"https://cdn.discordapp.com/avatars/697145117458301013/8fc3d9c9fcb32f3b81c47ef234d1a62f.png"},"point":1038},{"user":{"uid":62,"userid":51,"name":"SeducktiveDan","avatar":"https://cdn.discordapp.com/avatars/329977583397765121/f9c5e558bf04973f5734efc56c1e5aa8.png"},"point":990},{"user":{"uid":124,"userid":95,"name":"s  p  a  c  e  .","avatar":"https://cdn.discordapp.com/avatars/507451917803192331/9da7762bc3c6d8765d14c7ab4f3b64cb.png"},"point":904},{"user":{"uid":134,"userid":104,"name":"Freshmuscl3","avatar":"https://static.truckersmp.com/avatarsN/5222182.1706276666.png"},"point":775},{"user":{"uid":76,"userid":60,"name":"V8 Gaming","avatar":"https://cdn.discordapp.com/avatars/793808849404559452/3ad45fe419c80a0cc727643ff48b4a6c.png"},"point":519},{"user":{"uid":163,"userid":124,"name":"N1CK904","avatar":"https://cdn.discordapp.com/avatars/1056467542824206346/382880aa0ba504228fe5c5478bda93b2.png"},"point":481},{"user":{"uid":222,"userid":171,"name":"DRAKNESS","avatar":"https://cdn.discordapp.com/avatars/191435261777936384/cde25647f4a18c5f7427ee26497adb09.png"},"point":246},{"user":{"uid":29,"userid":18,"name":"Wesjet","avatar":"https://cdn.discordapp.com/avatars/680834715388870687/51c13442be476488f6e33d9ffbeab678.png"},"point":0},{"user":{"uid":260,"userid":198,"name":"TJ2006","avatar":"https://cdn.discordapp.com/avatars/405456778772480001/929852eed2b7943bbbde706a2a381e14.png"},"point":0},{"user":{"uid":261,"userid":199,"name":"Lucas M","avatar":"https://cdn.discordapp.com/avatars/1051127166659731467/39c7346a18638193475fd383f50f5ac3.png"},"point":0}]}