{"fmd":[{"user":{"uid":104,"userid":92,"name":"Mario","avatar":""},"point":10838},{"user":{"uid":136,"userid":121,"name":"Fuzzi_One","avatar":"https://avatars.steamstatic.com/80dc5c843904a69c82033fa7600d24e61dc9b370_full.jpg"},"point":8504},{"user":{"uid":147,"userid":132,"name":"Der  Opa","avatar":"https://cdn.discordapp.com/avatars/390841934358249482/5182d95c0600108142ddbca2b09a1bb4.png"},"point":3522},{"user":{"uid":143,"userid":128,"name":"Tomm82m","avatar":"https://avatars.steamstatic.com/70845c436d1d1acef2a024c0a46d21d53c13eda5_full.jpg"},"point":3499},{"user":{"uid":38,"userid":27,"name":"elmundo1992","avatar":"https://avatars.steamstatic.com/54be38c13d0e7792de2af9a76c4e376766cf697a_full.jpg"},"point":2608},{"user":{"uid":180,"userid":159,"name":"HEFTI / Heiko","avatar":"https://avatars.steamstatic.com/377878dfc35ee55e1eac69a197f1347d78f35066_full.jpg"},"point":2227},{"user":{"uid":190,"userid":168,"name":"DWELLER23","avatar":"https://avatars.steamstatic.com/415e39cd7b3cbe49442ef90b37c5e367980f8124_full.jpg"},"point":2184},{"user":{"uid":1,"userid":1,"name":"[RSL] Reamonn","avatar":"https://cdn.discordapp.com/avatars/208630023626817536/d6b5a101ffa2655e917e9e2ca950025a.png"},"point":1595},{"user":{"uid":25,"userid":19,"name":"Razoraptor","avatar":"https://avatars.steamstatic.com/411f0a1d08563b0dcd648c344b113688287bfb1f_full.jpg"},"point":1523},{"user":{"uid":3,"userid":3,"name":"Yglo233","avatar":"https://avatars.steamstatic.com/31b7c52f47bfc7fdf48a7793bcc63254fbb4d4e0_full.jpg"},"point":1234},{"user":{"uid":6,"userid":6,"name":"Rom77","avatar":"https://avatars.steamstatic.com/c949ed9e884ddd730097bfe8848bdc3fb152f582_full.jpg"},"point":1186},{"user":{"uid":191,"userid":170,"name":"TheAndy33","avatar":"https://avatars.steamstatic.com/bf469dff0dd81e52001fff72d1cc373d855c5498_full.jpg"},"point":1118},{"user":{"uid":177,"userid":158,"name":"Kloppster","avatar":"https://avatars.steamstatic.com/32e721501b65adb28b8fe6c8cfd103215969ae49_full.jpg"},"point":1058},{"user":{"uid":157,"userid":149,"name":"[RSL] SlapVEVO","avatar":"https://cdn.discordapp.com/avatars/263769453165019148/9bbe47d6a17fa7b410126bcb9a98e7e5.png"},"point":1057},{"user":{"uid":184,"userid":162,"name":"𝐀𝐥𝐞𝐱","avatar":"https://avatars.steamstatic.com/d3eb39d70f297a4191bea908797cd7972a77ad86_full.jpg"},"point":936},{"user":{"uid":27,"userid":40,"name":"Odin","avatar":"https://avatars.steamstatic.com/d85514129aa7b2bd055e58358fea8f36254dbc3b_full.jpg"},"point":796},{"user":{"uid":122,"userid":106,"name":"HaterKing_997","avatar":"https://avatars.steamstatic.com/f26cba967853fcb92d653d1ee4d0d2dbdc9dd60e_full.jpg"},"point":762},{"user":{"uid":50,"userid":43,"name":"Tarial","avatar":"https://avatars.steamstatic.com/852cd2da47222f03895ad2c285d0980e4f003168_full.jpg"},"point":683},{"user":{"uid":98,"userid":88,"name":"2710150","avatar":"https://avatars.steamstatic.com/8b06c487bb6e3cf74c5ac6803b77ba8a7d9de45d_full.jpg"},"point":655},{"user":{"uid":64,"userid":57,"name":"captainbubatz","avatar":"https://avatars.steamstatic.com/05e287bb68b9dd3798bae459b8e7d4cc59c5e9a5_full.jpg"},"point":535},{"user":{"uid":75,"userid":67,"name":"GunGamerTV","avatar":"https://avatars.steamstatic.com/64ae1da41a9c51a5ab44c29f0b054b14123aabe4_full.jpg"},"point":473},{"user":{"uid":70,"userid":62,"name":"Tr4xe","avatar":"https://avatars.steamstatic.com/f2113fe4c56a40abf11f5b2ba82a922b9362e305_full.jpg"},"point":452},{"user":{"uid":84,"userid":75,"name":"lolgamer5300","avatar":"https://avatars.steamstatic.com/76ad51d2c234085fc07dbe1396e3d39331376fd5_full.jpg"},"point":443},{"user":{"uid":31,"userid":22,"name":"[RSL] Fun_irrenanstalt","avatar":""},"point":401},{"user":{"uid":166,"userid":148,"name":"Mr. Flamerbob","avatar":"https://avatars.steamstatic.com/f09c6f0a5e09fe9c72513549759e782358641670_full.jpg"},"point":386},{"user":{"uid":139,"userid":124,"name":"felix-menzler","avatar":"https://avatars.steamstatic.com/92f23da5d9678dfe7c3d530a1c449c98331a0cca_full.jpg"},"point":265},{"user":{"uid":100,"userid":89,"name":"Lion6366","avatar":"https://avatars.steamstatic.com/961035ce9e16e38c7ac779931d4df1b1bb827cb4_full.jpg"},"point":219},{"user":{"uid":10,"userid":10,"name":"[RSL] ✠Anorak✠","avatar":"https://cdn.discordapp.com/avatars/1211937272702697512/e8ec7cf3e7a4c9617a76c3f001924ec6.png"},"point":202},{"user":{"uid":168,"userid":151,"name":"LordMiLu","avatar":"https://avatars.steamstatic.com/90281bcb08a9d28ef4c343c5f6b8b75f093e4a9b_full.jpg"},"point":0}],"fma":[{"user":{"uid":104,"userid":92,"name":"Mario","avatar":""},"point":10838},{"user":{"uid":136,"userid":121,"name":"Fuzzi_One","avatar":"https://avatars.steamstatic.com/80dc5c843904a69c82033fa7600d24e61dc9b370_full.jpg"},"point":8504},{"user":{"uid":147,"userid":132,"name":"Der  Opa","avatar":"https://cdn.discordapp.com/avatars/390841934358249482/5182d95c0600108142ddbca2b09a1bb4.png"},"point":3522},{"user":{"uid":143,"userid":128,"name":"Tomm82m","avatar":"https://avatars.steamstatic.com/70845c436d1d1acef2a024c0a46d21d53c13eda5_full.jpg"},"point":3499},{"user":{"uid":38,"userid":27,"name":"elmundo1992","avatar":"https://avatars.steamstatic.com/54be38c13d0e7792de2af9a76c4e376766cf697a_full.jpg"},"point":2608},{"user":{"uid":180,"userid":159,"name":"HEFTI / Heiko","avatar":"https://avatars.steamstatic.com/377878dfc35ee55e1eac69a197f1347d78f35066_full.jpg"},"point":2227},{"user":{"uid":190,"userid":168,"name":"DWELLER23","avatar":"https://avatars.steamstatic.com/415e39cd7b3cbe49442ef90b37c5e367980f8124_full.jpg"},"point":2184},{"user":{"uid":1,"userid":1,"name":"[RSL] Reamonn","avatar":"https://cdn.discordapp.com/avatars/208630023626817536/d6b5a101ffa2655e917e9e2ca950025a.png"},"point":1595},{"user":{"uid":25,"userid":19,"name":"Razoraptor","avatar":"https://avatars.steamstatic.com/411f0a1d08563b0dcd648c344b113688287bfb1f_full.jpg"},"point":1523},{"user":{"uid":3,"userid":3,"name":"Yglo233","avatar":"https://avatars.steamstatic.com/31b7c52f47bfc7fdf48a7793bcc63254fbb4d4e0_full.jpg"},"point":1234},{"user":{"uid":6,"userid":6,"name":"Rom77","avatar":"https://avatars.steamstatic.com/c949ed9e884ddd730097bfe8848bdc3fb152f582_full.jpg"},"point":1186},{"user":{"uid":191,"userid":170,"name":"TheAndy33","avatar":"https://avatars.steamstatic.com/bf469dff0dd81e52001fff72d1cc373d855c5498_full.jpg"},"point":1118},{"user":{"uid":177,"userid":158,"name":"Kloppster","avatar":"https://avatars.steamstatic.com/32e721501b65adb28b8fe6c8cfd103215969ae49_full.jpg"},"point":1058},{"user":{"uid":157,"userid":149,"name":"[RSL] SlapVEVO","avatar":"https://cdn.discordapp.com/avatars/263769453165019148/9bbe47d6a17fa7b410126bcb9a98e7e5.png"},"point":1057},{"user":{"uid":184,"userid":162,"name":"𝐀𝐥𝐞𝐱","avatar":"https://avatars.steamstatic.com/d3eb39d70f297a4191bea908797cd7972a77ad86_full.jpg"},"point":936},{"user":{"uid":27,"userid":40,"name":"Odin","avatar":"https://avatars.steamstatic.com/d85514129aa7b2bd055e58358fea8f36254dbc3b_full.jpg"},"point":796},{"user":{"uid":122,"userid":106,"name":"HaterKing_997","avatar":"https://avatars.steamstatic.com/f26cba967853fcb92d653d1ee4d0d2dbdc9dd60e_full.jpg"},"point":762},{"user":{"uid":50,"userid":43,"name":"Tarial","avatar":"https://avatars.steamstatic.com/852cd2da47222f03895ad2c285d0980e4f003168_full.jpg"},"point":683},{"user":{"uid":98,"userid":88,"name":"2710150","avatar":"https://avatars.steamstatic.com/8b06c487bb6e3cf74c5ac6803b77ba8a7d9de45d_full.jpg"},"point":655},{"user":{"uid":64,"userid":57,"name":"captainbubatz","avatar":"https://avatars.steamstatic.com/05e287bb68b9dd3798bae459b8e7d4cc59c5e9a5_full.jpg"},"point":535},{"user":{"uid":75,"userid":67,"name":"GunGamerTV","avatar":"https://avatars.steamstatic.com/64ae1da41a9c51a5ab44c29f0b054b14123aabe4_full.jpg"},"point":473},{"user":{"uid":70,"userid":62,"name":"Tr4xe","avatar":"https://avatars.steamstatic.com/f2113fe4c56a40abf11f5b2ba82a922b9362e305_full.jpg"},"point":452},{"user":{"uid":84,"userid":75,"name":"lolgamer5300","avatar":"https://avatars.steamstatic.com/76ad51d2c234085fc07dbe1396e3d39331376fd5_full.jpg"},"point":443},{"user":{"uid":31,"userid":22,"name":"[RSL] Fun_irrenanstalt","avatar":""},"point":401},{"user":{"uid":166,"userid":148,"name":"Mr. Flamerbob","avatar":"https://avatars.steamstatic.com/f09c6f0a5e09fe9c72513549759e782358641670_full.jpg"},"point":386},{"user":{"uid":139,"userid":124,"name":"felix-menzler","avatar":"https://avatars.steamstatic.com/92f23da5d9678dfe7c3d530a1c449c98331a0cca_full.jpg"},"point":265},{"user":{"uid":100,"userid":89,"name":"Lion6366","avatar":"https://avatars.steamstatic.com/961035ce9e16e38c7ac779931d4df1b1bb827cb4_full.jpg"},"point":219},{"user":{"uid":10,"userid":10,"name":"[RSL] ✠Anorak✠","avatar":"https://cdn.discordapp.com/avatars/1211937272702697512/e8ec7cf3e7a4c9617a76c3f001924ec6.png"},"point":202},{"user":{"uid":99,"userid":110,"name":"[RSL]Albanr.9","avatar":"https://avatars.steamstatic.com/b3773af8338e7a36b55ec298e6dee7f4e0cd9aa0_full.jpg"},"point":200},{"user":{"uid":168,"userid":151,"name":"LordMiLu","avatar":"https://avatars.steamstatic.com/90281bcb08a9d28ef4c343c5f6b8b75f093e4a9b_full.jpg"},"point":0}]}