{"fmd":[{"user":{"uid":21,"userid":20,"name":"Howling Rex","avatar":"https://cdn.discordapp.com/avatars/337293473260634113/a_0f39025b731d0a2a283e3f8b7074ba4b.gif"},"point":1012},{"user":{"uid":15,"userid":15,"name":"thomson18","avatar":"https://cdn.discordapp.com/avatars/598517721239650305/658257a4f6c8b083170d9af190f5829c.png"},"point":367}],"fma":[{"user":{"uid":21,"userid":20,"name":"Howling Rex","avatar":"https://cdn.discordapp.com/avatars/337293473260634113/a_0f39025b731d0a2a283e3f8b7074ba4b.gif"},"point":1858},{"user":{"uid":15,"userid":15,"name":"thomson18","avatar":"https://cdn.discordapp.com/avatars/598517721239650305/658257a4f6c8b083170d9af190f5829c.png"},"point":467}]}