{"fmd":[{"user":{"uid":1,"userid":1,"name":"Michael15164","avatar":"https://cdn.discordapp.com/avatars/1162872174638538893/674af28bcc9501e80ec500fe4ccc7a66.png"},"point":816},{"user":{"uid":12,"userid":9,"name":"𝖋𝖔𝖈𝖚𝖘","avatar":"https://cdn.discordapp.com/avatars/304449038298775563/835223cfa577f18b004bf875b8ccde19.png"},"point":748}],"fma":[{"user":{"uid":12,"userid":9,"name":"𝖋𝖔𝖈𝖚𝖘","avatar":"https://cdn.discordapp.com/avatars/304449038298775563/835223cfa577f18b004bf875b8ccde19.png"},"point":848},{"user":{"uid":1,"userid":1,"name":"Michael15164","avatar":"https://cdn.discordapp.com/avatars/1162872174638538893/674af28bcc9501e80ec500fe4ccc7a66.png"},"point":816}]}