{"fmd":[{"user":{"uid":56,"userid":45,"name":"{Wild Hogz} jbica","avatar":"https://cdn.discordapp.com/avatars/394272398930739212/488d03490a2359e57a3622544f8bbba2.png"},"point":8384},{"user":{"uid":6,"userid":4,"name":"{Wild Hogz} xBoss Hogx","avatar":"https://cdn.discordapp.com/avatars/395641245973741570/1d2f3aa509dfa1d50abcd99dc298bcf2.png"},"point":6206},{"user":{"uid":7,"userid":5,"name":"{Wild Hogz} Jacket","avatar":"https://cdn.discordapp.com/avatars/111638504500408320/880678f246665808c2165f5f693b72cd.png"},"point":4739},{"user":{"uid":1,"userid":1,"name":"{Wild Hogz} Chappy1225","avatar":"https://cdn.discordapp.com/avatars/480244047311667201/b51db2fc9e7e314933519021bee4ae3e.png"},"point":3173},{"user":{"uid":11,"userid":9,"name":"{Wild Hogz} Maciek","avatar":"https://cdn.discordapp.com/avatars/282728597209481216/cc91713475ae575649772cee951992ba.png"},"point":2691},{"user":{"uid":5,"userid":3,"name":"{Wild Hogz} Dennisthe8th","avatar":"https://cdn.discordapp.com/avatars/575015095894016014/69fc086441725970662f0b9ba9bf5e32.png"},"point":2221},{"user":{"uid":63,"userid":52,"name":"noble","avatar":""},"point":1917},{"user":{"uid":64,"userid":53,"name":"{Wild Hogz} Lango2K","avatar":"https://cdn.discordapp.com/avatars/155344631628824586/23ae01fa02a7351bf040e2ffcceedb95.png"},"point":1303},{"user":{"uid":42,"userid":35,"name":"{Wild Hogz} Kazuhira","avatar":"https://cdn.discordapp.com/avatars/225785171977175051/779111ac52e92c35a220db70980ab7e0.png"},"point":1243},{"user":{"uid":8,"userid":6,"name":"{Wild Hogz} Murdernova256","avatar":"https://cdn.discordapp.com/avatars/549931745584349185/9647aabac5de7bc6ca63f26696871246.png"},"point":382},{"user":{"uid":46,"userid":37,"name":"MysticalKief","avatar":"https://static.truckersmp.com/avatarsN/5392881.1708315948.jpeg"},"point":0},{"user":{"uid":62,"userid":51,"name":"{Wild Hogz} Quietly","avatar":"https://cdn.discordapp.com/avatars/868245424748789780/8a1ab23c30376d3abf61f312883016ee.png"},"point":0}],"fma":[{"user":{"uid":56,"userid":45,"name":"{Wild Hogz} jbica","avatar":"https://cdn.discordapp.com/avatars/394272398930739212/488d03490a2359e57a3622544f8bbba2.png"},"point":10384},{"user":{"uid":6,"userid":4,"name":"{Wild Hogz} xBoss Hogx","avatar":"https://cdn.discordapp.com/avatars/395641245973741570/1d2f3aa509dfa1d50abcd99dc298bcf2.png"},"point":8206},{"user":{"uid":7,"userid":5,"name":"{Wild Hogz} Jacket","avatar":"https://cdn.discordapp.com/avatars/111638504500408320/880678f246665808c2165f5f693b72cd.png"},"point":4739},{"user":{"uid":1,"userid":1,"name":"{Wild Hogz} Chappy1225","avatar":"https://cdn.discordapp.com/avatars/480244047311667201/b51db2fc9e7e314933519021bee4ae3e.png"},"point":3173},{"user":{"uid":11,"userid":9,"name":"{Wild Hogz} Maciek","avatar":"https://cdn.discordapp.com/avatars/282728597209481216/cc91713475ae575649772cee951992ba.png"},"point":2691},{"user":{"uid":5,"userid":3,"name":"{Wild Hogz} Dennisthe8th","avatar":"https://cdn.discordapp.com/avatars/575015095894016014/69fc086441725970662f0b9ba9bf5e32.png"},"point":2271},{"user":{"uid":46,"userid":37,"name":"MysticalKief","avatar":"https://static.truckersmp.com/avatarsN/5392881.1708315948.jpeg"},"point":2000},{"user":{"uid":4,"userid":2,"name":"{Wild Hogz} A1 Canadian","avatar":"https://cdn.discordapp.com/avatars/212943181858209792/8ae2deba5c05a595e3f4f725cf0a110c.png"},"point":2000},{"user":{"uid":12,"userid":10,"name":"{Wild Hogz} soulsmasher6666","avatar":"https://cdn.discordapp.com/avatars/1158045973369593856/b2645d6cde0a401682204bea2d404c0d.png"},"point":2000},{"user":{"uid":63,"userid":52,"name":"noble","avatar":""},"point":1917},{"user":{"uid":64,"userid":53,"name":"{Wild Hogz} Lango2K","avatar":"https://cdn.discordapp.com/avatars/155344631628824586/23ae01fa02a7351bf040e2ffcceedb95.png"},"point":1303},{"user":{"uid":42,"userid":35,"name":"{Wild Hogz} Kazuhira","avatar":"https://cdn.discordapp.com/avatars/225785171977175051/779111ac52e92c35a220db70980ab7e0.png"},"point":1243},{"user":{"uid":8,"userid":6,"name":"{Wild Hogz} Murdernova256","avatar":"https://cdn.discordapp.com/avatars/549931745584349185/9647aabac5de7bc6ca63f26696871246.png"},"point":382},{"user":{"uid":62,"userid":51,"name":"{Wild Hogz} Quietly","avatar":"https://cdn.discordapp.com/avatars/868245424748789780/8a1ab23c30376d3abf61f312883016ee.png"},"point":0}]}