{"fmd":[{"user":{"uid":1434,"userid":889,"name":"DanLeader","avatar":"https://cdn.discordapp.com/avatars/1125798416811819060/4e864e198ba64b49207426ae3b69df4a.png"},"point":5958},{"user":{"uid":1327,"userid":814,"name":"Sefo","avatar":"https://cdn.discordapp.com/avatars/421826472916025365/e7c7ddc5a9a13949243444d591320bea.png"},"point":4223},{"user":{"uid":1271,"userid":780,"name":"brazvo (Bruno)","avatar":"https://cdn.discordapp.com/avatars/823826275964682251/c28159cbabe58874bd1244a97d68d24b.png"},"point":3991},{"user":{"uid":1382,"userid":847,"name":"Aeroplane","avatar":"https://cdn.discordapp.com/avatars/919580354736705617/cd8c60e397730ab82e685faaf72d3c77.png"},"point":3688},{"user":{"uid":1187,"userid":726,"name":"afrikandionysus","avatar":"https://cdn.discordapp.com/avatars/759714918177177670/661f5840a2c808aa6c88959f5a379f8d.png"},"point":2951},{"user":{"uid":1061,"userid":656,"name":"Thy Night Owl","avatar":"https://cdn.discordapp.com/avatars/678366200312496154/7e3c44efb2393e0a9a4b593cb42f936d.png"},"point":2911},{"user":{"uid":1316,"userid":807,"name":"Gota","avatar":"https://cdn.discordapp.com/avatars/167291299693723648/beb31f691ab4478e3268181a76f3a451.png"},"point":2601},{"user":{"uid":1310,"userid":803,"name":"[IMP] Rimuru Tempest","avatar":"https://cdn.discordapp.com/avatars/263721765879021569/64abe2f8ab98f8c779a0ad329591b73a.png"},"point":2060},{"user":{"uid":1322,"userid":812,"name":"judb","avatar":"https://cdn.discordapp.com/avatars/814059715137896528/a_447cdbad54e5ca53344c954af3e97a44.gif"},"point":2002},{"user":{"uid":1430,"userid":886,"name":"Maddypat","avatar":"https://cdn.discordapp.com/avatars/685159646977327231/4e57d31d0a98f9d98d1cd070848451e3.png"},"point":1900},{"user":{"uid":1411,"userid":867,"name":"Coolengineer","avatar":"https://cdn.discordapp.com/avatars/247159248272752640/59e18cf589e2aaee61edb8d0a62b6b48.png"},"point":1704},{"user":{"uid":619,"userid":418,"name":"NumberHunter91","avatar":"https://cdn.discordapp.com/avatars/276407067223392256/c656134c8d2a712de1b2dbaf3856e995.png"},"point":1547},{"user":{"uid":119,"userid":258,"name":"LordLegend","avatar":"https://cdn.discordapp.com/avatars/507573290995417108/294e2517c647c3c8703945fbc200afcd.png"},"point":1546},{"user":{"uid":1412,"userid":868,"name":"K1ngSteven","avatar":"https://cdn.discordapp.com/avatars/520314388855652353/f1179b1232edc33997e0f982aec10dba.png"},"point":1463},{"user":{"uid":924,"userid":576,"name":"🌈Hearty_Laces🌈They/Them","avatar":"https://cdn.discordapp.com/avatars/461978281906929675/9128b3d5991d797b2e4060e71c4c5f41.png"},"point":1311},{"user":{"uid":866,"userid":550,"name":"RoudeLéiw","avatar":"https://cdn.discordapp.com/avatars/497412687257534464/53a76d2cc11ce4a0171c5d1f84df139a.png"},"point":1150},{"user":{"uid":1401,"userid":863,"name":"Chris A","avatar":"https://cdn.discordapp.com/avatars/415560774283427860/4f7b8d964bad29469a9d70cddb9cfadc.png"},"point":1126},{"user":{"uid":1160,"userid":699,"name":"jodycc","avatar":"https://cdn.discordapp.com/avatars/623249122761375760/adc25e15fe96d56656319e2a159d9458.png"},"point":1072},{"user":{"uid":1039,"userid":637,"name":"Dutchman6149","avatar":"https://cdn.discordapp.com/avatars/1089970918169776317/518899061d0c7aa71638cf2a46dfa547.png"},"point":698},{"user":{"uid":169,"userid":327,"name":"Carlos King","avatar":"https://cdn.discordapp.com/avatars/506487248217309184/bd6c4d705e13abd33b3b26c5bdcd897d.png"},"point":579},{"user":{"uid":1386,"userid":850,"name":"Stringsly","avatar":"https://cdn.discordapp.com/avatars/524701453533708300/a_65c66e1b375c3a059df4d4d834ecddf1.gif"},"point":386},{"user":{"uid":1034,"userid":635,"name":"Foxtrot","avatar":"https://cdn.discordapp.com/avatars/673289306424475659/6760c43d2e087fd99eeef160473251a3.png"},"point":347},{"user":{"uid":1147,"userid":695,"name":"Kirito21","avatar":"https://cdn.discordapp.com/avatars/925803382680215572/f01e1941088675bf780245f15eb81bc4.png"},"point":328},{"user":{"uid":1131,"userid":688,"name":"Siv5122","avatar":"https://cdn.discordapp.com/avatars/312794710714482699/8855d8b2bdbd112249cd2fa0d113108e.png"},"point":230},{"user":{"uid":112,"userid":657,"name":"zatrisss","avatar":"https://cdn.discordapp.com/avatars/270114281280765956/3f1b15d79e10e64381e0e8d18848d7ec.png"},"point":0}],"fma":[{"user":{"uid":1382,"userid":847,"name":"Aeroplane","avatar":"https://cdn.discordapp.com/avatars/919580354736705617/cd8c60e397730ab82e685faaf72d3c77.png"},"point":37674},{"user":{"uid":119,"userid":258,"name":"LordLegend","avatar":"https://cdn.discordapp.com/avatars/507573290995417108/294e2517c647c3c8703945fbc200afcd.png"},"point":36084},{"user":{"uid":1327,"userid":814,"name":"Sefo","avatar":"https://cdn.discordapp.com/avatars/421826472916025365/e7c7ddc5a9a13949243444d591320bea.png"},"point":35087},{"user":{"uid":1316,"userid":807,"name":"Gota","avatar":"https://cdn.discordapp.com/avatars/167291299693723648/beb31f691ab4478e3268181a76f3a451.png"},"point":33980},{"user":{"uid":1310,"userid":803,"name":"[IMP] Rimuru Tempest","avatar":"https://cdn.discordapp.com/avatars/263721765879021569/64abe2f8ab98f8c779a0ad329591b73a.png"},"point":32614},{"user":{"uid":1411,"userid":867,"name":"Coolengineer","avatar":"https://cdn.discordapp.com/avatars/247159248272752640/59e18cf589e2aaee61edb8d0a62b6b48.png"},"point":32051},{"user":{"uid":1401,"userid":863,"name":"Chris A","avatar":"https://cdn.discordapp.com/avatars/415560774283427860/4f7b8d964bad29469a9d70cddb9cfadc.png"},"point":31801},{"user":{"uid":863,"userid":854,"name":"jelledude","avatar":"https://cdn.discordapp.com/avatars/503143884080021514/5647b53045a177f1d215d6dbcf415d10.png"},"point":30425},{"user":{"uid":1271,"userid":780,"name":"brazvo (Bruno)","avatar":"https://cdn.discordapp.com/avatars/823826275964682251/c28159cbabe58874bd1244a97d68d24b.png"},"point":9535},{"user":{"uid":1434,"userid":889,"name":"DanLeader","avatar":"https://cdn.discordapp.com/avatars/1125798416811819060/4e864e198ba64b49207426ae3b69df4a.png"},"point":8397},{"user":{"uid":924,"userid":576,"name":"🌈Hearty_Laces🌈They/Them","avatar":"https://cdn.discordapp.com/avatars/461978281906929675/9128b3d5991d797b2e4060e71c4c5f41.png"},"point":5313},{"user":{"uid":1061,"userid":656,"name":"Thy Night Owl","avatar":"https://cdn.discordapp.com/avatars/678366200312496154/7e3c44efb2393e0a9a4b593cb42f936d.png"},"point":5012},{"user":{"uid":1187,"userid":726,"name":"afrikandionysus","avatar":"https://cdn.discordapp.com/avatars/759714918177177670/661f5840a2c808aa6c88959f5a379f8d.png"},"point":3511},{"user":{"uid":619,"userid":418,"name":"NumberHunter91","avatar":"https://cdn.discordapp.com/avatars/276407067223392256/c656134c8d2a712de1b2dbaf3856e995.png"},"point":2993},{"user":{"uid":1430,"userid":886,"name":"Maddypat","avatar":"https://cdn.discordapp.com/avatars/685159646977327231/4e57d31d0a98f9d98d1cd070848451e3.png"},"point":2314},{"user":{"uid":1322,"userid":812,"name":"judb","avatar":"https://cdn.discordapp.com/avatars/814059715137896528/a_447cdbad54e5ca53344c954af3e97a44.gif"},"point":2112},{"user":{"uid":1160,"userid":699,"name":"jodycc","avatar":"https://cdn.discordapp.com/avatars/623249122761375760/adc25e15fe96d56656319e2a159d9458.png"},"point":1704},{"user":{"uid":1412,"userid":868,"name":"K1ngSteven","avatar":"https://cdn.discordapp.com/avatars/520314388855652353/f1179b1232edc33997e0f982aec10dba.png"},"point":1491},{"user":{"uid":866,"userid":550,"name":"RoudeLéiw","avatar":"https://cdn.discordapp.com/avatars/497412687257534464/53a76d2cc11ce4a0171c5d1f84df139a.png"},"point":1269},{"user":{"uid":1097,"userid":670,"name":"Ramin Tanuwong [TH]","avatar":"https://static.truckersmp.com/avatarsN/3757199.1645214262.jpg"},"point":1260},{"user":{"uid":1034,"userid":635,"name":"Foxtrot","avatar":"https://cdn.discordapp.com/avatars/673289306424475659/6760c43d2e087fd99eeef160473251a3.png"},"point":1247},{"user":{"uid":1147,"userid":695,"name":"Kirito21","avatar":"https://cdn.discordapp.com/avatars/925803382680215572/f01e1941088675bf780245f15eb81bc4.png"},"point":1153},{"user":{"uid":1105,"userid":675,"name":"Jack3D60","avatar":"https://cdn.discordapp.com/avatars/805496381754048572/bcf10ae824b274e1c532971dcb857977.png"},"point":1141},{"user":{"uid":1039,"userid":637,"name":"Dutchman6149","avatar":"https://cdn.discordapp.com/avatars/1089970918169776317/518899061d0c7aa71638cf2a46dfa547.png"},"point":698},{"user":{"uid":3,"userid":2,"name":"Delta","avatar":"https://cdn.discordapp.com/avatars/710535657650651157/e21a44412b740e2e3bba4f4cc015a9e8.png"},"point":587},{"user":{"uid":169,"userid":327,"name":"Carlos King","avatar":"https://cdn.discordapp.com/avatars/506487248217309184/bd6c4d705e13abd33b3b26c5bdcd897d.png"},"point":579},{"user":{"uid":1386,"userid":850,"name":"Stringsly","avatar":"https://cdn.discordapp.com/avatars/524701453533708300/a_65c66e1b375c3a059df4d4d834ecddf1.gif"},"point":386},{"user":{"uid":870,"userid":553,"name":"evilzocken","avatar":"https://cdn.discordapp.com/avatars/665665436678881280/25d7fd2d1432b799ac4b37a8d7592c6a.png"},"point":314},{"user":{"uid":1131,"userid":688,"name":"Siv5122","avatar":"https://cdn.discordapp.com/avatars/312794710714482699/8855d8b2bdbd112249cd2fa0d113108e.png"},"point":230},{"user":{"uid":178,"userid":337,"name":"Demon","avatar":"https://cdn.discordapp.com/avatars/263904733196976128/db03ee2fc81e10a028fb58e95e3d4bca.png"},"point":200},{"user":{"uid":112,"userid":657,"name":"zatrisss","avatar":"https://cdn.discordapp.com/avatars/270114281280765956/3f1b15d79e10e64381e0e8d18848d7ec.png"},"point":0}]}