{"fmd":[{"user":{"uid":96,"userid":120,"name":"Pattarapon","avatar":"https://cdn.discordapp.com/avatars/687263407417720832/a_c8f593c66e5dce0aeea7d8e0dc04e0cc.gif"},"point":5288},{"user":{"uid":400,"userid":222,"name":"prbkk","avatar":"https://cdn.discordapp.com/avatars/882076408308989952/bd00d6503d087db05af20d86f3f6681e.png"},"point":2777},{"user":{"uid":479,"userid":252,"name":"ST1G","avatar":"https://cdn.discordapp.com/avatars/515890400494616608/f4bac7aef316082f7bad4fcbb6b39570.png"},"point":2299},{"user":{"uid":259,"userid":180,"name":"Tom Smith","avatar":"https://cdn.discordapp.com/avatars/634875282087739402/d7f37b180267028c04a70bf39b51a974.png"},"point":2265},{"user":{"uid":19,"userid":22,"name":"Garmy","avatar":"https://cdn.discordapp.com/avatars/537294435617341451/513dcf25a48a7f737f1643ad3c103e65.png"},"point":872},{"user":{"uid":300,"userid":197,"name":"zoop","avatar":"https://cdn.discordapp.com/avatars/221167310986149888/834a0f2ed8b4aacbb621e04069eba462.png"},"point":763},{"user":{"uid":291,"userid":193,"name":"mell_marshmellow","avatar":"https://cdn.discordapp.com/avatars/423448885575548930/a3351f59d698763c9b1582bf93b81ffe.png"},"point":740},{"user":{"uid":409,"userid":226,"name":"𝙽𝙴𝚆𝚃𝚈𝙿𝙴𝚂","avatar":"https://cdn.discordapp.com/avatars/624501922531115019/720e6c9072e99985cd234df4183376af.png"},"point":513},{"user":{"uid":470,"userid":253,"name":"[MCG] Lucasg4329 [FR]","avatar":"https://static.truckersmp.com/avatarsN/defaultavatar.png"},"point":328},{"user":{"uid":211,"userid":160,"name":"human?","avatar":"https://cdn.discordapp.com/avatars/698752151073194015/e626fce336d1295ab98959c084394e8b.png"},"point":321},{"user":{"uid":183,"userid":147,"name":"[MCG] STEELS","avatar":"https://static.truckersmp.com/avatarsN/defaultavatar.png"},"point":243},{"user":{"uid":204,"userid":155,"name":"Xenon_25","avatar":"https://avatars.steamstatic.com/8dfe278c7493b6984540e57ecd57b791df13841e_full.jpg"},"point":190}],"fma":[{"user":{"uid":96,"userid":120,"name":"Pattarapon","avatar":"https://cdn.discordapp.com/avatars/687263407417720832/a_c8f593c66e5dce0aeea7d8e0dc04e0cc.gif"},"point":5288},{"user":{"uid":400,"userid":222,"name":"prbkk","avatar":"https://cdn.discordapp.com/avatars/882076408308989952/bd00d6503d087db05af20d86f3f6681e.png"},"point":2777},{"user":{"uid":479,"userid":252,"name":"ST1G","avatar":"https://cdn.discordapp.com/avatars/515890400494616608/f4bac7aef316082f7bad4fcbb6b39570.png"},"point":2299},{"user":{"uid":259,"userid":180,"name":"Tom Smith","avatar":"https://cdn.discordapp.com/avatars/634875282087739402/d7f37b180267028c04a70bf39b51a974.png"},"point":2265},{"user":{"uid":19,"userid":22,"name":"Garmy","avatar":"https://cdn.discordapp.com/avatars/537294435617341451/513dcf25a48a7f737f1643ad3c103e65.png"},"point":872},{"user":{"uid":300,"userid":197,"name":"zoop","avatar":"https://cdn.discordapp.com/avatars/221167310986149888/834a0f2ed8b4aacbb621e04069eba462.png"},"point":763},{"user":{"uid":291,"userid":193,"name":"mell_marshmellow","avatar":"https://cdn.discordapp.com/avatars/423448885575548930/a3351f59d698763c9b1582bf93b81ffe.png"},"point":740},{"user":{"uid":409,"userid":226,"name":"𝙽𝙴𝚆𝚃𝚈𝙿𝙴𝚂","avatar":"https://cdn.discordapp.com/avatars/624501922531115019/720e6c9072e99985cd234df4183376af.png"},"point":513},{"user":{"uid":470,"userid":253,"name":"[MCG] Lucasg4329 [FR]","avatar":"https://static.truckersmp.com/avatarsN/defaultavatar.png"},"point":328},{"user":{"uid":211,"userid":160,"name":"human?","avatar":"https://cdn.discordapp.com/avatars/698752151073194015/e626fce336d1295ab98959c084394e8b.png"},"point":321},{"user":{"uid":183,"userid":147,"name":"[MCG] STEELS","avatar":"https://static.truckersmp.com/avatarsN/defaultavatar.png"},"point":243},{"user":{"uid":204,"userid":155,"name":"Xenon_25","avatar":"https://avatars.steamstatic.com/8dfe278c7493b6984540e57ecd57b791df13841e_full.jpg"},"point":190}]}