{"fmd":[{"user":{"uid":85,"userid":76,"name":"BratPfanne","avatar":"https://cdn.discordapp.com/avatars/280066593428340739/935c5dc2cac4ab6850284f71bacf7134.png"},"point":6737},{"user":{"uid":36,"userid":82,"name":"SchakalGER","avatar":"https://cdn.discordapp.com/avatars/328243784703803413/0815cbf6b00e890a8030cd7d0042d596.png"},"point":5671},{"user":{"uid":43,"userid":31,"name":"[GER]Christian","avatar":"https://static.truckersmp.com/avatarsN/196694.1705792859.png"},"point":4882},{"user":{"uid":324,"userid":264,"name":"IceDom1/Dominik","avatar":"https://cdn.discordapp.com/avatars/333342159023636481/704fa67745d5f6252fb774a013c664b0.png"},"point":4796},{"user":{"uid":341,"userid":278,"name":"Joschi83","avatar":"https://cdn.discordapp.com/avatars/251453206599696384/41d5c1e1d5fbbbff3de8808bdd3805d1.png"},"point":4450},{"user":{"uid":152,"userid":135,"name":"manu7432","avatar":"https://cdn.discordapp.com/avatars/1024735246249373777/2d7e240ada7e8d3f41e4150fb6b1d0aa.png"},"point":4385},{"user":{"uid":342,"userid":279,"name":"Nadine97","avatar":"https://static.truckersmp.com/avatarsN/5464335.1715126595.jpg"},"point":3970},{"user":{"uid":71,"userid":60,"name":"geronimo8815","avatar":"https://static.truckersmp.com/avatarsN/5294261.1711913743.png"},"point":3394},{"user":{"uid":322,"userid":262,"name":"999stormzy","avatar":"https://cdn.discordapp.com/avatars/664568473690832917/d89179c3a8b60c18583cec924eb4b625.png"},"point":2859},{"user":{"uid":205,"userid":207,"name":"Taro Kun","avatar":"https://cdn.discordapp.com/avatars/690602863499673660/2f5c46ca1b40b993b01f73dd3c1fdb9a.png"},"point":2792},{"user":{"uid":133,"userid":121,"name":"FerdeAndy","avatar":"https://static.truckersmp.com/avatarsN/defaultavatar.png"},"point":2621},{"user":{"uid":92,"userid":84,"name":"Corosion","avatar":"https://cdn.discordapp.com/avatars/233911033859670016/d066a4ff18b288553ae04a47a1c59ed8.png"},"point":2466},{"user":{"uid":148,"userid":145,"name":"weisserkreuzer","avatar":"https://cdn.discordapp.com/avatars/303094283752308737/651be3b81b2b904cd1112f8501fd2e49.png"},"point":2331},{"user":{"uid":21,"userid":18,"name":"Gregory","avatar":"https://cdn.discordapp.com/avatars/650421299323338762/dae0258c1a7c95a73bdcbd75db3db5d4.png"},"point":2289},{"user":{"uid":49,"userid":46,"name":"Franco","avatar":"https://cdn.discordapp.com/avatars/750020969627648080/db9ed3f719bb8de3d0445103e7b45457.png"},"point":2141},{"user":{"uid":61,"userid":75,"name":"𝕲𝖍𝖔𝖘𝖙𝖕𝖆𝖚𝖑𝖔𝖔","avatar":"https://cdn.discordapp.com/avatars/964420212864741376/e8283a2f908472c913999fda7149c790.png"},"point":1898},{"user":{"uid":295,"userid":246,"name":"Tiberius","avatar":"https://cdn.discordapp.com/avatars/305385843428950026/6c00ebb9bf00d5c68028e29af849b1ad.png"},"point":1539},{"user":{"uid":31,"userid":36,"name":"Tedpli","avatar":"https://cdn.discordapp.com/avatars/501065020088647690/37ac2db1efd93758a8680c6c9ce7abc8.png"},"point":1451},{"user":{"uid":51,"userid":71,"name":"Joerg45701","avatar":"https://static.truckersmp.com/avatarsN/defaultavatar.png"},"point":1386},{"user":{"uid":39,"userid":34,"name":"[GER] Chrissy1968","avatar":"https://static.truckersmp.com/avatarsN/defaultavatar.png"},"point":1354},{"user":{"uid":288,"userid":240,"name":"Dark_Leon184","avatar":"https://cdn.discordapp.com/avatars/977581665675259955/facb6115d9fe87fca318e2a719ddf463.png"},"point":1184},{"user":{"uid":10,"userid":7,"name":"Michi.","avatar":"https://cdn.discordapp.com/avatars/450646550998286336/cecb7757e1697a4ebde655c679ae60d1.png"},"point":1132},{"user":{"uid":18,"userid":16,"name":"teufelsfrucht","avatar":"https://static.truckersmp.com/avatarsN/4047213.1699434878.png"},"point":1122},{"user":{"uid":278,"userid":231,"name":"Euroachi","avatar":"https://cdn.discordapp.com/avatars/1054431223541399562/b2fb77788b7cb88d88699ed50b0e7bc6.png"},"point":946},{"user":{"uid":331,"userid":271,"name":"--------L3ONB2A--------","avatar":"https://cdn.discordapp.com/avatars/845376504811880479/79f897fadff29f94f13c3a304b1ca7db.png"},"point":863},{"user":{"uid":69,"userid":63,"name":"M4rk4yy","avatar":"https://static.truckersmp.com/avatarsN/1878609.1697918343.png"},"point":768},{"user":{"uid":333,"userid":272,"name":"[GER] KevBro","avatar":"https://cdn.discordapp.com/avatars/399288507555905537/97f95e9067d504126694afa5b193d2fa.png"},"point":760},{"user":{"uid":337,"userid":274,"name":"Salz","avatar":"https://cdn.discordapp.com/avatars/1211696428683108392/7995a0911756663eb752054658c3962b.png"},"point":720},{"user":{"uid":325,"userid":265,"name":"[GER] Sääm","avatar":"https://static.truckersmp.com/avatarsN/2524791.1714481709.jpg"},"point":719},{"user":{"uid":46,"userid":44,"name":"Linus14_trucker","avatar":"https://cdn.discordapp.com/avatars/973298563750719518/f8077addf056d9aaf51c748928a4a6d2.png"},"point":688},{"user":{"uid":60,"userid":50,"name":"Thareon","avatar":"https://cdn.discordapp.com/avatars/701445278825316373/3b16d405b932144cdf8675ff795731f9.png"},"point":680},{"user":{"uid":79,"userid":68,"name":"kevinnartor","avatar":"https://cdn.discordapp.com/avatars/332536235765530624/8b55e50924dd510472f9c32a0afc5d09.png"},"point":525},{"user":{"uid":157,"userid":141,"name":"DerBackfisch","avatar":"https://cdn.discordapp.com/avatars/838683261244407809/d68e387a0a32db692a5d95100b7bb919.png"},"point":521},{"user":{"uid":329,"userid":269,"name":"Vandros","avatar":"https://cdn.discordapp.com/avatars/159231251960561664/74a01b7ba2d7d5bb76d61807fa3c69b6.png"},"point":481},{"user":{"uid":306,"userid":250,"name":"leon_der_truckspotter","avatar":"https://static.truckersmp.com/avatarsN/defaultavatar.png"},"point":455},{"user":{"uid":87,"userid":90,"name":"Carolus","avatar":"https://cdn.discordapp.com/avatars/1018500971095142471/7020d4b60e743ddab1f546f20958df7e.png"},"point":451},{"user":{"uid":141,"userid":196,"name":"MAX294","avatar":"https://cdn.discordapp.com/avatars/488323894831349760/f0ffd3875b74459d0656375b17aa0e6d.png"},"point":418},{"user":{"uid":310,"userid":253,"name":"Pascal","avatar":"https://cdn.discordapp.com/avatars/677543668973830215/e67068b6cf29eb6aaa8ea1cdec299abe.png"},"point":327},{"user":{"uid":138,"userid":126,"name":"Luide2023","avatar":""},"point":311},{"user":{"uid":272,"userid":227,"name":"Pfindus","avatar":"https://static.truckersmp.com/avatarsN/4311053.1710660288.png"},"point":284},{"user":{"uid":282,"userid":235,"name":"cyberstorm","avatar":""},"point":270},{"user":{"uid":230,"userid":190,"name":"TheUnknown ツ","avatar":"https://cdn.discordapp.com/avatars/582105777251024897/681532470693875d0b4cf668a28bb571.png"},"point":114},{"user":{"uid":338,"userid":277,"name":"Anzusz5","avatar":"https://cdn.discordapp.com/avatars/1141070153874935870/4cccfc4553de4675b25ab253ce9c676c.png"},"point":57},{"user":{"uid":213,"userid":178,"name":"Matthias","avatar":"https://cdn.discordapp.com/avatars/986724450647048212/ef0b2ff6aa97e9db1171cbaa6a78805c.png"},"point":0}],"fma":[{"user":{"uid":85,"userid":76,"name":"BratPfanne","avatar":"https://cdn.discordapp.com/avatars/280066593428340739/935c5dc2cac4ab6850284f71bacf7134.png"},"point":6737},{"user":{"uid":36,"userid":82,"name":"SchakalGER","avatar":"https://cdn.discordapp.com/avatars/328243784703803413/0815cbf6b00e890a8030cd7d0042d596.png"},"point":5671},{"user":{"uid":43,"userid":31,"name":"[GER]Christian","avatar":"https://static.truckersmp.com/avatarsN/196694.1705792859.png"},"point":4882},{"user":{"uid":324,"userid":264,"name":"IceDom1/Dominik","avatar":"https://cdn.discordapp.com/avatars/333342159023636481/704fa67745d5f6252fb774a013c664b0.png"},"point":4796},{"user":{"uid":341,"userid":278,"name":"Joschi83","avatar":"https://cdn.discordapp.com/avatars/251453206599696384/41d5c1e1d5fbbbff3de8808bdd3805d1.png"},"point":4450},{"user":{"uid":152,"userid":135,"name":"manu7432","avatar":"https://cdn.discordapp.com/avatars/1024735246249373777/2d7e240ada7e8d3f41e4150fb6b1d0aa.png"},"point":4385},{"user":{"uid":342,"userid":279,"name":"Nadine97","avatar":"https://static.truckersmp.com/avatarsN/5464335.1715126595.jpg"},"point":3970},{"user":{"uid":71,"userid":60,"name":"geronimo8815","avatar":"https://static.truckersmp.com/avatarsN/5294261.1711913743.png"},"point":3394},{"user":{"uid":322,"userid":262,"name":"999stormzy","avatar":"https://cdn.discordapp.com/avatars/664568473690832917/d89179c3a8b60c18583cec924eb4b625.png"},"point":2859},{"user":{"uid":205,"userid":207,"name":"Taro Kun","avatar":"https://cdn.discordapp.com/avatars/690602863499673660/2f5c46ca1b40b993b01f73dd3c1fdb9a.png"},"point":2792},{"user":{"uid":133,"userid":121,"name":"FerdeAndy","avatar":"https://static.truckersmp.com/avatarsN/defaultavatar.png"},"point":2621},{"user":{"uid":92,"userid":84,"name":"Corosion","avatar":"https://cdn.discordapp.com/avatars/233911033859670016/d066a4ff18b288553ae04a47a1c59ed8.png"},"point":2466},{"user":{"uid":148,"userid":145,"name":"weisserkreuzer","avatar":"https://cdn.discordapp.com/avatars/303094283752308737/651be3b81b2b904cd1112f8501fd2e49.png"},"point":2331},{"user":{"uid":21,"userid":18,"name":"Gregory","avatar":"https://cdn.discordapp.com/avatars/650421299323338762/dae0258c1a7c95a73bdcbd75db3db5d4.png"},"point":2289},{"user":{"uid":49,"userid":46,"name":"Franco","avatar":"https://cdn.discordapp.com/avatars/750020969627648080/db9ed3f719bb8de3d0445103e7b45457.png"},"point":2141},{"user":{"uid":61,"userid":75,"name":"𝕲𝖍𝖔𝖘𝖙𝖕𝖆𝖚𝖑𝖔𝖔","avatar":"https://cdn.discordapp.com/avatars/964420212864741376/e8283a2f908472c913999fda7149c790.png"},"point":1898},{"user":{"uid":295,"userid":246,"name":"Tiberius","avatar":"https://cdn.discordapp.com/avatars/305385843428950026/6c00ebb9bf00d5c68028e29af849b1ad.png"},"point":1539},{"user":{"uid":31,"userid":36,"name":"Tedpli","avatar":"https://cdn.discordapp.com/avatars/501065020088647690/37ac2db1efd93758a8680c6c9ce7abc8.png"},"point":1451},{"user":{"uid":51,"userid":71,"name":"Joerg45701","avatar":"https://static.truckersmp.com/avatarsN/defaultavatar.png"},"point":1386},{"user":{"uid":39,"userid":34,"name":"[GER] Chrissy1968","avatar":"https://static.truckersmp.com/avatarsN/defaultavatar.png"},"point":1354},{"user":{"uid":288,"userid":240,"name":"Dark_Leon184","avatar":"https://cdn.discordapp.com/avatars/977581665675259955/facb6115d9fe87fca318e2a719ddf463.png"},"point":1184},{"user":{"uid":10,"userid":7,"name":"Michi.","avatar":"https://cdn.discordapp.com/avatars/450646550998286336/cecb7757e1697a4ebde655c679ae60d1.png"},"point":1132},{"user":{"uid":18,"userid":16,"name":"teufelsfrucht","avatar":"https://static.truckersmp.com/avatarsN/4047213.1699434878.png"},"point":1122},{"user":{"uid":278,"userid":231,"name":"Euroachi","avatar":"https://cdn.discordapp.com/avatars/1054431223541399562/b2fb77788b7cb88d88699ed50b0e7bc6.png"},"point":946},{"user":{"uid":331,"userid":271,"name":"--------L3ONB2A--------","avatar":"https://cdn.discordapp.com/avatars/845376504811880479/79f897fadff29f94f13c3a304b1ca7db.png"},"point":863},{"user":{"uid":69,"userid":63,"name":"M4rk4yy","avatar":"https://static.truckersmp.com/avatarsN/1878609.1697918343.png"},"point":768},{"user":{"uid":333,"userid":272,"name":"[GER] KevBro","avatar":"https://cdn.discordapp.com/avatars/399288507555905537/97f95e9067d504126694afa5b193d2fa.png"},"point":760},{"user":{"uid":337,"userid":274,"name":"Salz","avatar":"https://cdn.discordapp.com/avatars/1211696428683108392/7995a0911756663eb752054658c3962b.png"},"point":720},{"user":{"uid":325,"userid":265,"name":"[GER] Sääm","avatar":"https://static.truckersmp.com/avatarsN/2524791.1714481709.jpg"},"point":719},{"user":{"uid":46,"userid":44,"name":"Linus14_trucker","avatar":"https://cdn.discordapp.com/avatars/973298563750719518/f8077addf056d9aaf51c748928a4a6d2.png"},"point":688},{"user":{"uid":60,"userid":50,"name":"Thareon","avatar":"https://cdn.discordapp.com/avatars/701445278825316373/3b16d405b932144cdf8675ff795731f9.png"},"point":680},{"user":{"uid":79,"userid":68,"name":"kevinnartor","avatar":"https://cdn.discordapp.com/avatars/332536235765530624/8b55e50924dd510472f9c32a0afc5d09.png"},"point":525},{"user":{"uid":157,"userid":141,"name":"DerBackfisch","avatar":"https://cdn.discordapp.com/avatars/838683261244407809/d68e387a0a32db692a5d95100b7bb919.png"},"point":521},{"user":{"uid":329,"userid":269,"name":"Vandros","avatar":"https://cdn.discordapp.com/avatars/159231251960561664/74a01b7ba2d7d5bb76d61807fa3c69b6.png"},"point":481},{"user":{"uid":306,"userid":250,"name":"leon_der_truckspotter","avatar":"https://static.truckersmp.com/avatarsN/defaultavatar.png"},"point":455},{"user":{"uid":87,"userid":90,"name":"Carolus","avatar":"https://cdn.discordapp.com/avatars/1018500971095142471/7020d4b60e743ddab1f546f20958df7e.png"},"point":451},{"user":{"uid":141,"userid":196,"name":"MAX294","avatar":"https://cdn.discordapp.com/avatars/488323894831349760/f0ffd3875b74459d0656375b17aa0e6d.png"},"point":418},{"user":{"uid":310,"userid":253,"name":"Pascal","avatar":"https://cdn.discordapp.com/avatars/677543668973830215/e67068b6cf29eb6aaa8ea1cdec299abe.png"},"point":327},{"user":{"uid":138,"userid":126,"name":"Luide2023","avatar":""},"point":311},{"user":{"uid":272,"userid":227,"name":"Pfindus","avatar":"https://static.truckersmp.com/avatarsN/4311053.1710660288.png"},"point":284},{"user":{"uid":282,"userid":235,"name":"cyberstorm","avatar":""},"point":270},{"user":{"uid":230,"userid":190,"name":"TheUnknown ツ","avatar":"https://cdn.discordapp.com/avatars/582105777251024897/681532470693875d0b4cf668a28bb571.png"},"point":114},{"user":{"uid":338,"userid":277,"name":"Anzusz5","avatar":"https://cdn.discordapp.com/avatars/1141070153874935870/4cccfc4553de4675b25ab253ce9c676c.png"},"point":57},{"user":{"uid":213,"userid":178,"name":"Matthias","avatar":"https://cdn.discordapp.com/avatars/986724450647048212/ef0b2ff6aa97e9db1171cbaa6a78805c.png"},"point":0}]}