{"fmd":[{"user":{"uid":2,"userid":1,"name":"GB  |     Berk {21}","avatar":"https://cdn.discordapp.com/avatars/330696848287334403/8d3c616cf75dae71fec381be7f32d1ca.png"},"point":1047},{"user":{"uid":3,"userid":2,"name":"GB |     M.Faruk {21}","avatar":"https://cdn.discordapp.com/avatars/284769507271245825/f4d7f890b3d45b4fcc2acc412335e13a.png"},"point":695}],"fma":[{"user":{"uid":2,"userid":1,"name":"GB  |     Berk {21}","avatar":"https://cdn.discordapp.com/avatars/330696848287334403/8d3c616cf75dae71fec381be7f32d1ca.png"},"point":1230},{"user":{"uid":3,"userid":2,"name":"GB |     M.Faruk {21}","avatar":"https://cdn.discordapp.com/avatars/284769507271245825/f4d7f890b3d45b4fcc2acc412335e13a.png"},"point":858}]}