{"fmd":[{"user":{"uid":551,"userid":448,"name":"Capt_Tom","avatar":"https://cdn.discordapp.com/avatars/1189926623739400235/76a1784b7640fe89bfca945587db07e3.png"},"point":2883},{"user":{"uid":636,"userid":513,"name":"MementoMori","avatar":"https://cdn.discordapp.com/avatars/978142750681731182/21fe43da5d69da6ce55d794c5c9c9e17.png"},"point":2458},{"user":{"uid":657,"userid":529,"name":"DavidDML21","avatar":"https://cdn.discordapp.com/avatars/245959053501661195/285aeded16e2461bd44c8a63d91008d6.png"},"point":1417},{"user":{"uid":648,"userid":521,"name":"Sandro","avatar":"https://cdn.discordapp.com/avatars/221992990275534848/5502ab9ba51414716bca672635e36ccc.png"},"point":1285},{"user":{"uid":643,"userid":518,"name":"modunga fodunga","avatar":"https://cdn.discordapp.com/avatars/975800453986136114/4b29d690fbcaea1ab4410acbcc0ba316.png"},"point":1276},{"user":{"uid":578,"userid":465,"name":"indowes","avatar":"https://cdn.discordapp.com/avatars/556782581626961920/4f21483bc72236511d1bd929721efbdc.png"},"point":825},{"user":{"uid":516,"userid":417,"name":"Ravsh1k","avatar":"https://cdn.discordapp.com/avatars/901846074740858890/775a54f0f101fa2eb9b9fb54ad87ce55.png"},"point":785},{"user":{"uid":608,"userid":489,"name":"Dylan aka Scott","avatar":"https://cdn.discordapp.com/avatars/287978186732732416/269da0519b0fb3b455df1752ceec3171.png"},"point":674},{"user":{"uid":579,"userid":466,"name":"pieter.64","avatar":"https://cdn.discordapp.com/avatars/324877891852828683/00632119b31752fcb8171bbb4279d1f8.png"},"point":666},{"user":{"uid":652,"userid":524,"name":"[026] Aurelio Russo","avatar":""},"point":292},{"user":{"uid":629,"userid":506,"name":"Bin_Tyler","avatar":"https://cdn.discordapp.com/avatars/778660332570804325/c854253e1f12ab7a70384535a84fae7d.png"},"point":183},{"user":{"uid":385,"userid":325,"name":"ladbur2000xx","avatar":"https://cdn.discordapp.com/avatars/971245090267881474/b9b9c6d735bc88afabe74203e5481492.png"},"point":0},{"user":{"uid":504,"userid":411,"name":"ArgotheWolf","avatar":"https://static.truckersmp.com/avatarsN/1940165.1712798979.png"},"point":0},{"user":{"uid":609,"userid":490,"name":"ralkinvx","avatar":"https://cdn.discordapp.com/avatars/626276063609225221/cdf27d657698337dc22e9a4ba4736900.png"},"point":0},{"user":{"uid":646,"userid":520,"name":"nelegoman","avatar":"https://cdn.discordapp.com/avatars/762269796842602507/2d44d8da43f4f7b6fc9783d891ca92d7.png"},"point":0}],"fma":[{"user":{"uid":551,"userid":448,"name":"Capt_Tom","avatar":"https://cdn.discordapp.com/avatars/1189926623739400235/76a1784b7640fe89bfca945587db07e3.png"},"point":3023},{"user":{"uid":636,"userid":513,"name":"MementoMori","avatar":"https://cdn.discordapp.com/avatars/978142750681731182/21fe43da5d69da6ce55d794c5c9c9e17.png"},"point":2458},{"user":{"uid":657,"userid":529,"name":"DavidDML21","avatar":"https://cdn.discordapp.com/avatars/245959053501661195/285aeded16e2461bd44c8a63d91008d6.png"},"point":1417},{"user":{"uid":648,"userid":521,"name":"Sandro","avatar":"https://cdn.discordapp.com/avatars/221992990275534848/5502ab9ba51414716bca672635e36ccc.png"},"point":1285},{"user":{"uid":643,"userid":518,"name":"modunga fodunga","avatar":"https://cdn.discordapp.com/avatars/975800453986136114/4b29d690fbcaea1ab4410acbcc0ba316.png"},"point":1276},{"user":{"uid":578,"userid":465,"name":"indowes","avatar":"https://cdn.discordapp.com/avatars/556782581626961920/4f21483bc72236511d1bd929721efbdc.png"},"point":825},{"user":{"uid":516,"userid":417,"name":"Ravsh1k","avatar":"https://cdn.discordapp.com/avatars/901846074740858890/775a54f0f101fa2eb9b9fb54ad87ce55.png"},"point":785},{"user":{"uid":608,"userid":489,"name":"Dylan aka Scott","avatar":"https://cdn.discordapp.com/avatars/287978186732732416/269da0519b0fb3b455df1752ceec3171.png"},"point":674},{"user":{"uid":579,"userid":466,"name":"pieter.64","avatar":"https://cdn.discordapp.com/avatars/324877891852828683/00632119b31752fcb8171bbb4279d1f8.png"},"point":666},{"user":{"uid":652,"userid":524,"name":"[026] Aurelio Russo","avatar":""},"point":292},{"user":{"uid":25,"userid":96,"name":"[G-T-R]GrayWolf","avatar":"https://cdn.discordapp.com/avatars/463049453067173888/93e0f855de1c1bcdf6924d45b1789338.png"},"point":220},{"user":{"uid":629,"userid":506,"name":"Bin_Tyler","avatar":"https://cdn.discordapp.com/avatars/778660332570804325/c854253e1f12ab7a70384535a84fae7d.png"},"point":183},{"user":{"uid":480,"userid":395,"name":"Sh0tBlow","avatar":"https://cdn.discordapp.com/avatars/462991116279611392/87bf1e3b76d220025f3fb4b0029427f8.png"},"point":174},{"user":{"uid":385,"userid":325,"name":"ladbur2000xx","avatar":"https://cdn.discordapp.com/avatars/971245090267881474/b9b9c6d735bc88afabe74203e5481492.png"},"point":0},{"user":{"uid":504,"userid":411,"name":"ArgotheWolf","avatar":"https://static.truckersmp.com/avatarsN/1940165.1712798979.png"},"point":0},{"user":{"uid":609,"userid":490,"name":"ralkinvx","avatar":"https://cdn.discordapp.com/avatars/626276063609225221/cdf27d657698337dc22e9a4ba4736900.png"},"point":0},{"user":{"uid":646,"userid":520,"name":"nelegoman","avatar":"https://cdn.discordapp.com/avatars/762269796842602507/2d44d8da43f4f7b6fc9783d891ca92d7.png"},"point":0}]}