{"fmd":[{"user":{"uid":5,"userid":7,"name":"H. Salamanca","avatar":"https://avatars.steamstatic.com/13327a4e2eb8f0b61f58ef98f8904599b1d7b16b_full.jpg"},"point":1923},{"user":{"uid":1,"userid":1,"name":"Chinchulines","avatar":"https://static.truckersmp.com/avatarsN/5157719.1708998904.png"},"point":1721},{"user":{"uid":8,"userid":4,"name":"fruttinicolas","avatar":"https://avatars.steamstatic.com/3023e43df6a37e11e2792ef1e5456000bffc3394_full.jpg"},"point":226}],"fma":[{"user":{"uid":5,"userid":7,"name":"H. Salamanca","avatar":"https://avatars.steamstatic.com/13327a4e2eb8f0b61f58ef98f8904599b1d7b16b_full.jpg"},"point":3123},{"user":{"uid":1,"userid":1,"name":"Chinchulines","avatar":"https://static.truckersmp.com/avatarsN/5157719.1708998904.png"},"point":2321},{"user":{"uid":8,"userid":4,"name":"fruttinicolas","avatar":"https://avatars.steamstatic.com/3023e43df6a37e11e2792ef1e5456000bffc3394_full.jpg"},"point":426}]}