{"fmd":[{"user":{"uid":171,"userid":144,"name":"(DR) P3rran","avatar":"https://cdn.discordapp.com/avatars/495694046413717524/fac894c68850acc52cd9a5c1e354fa57.png"},"point":6249},{"user":{"uid":192,"userid":163,"name":"(DR) Diican","avatar":""},"point":2786},{"user":{"uid":203,"userid":173,"name":"(DR) Billy1bob","avatar":""},"point":2603},{"user":{"uid":28,"userid":23,"name":"(CEO) Pete (DND)","avatar":"https://cdn.discordapp.com/avatars/316660255872516106/8a2dca3b679afae90df18edc44b1584c.png"},"point":2493},{"user":{"uid":206,"userid":176,"name":"(DRT) Peezy","avatar":"https://cdn.discordapp.com/avatars/893533804629749791/779faffa23bb6e48cbbfa736482416a5.png"},"point":1839},{"user":{"uid":180,"userid":152,"name":"(DRT) Fredm240i (TeslaTrucker08)","avatar":"https://cdn.discordapp.com/avatars/862380226965143572/310ea0bf4a810f46994ad13a581aa357.png"},"point":1412},{"user":{"uid":205,"userid":175,"name":"(DRT) Magnus001","avatar":"https://cdn.discordapp.com/avatars/813730694869811211/383d4e899ad03dc2cd6e5d09e8adddd2.png"},"point":429},{"user":{"uid":211,"userid":181,"name":"archie watkinson","avatar":"https://static.truckersmp.com/avatarsN/defaultavatar.png"},"point":222},{"user":{"uid":137,"userid":111,"name":"[LOA] (DR) The Fallen","avatar":"https://cdn.discordapp.com/avatars/365176026872938506/e3a0fb6fc3e046f79a25a0bee6311616.png"},"point":0}],"fma":[{"user":{"uid":171,"userid":144,"name":"(DR) P3rran","avatar":"https://cdn.discordapp.com/avatars/495694046413717524/fac894c68850acc52cd9a5c1e354fa57.png"},"point":6249},{"user":{"uid":192,"userid":163,"name":"(DR) Diican","avatar":""},"point":2786},{"user":{"uid":203,"userid":173,"name":"(DR) Billy1bob","avatar":""},"point":2623},{"user":{"uid":28,"userid":23,"name":"(CEO) Pete (DND)","avatar":"https://cdn.discordapp.com/avatars/316660255872516106/8a2dca3b679afae90df18edc44b1584c.png"},"point":2513},{"user":{"uid":206,"userid":176,"name":"(DRT) Peezy","avatar":"https://cdn.discordapp.com/avatars/893533804629749791/779faffa23bb6e48cbbfa736482416a5.png"},"point":1839},{"user":{"uid":180,"userid":152,"name":"(DRT) Fredm240i (TeslaTrucker08)","avatar":"https://cdn.discordapp.com/avatars/862380226965143572/310ea0bf4a810f46994ad13a581aa357.png"},"point":1412},{"user":{"uid":205,"userid":175,"name":"(DRT) Magnus001","avatar":"https://cdn.discordapp.com/avatars/813730694869811211/383d4e899ad03dc2cd6e5d09e8adddd2.png"},"point":449},{"user":{"uid":211,"userid":181,"name":"archie watkinson","avatar":"https://static.truckersmp.com/avatarsN/defaultavatar.png"},"point":222},{"user":{"uid":1,"userid":0,"name":"(Owner) Essex","avatar":"https://cdn.discordapp.com/avatars/986728515892285461/a_c4301bd78f1d1d60c25f66672af89a9a.gif"},"point":102},{"user":{"uid":137,"userid":111,"name":"[LOA] (DR) The Fallen","avatar":"https://cdn.discordapp.com/avatars/365176026872938506/e3a0fb6fc3e046f79a25a0bee6311616.png"},"point":20}]}