{"fmd":[{"user":{"uid":366,"userid":264,"name":"kieran07","avatar":"https://static.truckersmp.com/avatarsN/defaultavatar.png"},"point":1655},{"user":{"uid":367,"userid":265,"name":"xXBlazieXx","avatar":"https://cdn.discordapp.com/avatars/118134703143387143/a_0c9c8f10bf9b081401d4b68f2e0948fd.gif"},"point":861},{"user":{"uid":358,"userid":258,"name":"KARAMITROS","avatar":"https://cdn.discordapp.com/avatars/884473658884649011/3527b044612c65be1a2e46dcec9693e4.png"},"point":560},{"user":{"uid":1,"userid":0,"name":"Brad","avatar":"https://cdn.discordapp.com/avatars/507570358782525451/0f8d2ac0cb4d5df4b45d8529b6efe809.png"},"point":482},{"user":{"uid":107,"userid":252,"name":"Super","avatar":"https://cdn.discordapp.com/avatars/916681745993191425/f48e8302962f4f78feb21c035bbfef52.png"},"point":0}],"fma":[{"user":{"uid":1,"userid":0,"name":"Brad","avatar":"https://cdn.discordapp.com/avatars/507570358782525451/0f8d2ac0cb4d5df4b45d8529b6efe809.png"},"point":52482},{"user":{"uid":312,"userid":239,"name":"Two Trappy","avatar":"https://cdn.discordapp.com/avatars/460444257250181120/e1fe6b34c1ce8b3d86f89e7e210ca57e.png"},"point":25000},{"user":{"uid":356,"userid":257,"name":"prince","avatar":"https://cdn.discordapp.com/avatars/561960385750761472/baa8187f57979991d38812e415d41191.png"},"point":25000},{"user":{"uid":365,"userid":262,"name":"Nino","avatar":"https://cdn.discordapp.com/avatars/400694856827011073/ec52f8c6645244614e85a449413b0b89.png"},"point":25000},{"user":{"uid":366,"userid":264,"name":"kieran07","avatar":"https://static.truckersmp.com/avatarsN/defaultavatar.png"},"point":1655},{"user":{"uid":367,"userid":265,"name":"xXBlazieXx","avatar":"https://cdn.discordapp.com/avatars/118134703143387143/a_0c9c8f10bf9b081401d4b68f2e0948fd.gif"},"point":861},{"user":{"uid":358,"userid":258,"name":"KARAMITROS","avatar":"https://cdn.discordapp.com/avatars/884473658884649011/3527b044612c65be1a2e46dcec9693e4.png"},"point":560},{"user":{"uid":107,"userid":252,"name":"Super","avatar":"https://cdn.discordapp.com/avatars/916681745993191425/f48e8302962f4f78feb21c035bbfef52.png"},"point":0}]}