{"fmd":[{"user":{"uid":3,"userid":2,"name":"Orlynsky","avatar":"https://avatars.steamstatic.com/63a4ac3dfc7c22d71119e814f4f124bde3149941_full.jpg"},"point":2589},{"user":{"uid":8,"userid":6,"name":"shipmate","avatar":"https://avatars.steamstatic.com/3a4bdab4c8b08247c0e12345ba110647e9464041_full.jpg"},"point":1736}],"fma":[{"user":{"uid":3,"userid":2,"name":"Orlynsky","avatar":"https://avatars.steamstatic.com/63a4ac3dfc7c22d71119e814f4f124bde3149941_full.jpg"},"point":2589},{"user":{"uid":8,"userid":6,"name":"shipmate","avatar":"https://avatars.steamstatic.com/3a4bdab4c8b08247c0e12345ba110647e9464041_full.jpg"},"point":1736}]}