{"fmd":[{"user":{"uid":173,"userid":133,"name":"LizzyM#290199","avatar":""},"point":2249},{"user":{"uid":1,"userid":1,"name":"!itsPeanutttt","avatar":"https://cdn.discordapp.com/avatars/208757218013609985/a_b8fae2196be237eb9612f9daed82c1e3.gif"},"point":2074},{"user":{"uid":307,"userid":226,"name":"I.unknown","avatar":"https://cdn.discordapp.com/avatars/561594839150624801/bc140c9f9a5d3666707243401ccb0e44.png"},"point":1877},{"user":{"uid":100,"userid":75,"name":"I am KingHeet","avatar":"https://static.truckersmp.com/avatarsN/3141865.1659238151.jpeg"},"point":1577},{"user":{"uid":15,"userid":10,"name":"MarlonSkills","avatar":"https://cdn.discordapp.com/avatars/315956778884005890/9a3d00de17d4e51023e4dc7542353ce7.png"},"point":1443},{"user":{"uid":306,"userid":225,"name":"Mohammad_Pouria","avatar":"https://static.truckersmp.com/avatarsN/5148065.1715231217.jpg"},"point":1047},{"user":{"uid":234,"userid":178,"name":"Saga Virtanen","avatar":"https://static.truckersmp.com/avatarsN/343160.1685564872.png"},"point":564},{"user":{"uid":213,"userid":163,"name":"Little Meow","avatar":"https://cdn.discordapp.com/avatars/1019561099177234442/ddd644a232498d08379163bd4797740e.png"},"point":526},{"user":{"uid":163,"userid":124,"name":"N1CK904","avatar":"https://cdn.discordapp.com/avatars/1056467542824206346/382880aa0ba504228fe5c5478bda93b2.png"},"point":511},{"user":{"uid":308,"userid":227,"name":"Ali Fahmi","avatar":"https://cdn.discordapp.com/avatars/724912335051030538/f060d90c0d181b8479b511109e0e3671.png"},"point":204},{"user":{"uid":160,"userid":125,"name":"mu han","avatar":"https://cdn.discordapp.com/avatars/1121405880924123219/4fa32749d7c53cc30aa99181c81f851f.png"},"point":0}],"fma":[{"user":{"uid":100,"userid":75,"name":"I am KingHeet","avatar":"https://static.truckersmp.com/avatarsN/3141865.1659238151.jpeg"},"point":3086},{"user":{"uid":173,"userid":133,"name":"LizzyM#290199","avatar":""},"point":3028},{"user":{"uid":307,"userid":226,"name":"I.unknown","avatar":"https://cdn.discordapp.com/avatars/561594839150624801/bc140c9f9a5d3666707243401ccb0e44.png"},"point":3018},{"user":{"uid":1,"userid":1,"name":"!itsPeanutttt","avatar":"https://cdn.discordapp.com/avatars/208757218013609985/a_b8fae2196be237eb9612f9daed82c1e3.gif"},"point":2217},{"user":{"uid":15,"userid":10,"name":"MarlonSkills","avatar":"https://cdn.discordapp.com/avatars/315956778884005890/9a3d00de17d4e51023e4dc7542353ce7.png"},"point":1968},{"user":{"uid":32,"userid":21,"name":"NateNZ","avatar":"https://cdn.discordapp.com/avatars/263779798327885834/54adfd241b87dc24073b7cc175209ad7.png"},"point":1800},{"user":{"uid":306,"userid":225,"name":"Mohammad_Pouria","avatar":"https://static.truckersmp.com/avatarsN/5148065.1715231217.jpg"},"point":1577},{"user":{"uid":134,"userid":104,"name":"Freshmuscl3","avatar":"https://static.truckersmp.com/avatarsN/5222182.1706276666.png"},"point":1000},{"user":{"uid":163,"userid":124,"name":"N1CK904","avatar":"https://cdn.discordapp.com/avatars/1056467542824206346/382880aa0ba504228fe5c5478bda93b2.png"},"point":716},{"user":{"uid":213,"userid":163,"name":"Little Meow","avatar":"https://cdn.discordapp.com/avatars/1019561099177234442/ddd644a232498d08379163bd4797740e.png"},"point":695},{"user":{"uid":234,"userid":178,"name":"Saga Virtanen","avatar":"https://static.truckersmp.com/avatarsN/343160.1685564872.png"},"point":675},{"user":{"uid":308,"userid":227,"name":"Ali Fahmi","avatar":"https://cdn.discordapp.com/avatars/724912335051030538/f060d90c0d181b8479b511109e0e3671.png"},"point":449},{"user":{"uid":160,"userid":125,"name":"mu han","avatar":"https://cdn.discordapp.com/avatars/1121405880924123219/4fa32749d7c53cc30aa99181c81f851f.png"},"point":0}]}