{"fmd":[{"user":{"uid":13,"userid":10,"name":"Ghostie_24","avatar":"https://cdn.discordapp.com/avatars/858378711458775040/44e6daa139754e9be9bd3bb2df8a7647.png"},"point":2478},{"user":{"uid":3,"userid":8,"name":"STA | Founder lcplgibling5","avatar":"https://cdn.discordapp.com/avatars/1097971085900795914/1ce2b5464b9c8b34011d2e601b99b835.png"},"point":1271}],"fma":[{"user":{"uid":13,"userid":10,"name":"Ghostie_24","avatar":"https://cdn.discordapp.com/avatars/858378711458775040/44e6daa139754e9be9bd3bb2df8a7647.png"},"point":3178},{"user":{"uid":3,"userid":8,"name":"STA | Founder lcplgibling5","avatar":"https://cdn.discordapp.com/avatars/1097971085900795914/1ce2b5464b9c8b34011d2e601b99b835.png"},"point":1271}]}