{"fmd":[{"user":{"uid":30,"userid":24,"name":"My_Dream_My_Passion","avatar":"https://static.truckersmp.com/avatarsN/2636041.1713489251.png"},"point":3705},{"user":{"uid":48,"userid":46,"name":"TommyNL","avatar":"https://avatars.steamstatic.com/566ece5c0f63be2634d91a038b57b1e369f28983_full.jpg"},"point":2443},{"user":{"uid":19,"userid":17,"name":"Marcos","avatar":"https://avatars.steamstatic.com/752eb38c3b0bc6f74708ec2c3d44d00bda41edde_full.jpg"},"point":2099},{"user":{"uid":14,"userid":11,"name":"L O R E N Z","avatar":"https://static.truckersmp.com/avatarsN/4486749.1691828789.png"},"point":1935},{"user":{"uid":12,"userid":15,"name":"hαllєlujαh","avatar":"https://cdn.discordapp.com/avatars/489787824397352970/31db3cd9b4e9374d6965e0cbe8f2ebe9.png"},"point":1651},{"user":{"uid":34,"userid":26,"name":"WiLczuR77","avatar":"https://cdn.discordapp.com/avatars/786282772255211560/215b343cd011110bf98e4157bab6f2cb.png"},"point":1572},{"user":{"uid":81,"userid":77,"name":"Mr.Scottish","avatar":"https://cdn.discordapp.com/avatars/797519024707600384/65cfe00c851aa9d7219c1b45d1862ffe.png"},"point":1152},{"user":{"uid":84,"userid":82,"name":"! 𝑮𝒆𝒏0𝒘𝒘 🌊","avatar":"https://cdn.discordapp.com/avatars/827503076797186060/ee3e24c8f37fdc481822060280ce12c6.png"},"point":1131},{"user":{"uid":62,"userid":61,"name":"Thomas.","avatar":"https://cdn.discordapp.com/avatars/1000353949620117514/b42831995cac9fc332f49722a7656a19.png"},"point":1130},{"user":{"uid":54,"userid":53,"name":"nikosenos","avatar":"https://cdn.discordapp.com/avatars/385849670578077709/89afaee0019e2114289578582d6e7773.png"},"point":1049},{"user":{"uid":52,"userid":50,"name":"spanchikus","avatar":"https://cdn.discordapp.com/avatars/693884881419108432/2e5d58f8fe552e4d7cd49f3f1350966e.png"},"point":1032},{"user":{"uid":15,"userid":12,"name":"Lorenzo br","avatar":"https://cdn.discordapp.com/avatars/635968015371862082/8ca41d930d87fb4266f4c1666828d3f3.png"},"point":950},{"user":{"uid":39,"userid":36,"name":"' Jonas.","avatar":"https://static.truckersmp.com/avatarsN/defaultavatar.png"},"point":673},{"user":{"uid":64,"userid":63,"name":"Legacy","avatar":"https://cdn.discordapp.com/avatars/306808975620440064/0522be58e18dbdf6b47398dddf828943.png"},"point":645},{"user":{"uid":37,"userid":33,"name":"TTDTheo","avatar":"https://cdn.discordapp.com/avatars/1145683091176833114/b5db924ff0fe5de313fb1f3d6c2526cd.png"},"point":600},{"user":{"uid":70,"userid":68,"name":"oεrrty","avatar":"https://avatars.steamstatic.com/25300570391d4c1d8604cacae35443fc07a51c9d_full.jpg"},"point":563},{"user":{"uid":31,"userid":25,"name":"itzadel","avatar":"https://avatars.steamstatic.com/aca3c56c6009b259e00d373e14bf616065f6de3c_full.jpg"},"point":526},{"user":{"uid":71,"userid":70,"name":"-imag3","avatar":"https://avatars.steamstatic.com/f7218ab2ca998d360f7c89cb32587a99f729344b_full.jpg"},"point":526},{"user":{"uid":45,"userid":43,"name":"idk.philipp","avatar":"https://static.truckersmp.com/avatarsN/4018160.1671645702.png"},"point":150},{"user":{"uid":49,"userid":47,"name":"90s_s","avatar":"https://avatars.steamstatic.com/4a0e9b42f2229b905fb58255d76001d0f262d117_full.jpg"},"point":0}],"fma":[{"user":{"uid":30,"userid":24,"name":"My_Dream_My_Passion","avatar":"https://static.truckersmp.com/avatarsN/2636041.1713489251.png"},"point":3705},{"user":{"uid":48,"userid":46,"name":"TommyNL","avatar":"https://avatars.steamstatic.com/566ece5c0f63be2634d91a038b57b1e369f28983_full.jpg"},"point":2443},{"user":{"uid":19,"userid":17,"name":"Marcos","avatar":"https://avatars.steamstatic.com/752eb38c3b0bc6f74708ec2c3d44d00bda41edde_full.jpg"},"point":2099},{"user":{"uid":14,"userid":11,"name":"L O R E N Z","avatar":"https://static.truckersmp.com/avatarsN/4486749.1691828789.png"},"point":1935},{"user":{"uid":12,"userid":15,"name":"hαllєlujαh","avatar":"https://cdn.discordapp.com/avatars/489787824397352970/31db3cd9b4e9374d6965e0cbe8f2ebe9.png"},"point":1651},{"user":{"uid":34,"userid":26,"name":"WiLczuR77","avatar":"https://cdn.discordapp.com/avatars/786282772255211560/215b343cd011110bf98e4157bab6f2cb.png"},"point":1572},{"user":{"uid":81,"userid":77,"name":"Mr.Scottish","avatar":"https://cdn.discordapp.com/avatars/797519024707600384/65cfe00c851aa9d7219c1b45d1862ffe.png"},"point":1152},{"user":{"uid":84,"userid":82,"name":"! 𝑮𝒆𝒏0𝒘𝒘 🌊","avatar":"https://cdn.discordapp.com/avatars/827503076797186060/ee3e24c8f37fdc481822060280ce12c6.png"},"point":1131},{"user":{"uid":62,"userid":61,"name":"Thomas.","avatar":"https://cdn.discordapp.com/avatars/1000353949620117514/b42831995cac9fc332f49722a7656a19.png"},"point":1130},{"user":{"uid":54,"userid":53,"name":"nikosenos","avatar":"https://cdn.discordapp.com/avatars/385849670578077709/89afaee0019e2114289578582d6e7773.png"},"point":1049},{"user":{"uid":52,"userid":50,"name":"spanchikus","avatar":"https://cdn.discordapp.com/avatars/693884881419108432/2e5d58f8fe552e4d7cd49f3f1350966e.png"},"point":1032},{"user":{"uid":15,"userid":12,"name":"Lorenzo br","avatar":"https://cdn.discordapp.com/avatars/635968015371862082/8ca41d930d87fb4266f4c1666828d3f3.png"},"point":950},{"user":{"uid":39,"userid":36,"name":"' Jonas.","avatar":"https://static.truckersmp.com/avatarsN/defaultavatar.png"},"point":673},{"user":{"uid":64,"userid":63,"name":"Legacy","avatar":"https://cdn.discordapp.com/avatars/306808975620440064/0522be58e18dbdf6b47398dddf828943.png"},"point":645},{"user":{"uid":37,"userid":33,"name":"TTDTheo","avatar":"https://cdn.discordapp.com/avatars/1145683091176833114/b5db924ff0fe5de313fb1f3d6c2526cd.png"},"point":600},{"user":{"uid":70,"userid":68,"name":"oεrrty","avatar":"https://avatars.steamstatic.com/25300570391d4c1d8604cacae35443fc07a51c9d_full.jpg"},"point":563},{"user":{"uid":31,"userid":25,"name":"itzadel","avatar":"https://avatars.steamstatic.com/aca3c56c6009b259e00d373e14bf616065f6de3c_full.jpg"},"point":526},{"user":{"uid":71,"userid":70,"name":"-imag3","avatar":"https://avatars.steamstatic.com/f7218ab2ca998d360f7c89cb32587a99f729344b_full.jpg"},"point":526},{"user":{"uid":45,"userid":43,"name":"idk.philipp","avatar":"https://static.truckersmp.com/avatarsN/4018160.1671645702.png"},"point":150},{"user":{"uid":28,"userid":27,"name":"reissverschlussverfahren","avatar":"https://avatars.steamstatic.com/7b74c751b8e0bb519b02aa069a2d74d24c2356ae_full.jpg"},"point":100},{"user":{"uid":49,"userid":47,"name":"90s_s","avatar":"https://avatars.steamstatic.com/4a0e9b42f2229b905fb58255d76001d0f262d117_full.jpg"},"point":0}]}