{"fmd":[{"user":{"uid":1061,"userid":656,"name":"Thy Night Owl","avatar":"https://cdn.discordapp.com/avatars/678366200312496154/7e3c44efb2393e0a9a4b593cb42f936d.png"},"point":6338},{"user":{"uid":1433,"userid":888,"name":"Max Nightly","avatar":"https://cdn.discordapp.com/avatars/210135075516448769/b2bb70de46df75ef8c5464cd9653539b.png"},"point":3691},{"user":{"uid":1382,"userid":847,"name":"Aeroplane","avatar":"https://cdn.discordapp.com/avatars/919580354736705617/cd8c60e397730ab82e685faaf72d3c77.png"},"point":3246},{"user":{"uid":866,"userid":550,"name":"RoudeLéiw","avatar":"https://cdn.discordapp.com/avatars/497412687257534464/53a76d2cc11ce4a0171c5d1f84df139a.png"},"point":3105},{"user":{"uid":1187,"userid":726,"name":"afrikandionysus","avatar":"https://cdn.discordapp.com/avatars/759714918177177670/661f5840a2c808aa6c88959f5a379f8d.png"},"point":2935},{"user":{"uid":717,"userid":477,"name":"Turnt","avatar":"https://cdn.discordapp.com/avatars/417130736848470039/a_af2f73ff3f0bf8c460edc1b1f02192f9.gif"},"point":2907},{"user":{"uid":1160,"userid":699,"name":"jodycc","avatar":"https://cdn.discordapp.com/avatars/623249122761375760/adc25e15fe96d56656319e2a159d9458.png"},"point":2656},{"user":{"uid":1419,"userid":880,"name":"Mister E","avatar":"https://cdn.discordapp.com/avatars/519617154782461991/4a0616a32ffc7f7ee6eeeeab8c9952e5.png"},"point":2331},{"user":{"uid":18,"userid":718,"name":"Kanasteri","avatar":"https://cdn.discordapp.com/avatars/388688028056551425/cadea68055c984a8900142da586bf9e5.png"},"point":2317},{"user":{"uid":106,"userid":239,"name":"\"Big Merc\" Mercodious","avatar":"https://cdn.discordapp.com/avatars/168552876375801857/a_a20387d95da36973b684aca7de2dd26d.gif"},"point":2128},{"user":{"uid":1039,"userid":637,"name":"Dutchman6149","avatar":"https://cdn.discordapp.com/avatars/1089970918169776317/518899061d0c7aa71638cf2a46dfa547.png"},"point":1628},{"user":{"uid":87,"userid":203,"name":"pvfcmatt1","avatar":"https://cdn.discordapp.com/avatars/668822602806198278/eb4c4684efc13d2a58ddeae555edc5a7.png"},"point":1393},{"user":{"uid":1226,"userid":749,"name":"That_Slayer87","avatar":"https://cdn.discordapp.com/avatars/850248504878432287/9484069a71c25b62ac273f0daae0f0c2.png"},"point":1309},{"user":{"uid":1230,"userid":754,"name":"jaronimo","avatar":"https://cdn.discordapp.com/avatars/454663931223605248/0fe4234ec2208932ebfde6d7dea8ee92.png"},"point":1270},{"user":{"uid":178,"userid":337,"name":"Demon","avatar":"https://cdn.discordapp.com/avatars/263904733196976128/db03ee2fc81e10a028fb58e95e3d4bca.png"},"point":1230},{"user":{"uid":169,"userid":327,"name":"Carlos King","avatar":"https://cdn.discordapp.com/avatars/506487248217309184/bd6c4d705e13abd33b3b26c5bdcd897d.png"},"point":966},{"user":{"uid":1348,"userid":827,"name":"Eco_Aviation","avatar":"https://cdn.discordapp.com/avatars/647421178301906964/7c849b7cf97a6182f9cedfef6697160f.png"},"point":958},{"user":{"uid":971,"userid":604,"name":"patriotic clone trooper","avatar":"https://cdn.discordapp.com/avatars/577748827470168075/3f3c57f906d80e80dff8ed6e54c70d25.png"},"point":955},{"user":{"uid":1438,"userid":890,"name":"DonDrix","avatar":"https://cdn.discordapp.com/avatars/334372720789815308/fd5ba77e32c2f1e611be6342843fa544.png"},"point":848},{"user":{"uid":1213,"userid":742,"name":"♱ Spark DeLuca ♱","avatar":"https://cdn.discordapp.com/avatars/807678339514236989/283fb606004de5371e5b3e63ded107f8.png"},"point":761},{"user":{"uid":1411,"userid":867,"name":"Coolengineer","avatar":"https://cdn.discordapp.com/avatars/247159248272752640/59e18cf589e2aaee61edb8d0a62b6b48.png"},"point":760},{"user":{"uid":1378,"userid":843,"name":"dandelion","avatar":"https://cdn.discordapp.com/avatars/924070723952209941/6d40e5aa69459181ef2bc03107156cc0.png"},"point":653},{"user":{"uid":191,"userid":352,"name":"kia_nokia","avatar":"https://cdn.discordapp.com/avatars/946038819118022666/9613cd97518544022b55252d1952e174.png"},"point":646},{"user":{"uid":41,"userid":820,"name":"Jack","avatar":"https://cdn.discordapp.com/avatars/555074609544822795/d3665ab7e4604312949fcceb877b56b0.png"},"point":634},{"user":{"uid":1399,"userid":860,"name":"TEA_K1NG","avatar":"https://cdn.discordapp.com/avatars/945052168287826030/0f81cfdddfab62c5e3ef470e08faf360.png"},"point":574},{"user":{"uid":851,"userid":765,"name":"A_Bold_One","avatar":"https://cdn.discordapp.com/avatars/724063574565322762/96cc2952ae7b5b1f5e6dfe520b727adc.png"},"point":569},{"user":{"uid":1271,"userid":780,"name":"brazvo (Bruno)","avatar":"https://cdn.discordapp.com/avatars/823826275964682251/c28159cbabe58874bd1244a97d68d24b.png"},"point":569},{"user":{"uid":759,"userid":501,"name":"TheSkiller","avatar":"https://cdn.discordapp.com/avatars/665158641355325450/da6b6d4e62038b3f92dd42b7b34f7ec9.png"},"point":530},{"user":{"uid":112,"userid":657,"name":"zatrisss","avatar":"https://cdn.discordapp.com/avatars/270114281280765956/4dc89eaaac37811ab06058499942981b.png"},"point":516},{"user":{"uid":1406,"userid":864,"name":"tecsrpi","avatar":"https://cdn.discordapp.com/avatars/1188513541355999252/b348b995a546919d8eb02265e1fec581.png"},"point":479},{"user":{"uid":1112,"userid":681,"name":"DUSLOGEMEISTER","avatar":"https://cdn.discordapp.com/avatars/449720478148460555/38e8e5e249b96cde228bf55a460ae999.png"},"point":455},{"user":{"uid":1398,"userid":862,"name":"2222Y","avatar":"https://cdn.discordapp.com/avatars/702624334036074646/1b14cc6963653ea32a778ea6e4f23a4d.png"},"point":451},{"user":{"uid":155,"userid":305,"name":"HighNinja52117","avatar":""},"point":420},{"user":{"uid":1105,"userid":675,"name":"Jack3D60","avatar":"https://cdn.discordapp.com/avatars/805496381754048572/bcf10ae824b274e1c532971dcb857977.png"},"point":366},{"user":{"uid":184,"userid":345,"name":"NFLD","avatar":"https://cdn.discordapp.com/avatars/538772758461677578/5f1d024574ed37a8cbaf69c186d93cb1.png"},"point":288},{"user":{"uid":872,"userid":555,"name":"Chris","avatar":"https://cdn.discordapp.com/avatars/741351957083717673/6f29d9d878b4b6e616e47fb64d9fc2e4.png"},"point":258},{"user":{"uid":1192,"userid":724,"name":"Koskee","avatar":"https://cdn.discordapp.com/avatars/836575095664410654/34bd5b395ebc17c4ca0d51b982cb0a7b.png"},"point":206},{"user":{"uid":140,"userid":284,"name":"maku78","avatar":"https://cdn.discordapp.com/avatars/671428232628666388/a6a54bc09fd502351f42b3290808c9cd.png"},"point":0}],"fma":[{"user":{"uid":1382,"userid":847,"name":"Aeroplane","avatar":"https://cdn.discordapp.com/avatars/919580354736705617/cd8c60e397730ab82e685faaf72d3c77.png"},"point":18811},{"user":{"uid":2,"userid":1,"name":"Shadows","avatar":"https://cdn.discordapp.com/avatars/763197983797149726/a_5c1f0e32cd149b5738174526428443be.gif"},"point":10000},{"user":{"uid":1061,"userid":656,"name":"Thy Night Owl","avatar":"https://cdn.discordapp.com/avatars/678366200312496154/7e3c44efb2393e0a9a4b593cb42f936d.png"},"point":8299},{"user":{"uid":1433,"userid":888,"name":"Max Nightly","avatar":"https://cdn.discordapp.com/avatars/210135075516448769/b2bb70de46df75ef8c5464cd9653539b.png"},"point":3826},{"user":{"uid":866,"userid":550,"name":"RoudeLéiw","avatar":"https://cdn.discordapp.com/avatars/497412687257534464/53a76d2cc11ce4a0171c5d1f84df139a.png"},"point":3649},{"user":{"uid":18,"userid":718,"name":"Kanasteri","avatar":"https://cdn.discordapp.com/avatars/388688028056551425/cadea68055c984a8900142da586bf9e5.png"},"point":3598},{"user":{"uid":1419,"userid":880,"name":"Mister E","avatar":"https://cdn.discordapp.com/avatars/519617154782461991/4a0616a32ffc7f7ee6eeeeab8c9952e5.png"},"point":3419},{"user":{"uid":1187,"userid":726,"name":"afrikandionysus","avatar":"https://cdn.discordapp.com/avatars/759714918177177670/661f5840a2c808aa6c88959f5a379f8d.png"},"point":3121},{"user":{"uid":717,"userid":477,"name":"Turnt","avatar":"https://cdn.discordapp.com/avatars/417130736848470039/a_af2f73ff3f0bf8c460edc1b1f02192f9.gif"},"point":3108},{"user":{"uid":119,"userid":258,"name":"LordLegend","avatar":"https://cdn.discordapp.com/avatars/507573290995417108/294e2517c647c3c8703945fbc200afcd.png"},"point":3029},{"user":{"uid":87,"userid":203,"name":"pvfcmatt1","avatar":"https://cdn.discordapp.com/avatars/668822602806198278/eb4c4684efc13d2a58ddeae555edc5a7.png"},"point":3017},{"user":{"uid":1160,"userid":699,"name":"jodycc","avatar":"https://cdn.discordapp.com/avatars/623249122761375760/adc25e15fe96d56656319e2a159d9458.png"},"point":2988},{"user":{"uid":1230,"userid":754,"name":"jaronimo","avatar":"https://cdn.discordapp.com/avatars/454663931223605248/0fe4234ec2208932ebfde6d7dea8ee92.png"},"point":2344},{"user":{"uid":106,"userid":239,"name":"\"Big Merc\" Mercodious","avatar":"https://cdn.discordapp.com/avatars/168552876375801857/a_a20387d95da36973b684aca7de2dd26d.gif"},"point":2206},{"user":{"uid":1105,"userid":675,"name":"Jack3D60","avatar":"https://cdn.discordapp.com/avatars/805496381754048572/bcf10ae824b274e1c532971dcb857977.png"},"point":2087},{"user":{"uid":112,"userid":657,"name":"zatrisss","avatar":"https://cdn.discordapp.com/avatars/270114281280765956/4dc89eaaac37811ab06058499942981b.png"},"point":1974},{"user":{"uid":1039,"userid":637,"name":"Dutchman6149","avatar":"https://cdn.discordapp.com/avatars/1089970918169776317/518899061d0c7aa71638cf2a46dfa547.png"},"point":1832},{"user":{"uid":1316,"userid":807,"name":"Gota","avatar":"https://cdn.discordapp.com/avatars/167291299693723648/beb31f691ab4478e3268181a76f3a451.png"},"point":1656},{"user":{"uid":924,"userid":576,"name":"🌈Hearty_Laces🌈They/Them","avatar":"https://cdn.discordapp.com/avatars/461978281906929675/9128b3d5991d797b2e4060e71c4c5f41.png"},"point":1482},{"user":{"uid":1226,"userid":749,"name":"That_Slayer87","avatar":"https://cdn.discordapp.com/avatars/850248504878432287/9484069a71c25b62ac273f0daae0f0c2.png"},"point":1355},{"user":{"uid":178,"userid":337,"name":"Demon","avatar":"https://cdn.discordapp.com/avatars/263904733196976128/db03ee2fc81e10a028fb58e95e3d4bca.png"},"point":1279},{"user":{"uid":1378,"userid":843,"name":"dandelion","avatar":"https://cdn.discordapp.com/avatars/924070723952209941/6d40e5aa69459181ef2bc03107156cc0.png"},"point":1235},{"user":{"uid":1411,"userid":867,"name":"Coolengineer","avatar":"https://cdn.discordapp.com/avatars/247159248272752640/59e18cf589e2aaee61edb8d0a62b6b48.png"},"point":1144},{"user":{"uid":971,"userid":604,"name":"patriotic clone trooper","avatar":"https://cdn.discordapp.com/avatars/577748827470168075/3f3c57f906d80e80dff8ed6e54c70d25.png"},"point":1036},{"user":{"uid":1348,"userid":827,"name":"Eco_Aviation","avatar":"https://cdn.discordapp.com/avatars/647421178301906964/7c849b7cf97a6182f9cedfef6697160f.png"},"point":1030},{"user":{"uid":169,"userid":327,"name":"Carlos King","avatar":"https://cdn.discordapp.com/avatars/506487248217309184/bd6c4d705e13abd33b3b26c5bdcd897d.png"},"point":966},{"user":{"uid":1438,"userid":890,"name":"DonDrix","avatar":"https://cdn.discordapp.com/avatars/334372720789815308/fd5ba77e32c2f1e611be6342843fa544.png"},"point":870},{"user":{"uid":1213,"userid":742,"name":"♱ Spark DeLuca ♱","avatar":"https://cdn.discordapp.com/avatars/807678339514236989/283fb606004de5371e5b3e63ded107f8.png"},"point":788},{"user":{"uid":1271,"userid":780,"name":"brazvo (Bruno)","avatar":"https://cdn.discordapp.com/avatars/823826275964682251/c28159cbabe58874bd1244a97d68d24b.png"},"point":703},{"user":{"uid":619,"userid":418,"name":"LOA | NumberHunter91","avatar":"https://cdn.discordapp.com/avatars/276407067223392256/c656134c8d2a712de1b2dbaf3856e995.png"},"point":692},{"user":{"uid":191,"userid":352,"name":"kia_nokia","avatar":"https://cdn.discordapp.com/avatars/946038819118022666/9613cd97518544022b55252d1952e174.png"},"point":646},{"user":{"uid":41,"userid":820,"name":"Jack","avatar":"https://cdn.discordapp.com/avatars/555074609544822795/d3665ab7e4604312949fcceb877b56b0.png"},"point":634},{"user":{"uid":1399,"userid":860,"name":"TEA_K1NG","avatar":"https://cdn.discordapp.com/avatars/945052168287826030/0f81cfdddfab62c5e3ef470e08faf360.png"},"point":623},{"user":{"uid":851,"userid":765,"name":"A_Bold_One","avatar":"https://cdn.discordapp.com/avatars/724063574565322762/96cc2952ae7b5b1f5e6dfe520b727adc.png"},"point":595},{"user":{"uid":759,"userid":501,"name":"TheSkiller","avatar":"https://cdn.discordapp.com/avatars/665158641355325450/da6b6d4e62038b3f92dd42b7b34f7ec9.png"},"point":530},{"user":{"uid":1406,"userid":864,"name":"tecsrpi","avatar":"https://cdn.discordapp.com/avatars/1188513541355999252/b348b995a546919d8eb02265e1fec581.png"},"point":479},{"user":{"uid":1112,"userid":681,"name":"DUSLOGEMEISTER","avatar":"https://cdn.discordapp.com/avatars/449720478148460555/38e8e5e249b96cde228bf55a460ae999.png"},"point":455},{"user":{"uid":1398,"userid":862,"name":"2222Y","avatar":"https://cdn.discordapp.com/avatars/702624334036074646/1b14cc6963653ea32a778ea6e4f23a4d.png"},"point":451},{"user":{"uid":155,"userid":305,"name":"HighNinja52117","avatar":""},"point":420},{"user":{"uid":671,"userid":448,"name":"Rocky","avatar":"https://cdn.discordapp.com/avatars/508226509744635904/6696b0bd9167804479c233924b375fa1.png"},"point":294},{"user":{"uid":184,"userid":345,"name":"NFLD","avatar":"https://cdn.discordapp.com/avatars/538772758461677578/5f1d024574ed37a8cbaf69c186d93cb1.png"},"point":288},{"user":{"uid":872,"userid":555,"name":"Chris","avatar":"https://cdn.discordapp.com/avatars/741351957083717673/6f29d9d878b4b6e616e47fb64d9fc2e4.png"},"point":258},{"user":{"uid":1192,"userid":724,"name":"Koskee","avatar":"https://cdn.discordapp.com/avatars/836575095664410654/34bd5b395ebc17c4ca0d51b982cb0a7b.png"},"point":206},{"user":{"uid":140,"userid":284,"name":"maku78","avatar":"https://cdn.discordapp.com/avatars/671428232628666388/a6a54bc09fd502351f42b3290808c9cd.png"},"point":0}]}