{"fmd":[{"user":{"uid":82,"userid":99,"name":"PepyNox 🤖","avatar":"https://cdn.discordapp.com/avatars/261473263752839168/a_32058670e7fcdb9136bb159147e62d09.gif"},"point":6930},{"user":{"uid":376,"userid":217,"name":"im_tibo","avatar":"https://cdn.discordapp.com/avatars/677523358773936159/4701cf2e052934cb803f95ac1f17c941.png"},"point":4459},{"user":{"uid":16,"userid":19,"name":"Tom","avatar":"https://cdn.discordapp.com/avatars/306758358092742657/3f6e08a50ffe39d2f24b54aff99cc3d2.png"},"point":3569},{"user":{"uid":300,"userid":197,"name":"zoop","avatar":"https://cdn.discordapp.com/avatars/221167310986149888/834a0f2ed8b4aacbb621e04069eba462.png"},"point":3011},{"user":{"uid":219,"userid":162,"name":"Unlined","avatar":"https://cdn.discordapp.com/avatars/805174902566682644/ebc23285318adf34b6840ae2d324a959.png"},"point":1128},{"user":{"uid":479,"userid":252,"name":"ST1G","avatar":"https://cdn.discordapp.com/avatars/515890400494616608/f4bac7aef316082f7bad4fcbb6b39570.png"},"point":998},{"user":{"uid":19,"userid":22,"name":"Garmy","avatar":"https://cdn.discordapp.com/avatars/537294435617341451/513dcf25a48a7f737f1643ad3c103e65.png"},"point":645},{"user":{"uid":418,"userid":231,"name":"Raďas","avatar":"https://cdn.discordapp.com/avatars/797569994698260530/f477fc21e7339e15597635242b2e6702.png"},"point":584},{"user":{"uid":286,"userid":190,"name":"[MCG] NarBREAD (SVK)","avatar":"https://cdn.discordapp.com/attachments/1058844743582363859/1162360746752090153/SmartSelect_20231013-140626_Gallery.jpg?ex=653ba7cd&is=652932cd&hm=909f43b4b9783fd00a00fed9e0690b8a674b513d16c085eb132e237ea763d8ca&"},"point":568},{"user":{"uid":463,"userid":246,"name":"Ja0kY_","avatar":"https://cdn.discordapp.com/avatars/634785871387688991/a_84c3faacbd047bc4daa9809868626210.gif"},"point":514},{"user":{"uid":400,"userid":222,"name":"prbkk","avatar":"https://cdn.discordapp.com/avatars/882076408308989952/bd00d6503d087db05af20d86f3f6681e.png"},"point":479},{"user":{"uid":183,"userid":147,"name":"[MCG] STEELS","avatar":"https://static.truckersmp.com/avatarsN/defaultavatar.png"},"point":246},{"user":{"uid":470,"userid":253,"name":"[MCG] Lucasg4329 [FR]","avatar":"https://static.truckersmp.com/avatarsN/defaultavatar.png"},"point":68},{"user":{"uid":14,"userid":15,"name":"Cel","avatar":"https://cdn.discordapp.com/avatars/388906563043065861/ea2e630b6ace3b5676e334f4f61e039f.png"},"point":0}],"fma":[{"user":{"uid":82,"userid":99,"name":"PepyNox 🤖","avatar":"https://cdn.discordapp.com/avatars/261473263752839168/a_32058670e7fcdb9136bb159147e62d09.gif"},"point":6930},{"user":{"uid":376,"userid":217,"name":"im_tibo","avatar":"https://cdn.discordapp.com/avatars/677523358773936159/4701cf2e052934cb803f95ac1f17c941.png"},"point":4459},{"user":{"uid":16,"userid":19,"name":"Tom","avatar":"https://cdn.discordapp.com/avatars/306758358092742657/3f6e08a50ffe39d2f24b54aff99cc3d2.png"},"point":3569},{"user":{"uid":300,"userid":197,"name":"zoop","avatar":"https://cdn.discordapp.com/avatars/221167310986149888/834a0f2ed8b4aacbb621e04069eba462.png"},"point":3011},{"user":{"uid":219,"userid":162,"name":"Unlined","avatar":"https://cdn.discordapp.com/avatars/805174902566682644/ebc23285318adf34b6840ae2d324a959.png"},"point":1128},{"user":{"uid":479,"userid":252,"name":"ST1G","avatar":"https://cdn.discordapp.com/avatars/515890400494616608/f4bac7aef316082f7bad4fcbb6b39570.png"},"point":998},{"user":{"uid":19,"userid":22,"name":"Garmy","avatar":"https://cdn.discordapp.com/avatars/537294435617341451/513dcf25a48a7f737f1643ad3c103e65.png"},"point":645},{"user":{"uid":418,"userid":231,"name":"Raďas","avatar":"https://cdn.discordapp.com/avatars/797569994698260530/f477fc21e7339e15597635242b2e6702.png"},"point":584},{"user":{"uid":286,"userid":190,"name":"[MCG] NarBREAD (SVK)","avatar":"https://cdn.discordapp.com/attachments/1058844743582363859/1162360746752090153/SmartSelect_20231013-140626_Gallery.jpg?ex=653ba7cd&is=652932cd&hm=909f43b4b9783fd00a00fed9e0690b8a674b513d16c085eb132e237ea763d8ca&"},"point":568},{"user":{"uid":463,"userid":246,"name":"Ja0kY_","avatar":"https://cdn.discordapp.com/avatars/634785871387688991/a_84c3faacbd047bc4daa9809868626210.gif"},"point":514},{"user":{"uid":400,"userid":222,"name":"prbkk","avatar":"https://cdn.discordapp.com/avatars/882076408308989952/bd00d6503d087db05af20d86f3f6681e.png"},"point":479},{"user":{"uid":183,"userid":147,"name":"[MCG] STEELS","avatar":"https://static.truckersmp.com/avatarsN/defaultavatar.png"},"point":246},{"user":{"uid":470,"userid":253,"name":"[MCG] Lucasg4329 [FR]","avatar":"https://static.truckersmp.com/avatarsN/defaultavatar.png"},"point":68},{"user":{"uid":14,"userid":15,"name":"Cel","avatar":"https://cdn.discordapp.com/avatars/388906563043065861/ea2e630b6ace3b5676e334f4f61e039f.png"},"point":0}]}