{"fmd":[{"user":{"uid":92,"userid":84,"name":"Corosion","avatar":"https://cdn.discordapp.com/avatars/233911033859670016/d066a4ff18b288553ae04a47a1c59ed8.png"},"point":9606},{"user":{"uid":43,"userid":31,"name":"[GER]Christian","avatar":"https://static.truckersmp.com/avatarsN/196694.1705792859.png"},"point":4708},{"user":{"uid":341,"userid":278,"name":"Joschi83","avatar":"https://cdn.discordapp.com/avatars/251453206599696384/41d5c1e1d5fbbbff3de8808bdd3805d1.png"},"point":4681},{"user":{"uid":152,"userid":135,"name":"manu7432","avatar":"https://cdn.discordapp.com/avatars/1024735246249373777/2d7e240ada7e8d3f41e4150fb6b1d0aa.png"},"point":4287},{"user":{"uid":148,"userid":145,"name":"weisserkreuzer","avatar":"https://cdn.discordapp.com/avatars/303094283752308737/651be3b81b2b904cd1112f8501fd2e49.png"},"point":4109},{"user":{"uid":73,"userid":65,"name":"Ersque","avatar":"https://cdn.discordapp.com/avatars/219183521711915008/d8224c427b6d0b5f9a2b151734d67e76.png"},"point":3984},{"user":{"uid":61,"userid":75,"name":"𝕲𝖍𝖔𝖘𝖙𝖕𝖆𝖚𝖑𝖔𝖔","avatar":"https://cdn.discordapp.com/avatars/964420212864741376/e8283a2f908472c913999fda7149c790.png"},"point":3592},{"user":{"uid":68,"userid":57,"name":"Anthonyaski","avatar":"https://cdn.discordapp.com/avatars/334780188703588362/4af94601e420a28c570fce2b038e0b23.png"},"point":3195},{"user":{"uid":46,"userid":44,"name":"Linus14_trucker","avatar":"https://cdn.discordapp.com/avatars/973298563750719518/f8077addf056d9aaf51c748928a4a6d2.png"},"point":3144},{"user":{"uid":130,"userid":187,"name":"Peter235","avatar":"https://static.truckersmp.com/avatarsN/defaultavatar.png"},"point":3130},{"user":{"uid":272,"userid":227,"name":"Pfindus","avatar":"https://static.truckersmp.com/avatarsN/4311053.1710660288.png"},"point":3078},{"user":{"uid":333,"userid":272,"name":"[GER] KevBro","avatar":"https://cdn.discordapp.com/avatars/399288507555905537/e802a2d7141709117c6d11115e7d25d9.png"},"point":2808},{"user":{"uid":18,"userid":16,"name":"teufelsfrucht","avatar":"https://static.truckersmp.com/avatarsN/4047213.1699434878.png"},"point":2708},{"user":{"uid":39,"userid":34,"name":"[GER] Chrissy1968","avatar":"https://static.truckersmp.com/avatarsN/defaultavatar.png"},"point":2538},{"user":{"uid":324,"userid":264,"name":"IceDom1/Dominik","avatar":"https://cdn.discordapp.com/avatars/333342159023636481/704fa67745d5f6252fb774a013c664b0.png"},"point":2487},{"user":{"uid":309,"userid":255,"name":"Guny69","avatar":"https://static.truckersmp.com/avatarsN/3695120.1713478510.jpg"},"point":2480},{"user":{"uid":117,"userid":109,"name":"DerDampfer78","avatar":"https://cdn.discordapp.com/avatars/324522906505707520/2584364ff258ba22916b1c0c369b0893.png"},"point":2445},{"user":{"uid":347,"userid":283,"name":"adi.","avatar":"https://cdn.discordapp.com/avatars/399012716326420480/266d16ffbd3b509117ac0e12fab7413d.png"},"point":2424},{"user":{"uid":119,"userid":105,"name":"annoxz","avatar":"https://cdn.discordapp.com/avatars/584497248767967263/dc4e3f991aba525ca4839013723063de.png"},"point":2107},{"user":{"uid":266,"userid":221,"name":"Pliegenfilz_xX","avatar":""},"point":1952},{"user":{"uid":12,"userid":10,"name":"Tchabalala/Axel","avatar":"https://cdn.discordapp.com/avatars/336794680454938624/c949fc0ae2a0b67356a833b7f2dfb640.png"},"point":1631},{"user":{"uid":348,"userid":284,"name":"Domco","avatar":"https://cdn.discordapp.com/avatars/142061877336342529/c82ea6a79feb7ca9092dbc85f3329fa7.png"},"point":1450},{"user":{"uid":325,"userid":265,"name":"[GER] Sääm","avatar":"https://static.truckersmp.com/avatarsN/2524791.1714481709.jpg"},"point":1399},{"user":{"uid":275,"userid":229,"name":"ByEnderman_HD","avatar":"https://cdn.discordapp.com/avatars/664529284043636767/6b9fb4edd1d2c073428b956ede3c7228.png"},"point":1323},{"user":{"uid":344,"userid":280,"name":"Jestful","avatar":"https://cdn.discordapp.com/avatars/633121275430174762/1a5cd468e1dce02e330bcf3bc075a75e.png"},"point":1188},{"user":{"uid":139,"userid":127,"name":"SturmNudelLP (PC)","avatar":"https://cdn.discordapp.com/avatars/686996505550258225/9fdc874a2ccce42bee7c48ef3ab9c80a.png"},"point":1096},{"user":{"uid":47,"userid":40,"name":"Nerikan","avatar":"https://cdn.discordapp.com/avatars/501777572112367638/93b7d985e53cc4f12b14f7394dda3e82.png"},"point":1094},{"user":{"uid":342,"userid":279,"name":"Nadine97","avatar":"https://static.truckersmp.com/avatarsN/5464335.1715126595.jpg"},"point":1074},{"user":{"uid":327,"userid":267,"name":"Katzenverkauf","avatar":"https://cdn.discordapp.com/avatars/464431767412015105/a_30a4847ddcc8de0e016307f4ab15fb3e.gif"},"point":1039},{"user":{"uid":345,"userid":281,"name":"SpeiRox_","avatar":"https://cdn.discordapp.com/avatars/369461490245435413/53214599eee34fad85857ade045531b1.png"},"point":1014},{"user":{"uid":93,"userid":79,"name":"Starvin Marvin","avatar":"https://cdn.discordapp.com/avatars/616564166379044893/597930cdaf15fb1a0044037d135a7ceb.png"},"point":985},{"user":{"uid":143,"userid":128,"name":"SchnellerFuchs","avatar":"https://static.truckersmp.com/avatarsN/1121622.1706114410.png"},"point":877},{"user":{"uid":318,"userid":259,"name":"Theusios","avatar":"https://cdn.discordapp.com/avatars/294602089739452426/74d1468f7e577c89f2a37dbe4a8ec0fc.png"},"point":729},{"user":{"uid":329,"userid":269,"name":"Vandros","avatar":"https://cdn.discordapp.com/avatars/159231251960561664/74a01b7ba2d7d5bb76d61807fa3c69b6.png"},"point":666},{"user":{"uid":51,"userid":71,"name":"Joerg45701","avatar":"https://static.truckersmp.com/avatarsN/defaultavatar.png"},"point":599},{"user":{"uid":172,"userid":151,"name":"Jack Hodgins","avatar":"https://cdn.discordapp.com/avatars/826723576928272385/02b5821703017d0c5c78d23394e5af33.png"},"point":521},{"user":{"uid":198,"userid":172,"name":"Just-in-Time","avatar":"https://cdn.discordapp.com/avatars/305770257576886272/4fed1f17f230110efe229fd280e1045a.png"},"point":466},{"user":{"uid":77,"userid":64,"name":"ossikralle91","avatar":"https://cdn.discordapp.com/avatars/174228229341577216/f6ce32d40a58b95cefa47ce3e939a8b4.png"},"point":383},{"user":{"uid":58,"userid":45,"name":"Knirpsi","avatar":"https://cdn.discordapp.com/avatars/680795972275666957/83cbd46025e4c642396e78b1fb4a60d0.png"},"point":323},{"user":{"uid":197,"userid":169,"name":"Wassermelofant","avatar":"https://cdn.discordapp.com/avatars/288753470234689538/8fb64a8e263aba5a05eda07214a453dc.png"},"point":306},{"user":{"uid":124,"userid":113,"name":"Terrase","avatar":"https://cdn.discordapp.com/avatars/625396497911119882/364fbbd9cf4c0c505f8784af01f4dc2e.png"},"point":243},{"user":{"uid":163,"userid":144,"name":"Greifswalder [DE]","avatar":"https://static.truckersmp.com/avatarsN/302455.1544957087.gif"},"point":226},{"user":{"uid":307,"userid":251,"name":"julex_07","avatar":"https://cdn.discordapp.com/avatars/878671512801009684/b8b0cc1e4da62e31f9c17e52a1054f8b.png"},"point":83},{"user":{"uid":91,"userid":85,"name":"Chris94","avatar":"https://cdn.discordapp.com/avatars/618891974765838336/d2fa711dddd045b14969332972ba64b3.png"},"point":39},{"user":{"uid":295,"userid":246,"name":"Tiberius","avatar":"https://cdn.discordapp.com/avatars/305385843428950026/6c00ebb9bf00d5c68028e29af849b1ad.png"},"point":0}],"fma":[{"user":{"uid":92,"userid":84,"name":"Corosion","avatar":"https://cdn.discordapp.com/avatars/233911033859670016/d066a4ff18b288553ae04a47a1c59ed8.png"},"point":9606},{"user":{"uid":43,"userid":31,"name":"[GER]Christian","avatar":"https://static.truckersmp.com/avatarsN/196694.1705792859.png"},"point":4708},{"user":{"uid":341,"userid":278,"name":"Joschi83","avatar":"https://cdn.discordapp.com/avatars/251453206599696384/41d5c1e1d5fbbbff3de8808bdd3805d1.png"},"point":4681},{"user":{"uid":152,"userid":135,"name":"manu7432","avatar":"https://cdn.discordapp.com/avatars/1024735246249373777/2d7e240ada7e8d3f41e4150fb6b1d0aa.png"},"point":4287},{"user":{"uid":148,"userid":145,"name":"weisserkreuzer","avatar":"https://cdn.discordapp.com/avatars/303094283752308737/651be3b81b2b904cd1112f8501fd2e49.png"},"point":4109},{"user":{"uid":73,"userid":65,"name":"Ersque","avatar":"https://cdn.discordapp.com/avatars/219183521711915008/d8224c427b6d0b5f9a2b151734d67e76.png"},"point":3984},{"user":{"uid":61,"userid":75,"name":"𝕲𝖍𝖔𝖘𝖙𝖕𝖆𝖚𝖑𝖔𝖔","avatar":"https://cdn.discordapp.com/avatars/964420212864741376/e8283a2f908472c913999fda7149c790.png"},"point":3592},{"user":{"uid":68,"userid":57,"name":"Anthonyaski","avatar":"https://cdn.discordapp.com/avatars/334780188703588362/4af94601e420a28c570fce2b038e0b23.png"},"point":3195},{"user":{"uid":46,"userid":44,"name":"Linus14_trucker","avatar":"https://cdn.discordapp.com/avatars/973298563750719518/f8077addf056d9aaf51c748928a4a6d2.png"},"point":3144},{"user":{"uid":130,"userid":187,"name":"Peter235","avatar":"https://static.truckersmp.com/avatarsN/defaultavatar.png"},"point":3130},{"user":{"uid":272,"userid":227,"name":"Pfindus","avatar":"https://static.truckersmp.com/avatarsN/4311053.1710660288.png"},"point":3078},{"user":{"uid":333,"userid":272,"name":"[GER] KevBro","avatar":"https://cdn.discordapp.com/avatars/399288507555905537/e802a2d7141709117c6d11115e7d25d9.png"},"point":2808},{"user":{"uid":18,"userid":16,"name":"teufelsfrucht","avatar":"https://static.truckersmp.com/avatarsN/4047213.1699434878.png"},"point":2708},{"user":{"uid":39,"userid":34,"name":"[GER] Chrissy1968","avatar":"https://static.truckersmp.com/avatarsN/defaultavatar.png"},"point":2538},{"user":{"uid":324,"userid":264,"name":"IceDom1/Dominik","avatar":"https://cdn.discordapp.com/avatars/333342159023636481/704fa67745d5f6252fb774a013c664b0.png"},"point":2487},{"user":{"uid":309,"userid":255,"name":"Guny69","avatar":"https://static.truckersmp.com/avatarsN/3695120.1713478510.jpg"},"point":2480},{"user":{"uid":117,"userid":109,"name":"DerDampfer78","avatar":"https://cdn.discordapp.com/avatars/324522906505707520/2584364ff258ba22916b1c0c369b0893.png"},"point":2445},{"user":{"uid":347,"userid":283,"name":"adi.","avatar":"https://cdn.discordapp.com/avatars/399012716326420480/266d16ffbd3b509117ac0e12fab7413d.png"},"point":2424},{"user":{"uid":119,"userid":105,"name":"annoxz","avatar":"https://cdn.discordapp.com/avatars/584497248767967263/dc4e3f991aba525ca4839013723063de.png"},"point":2107},{"user":{"uid":266,"userid":221,"name":"Pliegenfilz_xX","avatar":""},"point":1952},{"user":{"uid":12,"userid":10,"name":"Tchabalala/Axel","avatar":"https://cdn.discordapp.com/avatars/336794680454938624/c949fc0ae2a0b67356a833b7f2dfb640.png"},"point":1631},{"user":{"uid":348,"userid":284,"name":"Domco","avatar":"https://cdn.discordapp.com/avatars/142061877336342529/c82ea6a79feb7ca9092dbc85f3329fa7.png"},"point":1450},{"user":{"uid":325,"userid":265,"name":"[GER] Sääm","avatar":"https://static.truckersmp.com/avatarsN/2524791.1714481709.jpg"},"point":1399},{"user":{"uid":275,"userid":229,"name":"ByEnderman_HD","avatar":"https://cdn.discordapp.com/avatars/664529284043636767/6b9fb4edd1d2c073428b956ede3c7228.png"},"point":1323},{"user":{"uid":344,"userid":280,"name":"Jestful","avatar":"https://cdn.discordapp.com/avatars/633121275430174762/1a5cd468e1dce02e330bcf3bc075a75e.png"},"point":1188},{"user":{"uid":139,"userid":127,"name":"SturmNudelLP (PC)","avatar":"https://cdn.discordapp.com/avatars/686996505550258225/9fdc874a2ccce42bee7c48ef3ab9c80a.png"},"point":1096},{"user":{"uid":47,"userid":40,"name":"Nerikan","avatar":"https://cdn.discordapp.com/avatars/501777572112367638/93b7d985e53cc4f12b14f7394dda3e82.png"},"point":1094},{"user":{"uid":342,"userid":279,"name":"Nadine97","avatar":"https://static.truckersmp.com/avatarsN/5464335.1715126595.jpg"},"point":1074},{"user":{"uid":327,"userid":267,"name":"Katzenverkauf","avatar":"https://cdn.discordapp.com/avatars/464431767412015105/a_30a4847ddcc8de0e016307f4ab15fb3e.gif"},"point":1039},{"user":{"uid":345,"userid":281,"name":"SpeiRox_","avatar":"https://cdn.discordapp.com/avatars/369461490245435413/53214599eee34fad85857ade045531b1.png"},"point":1014},{"user":{"uid":93,"userid":79,"name":"Starvin Marvin","avatar":"https://cdn.discordapp.com/avatars/616564166379044893/597930cdaf15fb1a0044037d135a7ceb.png"},"point":985},{"user":{"uid":143,"userid":128,"name":"SchnellerFuchs","avatar":"https://static.truckersmp.com/avatarsN/1121622.1706114410.png"},"point":877},{"user":{"uid":318,"userid":259,"name":"Theusios","avatar":"https://cdn.discordapp.com/avatars/294602089739452426/74d1468f7e577c89f2a37dbe4a8ec0fc.png"},"point":729},{"user":{"uid":329,"userid":269,"name":"Vandros","avatar":"https://cdn.discordapp.com/avatars/159231251960561664/74a01b7ba2d7d5bb76d61807fa3c69b6.png"},"point":666},{"user":{"uid":51,"userid":71,"name":"Joerg45701","avatar":"https://static.truckersmp.com/avatarsN/defaultavatar.png"},"point":599},{"user":{"uid":172,"userid":151,"name":"Jack Hodgins","avatar":"https://cdn.discordapp.com/avatars/826723576928272385/02b5821703017d0c5c78d23394e5af33.png"},"point":521},{"user":{"uid":198,"userid":172,"name":"Just-in-Time","avatar":"https://cdn.discordapp.com/avatars/305770257576886272/4fed1f17f230110efe229fd280e1045a.png"},"point":466},{"user":{"uid":77,"userid":64,"name":"ossikralle91","avatar":"https://cdn.discordapp.com/avatars/174228229341577216/f6ce32d40a58b95cefa47ce3e939a8b4.png"},"point":383},{"user":{"uid":58,"userid":45,"name":"Knirpsi","avatar":"https://cdn.discordapp.com/avatars/680795972275666957/83cbd46025e4c642396e78b1fb4a60d0.png"},"point":323},{"user":{"uid":197,"userid":169,"name":"Wassermelofant","avatar":"https://cdn.discordapp.com/avatars/288753470234689538/8fb64a8e263aba5a05eda07214a453dc.png"},"point":306},{"user":{"uid":124,"userid":113,"name":"Terrase","avatar":"https://cdn.discordapp.com/avatars/625396497911119882/364fbbd9cf4c0c505f8784af01f4dc2e.png"},"point":243},{"user":{"uid":163,"userid":144,"name":"Greifswalder [DE]","avatar":"https://static.truckersmp.com/avatarsN/302455.1544957087.gif"},"point":226},{"user":{"uid":307,"userid":251,"name":"julex_07","avatar":"https://cdn.discordapp.com/avatars/878671512801009684/b8b0cc1e4da62e31f9c17e52a1054f8b.png"},"point":83},{"user":{"uid":91,"userid":85,"name":"Chris94","avatar":"https://cdn.discordapp.com/avatars/618891974765838336/d2fa711dddd045b14969332972ba64b3.png"},"point":39},{"user":{"uid":295,"userid":246,"name":"Tiberius","avatar":"https://cdn.discordapp.com/avatars/305385843428950026/6c00ebb9bf00d5c68028e29af849b1ad.png"},"point":0}]}