{"fmd":[{"user":{"uid":1,"userid":1,"name":"Chinchulines","avatar":"https://static.truckersmp.com/avatarsN/5157719.1708998904.png"},"point":6069},{"user":{"uid":3,"userid":2,"name":"twitch.tv/ el_uruguayop","avatar":"https://avatars.steamstatic.com/f559eb3f2353a53b1056d03c2968037b59fec846_full.jpg"},"point":4706},{"user":{"uid":14,"userid":11,"name":"ELCARLOS","avatar":""},"point":3352},{"user":{"uid":12,"userid":9,"name":"Rakterion","avatar":"https://avatars.steamstatic.com/c3c2be1c64ebbb22961b3639239f7ce18fccdfac_full.jpg"},"point":2791},{"user":{"uid":17,"userid":13,"name":"XxxDestinxxX","avatar":"https://avatars.steamstatic.com/fb13c981f47d8ffe3baecc5e0a1d6ac5d927973c_full.jpg"},"point":335},{"user":{"uid":8,"userid":4,"name":"fruttinicolas","avatar":"https://avatars.steamstatic.com/3023e43df6a37e11e2792ef1e5456000bffc3394_full.jpg"},"point":0}],"fma":[{"user":{"uid":1,"userid":1,"name":"Chinchulines","avatar":"https://static.truckersmp.com/avatarsN/5157719.1708998904.png"},"point":7692},{"user":{"uid":3,"userid":2,"name":"twitch.tv/ el_uruguayop","avatar":"https://avatars.steamstatic.com/f559eb3f2353a53b1056d03c2968037b59fec846_full.jpg"},"point":6213},{"user":{"uid":14,"userid":11,"name":"ELCARLOS","avatar":""},"point":3352},{"user":{"uid":12,"userid":9,"name":"Rakterion","avatar":"https://avatars.steamstatic.com/c3c2be1c64ebbb22961b3639239f7ce18fccdfac_full.jpg"},"point":2791},{"user":{"uid":8,"userid":4,"name":"fruttinicolas","avatar":"https://avatars.steamstatic.com/3023e43df6a37e11e2792ef1e5456000bffc3394_full.jpg"},"point":1700},{"user":{"uid":17,"userid":13,"name":"XxxDestinxxX","avatar":"https://avatars.steamstatic.com/fb13c981f47d8ffe3baecc5e0a1d6ac5d927973c_full.jpg"},"point":335}]}