{"fmd":[{"user":{"uid":203,"userid":173,"name":"(DR) Billy1bob","avatar":""},"point":13137},{"user":{"uid":210,"userid":180,"name":"(DRT) Dark_age_gamer (Stuart)","avatar":"https://cdn.discordapp.com/avatars/952110105028079668/925f4268ce0ee99d5da863af64fba716.png"},"point":7210},{"user":{"uid":13,"userid":9,"name":"(Co Owner) BRDYVPR","avatar":"https://cdn.discordapp.com/avatars/760196239022489633/e52474f8d25af8ac2dbffaddb6943c37.png"},"point":4616},{"user":{"uid":212,"userid":182,"name":"Sexual_Bullet","avatar":"https://avatars.steamstatic.com/13d537e3111e55e43efa7c4d40292ea6ff8d152d_full.jpg"},"point":3411},{"user":{"uid":209,"userid":179,"name":"(DRT) celticcarrots","avatar":"https://cdn.discordapp.com/avatars/387561475709075466/8a663c0e4edf64e2828bb3ed0de97bf4.png"},"point":2634},{"user":{"uid":6,"userid":3,"name":"(Co Owner) Angry Raptor","avatar":"https://cdn.discordapp.com/avatars/474484979548815360/6347a182410a674dfb6f831275c1b803.png"},"point":2348},{"user":{"uid":202,"userid":172,"name":"(DR) WeeMenace06","avatar":"https://cdn.discordapp.com/avatars/970355206590181376/76a0b6ef3a5eca2c11e5ca399efa3a52.png"},"point":1098},{"user":{"uid":205,"userid":175,"name":"(DR) Magnusw001","avatar":"https://cdn.discordapp.com/avatars/813730694869811211/820e80ec325b3958169fe25811a8c668.png"},"point":790},{"user":{"uid":28,"userid":23,"name":"(CEO) Pete (DND)","avatar":"https://cdn.discordapp.com/avatars/316660255872516106/8a2dca3b679afae90df18edc44b1584c.png"},"point":762},{"user":{"uid":199,"userid":169,"name":"(DR) User5029","avatar":"https://cdn.discordapp.com/avatars/721416593166303352/afa8c7025775e1fe06693b6d84c2c407.png"},"point":755},{"user":{"uid":192,"userid":163,"name":"(DR) Diican","avatar":""},"point":225},{"user":{"uid":156,"userid":129,"name":"(DR) dariuss","avatar":"https://cdn.discordapp.com/avatars/941518932135776257/58df44b337962ebca7bddc3de0d4f593.png"},"point":0},{"user":{"uid":206,"userid":176,"name":"(DR) Peezy","avatar":"https://cdn.discordapp.com/avatars/893533804629749791/1c7acf5f60705a5ee5b0667ebf60f86e.png"},"point":0}],"fma":[{"user":{"uid":203,"userid":173,"name":"(DR) Billy1bob","avatar":""},"point":13137},{"user":{"uid":210,"userid":180,"name":"(DRT) Dark_age_gamer (Stuart)","avatar":"https://cdn.discordapp.com/avatars/952110105028079668/925f4268ce0ee99d5da863af64fba716.png"},"point":7210},{"user":{"uid":13,"userid":9,"name":"(Co Owner) BRDYVPR","avatar":"https://cdn.discordapp.com/avatars/760196239022489633/e52474f8d25af8ac2dbffaddb6943c37.png"},"point":4816},{"user":{"uid":212,"userid":182,"name":"Sexual_Bullet","avatar":"https://avatars.steamstatic.com/13d537e3111e55e43efa7c4d40292ea6ff8d152d_full.jpg"},"point":3411},{"user":{"uid":6,"userid":3,"name":"(Co Owner) Angry Raptor","avatar":"https://cdn.discordapp.com/avatars/474484979548815360/6347a182410a674dfb6f831275c1b803.png"},"point":2748},{"user":{"uid":209,"userid":179,"name":"(DRT) celticcarrots","avatar":"https://cdn.discordapp.com/avatars/387561475709075466/8a663c0e4edf64e2828bb3ed0de97bf4.png"},"point":2634},{"user":{"uid":202,"userid":172,"name":"(DR) WeeMenace06","avatar":"https://cdn.discordapp.com/avatars/970355206590181376/76a0b6ef3a5eca2c11e5ca399efa3a52.png"},"point":1098},{"user":{"uid":205,"userid":175,"name":"(DR) Magnusw001","avatar":"https://cdn.discordapp.com/avatars/813730694869811211/820e80ec325b3958169fe25811a8c668.png"},"point":790},{"user":{"uid":28,"userid":23,"name":"(CEO) Pete (DND)","avatar":"https://cdn.discordapp.com/avatars/316660255872516106/8a2dca3b679afae90df18edc44b1584c.png"},"point":762},{"user":{"uid":199,"userid":169,"name":"(DR) User5029","avatar":"https://cdn.discordapp.com/avatars/721416593166303352/afa8c7025775e1fe06693b6d84c2c407.png"},"point":755},{"user":{"uid":192,"userid":163,"name":"(DR) Diican","avatar":""},"point":225},{"user":{"uid":1,"userid":0,"name":"(Owner) Essex","avatar":"https://cdn.discordapp.com/avatars/986728515892285461/a_c4301bd78f1d1d60c25f66672af89a9a.gif"},"point":112},{"user":{"uid":156,"userid":129,"name":"(DR) dariuss","avatar":"https://cdn.discordapp.com/avatars/941518932135776257/58df44b337962ebca7bddc3de0d4f593.png"},"point":0},{"user":{"uid":206,"userid":176,"name":"(DR) Peezy","avatar":"https://cdn.discordapp.com/avatars/893533804629749791/1c7acf5f60705a5ee5b0667ebf60f86e.png"},"point":0}]}