{"fmd":[{"user":{"uid":12,"userid":253,"name":"Arcon_","avatar":"https://cdn.discordapp.com/avatars/590425598552440833/a0d20b550a1002cce1119d41d50775fd.png"},"point":2074},{"user":{"uid":218,"userid":246,"name":"Jord","avatar":"https://cdn.discordapp.com/avatars/684027652016832535/fa88b9b0dd673495c894582f075a5a83.png"},"point":1240},{"user":{"uid":360,"userid":259,"name":"EisenWolf","avatar":"https://static.truckersmp.com/avatarsN/4112608.1704752368.jpg"},"point":990},{"user":{"uid":356,"userid":257,"name":"prince","avatar":"https://cdn.discordapp.com/avatars/561960385750761472/baa8187f57979991d38812e415d41191.png"},"point":977},{"user":{"uid":162,"userid":209,"name":"LATAM001","avatar":"https://cdn.discordapp.com/avatars/527511788133285898/9b91224f92847573fa760fb444bfb5e7.png"},"point":745},{"user":{"uid":358,"userid":258,"name":"KARAMITROS","avatar":"https://cdn.discordapp.com/avatars/884473658884649011/3527b044612c65be1a2e46dcec9693e4.png"},"point":505},{"user":{"uid":107,"userid":252,"name":"Super","avatar":"https://cdn.discordapp.com/avatars/916681745993191425/3f6af4faa223998b3aa36866b11a40a1.png"},"point":305}],"fma":[{"user":{"uid":12,"userid":253,"name":"Arcon_","avatar":"https://cdn.discordapp.com/avatars/590425598552440833/a0d20b550a1002cce1119d41d50775fd.png"},"point":27074},{"user":{"uid":218,"userid":246,"name":"Jord","avatar":"https://cdn.discordapp.com/avatars/684027652016832535/fa88b9b0dd673495c894582f075a5a83.png"},"point":26240},{"user":{"uid":360,"userid":259,"name":"EisenWolf","avatar":"https://static.truckersmp.com/avatarsN/4112608.1704752368.jpg"},"point":25990},{"user":{"uid":356,"userid":257,"name":"prince","avatar":"https://cdn.discordapp.com/avatars/561960385750761472/baa8187f57979991d38812e415d41191.png"},"point":25977},{"user":{"uid":312,"userid":239,"name":"Two Trappy","avatar":"https://cdn.discordapp.com/avatars/460444257250181120/e1fe6b34c1ce8b3d86f89e7e210ca57e.png"},"point":25000},{"user":{"uid":365,"userid":262,"name":"Nino","avatar":"https://cdn.discordapp.com/avatars/400694856827011073/ec52f8c6645244614e85a449413b0b89.png"},"point":25000},{"user":{"uid":367,"userid":265,"name":"xXBlazieXx","avatar":"https://cdn.discordapp.com/avatars/118134703143387143/a_0c9c8f10bf9b081401d4b68f2e0948fd.gif"},"point":25000},{"user":{"uid":162,"userid":209,"name":"LATAM001","avatar":"https://cdn.discordapp.com/avatars/527511788133285898/9b91224f92847573fa760fb444bfb5e7.png"},"point":745},{"user":{"uid":358,"userid":258,"name":"KARAMITROS","avatar":"https://cdn.discordapp.com/avatars/884473658884649011/3527b044612c65be1a2e46dcec9693e4.png"},"point":505},{"user":{"uid":107,"userid":252,"name":"Super","avatar":"https://cdn.discordapp.com/avatars/916681745993191425/3f6af4faa223998b3aa36866b11a40a1.png"},"point":305}]}