{"fmd":[{"user":{"uid":306,"userid":225,"name":"Mohammad_Pouria","avatar":"https://static.truckersmp.com/avatarsN/5148065.1715490831.jpg"},"point":8531},{"user":{"uid":8,"userid":6,"name":"ll iScuf ll","avatar":"https://cdn.discordapp.com/avatars/321795006178525186/a_b79d3e9a2be03b5fc4d9c795da893874.gif"},"point":7536},{"user":{"uid":180,"userid":144,"name":"berokose","avatar":"https://static.truckersmp.com/avatarsN/defaultavatar.png"},"point":7264},{"user":{"uid":76,"userid":60,"name":"V8 Gaming","avatar":"https://cdn.discordapp.com/avatars/793808849404559452/e782ec658aad4569bdf5267052741c37.png"},"point":2823},{"user":{"uid":234,"userid":178,"name":"Saga Virtanen","avatar":"https://static.truckersmp.com/avatarsN/343160.1685564872.png"},"point":1281},{"user":{"uid":173,"userid":133,"name":"LizzyM#290199","avatar":""},"point":957},{"user":{"uid":144,"userid":110,"name":"Fizzi_","avatar":"https://cdn.discordapp.com/avatars/414719910422380554/622dfe5da93fb665169d69c65f113bd8.png"},"point":951},{"user":{"uid":273,"userid":206,"name":"TootsGaming","avatar":"https://cdn.discordapp.com/avatars/822199520846282793/b0470670f15d8600df10133eee7a2156.png"},"point":911},{"user":{"uid":291,"userid":215,"name":"Sparkumi","avatar":"https://cdn.discordapp.com/avatars/258960910515830784/d8a720b6487490b2d73ca1981e5d7700.png"},"point":774},{"user":{"uid":15,"userid":10,"name":"MarlonSkills","avatar":"https://cdn.discordapp.com/avatars/315956778884005890/9a3d00de17d4e51023e4dc7542353ce7.png"},"point":528},{"user":{"uid":54,"userid":44,"name":"BDaken","avatar":"https://cdn.discordapp.com/avatars/216786480088088577/2b6f81c3727a628c4806c5a0ece25fcd.png"},"point":357},{"user":{"uid":163,"userid":124,"name":"N1CK904","avatar":"https://cdn.discordapp.com/avatars/1056467542824206346/382880aa0ba504228fe5c5478bda93b2.png"},"point":351},{"user":{"uid":146,"userid":112,"name":"maxr","avatar":"https://cdn.discordapp.com/avatars/697145117458301013/8fc3d9c9fcb32f3b81c47ef234d1a62f.png"},"point":68},{"user":{"uid":312,"userid":231,"name":"NanNian_TMP","avatar":"https://cdn.discordapp.com/avatars/1158920820085751880/79409c0acd775fab5e6d6805c147341b.png"},"point":3},{"user":{"uid":160,"userid":125,"name":"mu han","avatar":"https://cdn.discordapp.com/avatars/1121405880924123219/4fa32749d7c53cc30aa99181c81f851f.png"},"point":0},{"user":{"uid":283,"userid":211,"name":"atg.🦆","avatar":"https://cdn.discordapp.com/avatars/748911314533089422/3cf27c2129325e34b0066145e056116c.png"},"point":0}],"fma":[{"user":{"uid":306,"userid":225,"name":"Mohammad_Pouria","avatar":"https://static.truckersmp.com/avatarsN/5148065.1715490831.jpg"},"point":11992},{"user":{"uid":180,"userid":144,"name":"berokose","avatar":"https://static.truckersmp.com/avatarsN/defaultavatar.png"},"point":8878},{"user":{"uid":8,"userid":6,"name":"ll iScuf ll","avatar":"https://cdn.discordapp.com/avatars/321795006178525186/a_b79d3e9a2be03b5fc4d9c795da893874.gif"},"point":8549},{"user":{"uid":76,"userid":60,"name":"V8 Gaming","avatar":"https://cdn.discordapp.com/avatars/793808849404559452/e782ec658aad4569bdf5267052741c37.png"},"point":3238},{"user":{"uid":32,"userid":21,"name":"NateNZ","avatar":"https://cdn.discordapp.com/avatars/263779798327885834/54adfd241b87dc24073b7cc175209ad7.png"},"point":2700},{"user":{"uid":234,"userid":178,"name":"Saga Virtanen","avatar":"https://static.truckersmp.com/avatarsN/343160.1685564872.png"},"point":1643},{"user":{"uid":273,"userid":206,"name":"TootsGaming","avatar":"https://cdn.discordapp.com/avatars/822199520846282793/b0470670f15d8600df10133eee7a2156.png"},"point":1220},{"user":{"uid":144,"userid":110,"name":"Fizzi_","avatar":"https://cdn.discordapp.com/avatars/414719910422380554/622dfe5da93fb665169d69c65f113bd8.png"},"point":1167},{"user":{"uid":173,"userid":133,"name":"LizzyM#290199","avatar":""},"point":1150},{"user":{"uid":291,"userid":215,"name":"Sparkumi","avatar":"https://cdn.discordapp.com/avatars/258960910515830784/d8a720b6487490b2d73ca1981e5d7700.png"},"point":774},{"user":{"uid":15,"userid":10,"name":"MarlonSkills","avatar":"https://cdn.discordapp.com/avatars/315956778884005890/9a3d00de17d4e51023e4dc7542353ce7.png"},"point":636},{"user":{"uid":134,"userid":104,"name":"Freshmuscl3","avatar":"https://static.truckersmp.com/avatarsN/5222182.1706276666.png"},"point":625},{"user":{"uid":54,"userid":44,"name":"BDaken","avatar":"https://cdn.discordapp.com/avatars/216786480088088577/2b6f81c3727a628c4806c5a0ece25fcd.png"},"point":357},{"user":{"uid":163,"userid":124,"name":"N1CK904","avatar":"https://cdn.discordapp.com/avatars/1056467542824206346/382880aa0ba504228fe5c5478bda93b2.png"},"point":351},{"user":{"uid":146,"userid":112,"name":"maxr","avatar":"https://cdn.discordapp.com/avatars/697145117458301013/8fc3d9c9fcb32f3b81c47ef234d1a62f.png"},"point":335},{"user":{"uid":312,"userid":231,"name":"NanNian_TMP","avatar":"https://cdn.discordapp.com/avatars/1158920820085751880/79409c0acd775fab5e6d6805c147341b.png"},"point":3},{"user":{"uid":160,"userid":125,"name":"mu han","avatar":"https://cdn.discordapp.com/avatars/1121405880924123219/4fa32749d7c53cc30aa99181c81f851f.png"},"point":0},{"user":{"uid":283,"userid":211,"name":"atg.🦆","avatar":"https://cdn.discordapp.com/avatars/748911314533089422/3cf27c2129325e34b0066145e056116c.png"},"point":0}]}