{"fmd":[{"user":{"uid":165,"userid":147,"name":"Bernd.R","avatar":"https://avatars.steamstatic.com/1632837e2e6f9bff2970254d35d06bae45d9a395_full.jpg"},"point":7022},{"user":{"uid":192,"userid":172,"name":"TopsyCret","avatar":"https://avatars.steamstatic.com/82aecb83684b9c1d29f6f26a4642971416734fcc_full.jpg"},"point":6290},{"user":{"uid":222,"userid":193,"name":"[RSL] Joshua","avatar":"https://cdn.discordapp.com/avatars/400402081581629450/9fa983d90e5f15b9082e9506057131ef.png"},"point":5002},{"user":{"uid":136,"userid":121,"name":"Fuzzi_One","avatar":"https://avatars.steamstatic.com/80dc5c843904a69c82033fa7600d24e61dc9b370_full.jpg"},"point":3696},{"user":{"uid":190,"userid":168,"name":"DWELLER23","avatar":"https://avatars.steamstatic.com/415e39cd7b3cbe49442ef90b37c5e367980f8124_full.jpg"},"point":3312},{"user":{"uid":147,"userid":132,"name":"Der  Opa","avatar":"https://cdn.discordapp.com/avatars/390841934358249482/5182d95c0600108142ddbca2b09a1bb4.png"},"point":3199},{"user":{"uid":31,"userid":22,"name":"[RSL] Fun_irrenanstalt","avatar":""},"point":2742},{"user":{"uid":72,"userid":64,"name":"BoucBrutal","avatar":"https://avatars.steamstatic.com/3b0d8bbe6bc98d9e4405baafe0d341663e8d5bf1_full.jpg"},"point":2478},{"user":{"uid":57,"userid":49,"name":"𝖒𝖎𝖞𝖚𝖐𝖎GHG","avatar":"https://avatars.steamstatic.com/1aae838e05131383bb631e74e2c982b15bbcaaab_full.jpg"},"point":1298},{"user":{"uid":50,"userid":43,"name":"Tarial","avatar":"https://avatars.steamstatic.com/852cd2da47222f03895ad2c285d0980e4f003168_full.jpg"},"point":1135},{"user":{"uid":95,"userid":86,"name":"EnTee","avatar":"https://avatars.steamstatic.com/3f5e9daea59216d7fe13df4e031d3537580e5e21_full.jpg"},"point":1115},{"user":{"uid":174,"userid":163,"name":"matto3_0","avatar":"https://avatars.steamstatic.com/def847b7a7bffa014ac28f21e9a278648b903f0e_full.jpg"},"point":916},{"user":{"uid":212,"userid":186,"name":"CookerSquid","avatar":"https://avatars.steamstatic.com/174d7abab445013b954bd515339e811c313bbbf1_full.jpg"},"point":772},{"user":{"uid":176,"userid":157,"name":"SKELETOR96","avatar":"https://avatars.steamstatic.com/e2de94aa5b303690fc34a2784287b2ea576b1250_full.jpg"},"point":478},{"user":{"uid":220,"userid":192,"name":"dennis2982","avatar":"https://avatars.steamstatic.com/fef49e7fa7e1997310d705b2a6158ff8dc1cdfeb_full.jpg"},"point":399},{"user":{"uid":49,"userid":47,"name":"UselessHumanBeing","avatar":"https://avatars.steamstatic.com/97e463a36f2693f6158631fb69c4074694019c20_full.jpg"},"point":389},{"user":{"uid":119,"userid":104,"name":"hansenluca06","avatar":"https://avatars.steamstatic.com/cc744d1a1b593d1fcbda3c00a975f994662815ff_full.jpg"},"point":384},{"user":{"uid":199,"userid":179,"name":"Marv","avatar":"https://cdn.discordapp.com/avatars/491269024970440704/286a9b0e6df880695d71c4fb52f886c4.png"},"point":290},{"user":{"uid":139,"userid":124,"name":"felix-menzler","avatar":"https://avatars.steamstatic.com/92f23da5d9678dfe7c3d530a1c449c98331a0cca_full.jpg"},"point":166},{"user":{"uid":175,"userid":156,"name":"Hennes","avatar":"https://avatars.steamstatic.com/95d8f1c00bbdc43e289e494f3dad027a6f930ac4_full.jpg"},"point":0}],"fma":[{"user":{"uid":165,"userid":147,"name":"Bernd.R","avatar":"https://avatars.steamstatic.com/1632837e2e6f9bff2970254d35d06bae45d9a395_full.jpg"},"point":7022},{"user":{"uid":192,"userid":172,"name":"TopsyCret","avatar":"https://avatars.steamstatic.com/82aecb83684b9c1d29f6f26a4642971416734fcc_full.jpg"},"point":6290},{"user":{"uid":222,"userid":193,"name":"[RSL] Joshua","avatar":"https://cdn.discordapp.com/avatars/400402081581629450/9fa983d90e5f15b9082e9506057131ef.png"},"point":5002},{"user":{"uid":136,"userid":121,"name":"Fuzzi_One","avatar":"https://avatars.steamstatic.com/80dc5c843904a69c82033fa7600d24e61dc9b370_full.jpg"},"point":3696},{"user":{"uid":190,"userid":168,"name":"DWELLER23","avatar":"https://avatars.steamstatic.com/415e39cd7b3cbe49442ef90b37c5e367980f8124_full.jpg"},"point":3312},{"user":{"uid":147,"userid":132,"name":"Der  Opa","avatar":"https://cdn.discordapp.com/avatars/390841934358249482/5182d95c0600108142ddbca2b09a1bb4.png"},"point":3199},{"user":{"uid":31,"userid":22,"name":"[RSL] Fun_irrenanstalt","avatar":""},"point":2742},{"user":{"uid":72,"userid":64,"name":"BoucBrutal","avatar":"https://avatars.steamstatic.com/3b0d8bbe6bc98d9e4405baafe0d341663e8d5bf1_full.jpg"},"point":2478},{"user":{"uid":57,"userid":49,"name":"𝖒𝖎𝖞𝖚𝖐𝖎GHG","avatar":"https://avatars.steamstatic.com/1aae838e05131383bb631e74e2c982b15bbcaaab_full.jpg"},"point":1298},{"user":{"uid":50,"userid":43,"name":"Tarial","avatar":"https://avatars.steamstatic.com/852cd2da47222f03895ad2c285d0980e4f003168_full.jpg"},"point":1135},{"user":{"uid":95,"userid":86,"name":"EnTee","avatar":"https://avatars.steamstatic.com/3f5e9daea59216d7fe13df4e031d3537580e5e21_full.jpg"},"point":1115},{"user":{"uid":174,"userid":163,"name":"matto3_0","avatar":"https://avatars.steamstatic.com/def847b7a7bffa014ac28f21e9a278648b903f0e_full.jpg"},"point":916},{"user":{"uid":212,"userid":186,"name":"CookerSquid","avatar":"https://avatars.steamstatic.com/174d7abab445013b954bd515339e811c313bbbf1_full.jpg"},"point":772},{"user":{"uid":176,"userid":157,"name":"SKELETOR96","avatar":"https://avatars.steamstatic.com/e2de94aa5b303690fc34a2784287b2ea576b1250_full.jpg"},"point":478},{"user":{"uid":220,"userid":192,"name":"dennis2982","avatar":"https://avatars.steamstatic.com/fef49e7fa7e1997310d705b2a6158ff8dc1cdfeb_full.jpg"},"point":399},{"user":{"uid":49,"userid":47,"name":"UselessHumanBeing","avatar":"https://avatars.steamstatic.com/97e463a36f2693f6158631fb69c4074694019c20_full.jpg"},"point":389},{"user":{"uid":119,"userid":104,"name":"hansenluca06","avatar":"https://avatars.steamstatic.com/cc744d1a1b593d1fcbda3c00a975f994662815ff_full.jpg"},"point":384},{"user":{"uid":199,"userid":179,"name":"Marv","avatar":"https://cdn.discordapp.com/avatars/491269024970440704/286a9b0e6df880695d71c4fb52f886c4.png"},"point":290},{"user":{"uid":99,"userid":110,"name":"[RSL]Albanr.9","avatar":"https://avatars.steamstatic.com/b3773af8338e7a36b55ec298e6dee7f4e0cd9aa0_full.jpg"},"point":200},{"user":{"uid":139,"userid":124,"name":"felix-menzler","avatar":"https://avatars.steamstatic.com/92f23da5d9678dfe7c3d530a1c449c98331a0cca_full.jpg"},"point":166},{"user":{"uid":175,"userid":156,"name":"Hennes","avatar":"https://avatars.steamstatic.com/95d8f1c00bbdc43e289e494f3dad027a6f930ac4_full.jpg"},"point":0}]}