{"fmd":[{"user":{"uid":64,"userid":63,"name":"Legacy","avatar":"https://cdn.discordapp.com/avatars/306808975620440064/0522be58e18dbdf6b47398dddf828943.png"},"point":5162},{"user":{"uid":62,"userid":61,"name":"Thomas.","avatar":"https://cdn.discordapp.com/avatars/1000353949620117514/b42831995cac9fc332f49722a7656a19.png"},"point":4527},{"user":{"uid":93,"userid":90,"name":"/:\\Matty_00 TMP/:\\","avatar":"https://cdn.discordapp.com/avatars/966721841068666940/81aedf3e29d962b479f0f35b5d4caa87.png"},"point":3630},{"user":{"uid":92,"userid":89,"name":"ThePepsiCat","avatar":"https://static.truckersmp.com/avatarsN/4071303.1715976178.png"},"point":2559},{"user":{"uid":38,"userid":34,"name":"BGwarrior_49","avatar":"https://cdn.discordapp.com/avatars/588444287843172363/2ed83c8492581aa1c2555ecaa5180e82.png"},"point":2216},{"user":{"uid":16,"userid":13,"name":"chad vectron","avatar":"https://cdn.discordapp.com/avatars/657613617906057247/81f8851d92f3ac1f80da82575197921f.png"},"point":2148},{"user":{"uid":86,"userid":84,"name":"мσρρу_тмρ","avatar":"https://static.truckersmp.com/avatarsN/3916396.1690030869.png"},"point":2108},{"user":{"uid":30,"userid":24,"name":"ԼƛMƠ[ƝԼ]","avatar":"https://static.truckersmp.com/avatarsN/2636041.1713489251.png"},"point":1884},{"user":{"uid":14,"userid":11,"name":"L O R E N Z","avatar":"https://static.truckersmp.com/avatarsN/4486749.1715514352.png"},"point":1801},{"user":{"uid":94,"userid":91,"name":"J A N N E S","avatar":"https://cdn.discordapp.com/avatars/1123967274680856697/caf131b96d413aa3f8d2341a14399f3b.png"},"point":1753},{"user":{"uid":75,"userid":73,"name":"'Banks'","avatar":"https://cdn.discordapp.com/avatars/932033227873480744/434d27d9bc5505df6a7edd0779591282.png"},"point":1634},{"user":{"uid":24,"userid":23,"name":"Gnurken","avatar":"https://static.truckersmp.com/avatarsN/1166949.1704562524.png"},"point":1576},{"user":{"uid":41,"userid":45,"name":"Lukas","avatar":"https://cdn.discordapp.com/avatars/936740740518776873/9cc8fe6180dfdd124a773b4483c298b5.png"},"point":1562},{"user":{"uid":3,"userid":3,"name":"Exotic","avatar":"https://cdn.discordapp.com/avatars/700374237877239900/a_21e1ff939d6a4f746de039650ff02a1d.gif"},"point":1278},{"user":{"uid":15,"userid":12,"name":"Lorenzo br","avatar":"https://cdn.discordapp.com/avatars/635968015371862082/8ca41d930d87fb4266f4c1666828d3f3.png"},"point":1203},{"user":{"uid":50,"userid":48,"name":"Strandhult/JackJax","avatar":"https://cdn.discordapp.com/avatars/422386875597062145/5388b933f0bc01057ab8ae9086dcdd63.png"},"point":1080},{"user":{"uid":74,"userid":78,"name":"callum","avatar":""},"point":1046},{"user":{"uid":54,"userid":53,"name":"nikosenos","avatar":"https://cdn.discordapp.com/avatars/385849670578077709/89afaee0019e2114289578582d6e7773.png"},"point":1044},{"user":{"uid":23,"userid":22,"name":"Martijn","avatar":"https://cdn.discordapp.com/avatars/153514855280803840/a_55db952b0b6b1ab551cc2fe7fe823cec.gif"},"point":1013},{"user":{"uid":39,"userid":36,"name":"' Jonas.","avatar":"https://static.truckersmp.com/avatarsN/defaultavatar.png"},"point":561},{"user":{"uid":87,"userid":85,"name":"ExtaZzZ","avatar":"https://cdn.discordapp.com/avatars/433657630364532737/4688c5a60be8b1e1af4c3e966dc2da7b.png"},"point":530},{"user":{"uid":8,"userid":6,"name":"𝐒kyHεadεя","avatar":"https://cdn.discordapp.com/avatars/368478030504525825/0e043adf10e519ea7205a27fc0f2bf23.png"},"point":504},{"user":{"uid":52,"userid":50,"name":"spanchikus","avatar":"https://cdn.discordapp.com/avatars/693884881419108432/2e5d58f8fe552e4d7cd49f3f1350966e.png"},"point":451},{"user":{"uid":48,"userid":46,"name":"TommyNL","avatar":"https://avatars.steamstatic.com/566ece5c0f63be2634d91a038b57b1e369f28983_full.jpg"},"point":416},{"user":{"uid":13,"userid":9,"name":"n i x a","avatar":"https://cdn.discordapp.com/avatars/939242048131842149/0c09f59a1fc40944c84193ca10b31063.png"},"point":226},{"user":{"uid":95,"userid":92,"name":"MegMyers","avatar":"https://cdn.discordapp.com/avatars/792017895445626910/b9f66ed76633e1ad58480cc18a443bd0.png"},"point":214},{"user":{"uid":72,"userid":71,"name":"MexicanRolex","avatar":"https://avatars.steamstatic.com/ebf693345528eedeba24efca9cde46658e5dbf3e_full.jpg"},"point":210},{"user":{"uid":85,"userid":83,"name":"SzoferDavid","avatar":"https://avatars.steamstatic.com/058afec257679c5da35b9f830aa73358028a110a_full.jpg"},"point":0}],"fma":[{"user":{"uid":64,"userid":63,"name":"Legacy","avatar":"https://cdn.discordapp.com/avatars/306808975620440064/0522be58e18dbdf6b47398dddf828943.png"},"point":5162},{"user":{"uid":62,"userid":61,"name":"Thomas.","avatar":"https://cdn.discordapp.com/avatars/1000353949620117514/b42831995cac9fc332f49722a7656a19.png"},"point":4527},{"user":{"uid":93,"userid":90,"name":"/:\\Matty_00 TMP/:\\","avatar":"https://cdn.discordapp.com/avatars/966721841068666940/81aedf3e29d962b479f0f35b5d4caa87.png"},"point":3630},{"user":{"uid":92,"userid":89,"name":"ThePepsiCat","avatar":"https://static.truckersmp.com/avatarsN/4071303.1715976178.png"},"point":2559},{"user":{"uid":38,"userid":34,"name":"BGwarrior_49","avatar":"https://cdn.discordapp.com/avatars/588444287843172363/2ed83c8492581aa1c2555ecaa5180e82.png"},"point":2216},{"user":{"uid":16,"userid":13,"name":"chad vectron","avatar":"https://cdn.discordapp.com/avatars/657613617906057247/81f8851d92f3ac1f80da82575197921f.png"},"point":2148},{"user":{"uid":86,"userid":84,"name":"мσρρу_тмρ","avatar":"https://static.truckersmp.com/avatarsN/3916396.1690030869.png"},"point":2108},{"user":{"uid":30,"userid":24,"name":"ԼƛMƠ[ƝԼ]","avatar":"https://static.truckersmp.com/avatarsN/2636041.1713489251.png"},"point":1884},{"user":{"uid":14,"userid":11,"name":"L O R E N Z","avatar":"https://static.truckersmp.com/avatarsN/4486749.1715514352.png"},"point":1801},{"user":{"uid":94,"userid":91,"name":"J A N N E S","avatar":"https://cdn.discordapp.com/avatars/1123967274680856697/caf131b96d413aa3f8d2341a14399f3b.png"},"point":1753},{"user":{"uid":75,"userid":73,"name":"'Banks'","avatar":"https://cdn.discordapp.com/avatars/932033227873480744/434d27d9bc5505df6a7edd0779591282.png"},"point":1634},{"user":{"uid":24,"userid":23,"name":"Gnurken","avatar":"https://static.truckersmp.com/avatarsN/1166949.1704562524.png"},"point":1576},{"user":{"uid":41,"userid":45,"name":"Lukas","avatar":"https://cdn.discordapp.com/avatars/936740740518776873/9cc8fe6180dfdd124a773b4483c298b5.png"},"point":1562},{"user":{"uid":3,"userid":3,"name":"Exotic","avatar":"https://cdn.discordapp.com/avatars/700374237877239900/a_21e1ff939d6a4f746de039650ff02a1d.gif"},"point":1278},{"user":{"uid":15,"userid":12,"name":"Lorenzo br","avatar":"https://cdn.discordapp.com/avatars/635968015371862082/8ca41d930d87fb4266f4c1666828d3f3.png"},"point":1203},{"user":{"uid":50,"userid":48,"name":"Strandhult/JackJax","avatar":"https://cdn.discordapp.com/avatars/422386875597062145/5388b933f0bc01057ab8ae9086dcdd63.png"},"point":1080},{"user":{"uid":74,"userid":78,"name":"callum","avatar":""},"point":1046},{"user":{"uid":54,"userid":53,"name":"nikosenos","avatar":"https://cdn.discordapp.com/avatars/385849670578077709/89afaee0019e2114289578582d6e7773.png"},"point":1044},{"user":{"uid":23,"userid":22,"name":"Martijn","avatar":"https://cdn.discordapp.com/avatars/153514855280803840/a_55db952b0b6b1ab551cc2fe7fe823cec.gif"},"point":1013},{"user":{"uid":39,"userid":36,"name":"' Jonas.","avatar":"https://static.truckersmp.com/avatarsN/defaultavatar.png"},"point":561},{"user":{"uid":87,"userid":85,"name":"ExtaZzZ","avatar":"https://cdn.discordapp.com/avatars/433657630364532737/4688c5a60be8b1e1af4c3e966dc2da7b.png"},"point":530},{"user":{"uid":8,"userid":6,"name":"𝐒kyHεadεя","avatar":"https://cdn.discordapp.com/avatars/368478030504525825/0e043adf10e519ea7205a27fc0f2bf23.png"},"point":504},{"user":{"uid":52,"userid":50,"name":"spanchikus","avatar":"https://cdn.discordapp.com/avatars/693884881419108432/2e5d58f8fe552e4d7cd49f3f1350966e.png"},"point":451},{"user":{"uid":48,"userid":46,"name":"TommyNL","avatar":"https://avatars.steamstatic.com/566ece5c0f63be2634d91a038b57b1e369f28983_full.jpg"},"point":416},{"user":{"uid":13,"userid":9,"name":"n i x a","avatar":"https://cdn.discordapp.com/avatars/939242048131842149/0c09f59a1fc40944c84193ca10b31063.png"},"point":226},{"user":{"uid":95,"userid":92,"name":"MegMyers","avatar":"https://cdn.discordapp.com/avatars/792017895445626910/b9f66ed76633e1ad58480cc18a443bd0.png"},"point":214},{"user":{"uid":72,"userid":71,"name":"MexicanRolex","avatar":"https://avatars.steamstatic.com/ebf693345528eedeba24efca9cde46658e5dbf3e_full.jpg"},"point":210},{"user":{"uid":85,"userid":83,"name":"SzoferDavid","avatar":"https://avatars.steamstatic.com/058afec257679c5da35b9f830aa73358028a110a_full.jpg"},"point":0}]}