{"fmd":[{"user":{"uid":8,"userid":6,"name":"WHT Driver | Murdernova256","avatar":"https://cdn.discordapp.com/avatars/549931745584349185/9647aabac5de7bc6ca63f26696871246.png"},"point":7148},{"user":{"uid":46,"userid":37,"name":"WHT HR | MysticalKief","avatar":"https://cdn.discordapp.com/avatars/498659512081973248/15c947ebb3b550bee883b0c47337c7ac.png"},"point":4950},{"user":{"uid":69,"userid":58,"name":"WH | Cougar","avatar":""},"point":3149},{"user":{"uid":57,"userid":46,"name":"WH | Brick","avatar":"https://cdn.discordapp.com/avatars/190198403420913674/d24dcb5b9b430174de2be0ce99c595e6.png"},"point":1652},{"user":{"uid":9,"userid":7,"name":"WH | TACOMAN","avatar":"https://cdn.discordapp.com/avatars/935175174700040252/2d6dbed1ba891f242274b7e80e50a9ae.png"},"point":1000},{"user":{"uid":73,"userid":60,"name":"WH | ONDAROAD2","avatar":"https://cdn.discordapp.com/avatars/383806148010049557/1962b816d972b64542031cc025361b36.png"},"point":946},{"user":{"uid":11,"userid":9,"name":"WH | Maciek","avatar":"https://cdn.discordapp.com/avatars/282728597209481216/cc91713475ae575649772cee951992ba.png"},"point":426}],"fma":[{"user":{"uid":8,"userid":6,"name":"WHT Driver | Murdernova256","avatar":"https://cdn.discordapp.com/avatars/549931745584349185/9647aabac5de7bc6ca63f26696871246.png"},"point":7648},{"user":{"uid":46,"userid":37,"name":"WHT HR | MysticalKief","avatar":"https://cdn.discordapp.com/avatars/498659512081973248/15c947ebb3b550bee883b0c47337c7ac.png"},"point":5631},{"user":{"uid":69,"userid":58,"name":"WH | Cougar","avatar":""},"point":3149},{"user":{"uid":57,"userid":46,"name":"WH | Brick","avatar":"https://cdn.discordapp.com/avatars/190198403420913674/d24dcb5b9b430174de2be0ce99c595e6.png"},"point":1702},{"user":{"uid":9,"userid":7,"name":"WH | TACOMAN","avatar":"https://cdn.discordapp.com/avatars/935175174700040252/2d6dbed1ba891f242274b7e80e50a9ae.png"},"point":1000},{"user":{"uid":73,"userid":60,"name":"WH | ONDAROAD2","avatar":"https://cdn.discordapp.com/avatars/383806148010049557/1962b816d972b64542031cc025361b36.png"},"point":946},{"user":{"uid":11,"userid":9,"name":"WH | Maciek","avatar":"https://cdn.discordapp.com/avatars/282728597209481216/cc91713475ae575649772cee951992ba.png"},"point":426}]}