{"fmd":[{"user":{"uid":1448,"userid":894,"name":"jason","avatar":"https://cdn.discordapp.com/avatars/853206258512298024/0fef9b881357560e340b10568c517402.png"},"point":4192},{"user":{"uid":1187,"userid":726,"name":"afrikandionysus","avatar":"https://cdn.discordapp.com/avatars/759714918177177670/661f5840a2c808aa6c88959f5a379f8d.png"},"point":3243},{"user":{"uid":1419,"userid":880,"name":"Mister E","avatar":"https://cdn.discordapp.com/avatars/519617154782461991/4a0616a32ffc7f7ee6eeeeab8c9952e5.png"},"point":2911},{"user":{"uid":18,"userid":718,"name":"Kanasteri","avatar":"https://cdn.discordapp.com/avatars/388688028056551425/cadea68055c984a8900142da586bf9e5.png"},"point":2728},{"user":{"uid":811,"userid":524,"name":"GroMan","avatar":"https://cdn.discordapp.com/avatars/765968204350095370/f4920ff9d510740ba6007f9a278e1002.png"},"point":2663},{"user":{"uid":1411,"userid":867,"name":"Coolengineer","avatar":"https://cdn.discordapp.com/avatars/247159248272752640/59e18cf589e2aaee61edb8d0a62b6b48.png"},"point":2647},{"user":{"uid":87,"userid":203,"name":"pvfcmatt1","avatar":"https://cdn.discordapp.com/avatars/668822602806198278/eb4c4684efc13d2a58ddeae555edc5a7.png"},"point":2551},{"user":{"uid":1061,"userid":656,"name":"Thy Night Owl","avatar":"https://cdn.discordapp.com/avatars/678366200312496154/7e3c44efb2393e0a9a4b593cb42f936d.png"},"point":2029},{"user":{"uid":971,"userid":604,"name":"patriotic clone trooper","avatar":"https://cdn.discordapp.com/avatars/577748827470168075/3f3c57f906d80e80dff8ed6e54c70d25.png"},"point":1767},{"user":{"uid":717,"userid":477,"name":"Turnt","avatar":"https://cdn.discordapp.com/avatars/417130736848470039/a_af2f73ff3f0bf8c460edc1b1f02192f9.gif"},"point":1738},{"user":{"uid":1039,"userid":637,"name":"Dutchman6149","avatar":"https://cdn.discordapp.com/avatars/1089970918169776317/518899061d0c7aa71638cf2a46dfa547.png"},"point":1738},{"user":{"uid":1382,"userid":847,"name":"Aeroplane","avatar":"https://cdn.discordapp.com/avatars/919580354736705617/cd8c60e397730ab82e685faaf72d3c77.png"},"point":1658},{"user":{"uid":1105,"userid":675,"name":"Jack3D60","avatar":"https://cdn.discordapp.com/avatars/805496381754048572/bcf10ae824b274e1c532971dcb857977.png"},"point":1375},{"user":{"uid":793,"userid":516,"name":"Yeltta","avatar":"https://cdn.discordapp.com/avatars/1091420988115259442/e754a9767deffcf8b01f23c55dd3da46.png"},"point":1126},{"user":{"uid":1160,"userid":699,"name":"jodycc","avatar":"https://cdn.discordapp.com/avatars/623249122761375760/adc25e15fe96d56656319e2a159d9458.png"},"point":1123},{"user":{"uid":1291,"userid":792,"name":"Zachey","avatar":"https://cdn.discordapp.com/avatars/612403127517315072/47ce0b865674b635f44d43634494d755.png"},"point":1122},{"user":{"uid":191,"userid":352,"name":"kia_nokia","avatar":"https://cdn.discordapp.com/avatars/946038819118022666/9613cd97518544022b55252d1952e174.png"},"point":1054},{"user":{"uid":993,"userid":866,"name":"Dicer","avatar":"https://cdn.discordapp.com/avatars/879283393731383368/a_790ec0f49b53ffea0370d9fce664e884.gif"},"point":1018},{"user":{"uid":1245,"userid":764,"name":"Eiffel Tower Owner","avatar":"https://cdn.discordapp.com/avatars/909015760347734036/c8847952f95c26f402e44d41e997c8cd.png"},"point":970},{"user":{"uid":1414,"userid":870,"name":"Azure Phantom","avatar":"https://avatars.steamstatic.com/8a78a24d3ae3031caf2695bc4dede2d6eb7af7cf_full.jpg"},"point":791},{"user":{"uid":112,"userid":657,"name":"zatrisss","avatar":"https://cdn.discordapp.com/avatars/270114281280765956/4dc89eaaac37811ab06058499942981b.png"},"point":783},{"user":{"uid":41,"userid":820,"name":"Jack","avatar":"https://cdn.discordapp.com/avatars/555074609544822795/d3665ab7e4604312949fcceb877b56b0.png"},"point":771},{"user":{"uid":1452,"userid":896,"name":"DarkWolfe","avatar":"https://cdn.discordapp.com/avatars/864684539808579605/821883aac3772ddbee5d9da835bbda84.png"},"point":739},{"user":{"uid":159,"userid":312,"name":"SugarFr33","avatar":"https://cdn.discordapp.com/avatars/201772157087383553/f9067034f4df1893aef1e1bf739998d1.png"},"point":734},{"user":{"uid":716,"userid":476,"name":"mwe2187","avatar":"https://cdn.discordapp.com/avatars/628250855899922448/93721c72d6dba299ffc43f2a9a13483b.png"},"point":649},{"user":{"uid":1378,"userid":843,"name":"dandelion","avatar":"https://cdn.discordapp.com/avatars/924070723952209941/6d40e5aa69459181ef2bc03107156cc0.png"},"point":576},{"user":{"uid":1430,"userid":886,"name":"Maddypat","avatar":"https://cdn.discordapp.com/avatars/685159646977327231/4e57d31d0a98f9d98d1cd070848451e3.png"},"point":573},{"user":{"uid":1316,"userid":807,"name":"Gota","avatar":"https://cdn.discordapp.com/avatars/167291299693723648/beb31f691ab4478e3268181a76f3a451.png"},"point":562},{"user":{"uid":106,"userid":239,"name":"\"Big Merc\" Mercodious","avatar":"https://cdn.discordapp.com/avatars/168552876375801857/a_a20387d95da36973b684aca7de2dd26d.gif"},"point":378},{"user":{"uid":1373,"userid":841,"name":"gille9216","avatar":""},"point":378},{"user":{"uid":1192,"userid":724,"name":"Koskee","avatar":"https://cdn.discordapp.com/avatars/836575095664410654/34bd5b395ebc17c4ca0d51b982cb0a7b.png"},"point":284},{"user":{"uid":178,"userid":337,"name":"Demon","avatar":"https://cdn.discordapp.com/avatars/263904733196976128/db03ee2fc81e10a028fb58e95e3d4bca.png"},"point":184},{"user":{"uid":1348,"userid":827,"name":"Eco_Aviation","avatar":"https://cdn.discordapp.com/avatars/647421178301906964/7c849b7cf97a6182f9cedfef6697160f.png"},"point":0},{"user":{"uid":1401,"userid":863,"name":"Chris A","avatar":"https://cdn.discordapp.com/avatars/415560774283427860/4f7b8d964bad29469a9d70cddb9cfadc.png"},"point":0}],"fma":[{"user":{"uid":1382,"userid":847,"name":"Aeroplane","avatar":"https://cdn.discordapp.com/avatars/919580354736705617/cd8c60e397730ab82e685faaf72d3c77.png"},"point":6110},{"user":{"uid":1187,"userid":726,"name":"afrikandionysus","avatar":"https://cdn.discordapp.com/avatars/759714918177177670/661f5840a2c808aa6c88959f5a379f8d.png"},"point":5952},{"user":{"uid":1061,"userid":656,"name":"Thy Night Owl","avatar":"https://cdn.discordapp.com/avatars/678366200312496154/7e3c44efb2393e0a9a4b593cb42f936d.png"},"point":5222},{"user":{"uid":1105,"userid":675,"name":"Jack3D60","avatar":"https://cdn.discordapp.com/avatars/805496381754048572/bcf10ae824b274e1c532971dcb857977.png"},"point":4605},{"user":{"uid":87,"userid":203,"name":"pvfcmatt1","avatar":"https://cdn.discordapp.com/avatars/668822602806198278/eb4c4684efc13d2a58ddeae555edc5a7.png"},"point":4462},{"user":{"uid":1448,"userid":894,"name":"jason","avatar":"https://cdn.discordapp.com/avatars/853206258512298024/0fef9b881357560e340b10568c517402.png"},"point":4403},{"user":{"uid":1316,"userid":807,"name":"Gota","avatar":"https://cdn.discordapp.com/avatars/167291299693723648/beb31f691ab4478e3268181a76f3a451.png"},"point":4049},{"user":{"uid":1411,"userid":867,"name":"Coolengineer","avatar":"https://cdn.discordapp.com/avatars/247159248272752640/59e18cf589e2aaee61edb8d0a62b6b48.png"},"point":3161},{"user":{"uid":1419,"userid":880,"name":"Mister E","avatar":"https://cdn.discordapp.com/avatars/519617154782461991/4a0616a32ffc7f7ee6eeeeab8c9952e5.png"},"point":3139},{"user":{"uid":18,"userid":718,"name":"Kanasteri","avatar":"https://cdn.discordapp.com/avatars/388688028056551425/cadea68055c984a8900142da586bf9e5.png"},"point":3053},{"user":{"uid":119,"userid":258,"name":"LordLegend","avatar":"https://cdn.discordapp.com/avatars/507573290995417108/294e2517c647c3c8703945fbc200afcd.png"},"point":3031},{"user":{"uid":811,"userid":524,"name":"GroMan","avatar":"https://cdn.discordapp.com/avatars/765968204350095370/f4920ff9d510740ba6007f9a278e1002.png"},"point":2911},{"user":{"uid":1039,"userid":637,"name":"Dutchman6149","avatar":"https://cdn.discordapp.com/avatars/1089970918169776317/518899061d0c7aa71638cf2a46dfa547.png"},"point":1955},{"user":{"uid":717,"userid":477,"name":"Turnt","avatar":"https://cdn.discordapp.com/avatars/417130736848470039/a_af2f73ff3f0bf8c460edc1b1f02192f9.gif"},"point":1852},{"user":{"uid":971,"userid":604,"name":"patriotic clone trooper","avatar":"https://cdn.discordapp.com/avatars/577748827470168075/3f3c57f906d80e80dff8ed6e54c70d25.png"},"point":1821},{"user":{"uid":1160,"userid":699,"name":"jodycc","avatar":"https://cdn.discordapp.com/avatars/623249122761375760/adc25e15fe96d56656319e2a159d9458.png"},"point":1701},{"user":{"uid":924,"userid":576,"name":"🌈Hearty_Laces🌈They/Them","avatar":"https://cdn.discordapp.com/avatars/461978281906929675/9128b3d5991d797b2e4060e71c4c5f41.png"},"point":1499},{"user":{"uid":112,"userid":657,"name":"zatrisss","avatar":"https://cdn.discordapp.com/avatars/270114281280765956/4dc89eaaac37811ab06058499942981b.png"},"point":1259},{"user":{"uid":1291,"userid":792,"name":"Zachey","avatar":"https://cdn.discordapp.com/avatars/612403127517315072/47ce0b865674b635f44d43634494d755.png"},"point":1251},{"user":{"uid":793,"userid":516,"name":"Yeltta","avatar":"https://cdn.discordapp.com/avatars/1091420988115259442/e754a9767deffcf8b01f23c55dd3da46.png"},"point":1170},{"user":{"uid":191,"userid":352,"name":"kia_nokia","avatar":"https://cdn.discordapp.com/avatars/946038819118022666/9613cd97518544022b55252d1952e174.png"},"point":1111},{"user":{"uid":993,"userid":866,"name":"Dicer","avatar":"https://cdn.discordapp.com/avatars/879283393731383368/a_790ec0f49b53ffea0370d9fce664e884.gif"},"point":1105},{"user":{"uid":1245,"userid":764,"name":"Eiffel Tower Owner","avatar":"https://cdn.discordapp.com/avatars/909015760347734036/c8847952f95c26f402e44d41e997c8cd.png"},"point":1004},{"user":{"uid":159,"userid":312,"name":"SugarFr33","avatar":"https://cdn.discordapp.com/avatars/201772157087383553/f9067034f4df1893aef1e1bf739998d1.png"},"point":818},{"user":{"uid":1414,"userid":870,"name":"Azure Phantom","avatar":"https://avatars.steamstatic.com/8a78a24d3ae3031caf2695bc4dede2d6eb7af7cf_full.jpg"},"point":813},{"user":{"uid":41,"userid":820,"name":"Jack","avatar":"https://cdn.discordapp.com/avatars/555074609544822795/d3665ab7e4604312949fcceb877b56b0.png"},"point":795},{"user":{"uid":1452,"userid":896,"name":"DarkWolfe","avatar":"https://cdn.discordapp.com/avatars/864684539808579605/821883aac3772ddbee5d9da835bbda84.png"},"point":739},{"user":{"uid":716,"userid":476,"name":"mwe2187","avatar":"https://cdn.discordapp.com/avatars/628250855899922448/93721c72d6dba299ffc43f2a9a13483b.png"},"point":691},{"user":{"uid":1378,"userid":843,"name":"dandelion","avatar":"https://cdn.discordapp.com/avatars/924070723952209941/6d40e5aa69459181ef2bc03107156cc0.png"},"point":648},{"user":{"uid":1430,"userid":886,"name":"Maddypat","avatar":"https://cdn.discordapp.com/avatars/685159646977327231/4e57d31d0a98f9d98d1cd070848451e3.png"},"point":593},{"user":{"uid":619,"userid":418,"name":"LOA | NumberHunter91","avatar":"https://cdn.discordapp.com/avatars/276407067223392256/c656134c8d2a712de1b2dbaf3856e995.png"},"point":525},{"user":{"uid":1253,"userid":769,"name":"Sunny","avatar":"https://cdn.discordapp.com/avatars/335148756653572098/00a5292662c6be574ce781717de8bfeb.png"},"point":500},{"user":{"uid":178,"userid":337,"name":"Demon","avatar":"https://cdn.discordapp.com/avatars/263904733196976128/db03ee2fc81e10a028fb58e95e3d4bca.png"},"point":384},{"user":{"uid":106,"userid":239,"name":"\"Big Merc\" Mercodious","avatar":"https://cdn.discordapp.com/avatars/168552876375801857/a_a20387d95da36973b684aca7de2dd26d.gif"},"point":378},{"user":{"uid":1373,"userid":841,"name":"gille9216","avatar":""},"point":378},{"user":{"uid":671,"userid":448,"name":"Rocky","avatar":"https://cdn.discordapp.com/avatars/508226509744635904/6696b0bd9167804479c233924b375fa1.png"},"point":311},{"user":{"uid":1192,"userid":724,"name":"Koskee","avatar":"https://cdn.discordapp.com/avatars/836575095664410654/34bd5b395ebc17c4ca0d51b982cb0a7b.png"},"point":284},{"user":{"uid":870,"userid":553,"name":"evilzocken","avatar":"https://cdn.discordapp.com/avatars/665665436678881280/25d7fd2d1432b799ac4b37a8d7592c6a.png"},"point":225},{"user":{"uid":1348,"userid":827,"name":"Eco_Aviation","avatar":"https://cdn.discordapp.com/avatars/647421178301906964/7c849b7cf97a6182f9cedfef6697160f.png"},"point":0},{"user":{"uid":1401,"userid":863,"name":"Chris A","avatar":"https://cdn.discordapp.com/avatars/415560774283427860/4f7b8d964bad29469a9d70cddb9cfadc.png"},"point":0}]}