{"fmd":[{"user":{"uid":152,"userid":135,"name":"manu7432","avatar":"https://cdn.discordapp.com/avatars/1024735246249373777/2d7e240ada7e8d3f41e4150fb6b1d0aa.png"},"point":6844},{"user":{"uid":61,"userid":75,"name":"𝕲𝖍𝖔𝖘𝖙𝖕𝖆𝖚𝖑𝖔𝖔","avatar":"https://cdn.discordapp.com/avatars/964420212864741376/e8283a2f908472c913999fda7149c790.png"},"point":6363},{"user":{"uid":71,"userid":60,"name":"geronimo8815","avatar":"https://static.truckersmp.com/avatarsN/5294261.1711913743.png"},"point":6023},{"user":{"uid":295,"userid":246,"name":"Tiberius","avatar":"https://cdn.discordapp.com/avatars/305385843428950026/6c00ebb9bf00d5c68028e29af849b1ad.png"},"point":6019},{"user":{"uid":43,"userid":31,"name":"[GER]Christian","avatar":"https://static.truckersmp.com/avatarsN/196694.1705792859.png"},"point":5854},{"user":{"uid":12,"userid":10,"name":"Tchabalala/Axel","avatar":"https://cdn.discordapp.com/avatars/336794680454938624/c949fc0ae2a0b67356a833b7f2dfb640.png"},"point":4837},{"user":{"uid":46,"userid":44,"name":"Linus14_trucker","avatar":"https://cdn.discordapp.com/avatars/973298563750719518/f8077addf056d9aaf51c748928a4a6d2.png"},"point":4130},{"user":{"uid":54,"userid":52,"name":"Fleiing","avatar":"https://cdn.discordapp.com/avatars/893916261011054612/18cfd8b3c9b3852ca32a9741050ab87c.png"},"point":3548},{"user":{"uid":38,"userid":33,"name":"[FLG] derDome","avatar":"https://cdn.discordapp.com/avatars/847551771249344564/0ae2aee9871db467f88aa78addecffa6.png"},"point":3233},{"user":{"uid":56,"userid":42,"name":"Glaceon","avatar":"https://cdn.discordapp.com/avatars/348428309018705930/f1b68bf1b8a5121559e1b782c8941327.png"},"point":3101},{"user":{"uid":148,"userid":145,"name":"weisserkreuzer","avatar":"https://cdn.discordapp.com/avatars/303094283752308737/651be3b81b2b904cd1112f8501fd2e49.png"},"point":2705},{"user":{"uid":341,"userid":278,"name":"Joschi83","avatar":"https://cdn.discordapp.com/avatars/251453206599696384/41d5c1e1d5fbbbff3de8808bdd3805d1.png"},"point":2413},{"user":{"uid":68,"userid":57,"name":"Anthonyaski","avatar":"https://cdn.discordapp.com/avatars/334780188703588362/4af94601e420a28c570fce2b038e0b23.png"},"point":1813},{"user":{"uid":39,"userid":34,"name":"[GER] Chrissy1968","avatar":"https://static.truckersmp.com/avatarsN/defaultavatar.png"},"point":1786},{"user":{"uid":325,"userid":265,"name":"[GER] Sääm","avatar":"https://static.truckersmp.com/avatarsN/2524791.1714481709.jpg"},"point":1639},{"user":{"uid":272,"userid":227,"name":"Pfindus","avatar":"https://static.truckersmp.com/avatarsN/4311053.1710660288.png"},"point":1587},{"user":{"uid":324,"userid":264,"name":"IceDomi/Dominik","avatar":"https://cdn.discordapp.com/avatars/333342159023636481/704fa67745d5f6252fb774a013c664b0.png"},"point":1575},{"user":{"uid":348,"userid":284,"name":"Domco","avatar":"https://cdn.discordapp.com/avatars/142061877336342529/c82ea6a79feb7ca9092dbc85f3329fa7.png"},"point":1571},{"user":{"uid":18,"userid":16,"name":"teufelsfrucht","avatar":"https://static.truckersmp.com/avatarsN/4047213.1699434878.png"},"point":1567},{"user":{"uid":9,"userid":5,"name":"Fast-rider","avatar":"https://static.truckersmp.com/avatarsN/4041389.1709222265.png"},"point":1528},{"user":{"uid":73,"userid":65,"name":"Ersque","avatar":"https://cdn.discordapp.com/avatars/219183521711915008/d8224c427b6d0b5f9a2b151734d67e76.png"},"point":1514},{"user":{"uid":51,"userid":71,"name":"Joerg45701","avatar":"https://static.truckersmp.com/avatarsN/defaultavatar.png"},"point":1502},{"user":{"uid":329,"userid":269,"name":"Vandros","avatar":"https://cdn.discordapp.com/avatars/159231251960561664/74a01b7ba2d7d5bb76d61807fa3c69b6.png"},"point":1403},{"user":{"uid":173,"userid":153,"name":"Pappfisch","avatar":"https://cdn.discordapp.com/avatars/614095913098674207/76fe38dfc900216a2db47c0e4bb3afe6.png"},"point":1362},{"user":{"uid":309,"userid":255,"name":"Guny69","avatar":"https://static.truckersmp.com/avatarsN/3695120.1713478510.jpg"},"point":1279},{"user":{"uid":344,"userid":280,"name":"Jestful","avatar":"https://cdn.discordapp.com/avatars/633121275430174762/1a5cd468e1dce02e330bcf3bc075a75e.png"},"point":1259},{"user":{"uid":139,"userid":127,"name":"SturmNudelLP (PC)","avatar":"https://cdn.discordapp.com/avatars/686996505550258225/9fdc874a2ccce42bee7c48ef3ab9c80a.png"},"point":1197},{"user":{"uid":326,"userid":266,"name":"Maurice19","avatar":"https://cdn.discordapp.com/avatars/1206036847852257352/492ccf7623f8bb21d7676148fcf3daae.png"},"point":1193},{"user":{"uid":70,"userid":58,"name":"xXTessiXx","avatar":"https://cdn.discordapp.com/avatars/463730546108006400/7b616d2dad0e5011ae25684dd50d1a91.png"},"point":1186},{"user":{"uid":21,"userid":18,"name":"Gregory","avatar":"https://cdn.discordapp.com/avatars/650421299323338762/dae0258c1a7c95a73bdcbd75db3db5d4.png"},"point":1177},{"user":{"uid":342,"userid":279,"name":"Nadine97","avatar":"https://static.truckersmp.com/avatarsN/5464335.1715126595.jpg"},"point":1155},{"user":{"uid":117,"userid":109,"name":"DerDampfer78","avatar":"https://cdn.discordapp.com/avatars/324522906505707520/2584364ff258ba22916b1c0c369b0893.png"},"point":1055},{"user":{"uid":266,"userid":221,"name":"Pliegenfilz_xX","avatar":""},"point":1018},{"user":{"uid":130,"userid":187,"name":"Peter235","avatar":"https://static.truckersmp.com/avatarsN/defaultavatar.png"},"point":935},{"user":{"uid":345,"userid":281,"name":"SpeiRox_","avatar":"https://cdn.discordapp.com/avatars/369461490245435413/53214599eee34fad85857ade045531b1.png"},"point":761},{"user":{"uid":350,"userid":285,"name":"Domenic","avatar":"https://cdn.discordapp.com/avatars/611485672917827606/8f02eb30ddc54822c837832cc21f94a4.png"},"point":735},{"user":{"uid":124,"userid":113,"name":"Terrase","avatar":"https://cdn.discordapp.com/avatars/625396497911119882/364fbbd9cf4c0c505f8784af01f4dc2e.png"},"point":549},{"user":{"uid":121,"userid":108,"name":"Maxl931","avatar":"https://cdn.discordapp.com/avatars/663414831239528468/319a0b0939774c10d6c0b6c9d711393c.png"},"point":485},{"user":{"uid":333,"userid":272,"name":"[GER] KevBro","avatar":"https://cdn.discordapp.com/avatars/399288507555905537/e802a2d7141709117c6d11115e7d25d9.png"},"point":412},{"user":{"uid":13,"userid":11,"name":"Dignity.","avatar":"https://static.truckersmp.com/avatarsN/4603971.1714464337.jpg"},"point":409},{"user":{"uid":108,"userid":107,"name":"DarkDemon","avatar":"https://cdn.discordapp.com/avatars/634094411499962368/17960d661c0077d8756fa6d59cbd8a35.png"},"point":344},{"user":{"uid":58,"userid":45,"name":"Knirpsi","avatar":"https://cdn.discordapp.com/avatars/680795972275666957/83cbd46025e4c642396e78b1fb4a60d0.png"},"point":300},{"user":{"uid":42,"userid":35,"name":"realMadDog","avatar":"https://cdn.discordapp.com/avatars/622527094588571649/ebb9db177207c71efcfa48bb92f364a9.png"},"point":288},{"user":{"uid":210,"userid":181,"name":"OmsiFlorian","avatar":"https://cdn.discordapp.com/avatars/960602310919225366/bee7df8447fc144bedd7cd8f60937f64.png"},"point":282},{"user":{"uid":91,"userid":85,"name":"Chris94","avatar":"https://cdn.discordapp.com/avatars/618891974765838336/d2fa711dddd045b14969332972ba64b3.png"},"point":56},{"user":{"uid":74,"userid":66,"name":"Kucki122","avatar":"https://cdn.discordapp.com/avatars/980522557365157938/bb19a21068e5e3d9d8c349e066d33d6e.png"},"point":0},{"user":{"uid":122,"userid":110,"name":"[FLG] Eichelhörnchen/Julian","avatar":"https://cdn.discordapp.com/avatars/373870026651860992/43b57e30d35962bcf5006380a8ed554b.png"},"point":0},{"user":{"uid":322,"userid":262,"name":"999stormzy","avatar":"https://cdn.discordapp.com/avatars/664568473690832917/39ccd6df525244d4fcd503d128557fb8.png"},"point":0}],"fma":[{"user":{"uid":152,"userid":135,"name":"manu7432","avatar":"https://cdn.discordapp.com/avatars/1024735246249373777/2d7e240ada7e8d3f41e4150fb6b1d0aa.png"},"point":6844},{"user":{"uid":61,"userid":75,"name":"𝕲𝖍𝖔𝖘𝖙𝖕𝖆𝖚𝖑𝖔𝖔","avatar":"https://cdn.discordapp.com/avatars/964420212864741376/e8283a2f908472c913999fda7149c790.png"},"point":6363},{"user":{"uid":71,"userid":60,"name":"geronimo8815","avatar":"https://static.truckersmp.com/avatarsN/5294261.1711913743.png"},"point":6023},{"user":{"uid":295,"userid":246,"name":"Tiberius","avatar":"https://cdn.discordapp.com/avatars/305385843428950026/6c00ebb9bf00d5c68028e29af849b1ad.png"},"point":6019},{"user":{"uid":43,"userid":31,"name":"[GER]Christian","avatar":"https://static.truckersmp.com/avatarsN/196694.1705792859.png"},"point":5854},{"user":{"uid":12,"userid":10,"name":"Tchabalala/Axel","avatar":"https://cdn.discordapp.com/avatars/336794680454938624/c949fc0ae2a0b67356a833b7f2dfb640.png"},"point":4837},{"user":{"uid":46,"userid":44,"name":"Linus14_trucker","avatar":"https://cdn.discordapp.com/avatars/973298563750719518/f8077addf056d9aaf51c748928a4a6d2.png"},"point":4130},{"user":{"uid":54,"userid":52,"name":"Fleiing","avatar":"https://cdn.discordapp.com/avatars/893916261011054612/18cfd8b3c9b3852ca32a9741050ab87c.png"},"point":3548},{"user":{"uid":38,"userid":33,"name":"[FLG] derDome","avatar":"https://cdn.discordapp.com/avatars/847551771249344564/0ae2aee9871db467f88aa78addecffa6.png"},"point":3233},{"user":{"uid":56,"userid":42,"name":"Glaceon","avatar":"https://cdn.discordapp.com/avatars/348428309018705930/f1b68bf1b8a5121559e1b782c8941327.png"},"point":3101},{"user":{"uid":148,"userid":145,"name":"weisserkreuzer","avatar":"https://cdn.discordapp.com/avatars/303094283752308737/651be3b81b2b904cd1112f8501fd2e49.png"},"point":2705},{"user":{"uid":341,"userid":278,"name":"Joschi83","avatar":"https://cdn.discordapp.com/avatars/251453206599696384/41d5c1e1d5fbbbff3de8808bdd3805d1.png"},"point":2413},{"user":{"uid":68,"userid":57,"name":"Anthonyaski","avatar":"https://cdn.discordapp.com/avatars/334780188703588362/4af94601e420a28c570fce2b038e0b23.png"},"point":1813},{"user":{"uid":39,"userid":34,"name":"[GER] Chrissy1968","avatar":"https://static.truckersmp.com/avatarsN/defaultavatar.png"},"point":1786},{"user":{"uid":325,"userid":265,"name":"[GER] Sääm","avatar":"https://static.truckersmp.com/avatarsN/2524791.1714481709.jpg"},"point":1639},{"user":{"uid":272,"userid":227,"name":"Pfindus","avatar":"https://static.truckersmp.com/avatarsN/4311053.1710660288.png"},"point":1587},{"user":{"uid":324,"userid":264,"name":"IceDomi/Dominik","avatar":"https://cdn.discordapp.com/avatars/333342159023636481/704fa67745d5f6252fb774a013c664b0.png"},"point":1575},{"user":{"uid":348,"userid":284,"name":"Domco","avatar":"https://cdn.discordapp.com/avatars/142061877336342529/c82ea6a79feb7ca9092dbc85f3329fa7.png"},"point":1571},{"user":{"uid":18,"userid":16,"name":"teufelsfrucht","avatar":"https://static.truckersmp.com/avatarsN/4047213.1699434878.png"},"point":1567},{"user":{"uid":9,"userid":5,"name":"Fast-rider","avatar":"https://static.truckersmp.com/avatarsN/4041389.1709222265.png"},"point":1528},{"user":{"uid":73,"userid":65,"name":"Ersque","avatar":"https://cdn.discordapp.com/avatars/219183521711915008/d8224c427b6d0b5f9a2b151734d67e76.png"},"point":1514},{"user":{"uid":51,"userid":71,"name":"Joerg45701","avatar":"https://static.truckersmp.com/avatarsN/defaultavatar.png"},"point":1502},{"user":{"uid":329,"userid":269,"name":"Vandros","avatar":"https://cdn.discordapp.com/avatars/159231251960561664/74a01b7ba2d7d5bb76d61807fa3c69b6.png"},"point":1403},{"user":{"uid":173,"userid":153,"name":"Pappfisch","avatar":"https://cdn.discordapp.com/avatars/614095913098674207/76fe38dfc900216a2db47c0e4bb3afe6.png"},"point":1362},{"user":{"uid":309,"userid":255,"name":"Guny69","avatar":"https://static.truckersmp.com/avatarsN/3695120.1713478510.jpg"},"point":1279},{"user":{"uid":344,"userid":280,"name":"Jestful","avatar":"https://cdn.discordapp.com/avatars/633121275430174762/1a5cd468e1dce02e330bcf3bc075a75e.png"},"point":1259},{"user":{"uid":139,"userid":127,"name":"SturmNudelLP (PC)","avatar":"https://cdn.discordapp.com/avatars/686996505550258225/9fdc874a2ccce42bee7c48ef3ab9c80a.png"},"point":1197},{"user":{"uid":326,"userid":266,"name":"Maurice19","avatar":"https://cdn.discordapp.com/avatars/1206036847852257352/492ccf7623f8bb21d7676148fcf3daae.png"},"point":1193},{"user":{"uid":70,"userid":58,"name":"xXTessiXx","avatar":"https://cdn.discordapp.com/avatars/463730546108006400/7b616d2dad0e5011ae25684dd50d1a91.png"},"point":1186},{"user":{"uid":21,"userid":18,"name":"Gregory","avatar":"https://cdn.discordapp.com/avatars/650421299323338762/dae0258c1a7c95a73bdcbd75db3db5d4.png"},"point":1177},{"user":{"uid":342,"userid":279,"name":"Nadine97","avatar":"https://static.truckersmp.com/avatarsN/5464335.1715126595.jpg"},"point":1155},{"user":{"uid":117,"userid":109,"name":"DerDampfer78","avatar":"https://cdn.discordapp.com/avatars/324522906505707520/2584364ff258ba22916b1c0c369b0893.png"},"point":1055},{"user":{"uid":266,"userid":221,"name":"Pliegenfilz_xX","avatar":""},"point":1018},{"user":{"uid":130,"userid":187,"name":"Peter235","avatar":"https://static.truckersmp.com/avatarsN/defaultavatar.png"},"point":935},{"user":{"uid":345,"userid":281,"name":"SpeiRox_","avatar":"https://cdn.discordapp.com/avatars/369461490245435413/53214599eee34fad85857ade045531b1.png"},"point":761},{"user":{"uid":350,"userid":285,"name":"Domenic","avatar":"https://cdn.discordapp.com/avatars/611485672917827606/8f02eb30ddc54822c837832cc21f94a4.png"},"point":735},{"user":{"uid":124,"userid":113,"name":"Terrase","avatar":"https://cdn.discordapp.com/avatars/625396497911119882/364fbbd9cf4c0c505f8784af01f4dc2e.png"},"point":549},{"user":{"uid":121,"userid":108,"name":"Maxl931","avatar":"https://cdn.discordapp.com/avatars/663414831239528468/319a0b0939774c10d6c0b6c9d711393c.png"},"point":485},{"user":{"uid":333,"userid":272,"name":"[GER] KevBro","avatar":"https://cdn.discordapp.com/avatars/399288507555905537/e802a2d7141709117c6d11115e7d25d9.png"},"point":412},{"user":{"uid":13,"userid":11,"name":"Dignity.","avatar":"https://static.truckersmp.com/avatarsN/4603971.1714464337.jpg"},"point":409},{"user":{"uid":108,"userid":107,"name":"DarkDemon","avatar":"https://cdn.discordapp.com/avatars/634094411499962368/17960d661c0077d8756fa6d59cbd8a35.png"},"point":344},{"user":{"uid":58,"userid":45,"name":"Knirpsi","avatar":"https://cdn.discordapp.com/avatars/680795972275666957/83cbd46025e4c642396e78b1fb4a60d0.png"},"point":300},{"user":{"uid":42,"userid":35,"name":"realMadDog","avatar":"https://cdn.discordapp.com/avatars/622527094588571649/ebb9db177207c71efcfa48bb92f364a9.png"},"point":288},{"user":{"uid":210,"userid":181,"name":"OmsiFlorian","avatar":"https://cdn.discordapp.com/avatars/960602310919225366/bee7df8447fc144bedd7cd8f60937f64.png"},"point":282},{"user":{"uid":91,"userid":85,"name":"Chris94","avatar":"https://cdn.discordapp.com/avatars/618891974765838336/d2fa711dddd045b14969332972ba64b3.png"},"point":56},{"user":{"uid":74,"userid":66,"name":"Kucki122","avatar":"https://cdn.discordapp.com/avatars/980522557365157938/bb19a21068e5e3d9d8c349e066d33d6e.png"},"point":0},{"user":{"uid":122,"userid":110,"name":"[FLG] Eichelhörnchen/Julian","avatar":"https://cdn.discordapp.com/avatars/373870026651860992/43b57e30d35962bcf5006380a8ed554b.png"},"point":0},{"user":{"uid":322,"userid":262,"name":"999stormzy","avatar":"https://cdn.discordapp.com/avatars/664568473690832917/39ccd6df525244d4fcd503d128557fb8.png"},"point":0}]}