{"fmd":[{"user":{"uid":212,"userid":182,"name":"Sexual_Bullet","avatar":"https://avatars.steamstatic.com/13d537e3111e55e43efa7c4d40292ea6ff8d152d_full.jpg"},"point":12896},{"user":{"uid":203,"userid":173,"name":"(DR) Billy1bob","avatar":""},"point":6447},{"user":{"uid":213,"userid":183,"name":"(DRT) jackbilling (neowwwwwwwwm)","avatar":"https://cdn.discordapp.com/avatars/469877863500218390/7148f4839b4d96df218355f2447deba4.png"},"point":925},{"user":{"uid":1,"userid":0,"name":"(Owner) Essex","avatar":"https://cdn.discordapp.com/avatars/986728515892285461/a_c4301bd78f1d1d60c25f66672af89a9a.gif"},"point":913},{"user":{"uid":202,"userid":172,"name":"(DR) WeeMenace06","avatar":"https://cdn.discordapp.com/avatars/970355206590181376/76a0b6ef3a5eca2c11e5ca399efa3a52.png"},"point":899},{"user":{"uid":209,"userid":179,"name":"(DRT) celticcarrots","avatar":"https://cdn.discordapp.com/avatars/387561475709075466/8a663c0e4edf64e2828bb3ed0de97bf4.png"},"point":423},{"user":{"uid":6,"userid":3,"name":"(Co Owner) Angry Raptor","avatar":"https://cdn.discordapp.com/avatars/474484979548815360/6347a182410a674dfb6f831275c1b803.png"},"point":12}],"fma":[{"user":{"uid":212,"userid":182,"name":"Sexual_Bullet","avatar":"https://avatars.steamstatic.com/13d537e3111e55e43efa7c4d40292ea6ff8d152d_full.jpg"},"point":12916},{"user":{"uid":203,"userid":173,"name":"(DR) Billy1bob","avatar":""},"point":6447},{"user":{"uid":1,"userid":0,"name":"(Owner) Essex","avatar":"https://cdn.discordapp.com/avatars/986728515892285461/a_c4301bd78f1d1d60c25f66672af89a9a.gif"},"point":1026},{"user":{"uid":213,"userid":183,"name":"(DRT) jackbilling (neowwwwwwwwm)","avatar":"https://cdn.discordapp.com/avatars/469877863500218390/7148f4839b4d96df218355f2447deba4.png"},"point":945},{"user":{"uid":202,"userid":172,"name":"(DR) WeeMenace06","avatar":"https://cdn.discordapp.com/avatars/970355206590181376/76a0b6ef3a5eca2c11e5ca399efa3a52.png"},"point":919},{"user":{"uid":209,"userid":179,"name":"(DRT) celticcarrots","avatar":"https://cdn.discordapp.com/avatars/387561475709075466/8a663c0e4edf64e2828bb3ed0de97bf4.png"},"point":423},{"user":{"uid":6,"userid":3,"name":"(Co Owner) Angry Raptor","avatar":"https://cdn.discordapp.com/avatars/474484979548815360/6347a182410a674dfb6f831275c1b803.png"},"point":12}]}