{"fmd":[{"user":{"uid":165,"userid":147,"name":"Bernd.R","avatar":"https://avatars.steamstatic.com/1632837e2e6f9bff2970254d35d06bae45d9a395_full.jpg"},"point":8415},{"user":{"uid":3,"userid":3,"name":"Yglo233","avatar":"https://avatars.steamstatic.com/31b7c52f47bfc7fdf48a7793bcc63254fbb4d4e0_full.jpg"},"point":5945},{"user":{"uid":147,"userid":132,"name":"Der  Opa","avatar":"https://cdn.discordapp.com/avatars/390841934358249482/5182d95c0600108142ddbca2b09a1bb4.png"},"point":5354},{"user":{"uid":136,"userid":121,"name":"Fuzzi_One","avatar":"https://avatars.steamstatic.com/80dc5c843904a69c82033fa7600d24e61dc9b370_full.jpg"},"point":4461},{"user":{"uid":95,"userid":86,"name":"EnTee","avatar":"https://avatars.steamstatic.com/3f5e9daea59216d7fe13df4e031d3537580e5e21_full.jpg"},"point":4421},{"user":{"uid":31,"userid":22,"name":"[RSL] Fun_irrenanstalt","avatar":""},"point":3521},{"user":{"uid":181,"userid":160,"name":"Edgarianer007","avatar":"https://avatars.steamstatic.com/de0a5993bd753b89c6b5c132a26d7ddc838e4424_full.jpg"},"point":3269},{"user":{"uid":192,"userid":172,"name":"TopsyCret","avatar":"https://avatars.steamstatic.com/82aecb83684b9c1d29f6f26a4642971416734fcc_full.jpg"},"point":2822},{"user":{"uid":176,"userid":157,"name":"SKELETOR96","avatar":"https://avatars.steamstatic.com/e2de94aa5b303690fc34a2784287b2ea576b1250_full.jpg"},"point":2724},{"user":{"uid":222,"userid":193,"name":"[RSL] Joshua","avatar":"https://cdn.discordapp.com/avatars/400402081581629450/9fa983d90e5f15b9082e9506057131ef.png"},"point":2648},{"user":{"uid":41,"userid":25,"name":"Marvin","avatar":"https://avatars.steamstatic.com/52f347986803228f0c1e66e478eea3929969ab42_full.jpg"},"point":2496},{"user":{"uid":227,"userid":197,"name":"flighttime","avatar":"https://cdn.discordapp.com/avatars/680800675931619343/f79b46f59970fe2f55d821ed68464bb5.png"},"point":2095},{"user":{"uid":225,"userid":195,"name":"max-kruse-ad","avatar":"https://avatars.steamstatic.com/cc1f5e02a7b42447651f11e4cc9f6d7694eec5ab_full.jpg"},"point":2032},{"user":{"uid":99,"userid":110,"name":"[RSL]Albanr.9","avatar":"https://avatars.steamstatic.com/b3773af8338e7a36b55ec298e6dee7f4e0cd9aa0_full.jpg"},"point":1669},{"user":{"uid":169,"userid":153,"name":"Ca24","avatar":"https://avatars.steamstatic.com/fef49e7fa7e1997310d705b2a6158ff8dc1cdfeb_full.jpg"},"point":1478},{"user":{"uid":212,"userid":186,"name":"CookerSquid","avatar":"https://avatars.steamstatic.com/174d7abab445013b954bd515339e811c313bbbf1_full.jpg"},"point":1454},{"user":{"uid":17,"userid":38,"name":"Julian","avatar":"https://avatars.steamstatic.com/bba9b676052e67e10f0ce8cec815c138e5c030b8_full.jpg"},"point":1353},{"user":{"uid":12,"userid":9,"name":"[RSL] Fabian","avatar":"https://cdn.discordapp.com/avatars/636590993206149131/a_111fda2bf4727ff3c93f010507ff166c.gif"},"point":1286},{"user":{"uid":191,"userid":170,"name":"TheAndy33","avatar":"https://avatars.steamstatic.com/bf469dff0dd81e52001fff72d1cc373d855c5498_full.jpg"},"point":1233},{"user":{"uid":50,"userid":43,"name":"Tarial","avatar":"https://avatars.steamstatic.com/852cd2da47222f03895ad2c285d0980e4f003168_full.jpg"},"point":1041},{"user":{"uid":220,"userid":192,"name":"dennis2982","avatar":"https://avatars.steamstatic.com/fef49e7fa7e1997310d705b2a6158ff8dc1cdfeb_full.jpg"},"point":964},{"user":{"uid":77,"userid":69,"name":"petschu","avatar":"https://avatars.steamstatic.com/0b25d0c7ae09b25b5b8181b3759231284797f3df_full.jpg"},"point":863},{"user":{"uid":198,"userid":175,"name":"SiKe_342","avatar":"https://avatars.steamstatic.com/1fd7929be85d31c2215352cf1dd62fe4f50f6539_full.jpg"},"point":810},{"user":{"uid":183,"userid":161,"name":"2Lost4Playing","avatar":"https://avatars.steamstatic.com/a73955f5d746e6e266b5170c2eed3047928ff0b7_full.jpg"},"point":775},{"user":{"uid":218,"userid":190,"name":"_darius.nbg_09","avatar":"https://avatars.steamstatic.com/e22db4d824e6273db0f64460ff12f2a339ccc91a_full.jpg"},"point":595},{"user":{"uid":70,"userid":62,"name":"Tr4xe","avatar":"https://avatars.steamstatic.com/f2113fe4c56a40abf11f5b2ba82a922b9362e305_full.jpg"},"point":550},{"user":{"uid":139,"userid":124,"name":"felix-menzler","avatar":"https://avatars.steamstatic.com/92f23da5d9678dfe7c3d530a1c449c98331a0cca_full.jpg"},"point":531},{"user":{"uid":72,"userid":64,"name":"BoucBrutal","avatar":"https://avatars.steamstatic.com/3b0d8bbe6bc98d9e4405baafe0d341663e8d5bf1_full.jpg"},"point":302},{"user":{"uid":137,"userid":122,"name":"Ollknoll","avatar":"https://avatars.steamstatic.com/940454d3f8b8075ab35bd2a555be3b529fd8c29f_full.jpg"},"point":245},{"user":{"uid":160,"userid":143,"name":"D4t","avatar":"https://avatars.steamstatic.com/eaacbbf3f597bc70d6d767b555ffdf5e9fb8e942_full.jpg"},"point":223},{"user":{"uid":187,"userid":166,"name":"JF 112","avatar":"https://avatars.steamstatic.com/9338cf14e4e649d883667878f97b756cf1eca742_full.jpg"},"point":3},{"user":{"uid":119,"userid":104,"name":"hansenluca06","avatar":"https://avatars.steamstatic.com/cc744d1a1b593d1fcbda3c00a975f994662815ff_full.jpg"},"point":0}],"fma":[{"user":{"uid":165,"userid":147,"name":"Bernd.R","avatar":"https://avatars.steamstatic.com/1632837e2e6f9bff2970254d35d06bae45d9a395_full.jpg"},"point":8415},{"user":{"uid":3,"userid":3,"name":"Yglo233","avatar":"https://avatars.steamstatic.com/31b7c52f47bfc7fdf48a7793bcc63254fbb4d4e0_full.jpg"},"point":5945},{"user":{"uid":147,"userid":132,"name":"Der  Opa","avatar":"https://cdn.discordapp.com/avatars/390841934358249482/5182d95c0600108142ddbca2b09a1bb4.png"},"point":5354},{"user":{"uid":136,"userid":121,"name":"Fuzzi_One","avatar":"https://avatars.steamstatic.com/80dc5c843904a69c82033fa7600d24e61dc9b370_full.jpg"},"point":4461},{"user":{"uid":95,"userid":86,"name":"EnTee","avatar":"https://avatars.steamstatic.com/3f5e9daea59216d7fe13df4e031d3537580e5e21_full.jpg"},"point":4421},{"user":{"uid":31,"userid":22,"name":"[RSL] Fun_irrenanstalt","avatar":""},"point":3521},{"user":{"uid":181,"userid":160,"name":"Edgarianer007","avatar":"https://avatars.steamstatic.com/de0a5993bd753b89c6b5c132a26d7ddc838e4424_full.jpg"},"point":3269},{"user":{"uid":192,"userid":172,"name":"TopsyCret","avatar":"https://avatars.steamstatic.com/82aecb83684b9c1d29f6f26a4642971416734fcc_full.jpg"},"point":2822},{"user":{"uid":176,"userid":157,"name":"SKELETOR96","avatar":"https://avatars.steamstatic.com/e2de94aa5b303690fc34a2784287b2ea576b1250_full.jpg"},"point":2724},{"user":{"uid":222,"userid":193,"name":"[RSL] Joshua","avatar":"https://cdn.discordapp.com/avatars/400402081581629450/9fa983d90e5f15b9082e9506057131ef.png"},"point":2648},{"user":{"uid":41,"userid":25,"name":"Marvin","avatar":"https://avatars.steamstatic.com/52f347986803228f0c1e66e478eea3929969ab42_full.jpg"},"point":2496},{"user":{"uid":227,"userid":197,"name":"flighttime","avatar":"https://cdn.discordapp.com/avatars/680800675931619343/f79b46f59970fe2f55d821ed68464bb5.png"},"point":2095},{"user":{"uid":225,"userid":195,"name":"max-kruse-ad","avatar":"https://avatars.steamstatic.com/cc1f5e02a7b42447651f11e4cc9f6d7694eec5ab_full.jpg"},"point":2032},{"user":{"uid":99,"userid":110,"name":"[RSL]Albanr.9","avatar":"https://avatars.steamstatic.com/b3773af8338e7a36b55ec298e6dee7f4e0cd9aa0_full.jpg"},"point":1869},{"user":{"uid":169,"userid":153,"name":"Ca24","avatar":"https://avatars.steamstatic.com/fef49e7fa7e1997310d705b2a6158ff8dc1cdfeb_full.jpg"},"point":1478},{"user":{"uid":212,"userid":186,"name":"CookerSquid","avatar":"https://avatars.steamstatic.com/174d7abab445013b954bd515339e811c313bbbf1_full.jpg"},"point":1454},{"user":{"uid":17,"userid":38,"name":"Julian","avatar":"https://avatars.steamstatic.com/bba9b676052e67e10f0ce8cec815c138e5c030b8_full.jpg"},"point":1353},{"user":{"uid":12,"userid":9,"name":"[RSL] Fabian","avatar":"https://cdn.discordapp.com/avatars/636590993206149131/a_111fda2bf4727ff3c93f010507ff166c.gif"},"point":1286},{"user":{"uid":191,"userid":170,"name":"TheAndy33","avatar":"https://avatars.steamstatic.com/bf469dff0dd81e52001fff72d1cc373d855c5498_full.jpg"},"point":1233},{"user":{"uid":50,"userid":43,"name":"Tarial","avatar":"https://avatars.steamstatic.com/852cd2da47222f03895ad2c285d0980e4f003168_full.jpg"},"point":1041},{"user":{"uid":220,"userid":192,"name":"dennis2982","avatar":"https://avatars.steamstatic.com/fef49e7fa7e1997310d705b2a6158ff8dc1cdfeb_full.jpg"},"point":964},{"user":{"uid":77,"userid":69,"name":"petschu","avatar":"https://avatars.steamstatic.com/0b25d0c7ae09b25b5b8181b3759231284797f3df_full.jpg"},"point":863},{"user":{"uid":198,"userid":175,"name":"SiKe_342","avatar":"https://avatars.steamstatic.com/1fd7929be85d31c2215352cf1dd62fe4f50f6539_full.jpg"},"point":810},{"user":{"uid":183,"userid":161,"name":"2Lost4Playing","avatar":"https://avatars.steamstatic.com/a73955f5d746e6e266b5170c2eed3047928ff0b7_full.jpg"},"point":775},{"user":{"uid":218,"userid":190,"name":"_darius.nbg_09","avatar":"https://avatars.steamstatic.com/e22db4d824e6273db0f64460ff12f2a339ccc91a_full.jpg"},"point":595},{"user":{"uid":70,"userid":62,"name":"Tr4xe","avatar":"https://avatars.steamstatic.com/f2113fe4c56a40abf11f5b2ba82a922b9362e305_full.jpg"},"point":550},{"user":{"uid":139,"userid":124,"name":"felix-menzler","avatar":"https://avatars.steamstatic.com/92f23da5d9678dfe7c3d530a1c449c98331a0cca_full.jpg"},"point":531},{"user":{"uid":72,"userid":64,"name":"BoucBrutal","avatar":"https://avatars.steamstatic.com/3b0d8bbe6bc98d9e4405baafe0d341663e8d5bf1_full.jpg"},"point":302},{"user":{"uid":137,"userid":122,"name":"Ollknoll","avatar":"https://avatars.steamstatic.com/940454d3f8b8075ab35bd2a555be3b529fd8c29f_full.jpg"},"point":245},{"user":{"uid":160,"userid":143,"name":"D4t","avatar":"https://avatars.steamstatic.com/eaacbbf3f597bc70d6d767b555ffdf5e9fb8e942_full.jpg"},"point":223},{"user":{"uid":187,"userid":166,"name":"JF 112","avatar":"https://avatars.steamstatic.com/9338cf14e4e649d883667878f97b756cf1eca742_full.jpg"},"point":3},{"user":{"uid":119,"userid":104,"name":"hansenluca06","avatar":"https://avatars.steamstatic.com/cc744d1a1b593d1fcbda3c00a975f994662815ff_full.jpg"},"point":0}]}