{"fmd":[{"user":{"uid":37,"userid":33,"name":"TTDTheo","avatar":"https://cdn.discordapp.com/avatars/1145683091176833114/b5db924ff0fe5de313fb1f3d6c2526cd.png"},"point":5124},{"user":{"uid":97,"userid":93,"name":"NIKLAS(GER)","avatar":"https://cdn.discordapp.com/avatars/1056647833937256468/7a72e642bd21663baa3294199578cffc.png"},"point":3041},{"user":{"uid":62,"userid":61,"name":"Thomas.","avatar":"https://cdn.discordapp.com/avatars/1000353949620117514/b42831995cac9fc332f49722a7656a19.png"},"point":2793},{"user":{"uid":38,"userid":34,"name":"BGwarrior_49","avatar":"https://cdn.discordapp.com/avatars/588444287843172363/2ed83c8492581aa1c2555ecaa5180e82.png"},"point":2560},{"user":{"uid":53,"userid":62,"name":"Black_Dragon33","avatar":"https://avatars.steamstatic.com/7a98d429d9fb61bb6065773f2005fce7257463a8_full.jpg"},"point":1811},{"user":{"uid":93,"userid":90,"name":"/:\\Matty_00 TMP/:\\","avatar":"https://cdn.discordapp.com/avatars/966721841068666940/81aedf3e29d962b479f0f35b5d4caa87.png"},"point":1798},{"user":{"uid":87,"userid":85,"name":"ExtaZzZ","avatar":"https://cdn.discordapp.com/avatars/433657630364532737/f747bb2e4dd39bef2a6dd4ce6fc711db.png"},"point":1572},{"user":{"uid":14,"userid":11,"name":"L O R E N Z","avatar":"https://static.truckersmp.com/avatarsN/4486749.1715514352.png"},"point":1395},{"user":{"uid":52,"userid":50,"name":"spanchikus","avatar":"https://cdn.discordapp.com/avatars/693884881419108432/2e5d58f8fe552e4d7cd49f3f1350966e.png"},"point":1297},{"user":{"uid":30,"userid":24,"name":"ԼƛMƠ[ƝԼ]","avatar":"https://static.truckersmp.com/avatarsN/2636041.1713489251.png"},"point":1291},{"user":{"uid":50,"userid":48,"name":"Strandhult/JackJax","avatar":"https://cdn.discordapp.com/avatars/422386875597062145/5388b933f0bc01057ab8ae9086dcdd63.png"},"point":1266},{"user":{"uid":75,"userid":73,"name":"Bαnks","avatar":"https://static.truckersmp.com/avatarsN/3536412.1716194375.jpg"},"point":1054},{"user":{"uid":94,"userid":91,"name":"J A N N E S","avatar":"https://cdn.discordapp.com/avatars/1123967274680856697/caf131b96d413aa3f8d2341a14399f3b.png"},"point":818},{"user":{"uid":28,"userid":27,"name":"reissverschlussverfahren","avatar":"https://avatars.steamstatic.com/7b74c751b8e0bb519b02aa069a2d74d24c2356ae_full.jpg"},"point":562},{"user":{"uid":16,"userid":13,"name":"chad vectron","avatar":"https://cdn.discordapp.com/avatars/657613617906057247/81f8851d92f3ac1f80da82575197921f.png"},"point":537},{"user":{"uid":20,"userid":18,"name":"qqzl","avatar":"https://avatars.steamstatic.com/ffa40ac5080173f294017f44285ec73fdd67054e_full.jpg"},"point":530},{"user":{"uid":24,"userid":23,"name":"Gnurken","avatar":"https://static.truckersmp.com/avatarsN/1166949.1704562524.png"},"point":528},{"user":{"uid":23,"userid":22,"name":"Martijn","avatar":"https://cdn.discordapp.com/avatars/153514855280803840/a_55db952b0b6b1ab551cc2fe7fe823cec.gif"},"point":519},{"user":{"uid":45,"userid":43,"name":"idk.philipp","avatar":"https://static.truckersmp.com/avatarsN/4018160.1671645702.png"},"point":506},{"user":{"uid":15,"userid":12,"name":"Lorenzo br","avatar":"https://cdn.discordapp.com/avatars/635968015371862082/8ca41d930d87fb4266f4c1666828d3f3.png"},"point":220},{"user":{"uid":48,"userid":46,"name":"TommyNL","avatar":"https://avatars.steamstatic.com/566ece5c0f63be2634d91a038b57b1e369f28983_full.jpg"},"point":0},{"user":{"uid":86,"userid":84,"name":"мσρρу_тмρ","avatar":"https://static.truckersmp.com/avatarsN/3916396.1690030869.png"},"point":0}],"fma":[{"user":{"uid":37,"userid":33,"name":"TTDTheo","avatar":"https://cdn.discordapp.com/avatars/1145683091176833114/b5db924ff0fe5de313fb1f3d6c2526cd.png"},"point":5124},{"user":{"uid":97,"userid":93,"name":"NIKLAS(GER)","avatar":"https://cdn.discordapp.com/avatars/1056647833937256468/7a72e642bd21663baa3294199578cffc.png"},"point":3041},{"user":{"uid":62,"userid":61,"name":"Thomas.","avatar":"https://cdn.discordapp.com/avatars/1000353949620117514/b42831995cac9fc332f49722a7656a19.png"},"point":2793},{"user":{"uid":38,"userid":34,"name":"BGwarrior_49","avatar":"https://cdn.discordapp.com/avatars/588444287843172363/2ed83c8492581aa1c2555ecaa5180e82.png"},"point":2660},{"user":{"uid":53,"userid":62,"name":"Black_Dragon33","avatar":"https://avatars.steamstatic.com/7a98d429d9fb61bb6065773f2005fce7257463a8_full.jpg"},"point":1811},{"user":{"uid":93,"userid":90,"name":"/:\\Matty_00 TMP/:\\","avatar":"https://cdn.discordapp.com/avatars/966721841068666940/81aedf3e29d962b479f0f35b5d4caa87.png"},"point":1798},{"user":{"uid":87,"userid":85,"name":"ExtaZzZ","avatar":"https://cdn.discordapp.com/avatars/433657630364532737/f747bb2e4dd39bef2a6dd4ce6fc711db.png"},"point":1572},{"user":{"uid":14,"userid":11,"name":"L O R E N Z","avatar":"https://static.truckersmp.com/avatarsN/4486749.1715514352.png"},"point":1395},{"user":{"uid":52,"userid":50,"name":"spanchikus","avatar":"https://cdn.discordapp.com/avatars/693884881419108432/2e5d58f8fe552e4d7cd49f3f1350966e.png"},"point":1297},{"user":{"uid":30,"userid":24,"name":"ԼƛMƠ[ƝԼ]","avatar":"https://static.truckersmp.com/avatarsN/2636041.1713489251.png"},"point":1291},{"user":{"uid":50,"userid":48,"name":"Strandhult/JackJax","avatar":"https://cdn.discordapp.com/avatars/422386875597062145/5388b933f0bc01057ab8ae9086dcdd63.png"},"point":1266},{"user":{"uid":75,"userid":73,"name":"Bαnks","avatar":"https://static.truckersmp.com/avatarsN/3536412.1716194375.jpg"},"point":1054},{"user":{"uid":94,"userid":91,"name":"J A N N E S","avatar":"https://cdn.discordapp.com/avatars/1123967274680856697/caf131b96d413aa3f8d2341a14399f3b.png"},"point":818},{"user":{"uid":28,"userid":27,"name":"reissverschlussverfahren","avatar":"https://avatars.steamstatic.com/7b74c751b8e0bb519b02aa069a2d74d24c2356ae_full.jpg"},"point":662},{"user":{"uid":16,"userid":13,"name":"chad vectron","avatar":"https://cdn.discordapp.com/avatars/657613617906057247/81f8851d92f3ac1f80da82575197921f.png"},"point":537},{"user":{"uid":20,"userid":18,"name":"qqzl","avatar":"https://avatars.steamstatic.com/ffa40ac5080173f294017f44285ec73fdd67054e_full.jpg"},"point":530},{"user":{"uid":24,"userid":23,"name":"Gnurken","avatar":"https://static.truckersmp.com/avatarsN/1166949.1704562524.png"},"point":528},{"user":{"uid":23,"userid":22,"name":"Martijn","avatar":"https://cdn.discordapp.com/avatars/153514855280803840/a_55db952b0b6b1ab551cc2fe7fe823cec.gif"},"point":519},{"user":{"uid":45,"userid":43,"name":"idk.philipp","avatar":"https://static.truckersmp.com/avatarsN/4018160.1671645702.png"},"point":506},{"user":{"uid":15,"userid":12,"name":"Lorenzo br","avatar":"https://cdn.discordapp.com/avatars/635968015371862082/8ca41d930d87fb4266f4c1666828d3f3.png"},"point":220},{"user":{"uid":48,"userid":46,"name":"TommyNL","avatar":"https://avatars.steamstatic.com/566ece5c0f63be2634d91a038b57b1e369f28983_full.jpg"},"point":0},{"user":{"uid":86,"userid":84,"name":"мσρρу_тмρ","avatar":"https://static.truckersmp.com/avatarsN/3916396.1690030869.png"},"point":0}]}