{"fmd":[{"user":{"uid":9,"userid":7,"name":"WH | TACOMAN","avatar":"https://cdn.discordapp.com/avatars/935175174700040252/2d6dbed1ba891f242274b7e80e50a9ae.png"},"point":2044},{"user":{"uid":11,"userid":9,"name":"WH | Maciek","avatar":"https://cdn.discordapp.com/avatars/282728597209481216/cc91713475ae575649772cee951992ba.png"},"point":1466},{"user":{"uid":73,"userid":60,"name":"WH | ONDAROAD2","avatar":"https://cdn.discordapp.com/avatars/383806148010049557/1962b816d972b64542031cc025361b36.png"},"point":1222},{"user":{"uid":1,"userid":1,"name":"WHT CEO | Chappy1225","avatar":"https://cdn.discordapp.com/avatars/480244047311667201/b51db2fc9e7e314933519021bee4ae3e.png"},"point":1165},{"user":{"uid":5,"userid":3,"name":"WH | Dennisthe8th","avatar":"https://cdn.discordapp.com/avatars/575015095894016014/f82a49a712115c380af8ff8f7fbb32cb.png"},"point":1149},{"user":{"uid":18,"userid":14,"name":"WH | Gamerman","avatar":"https://cdn.discordapp.com/avatars/573630780778086410/a_674628635bbdee5ef172597209a914dd.gif"},"point":1028},{"user":{"uid":46,"userid":37,"name":"WHT HR | MysticalKief","avatar":"https://cdn.discordapp.com/avatars/498659512081973248/15c947ebb3b550bee883b0c47337c7ac.png"},"point":685},{"user":{"uid":8,"userid":6,"name":"WHT Driver | Murdernova256","avatar":"https://cdn.discordapp.com/avatars/549931745584349185/9647aabac5de7bc6ca63f26696871246.png"},"point":128},{"user":{"uid":38,"userid":31,"name":"WH | chronic gaming","avatar":"https://cdn.discordapp.com/avatars/670035018197893130/624b6243ea981dd691772d9105160de3.png"},"point":0}],"fma":[{"user":{"uid":69,"userid":58,"name":"WH | Cougar","avatar":""},"point":10000},{"user":{"uid":9,"userid":7,"name":"WH | TACOMAN","avatar":"https://cdn.discordapp.com/avatars/935175174700040252/2d6dbed1ba891f242274b7e80e50a9ae.png"},"point":2044},{"user":{"uid":11,"userid":9,"name":"WH | Maciek","avatar":"https://cdn.discordapp.com/avatars/282728597209481216/cc91713475ae575649772cee951992ba.png"},"point":1466},{"user":{"uid":5,"userid":3,"name":"WH | Dennisthe8th","avatar":"https://cdn.discordapp.com/avatars/575015095894016014/f82a49a712115c380af8ff8f7fbb32cb.png"},"point":1330},{"user":{"uid":73,"userid":60,"name":"WH | ONDAROAD2","avatar":"https://cdn.discordapp.com/avatars/383806148010049557/1962b816d972b64542031cc025361b36.png"},"point":1222},{"user":{"uid":1,"userid":1,"name":"WHT CEO | Chappy1225","avatar":"https://cdn.discordapp.com/avatars/480244047311667201/b51db2fc9e7e314933519021bee4ae3e.png"},"point":1165},{"user":{"uid":18,"userid":14,"name":"WH | Gamerman","avatar":"https://cdn.discordapp.com/avatars/573630780778086410/a_674628635bbdee5ef172597209a914dd.gif"},"point":1028},{"user":{"uid":46,"userid":37,"name":"WHT HR | MysticalKief","avatar":"https://cdn.discordapp.com/avatars/498659512081973248/15c947ebb3b550bee883b0c47337c7ac.png"},"point":685},{"user":{"uid":8,"userid":6,"name":"WHT Driver | Murdernova256","avatar":"https://cdn.discordapp.com/avatars/549931745584349185/9647aabac5de7bc6ca63f26696871246.png"},"point":178},{"user":{"uid":38,"userid":31,"name":"WH | chronic gaming","avatar":"https://cdn.discordapp.com/avatars/670035018197893130/624b6243ea981dd691772d9105160de3.png"},"point":0}]}