{"fmd":[{"user":{"uid":1382,"userid":847,"name":"Aeroplane","avatar":"https://cdn.discordapp.com/avatars/919580354736705617/cd8c60e397730ab82e685faaf72d3c77.png"},"point":3320},{"user":{"uid":1380,"userid":845,"name":"The Flat Cap Spotter","avatar":"https://static.truckersmp.com/avatarsN/defaultavatar.png"},"point":2987},{"user":{"uid":1378,"userid":843,"name":"dandelion","avatar":"https://cdn.discordapp.com/avatars/924070723952209941/6d40e5aa69459181ef2bc03107156cc0.png"},"point":2843},{"user":{"uid":1357,"userid":831,"name":"Rebeloutlaw22","avatar":"https://cdn.discordapp.com/avatars/1052542962099294260/34a84e19e1c9df75beb0bed1e11f4b06.png"},"point":2163},{"user":{"uid":1271,"userid":780,"name":"brazvo (Bruno)","avatar":"https://cdn.discordapp.com/avatars/823826275964682251/c28159cbabe58874bd1244a97d68d24b.png"},"point":1816},{"user":{"uid":1306,"userid":801,"name":"kevbud.","avatar":"https://cdn.discordapp.com/avatars/799449670572048424/9d4968f9cd751d7b8af661f091a36558.png"},"point":1685},{"user":{"uid":1097,"userid":670,"name":"Ramin Tanuwong [TH]","avatar":"https://static.truckersmp.com/avatarsN/3757199.1645214262.jpg"},"point":1384},{"user":{"uid":1192,"userid":724,"name":"Koskee","avatar":"https://cdn.discordapp.com/avatars/836575095664410654/2bbf7b28df277943d911b4ca67a9ac9e.png"},"point":1190},{"user":{"uid":1026,"userid":630,"name":"Sehi","avatar":"https://cdn.discordapp.com/avatars/644522714916192275/4a28c46532b59c013ed5e9a3801e4a0c.png"},"point":1006},{"user":{"uid":125,"userid":265,"name":"Issac","avatar":"https://cdn.discordapp.com/avatars/343167874006777857/e97cad9459740cf160980c2165b7acb3.png"},"point":920},{"user":{"uid":788,"userid":514,"name":"roughsniper94","avatar":"https://cdn.discordapp.com/avatars/763917927551336450/a_7d5cdc4c2d6b5ad84101e26141082c37.gif"},"point":840},{"user":{"uid":1384,"userid":849,"name":"SirWoofington","avatar":"https://cdn.discordapp.com/avatars/307522847981699073/9d082b554965ade03893745f98df6d9f.png"},"point":813},{"user":{"uid":1061,"userid":656,"name":"Thy Night Owl","avatar":"https://cdn.discordapp.com/avatars/678366200312496154/7e3c44efb2393e0a9a4b593cb42f936d.png"},"point":755},{"user":{"uid":759,"userid":501,"name":"TheSkiller","avatar":"https://cdn.discordapp.com/avatars/665158641355325450/da6b6d4e62038b3f92dd42b7b34f7ec9.png"},"point":711},{"user":{"uid":1034,"userid":635,"name":"Fox_Bot","avatar":"https://cdn.discordapp.com/avatars/673289306424475659/6760c43d2e087fd99eeef160473251a3.png"},"point":693},{"user":{"uid":1355,"userid":829,"name":"TheStolenHydra","avatar":"https://cdn.discordapp.com/avatars/114642060383879170/66141443e620e4cd7b5a7e32f33d4f5f.png"},"point":659},{"user":{"uid":561,"userid":386,"name":"richhscm","avatar":""},"point":633},{"user":{"uid":1245,"userid":764,"name":"Eiffel Tower Owner","avatar":"https://cdn.discordapp.com/avatars/909015760347734036/c8847952f95c26f402e44d41e997c8cd.png"},"point":581},{"user":{"uid":112,"userid":657,"name":"zatrisss","avatar":"https://cdn.discordapp.com/avatars/270114281280765956/3f1b15d79e10e64381e0e8d18848d7ec.png"},"point":491},{"user":{"uid":892,"userid":567,"name":"KuroSerpent","avatar":"https://cdn.discordapp.com/avatars/249645812726890497/a_21c0489bbb0c99be7db8bbbfb1ed5e85.gif"},"point":336},{"user":{"uid":1284,"userid":787,"name":"T.Mckenzie","avatar":"https://cdn.discordapp.com/avatars/478766743930667038/b5df8290803a59cd8771bd94ed013644.png"},"point":301},{"user":{"uid":184,"userid":345,"name":"NFLD","avatar":"https://cdn.discordapp.com/avatars/538772758461677578/5f1d024574ed37a8cbaf69c186d93cb1.png"},"point":219},{"user":{"uid":1147,"userid":695,"name":"Kirito21","avatar":"https://cdn.discordapp.com/avatars/925803382680215572/f01e1941088675bf780245f15eb81bc4.png"},"point":0}],"fma":[{"user":{"uid":1382,"userid":847,"name":"Aeroplane","avatar":"https://cdn.discordapp.com/avatars/919580354736705617/cd8c60e397730ab82e685faaf72d3c77.png"},"point":8481},{"user":{"uid":1097,"userid":670,"name":"Ramin Tanuwong [TH]","avatar":"https://static.truckersmp.com/avatarsN/3757199.1645214262.jpg"},"point":8160},{"user":{"uid":119,"userid":258,"name":"LordLegend","avatar":"https://cdn.discordapp.com/avatars/507573290995417108/294e2517c647c3c8703945fbc200afcd.png"},"point":7781},{"user":{"uid":125,"userid":265,"name":"Issac","avatar":"https://cdn.discordapp.com/avatars/343167874006777857/e97cad9459740cf160980c2165b7acb3.png"},"point":6109},{"user":{"uid":1380,"userid":845,"name":"The Flat Cap Spotter","avatar":"https://static.truckersmp.com/avatarsN/defaultavatar.png"},"point":3121},{"user":{"uid":1378,"userid":843,"name":"dandelion","avatar":"https://cdn.discordapp.com/avatars/924070723952209941/6d40e5aa69459181ef2bc03107156cc0.png"},"point":2999},{"user":{"uid":1271,"userid":780,"name":"brazvo (Bruno)","avatar":"https://cdn.discordapp.com/avatars/823826275964682251/c28159cbabe58874bd1244a97d68d24b.png"},"point":2652},{"user":{"uid":1357,"userid":831,"name":"Rebeloutlaw22","avatar":"https://cdn.discordapp.com/avatars/1052542962099294260/34a84e19e1c9df75beb0bed1e11f4b06.png"},"point":2424},{"user":{"uid":924,"userid":576,"name":"🌈Hearty_Laces🌈They/Them","avatar":"https://cdn.discordapp.com/avatars/461978281906929675/9128b3d5991d797b2e4060e71c4c5f41.png"},"point":1877},{"user":{"uid":1026,"userid":630,"name":"Sehi","avatar":"https://cdn.discordapp.com/avatars/644522714916192275/4a28c46532b59c013ed5e9a3801e4a0c.png"},"point":1786},{"user":{"uid":1306,"userid":801,"name":"kevbud.","avatar":"https://cdn.discordapp.com/avatars/799449670572048424/9d4968f9cd751d7b8af661f091a36558.png"},"point":1685},{"user":{"uid":1192,"userid":724,"name":"Koskee","avatar":"https://cdn.discordapp.com/avatars/836575095664410654/2bbf7b28df277943d911b4ca67a9ac9e.png"},"point":1240},{"user":{"uid":1384,"userid":849,"name":"SirWoofington","avatar":"https://cdn.discordapp.com/avatars/307522847981699073/9d082b554965ade03893745f98df6d9f.png"},"point":921},{"user":{"uid":1061,"userid":656,"name":"Thy Night Owl","avatar":"https://cdn.discordapp.com/avatars/678366200312496154/7e3c44efb2393e0a9a4b593cb42f936d.png"},"point":849},{"user":{"uid":788,"userid":514,"name":"roughsniper94","avatar":"https://cdn.discordapp.com/avatars/763917927551336450/a_7d5cdc4c2d6b5ad84101e26141082c37.gif"},"point":840},{"user":{"uid":1034,"userid":635,"name":"Fox_Bot","avatar":"https://cdn.discordapp.com/avatars/673289306424475659/6760c43d2e087fd99eeef160473251a3.png"},"point":800},{"user":{"uid":759,"userid":501,"name":"TheSkiller","avatar":"https://cdn.discordapp.com/avatars/665158641355325450/da6b6d4e62038b3f92dd42b7b34f7ec9.png"},"point":711},{"user":{"uid":1355,"userid":829,"name":"TheStolenHydra","avatar":"https://cdn.discordapp.com/avatars/114642060383879170/66141443e620e4cd7b5a7e32f33d4f5f.png"},"point":695},{"user":{"uid":561,"userid":386,"name":"richhscm","avatar":""},"point":633},{"user":{"uid":1245,"userid":764,"name":"Eiffel Tower Owner","avatar":"https://cdn.discordapp.com/avatars/909015760347734036/c8847952f95c26f402e44d41e997c8cd.png"},"point":619},{"user":{"uid":112,"userid":657,"name":"zatrisss","avatar":"https://cdn.discordapp.com/avatars/270114281280765956/3f1b15d79e10e64381e0e8d18848d7ec.png"},"point":491},{"user":{"uid":892,"userid":567,"name":"KuroSerpent","avatar":"https://cdn.discordapp.com/avatars/249645812726890497/a_21c0489bbb0c99be7db8bbbfb1ed5e85.gif"},"point":336},{"user":{"uid":1284,"userid":787,"name":"T.Mckenzie","avatar":"https://cdn.discordapp.com/avatars/478766743930667038/b5df8290803a59cd8771bd94ed013644.png"},"point":301},{"user":{"uid":184,"userid":345,"name":"NFLD","avatar":"https://cdn.discordapp.com/avatars/538772758461677578/5f1d024574ed37a8cbaf69c186d93cb1.png"},"point":219},{"user":{"uid":1147,"userid":695,"name":"Kirito21","avatar":"https://cdn.discordapp.com/avatars/925803382680215572/f01e1941088675bf780245f15eb81bc4.png"},"point":0}]}