{"fmd":[{"user":{"uid":96,"userid":120,"name":"Pattarapon","avatar":"https://cdn.discordapp.com/avatars/687263407417720832/a_b7ede9d49dc998aecb68c07992055092.gif"},"point":4203},{"user":{"uid":65,"userid":72,"name":"Pai48259","avatar":"https://cdn.discordapp.com/avatars/708684150382526577/f7191bb359d3f075d7e0b7d27f1ba11f.png"},"point":3134},{"user":{"uid":75,"userid":87,"name":"Divaice","avatar":"https://cdn.discordapp.com/avatars/442566760277868546/036f730b9f21ac80ae369dbbaa692664.png"},"point":2882},{"user":{"uid":14,"userid":15,"name":"Cel","avatar":"https://cdn.discordapp.com/avatars/388906563043065861/ea2e630b6ace3b5676e334f4f61e039f.png"},"point":1728},{"user":{"uid":337,"userid":208,"name":"Dr. Stevo","avatar":"https://cdn.discordapp.com/avatars/603859936434323456/a_8fb3ef826c61fa9bc1445843af78a75f.gif"},"point":1519},{"user":{"uid":8,"userid":9,"name":"Fitri10","avatar":"https://cdn.discordapp.com/avatars/537228046948892683/c88172513c19d6145de568e720da3b0a.png"},"point":1329},{"user":{"uid":409,"userid":226,"name":"𝙽𝙴𝚆𝚃𝚈𝙿𝙴𝚂","avatar":"https://cdn.discordapp.com/avatars/624501922531115019/720e6c9072e99985cd234df4183376af.png"},"point":1248},{"user":{"uid":19,"userid":22,"name":"Garmy","avatar":"https://cdn.discordapp.com/avatars/537294435617341451/19dfb744f41be1bc27dafe27f13a2b26.png"},"point":1130},{"user":{"uid":341,"userid":211,"name":"thanhhuy","avatar":"https://cdn.discordapp.com/avatars/440698992041525260/ef5aaadaa5bf0c9256cd5d61eb370755.png"},"point":643},{"user":{"uid":202,"userid":154,"name":"i'm J clarkson","avatar":"https://cdn.discordapp.com/avatars/690586123952586792/80cf82fd6950b61379dce9612d1f7034.png"},"point":528},{"user":{"uid":15,"userid":17,"name":"Aashraye","avatar":"https://cdn.discordapp.com/avatars/514799622510739456/a_9fa635cb53a66b5da365a010bbced50e.gif"},"point":496},{"user":{"uid":211,"userid":160,"name":"human?","avatar":"https://cdn.discordapp.com/avatars/698752151073194015/e626fce336d1295ab98959c084394e8b.png"},"point":473},{"user":{"uid":364,"userid":215,"name":"[MCG] Danish_v8","avatar":"https://static.truckersmp.com/avatarsN/3882826.1651322428.jpg"},"point":437},{"user":{"uid":26,"userid":30,"name":"RealVladilena","avatar":"https://cdn.discordapp.com/avatars/304356725618769920/abca6f1d04bfec407e13d0a394f9fcc4.png"},"point":331},{"user":{"uid":81,"userid":98,"name":"jardi81","avatar":""},"point":264},{"user":{"uid":16,"userid":19,"name":"Tom","avatar":"https://cdn.discordapp.com/avatars/306758358092742657/7dbf9c7d7d722293be630bfec34dd631.png"},"point":135}],"fma":[{"user":{"uid":96,"userid":120,"name":"Pattarapon","avatar":"https://cdn.discordapp.com/avatars/687263407417720832/a_b7ede9d49dc998aecb68c07992055092.gif"},"point":4203},{"user":{"uid":65,"userid":72,"name":"Pai48259","avatar":"https://cdn.discordapp.com/avatars/708684150382526577/f7191bb359d3f075d7e0b7d27f1ba11f.png"},"point":3134},{"user":{"uid":75,"userid":87,"name":"Divaice","avatar":"https://cdn.discordapp.com/avatars/442566760277868546/036f730b9f21ac80ae369dbbaa692664.png"},"point":2882},{"user":{"uid":14,"userid":15,"name":"Cel","avatar":"https://cdn.discordapp.com/avatars/388906563043065861/ea2e630b6ace3b5676e334f4f61e039f.png"},"point":1728},{"user":{"uid":337,"userid":208,"name":"Dr. Stevo","avatar":"https://cdn.discordapp.com/avatars/603859936434323456/a_8fb3ef826c61fa9bc1445843af78a75f.gif"},"point":1519},{"user":{"uid":8,"userid":9,"name":"Fitri10","avatar":"https://cdn.discordapp.com/avatars/537228046948892683/c88172513c19d6145de568e720da3b0a.png"},"point":1329},{"user":{"uid":409,"userid":226,"name":"𝙽𝙴𝚆𝚃𝚈𝙿𝙴𝚂","avatar":"https://cdn.discordapp.com/avatars/624501922531115019/720e6c9072e99985cd234df4183376af.png"},"point":1248},{"user":{"uid":19,"userid":22,"name":"Garmy","avatar":"https://cdn.discordapp.com/avatars/537294435617341451/19dfb744f41be1bc27dafe27f13a2b26.png"},"point":1130},{"user":{"uid":341,"userid":211,"name":"thanhhuy","avatar":"https://cdn.discordapp.com/avatars/440698992041525260/ef5aaadaa5bf0c9256cd5d61eb370755.png"},"point":643},{"user":{"uid":202,"userid":154,"name":"i'm J clarkson","avatar":"https://cdn.discordapp.com/avatars/690586123952586792/80cf82fd6950b61379dce9612d1f7034.png"},"point":528},{"user":{"uid":15,"userid":17,"name":"Aashraye","avatar":"https://cdn.discordapp.com/avatars/514799622510739456/a_9fa635cb53a66b5da365a010bbced50e.gif"},"point":496},{"user":{"uid":211,"userid":160,"name":"human?","avatar":"https://cdn.discordapp.com/avatars/698752151073194015/e626fce336d1295ab98959c084394e8b.png"},"point":473},{"user":{"uid":364,"userid":215,"name":"[MCG] Danish_v8","avatar":"https://static.truckersmp.com/avatarsN/3882826.1651322428.jpg"},"point":437},{"user":{"uid":26,"userid":30,"name":"RealVladilena","avatar":"https://cdn.discordapp.com/avatars/304356725618769920/abca6f1d04bfec407e13d0a394f9fcc4.png"},"point":331},{"user":{"uid":81,"userid":98,"name":"jardi81","avatar":""},"point":264},{"user":{"uid":16,"userid":19,"name":"Tom","avatar":"https://cdn.discordapp.com/avatars/306758358092742657/7dbf9c7d7d722293be630bfec34dd631.png"},"point":135}]}