{"fmd":[{"user":{"uid":12,"userid":11,"name":"Fate | OMAR IBRAHIM","avatar":"https://cdn.discordapp.com/avatars/817042346188472330/4613a8261bf809a23cc03ccfd30fdf2c.png"},"point":5249},{"user":{"uid":20,"userid":18,"name":"Fate | 𝑬𝑩𝑵 𝒀𝑨𝑺𝑺𝑰𝑬𝑵","avatar":"https://cdn.discordapp.com/avatars/810634801371021312/9eb6c2d42cc4c8fdef9d67fb34e3664b.png"},"point":3736},{"user":{"uid":33,"userid":29,"name":"Fate | SAFA7","avatar":"https://cdn.discordapp.com/avatars/1183883596218499104/a_cd5afb3810d17999696754471f320595.gif"},"point":3222},{"user":{"uid":48,"userid":44,"name":"Fate | Mohamed Mostafa","avatar":"https://cdn.discordapp.com/avatars/1150961957206249502/e94b2eb56c16b7e8058c0a9c86787769.png"},"point":1605},{"user":{"uid":31,"userid":26,"name":"Fate | A.Essam [Vigas]","avatar":"https://cdn.discordapp.com/avatars/294551453568073728/d55499a6f2bb80064a83be06838ab062.png"},"point":1474},{"user":{"uid":11,"userid":10,"name":"ALI_ALARAFEEN","avatar":"https://static.truckersmp.com/avatarsN/3548432.1702237396.png"},"point":977},{"user":{"uid":30,"userid":51,"name":"Fate | 𝐀𝟕𝐌𝐃","avatar":"https://cdn.discordapp.com/avatars/628558790945407006/eec4750de10fc050f72251a0bba33c4f.png"},"point":592},{"user":{"uid":49,"userid":45,"name":"BOYKA K.M","avatar":"https://cdn.discordapp.com/avatars/1165376827376799754/ca70e777a8502d11a67202b17fdb8fb3.png"},"point":576}],"fma":[{"user":{"uid":12,"userid":11,"name":"Fate | OMAR IBRAHIM","avatar":"https://cdn.discordapp.com/avatars/817042346188472330/4613a8261bf809a23cc03ccfd30fdf2c.png"},"point":5249},{"user":{"uid":20,"userid":18,"name":"Fate | 𝑬𝑩𝑵 𝒀𝑨𝑺𝑺𝑰𝑬𝑵","avatar":"https://cdn.discordapp.com/avatars/810634801371021312/9eb6c2d42cc4c8fdef9d67fb34e3664b.png"},"point":3736},{"user":{"uid":33,"userid":29,"name":"Fate | SAFA7","avatar":"https://cdn.discordapp.com/avatars/1183883596218499104/a_cd5afb3810d17999696754471f320595.gif"},"point":3222},{"user":{"uid":48,"userid":44,"name":"Fate | Mohamed Mostafa","avatar":"https://cdn.discordapp.com/avatars/1150961957206249502/e94b2eb56c16b7e8058c0a9c86787769.png"},"point":1705},{"user":{"uid":31,"userid":26,"name":"Fate | A.Essam [Vigas]","avatar":"https://cdn.discordapp.com/avatars/294551453568073728/d55499a6f2bb80064a83be06838ab062.png"},"point":1474},{"user":{"uid":11,"userid":10,"name":"ALI_ALARAFEEN","avatar":"https://static.truckersmp.com/avatarsN/3548432.1702237396.png"},"point":977},{"user":{"uid":49,"userid":45,"name":"BOYKA K.M","avatar":"https://cdn.discordapp.com/avatars/1165376827376799754/ca70e777a8502d11a67202b17fdb8fb3.png"},"point":676},{"user":{"uid":30,"userid":51,"name":"Fate | 𝐀𝟕𝐌𝐃","avatar":"https://cdn.discordapp.com/avatars/628558790945407006/eec4750de10fc050f72251a0bba33c4f.png"},"point":592}]}