{"fmd":[{"user":{"uid":36,"userid":82,"name":"SchakalGER","avatar":"https://cdn.discordapp.com/avatars/328243784703803413/0815cbf6b00e890a8030cd7d0042d596.png"},"point":17132},{"user":{"uid":85,"userid":76,"name":"BratPfanne","avatar":"https://cdn.discordapp.com/avatars/280066593428340739/935c5dc2cac4ab6850284f71bacf7134.png"},"point":10189},{"user":{"uid":43,"userid":31,"name":"[GER]Christian","avatar":"https://static.truckersmp.com/avatarsN/196694.1705792859.png"},"point":5713},{"user":{"uid":175,"userid":155,"name":"Desomazu","avatar":"https://cdn.discordapp.com/avatars/920735509251248139/72b5adb5b663ffeedbb767832a878772.png"},"point":4771},{"user":{"uid":50,"userid":41,"name":"Schnitzel.","avatar":"https://cdn.discordapp.com/avatars/690570896557211658/ae7d3f32a78a923191f8d72c0cf40ce3.png"},"point":4634},{"user":{"uid":269,"userid":225,"name":"Kevo","avatar":"https://cdn.discordapp.com/avatars/1043231955954704457/None.png"},"point":3998},{"user":{"uid":194,"userid":188,"name":"[FLG] derMicha","avatar":"https://cdn.discordapp.com/avatars/951482086072660018/6f6fb9e5f328bec8c769d872bed5109a.png"},"point":3721},{"user":{"uid":264,"userid":219,"name":"muc_gamingTV","avatar":"https://cdn.discordapp.com/avatars/1144727814604591235/50ab7e6ec3243b4bebaef4b184502e77.png"},"point":3475},{"user":{"uid":148,"userid":145,"name":"weisserkreuzer","avatar":"https://cdn.discordapp.com/avatars/303094283752308737/651be3b81b2b904cd1112f8501fd2e49.png"},"point":2878},{"user":{"uid":61,"userid":75,"name":"𝕲𝖍𝖔𝖘𝖙𝖕𝖆𝖚𝖑𝖔𝖔","avatar":"https://cdn.discordapp.com/avatars/964420212864741376/e8283a2f908472c913999fda7149c790.png"},"point":2859},{"user":{"uid":284,"userid":236,"name":"Jxn-_-R","avatar":"https://cdn.discordapp.com/avatars/523139889143742465/3db04443daf44dfb7c3a3db7e8765d00.png"},"point":2765},{"user":{"uid":275,"userid":229,"name":"ByEnderman_HD","avatar":"https://cdn.discordapp.com/avatars/664529284043636767/6b9fb4edd1d2c073428b956ede3c7228.png"},"point":2680},{"user":{"uid":47,"userid":40,"name":"Nerikan","avatar":"https://cdn.discordapp.com/avatars/501777572112367638/93b7d985e53cc4f12b14f7394dda3e82.png"},"point":2652},{"user":{"uid":118,"userid":112,"name":"KartoffelsackAUT","avatar":"https://cdn.discordapp.com/avatars/356200668513697803/b25e3d4366d3df16b93d5b8b49a98c24.png"},"point":2544},{"user":{"uid":18,"userid":16,"name":"teufelsfrucht","avatar":"https://cdn.discordapp.com/avatars/910595374702551050/061f37845160435b7e85a1e913491524.png"},"point":2457},{"user":{"uid":19,"userid":17,"name":"Tim13","avatar":"https://cdn.discordapp.com/avatars/932250744386617376/dba03c47053a9fb2a07ede96971bc97a.png"},"point":2323},{"user":{"uid":54,"userid":52,"name":"Fleiing","avatar":"https://cdn.discordapp.com/avatars/893916261011054612/18cfd8b3c9b3852ca32a9741050ab87c.png"},"point":2292},{"user":{"uid":93,"userid":79,"name":"Starvin Marvin","avatar":"https://cdn.discordapp.com/avatars/616564166379044893/597930cdaf15fb1a0044037d135a7ceb.png"},"point":2259},{"user":{"uid":157,"userid":141,"name":"DerBackfisch","avatar":"https://cdn.discordapp.com/avatars/838683261244407809/237604f013fdfa84b60f5246e2249e04.png"},"point":1660},{"user":{"uid":192,"userid":218,"name":"Pepe7530","avatar":"https://cdn.discordapp.com/avatars/264676607032033280/162a9ff3830854a226bbd190e2ad07ff.png"},"point":1566},{"user":{"uid":161,"userid":143,"name":"Mikazu","avatar":"https://cdn.discordapp.com/avatars/705875203997302805/f4c1333cc4ccef01fedcb199ed314627.png"},"point":1447},{"user":{"uid":199,"userid":185,"name":"Silica Karun","avatar":"https://cdn.discordapp.com/avatars/1007238293844414485/079f1c62caf0da0b3896a4cdf474c896.png"},"point":1424},{"user":{"uid":13,"userid":11,"name":"Dignity.","avatar":"https://static.truckersmp.com/avatarsN/4603971.1691867837.png"},"point":1276},{"user":{"uid":1,"userid":1,"name":"Feyfar","avatar":"https://cdn.discordapp.com/avatars/513424125239230466/e720ef1e3ff385e1c8577fdf1754b7d3.png"},"point":1274},{"user":{"uid":59,"userid":48,"name":"Patrick","avatar":"https://cdn.discordapp.com/avatars/408688712223031306/0cfcbf6ba2fb06d7f4ef39a9d5f8f496.png"},"point":1273},{"user":{"uid":214,"userid":179,"name":"Scottypols34","avatar":"https://cdn.discordapp.com/avatars/496307919449751582/76c3a93cea01c41856b26954db5f44e4.png"},"point":1272},{"user":{"uid":12,"userid":10,"name":"Tchabalala/Axel","avatar":"https://cdn.discordapp.com/avatars/336794680454938624/c949fc0ae2a0b67356a833b7f2dfb640.png"},"point":1270},{"user":{"uid":254,"userid":213,"name":"The_Real_Gamer99 aka Dennis","avatar":"https://cdn.discordapp.com/avatars/554000761282101278/1ea474a64a4a48fe86c2190b8b78bcd0.png"},"point":1237},{"user":{"uid":119,"userid":105,"name":"annoxz","avatar":"https://cdn.discordapp.com/avatars/584497248767967263/dc4e3f991aba525ca4839013723063de.png"},"point":1158},{"user":{"uid":271,"userid":226,"name":"HUNDabc","avatar":"https://cdn.discordapp.com/avatars/1217559937761415349/5cd1c0be937399ad7c92aad2cdf437ab.png"},"point":1106},{"user":{"uid":68,"userid":57,"name":"Anthonyaski","avatar":"https://cdn.discordapp.com/avatars/334780188703588362/4af94601e420a28c570fce2b038e0b23.png"},"point":1064},{"user":{"uid":58,"userid":45,"name":"Knirpsi","avatar":"https://cdn.discordapp.com/avatars/680795972275666957/83cbd46025e4c642396e78b1fb4a60d0.png"},"point":989},{"user":{"uid":244,"userid":200,"name":"Mike_Sniedi","avatar":""},"point":793},{"user":{"uid":280,"userid":232,"name":"LuisDev","avatar":"https://static.truckersmp.com/avatarsN/defaultavatar.png"},"point":542},{"user":{"uid":142,"userid":130,"name":"PixelXplorer","avatar":"https://cdn.discordapp.com/avatars/337590936781455360/b26cac88eda174a820df9ff1be3ca36d.png"},"point":442},{"user":{"uid":240,"userid":197,"name":"Ch0nkStar","avatar":"https://cdn.discordapp.com/avatars/212670507818942466/753c344b19dc0a3deb263d03c3e3c92a.png"},"point":440},{"user":{"uid":90,"userid":92,"name":"Truck Driver(GER)","avatar":"https://cdn.discordapp.com/avatars/697753575450738759/7fd627982dc1053d0feca23ee052e524.png"},"point":418},{"user":{"uid":15,"userid":13,"name":"garry","avatar":"https://cdn.discordapp.com/avatars/211197631114903562/01398155d0c7274a8a5924059231f00c.png"},"point":412},{"user":{"uid":143,"userid":128,"name":"SchnellerFuchs","avatar":"https://static.truckersmp.com/avatarsN/1121622.1706114410.png"},"point":303},{"user":{"uid":139,"userid":127,"name":"SturmNudelLP (PC)","avatar":"https://cdn.discordapp.com/avatars/686996505550258225/9fdc874a2ccce42bee7c48ef3ab9c80a.png"},"point":302},{"user":{"uid":141,"userid":196,"name":"MAX294","avatar":"https://cdn.discordapp.com/avatars/488323894831349760/f0ffd3875b74459d0656375b17aa0e6d.png"},"point":302},{"user":{"uid":159,"userid":142,"name":"FlorianMeixner","avatar":"https://static.truckersmp.com/avatarsN/2384998.1706452577.png"},"point":68},{"user":{"uid":145,"userid":131,"name":"JustAsLife","avatar":"https://cdn.discordapp.com/avatars/608290753113882644/268784d9ec48fef12c44c1e252410926.png"},"point":62},{"user":{"uid":52,"userid":83,"name":"einBulldog","avatar":"https://cdn.discordapp.com/avatars/709137463179870340/93686299097cbd934e49af0c878dcb25.png"},"point":0},{"user":{"uid":207,"userid":176,"name":"Kerem6455","avatar":"https://cdn.discordapp.com/avatars/461142458655571979/385a249f1f7f04dcf08a40e07925c860.png"},"point":0}],"fma":[{"user":{"uid":36,"userid":82,"name":"SchakalGER","avatar":"https://cdn.discordapp.com/avatars/328243784703803413/0815cbf6b00e890a8030cd7d0042d596.png"},"point":17132},{"user":{"uid":85,"userid":76,"name":"BratPfanne","avatar":"https://cdn.discordapp.com/avatars/280066593428340739/935c5dc2cac4ab6850284f71bacf7134.png"},"point":10189},{"user":{"uid":43,"userid":31,"name":"[GER]Christian","avatar":"https://static.truckersmp.com/avatarsN/196694.1705792859.png"},"point":5713},{"user":{"uid":175,"userid":155,"name":"Desomazu","avatar":"https://cdn.discordapp.com/avatars/920735509251248139/72b5adb5b663ffeedbb767832a878772.png"},"point":4771},{"user":{"uid":50,"userid":41,"name":"Schnitzel.","avatar":"https://cdn.discordapp.com/avatars/690570896557211658/ae7d3f32a78a923191f8d72c0cf40ce3.png"},"point":4634},{"user":{"uid":269,"userid":225,"name":"Kevo","avatar":"https://cdn.discordapp.com/avatars/1043231955954704457/None.png"},"point":3998},{"user":{"uid":194,"userid":188,"name":"[FLG] derMicha","avatar":"https://cdn.discordapp.com/avatars/951482086072660018/6f6fb9e5f328bec8c769d872bed5109a.png"},"point":3721},{"user":{"uid":264,"userid":219,"name":"muc_gamingTV","avatar":"https://cdn.discordapp.com/avatars/1144727814604591235/50ab7e6ec3243b4bebaef4b184502e77.png"},"point":3475},{"user":{"uid":148,"userid":145,"name":"weisserkreuzer","avatar":"https://cdn.discordapp.com/avatars/303094283752308737/651be3b81b2b904cd1112f8501fd2e49.png"},"point":2878},{"user":{"uid":61,"userid":75,"name":"𝕲𝖍𝖔𝖘𝖙𝖕𝖆𝖚𝖑𝖔𝖔","avatar":"https://cdn.discordapp.com/avatars/964420212864741376/e8283a2f908472c913999fda7149c790.png"},"point":2859},{"user":{"uid":284,"userid":236,"name":"Jxn-_-R","avatar":"https://cdn.discordapp.com/avatars/523139889143742465/3db04443daf44dfb7c3a3db7e8765d00.png"},"point":2765},{"user":{"uid":275,"userid":229,"name":"ByEnderman_HD","avatar":"https://cdn.discordapp.com/avatars/664529284043636767/6b9fb4edd1d2c073428b956ede3c7228.png"},"point":2680},{"user":{"uid":47,"userid":40,"name":"Nerikan","avatar":"https://cdn.discordapp.com/avatars/501777572112367638/93b7d985e53cc4f12b14f7394dda3e82.png"},"point":2652},{"user":{"uid":118,"userid":112,"name":"KartoffelsackAUT","avatar":"https://cdn.discordapp.com/avatars/356200668513697803/b25e3d4366d3df16b93d5b8b49a98c24.png"},"point":2544},{"user":{"uid":18,"userid":16,"name":"teufelsfrucht","avatar":"https://cdn.discordapp.com/avatars/910595374702551050/061f37845160435b7e85a1e913491524.png"},"point":2457},{"user":{"uid":19,"userid":17,"name":"Tim13","avatar":"https://cdn.discordapp.com/avatars/932250744386617376/dba03c47053a9fb2a07ede96971bc97a.png"},"point":2323},{"user":{"uid":54,"userid":52,"name":"Fleiing","avatar":"https://cdn.discordapp.com/avatars/893916261011054612/18cfd8b3c9b3852ca32a9741050ab87c.png"},"point":2292},{"user":{"uid":93,"userid":79,"name":"Starvin Marvin","avatar":"https://cdn.discordapp.com/avatars/616564166379044893/597930cdaf15fb1a0044037d135a7ceb.png"},"point":2259},{"user":{"uid":157,"userid":141,"name":"DerBackfisch","avatar":"https://cdn.discordapp.com/avatars/838683261244407809/237604f013fdfa84b60f5246e2249e04.png"},"point":1660},{"user":{"uid":192,"userid":218,"name":"Pepe7530","avatar":"https://cdn.discordapp.com/avatars/264676607032033280/162a9ff3830854a226bbd190e2ad07ff.png"},"point":1566},{"user":{"uid":161,"userid":143,"name":"Mikazu","avatar":"https://cdn.discordapp.com/avatars/705875203997302805/f4c1333cc4ccef01fedcb199ed314627.png"},"point":1447},{"user":{"uid":199,"userid":185,"name":"Silica Karun","avatar":"https://cdn.discordapp.com/avatars/1007238293844414485/079f1c62caf0da0b3896a4cdf474c896.png"},"point":1424},{"user":{"uid":13,"userid":11,"name":"Dignity.","avatar":"https://static.truckersmp.com/avatarsN/4603971.1691867837.png"},"point":1276},{"user":{"uid":1,"userid":1,"name":"Feyfar","avatar":"https://cdn.discordapp.com/avatars/513424125239230466/e720ef1e3ff385e1c8577fdf1754b7d3.png"},"point":1274},{"user":{"uid":59,"userid":48,"name":"Patrick","avatar":"https://cdn.discordapp.com/avatars/408688712223031306/0cfcbf6ba2fb06d7f4ef39a9d5f8f496.png"},"point":1273},{"user":{"uid":214,"userid":179,"name":"Scottypols34","avatar":"https://cdn.discordapp.com/avatars/496307919449751582/76c3a93cea01c41856b26954db5f44e4.png"},"point":1272},{"user":{"uid":12,"userid":10,"name":"Tchabalala/Axel","avatar":"https://cdn.discordapp.com/avatars/336794680454938624/c949fc0ae2a0b67356a833b7f2dfb640.png"},"point":1270},{"user":{"uid":254,"userid":213,"name":"The_Real_Gamer99 aka Dennis","avatar":"https://cdn.discordapp.com/avatars/554000761282101278/1ea474a64a4a48fe86c2190b8b78bcd0.png"},"point":1237},{"user":{"uid":119,"userid":105,"name":"annoxz","avatar":"https://cdn.discordapp.com/avatars/584497248767967263/dc4e3f991aba525ca4839013723063de.png"},"point":1158},{"user":{"uid":271,"userid":226,"name":"HUNDabc","avatar":"https://cdn.discordapp.com/avatars/1217559937761415349/5cd1c0be937399ad7c92aad2cdf437ab.png"},"point":1106},{"user":{"uid":68,"userid":57,"name":"Anthonyaski","avatar":"https://cdn.discordapp.com/avatars/334780188703588362/4af94601e420a28c570fce2b038e0b23.png"},"point":1064},{"user":{"uid":58,"userid":45,"name":"Knirpsi","avatar":"https://cdn.discordapp.com/avatars/680795972275666957/83cbd46025e4c642396e78b1fb4a60d0.png"},"point":989},{"user":{"uid":244,"userid":200,"name":"Mike_Sniedi","avatar":""},"point":793},{"user":{"uid":280,"userid":232,"name":"LuisDev","avatar":"https://static.truckersmp.com/avatarsN/defaultavatar.png"},"point":542},{"user":{"uid":142,"userid":130,"name":"PixelXplorer","avatar":"https://cdn.discordapp.com/avatars/337590936781455360/b26cac88eda174a820df9ff1be3ca36d.png"},"point":442},{"user":{"uid":240,"userid":197,"name":"Ch0nkStar","avatar":"https://cdn.discordapp.com/avatars/212670507818942466/753c344b19dc0a3deb263d03c3e3c92a.png"},"point":440},{"user":{"uid":90,"userid":92,"name":"Truck Driver(GER)","avatar":"https://cdn.discordapp.com/avatars/697753575450738759/7fd627982dc1053d0feca23ee052e524.png"},"point":418},{"user":{"uid":15,"userid":13,"name":"garry","avatar":"https://cdn.discordapp.com/avatars/211197631114903562/01398155d0c7274a8a5924059231f00c.png"},"point":412},{"user":{"uid":143,"userid":128,"name":"SchnellerFuchs","avatar":"https://static.truckersmp.com/avatarsN/1121622.1706114410.png"},"point":303},{"user":{"uid":139,"userid":127,"name":"SturmNudelLP (PC)","avatar":"https://cdn.discordapp.com/avatars/686996505550258225/9fdc874a2ccce42bee7c48ef3ab9c80a.png"},"point":302},{"user":{"uid":141,"userid":196,"name":"MAX294","avatar":"https://cdn.discordapp.com/avatars/488323894831349760/f0ffd3875b74459d0656375b17aa0e6d.png"},"point":302},{"user":{"uid":159,"userid":142,"name":"FlorianMeixner","avatar":"https://static.truckersmp.com/avatarsN/2384998.1706452577.png"},"point":68},{"user":{"uid":145,"userid":131,"name":"JustAsLife","avatar":"https://cdn.discordapp.com/avatars/608290753113882644/268784d9ec48fef12c44c1e252410926.png"},"point":62},{"user":{"uid":52,"userid":83,"name":"einBulldog","avatar":"https://cdn.discordapp.com/avatars/709137463179870340/93686299097cbd934e49af0c878dcb25.png"},"point":0},{"user":{"uid":207,"userid":176,"name":"Kerem6455","avatar":"https://cdn.discordapp.com/avatars/461142458655571979/385a249f1f7f04dcf08a40e07925c860.png"},"point":0}]}