{"fmd":[{"user":{"uid":3,"userid":2,"name":"GB |     M.Faruk {21}","avatar":"https://cdn.discordapp.com/avatars/284769507271245825/a_f4d7f890b3d45b4fcc2acc412335e13a.gif"},"point":1551},{"user":{"uid":13,"userid":13,"name":"LOA | Caner [40]","avatar":"https://cdn.discordapp.com/avatars/644261578392469534/fbb3347356714ef7d3ab0443c54c3929.png"},"point":1216},{"user":{"uid":2,"userid":1,"name":"GB  |     Berk {21}","avatar":"https://cdn.discordapp.com/avatars/330696848287334403/8d3c616cf75dae71fec381be7f32d1ca.png"},"point":474}],"fma":[{"user":{"uid":3,"userid":2,"name":"GB |     M.Faruk {21}","avatar":"https://cdn.discordapp.com/avatars/284769507271245825/a_f4d7f890b3d45b4fcc2acc412335e13a.gif"},"point":1804},{"user":{"uid":13,"userid":13,"name":"LOA | Caner [40]","avatar":"https://cdn.discordapp.com/avatars/644261578392469534/fbb3347356714ef7d3ab0443c54c3929.png"},"point":1429},{"user":{"uid":2,"userid":1,"name":"GB  |     Berk {21}","avatar":"https://cdn.discordapp.com/avatars/330696848287334403/8d3c616cf75dae71fec381be7f32d1ca.png"},"point":474}]}