{"fmd":[{"user":{"uid":610,"userid":491,"name":"zaytoven","avatar":"https://cdn.discordapp.com/avatars/386555958685335563/fbeb103a96e2b3811c54d70f59a6ea9d.png"},"point":5917},{"user":{"uid":551,"userid":448,"name":"Capt_Tom","avatar":"https://cdn.discordapp.com/avatars/1189926623739400235/76a1784b7640fe89bfca945587db07e3.png"},"point":5065},{"user":{"uid":25,"userid":96,"name":"[G-T-R]GrayWolf","avatar":"https://cdn.discordapp.com/avatars/463049453067173888/93e0f855de1c1bcdf6924d45b1789338.png"},"point":2091},{"user":{"uid":603,"userid":484,"name":"VJvijey","avatar":"https://cdn.discordapp.com/avatars/501001074782502912/25abb23bf0c24c97bf14a72fc880b1da.png"},"point":2035},{"user":{"uid":516,"userid":417,"name":"Ravsh1k","avatar":"https://cdn.discordapp.com/avatars/901846074740858890/775a54f0f101fa2eb9b9fb54ad87ce55.png"},"point":1990},{"user":{"uid":312,"userid":263,"name":"Enrikas15","avatar":"https://cdn.discordapp.com/avatars/924617012926365736/48f337c0b8d40a3b4b5d412c0dcffe9b.png"},"point":1988},{"user":{"uid":596,"userid":480,"name":"proximirones","avatar":"https://cdn.discordapp.com/avatars/830886800398221393/0a65872022ee1b3452cc03b312d8a67c.png"},"point":1610},{"user":{"uid":615,"userid":493,"name":"darkallstar","avatar":"https://cdn.discordapp.com/avatars/332260706403483650/84f2bc9de1dfaec4b2e862b1a80682e9.png"},"point":1507},{"user":{"uid":427,"userid":353,"name":"Versthappening","avatar":"https://cdn.discordapp.com/avatars/851032564801077258/b6762130b06d88078b10d519887e731b.png"},"point":1388},{"user":{"uid":391,"userid":329,"name":"Джеспер","avatar":"https://cdn.discordapp.com/avatars/632239961994821680/d4a0d65db94bed39bb7ee26b80fc9ddd.png"},"point":1331},{"user":{"uid":586,"userid":472,"name":"glacier","avatar":"https://cdn.discordapp.com/avatars/943781141910024193/ba217232bb42c8653d3dd3e9c90dbc21.png"},"point":1179},{"user":{"uid":608,"userid":489,"name":"Dylan aka Scott","avatar":"https://cdn.discordapp.com/avatars/287978186732732416/269da0519b0fb3b455df1752ceec3171.png"},"point":1105},{"user":{"uid":49,"userid":155,"name":"𝕃𝕖𝕝𝕖","avatar":"https://cdn.discordapp.com/avatars/757581408763117579/a_cf5a82651ba541430cbe22ba7b4174dd.gif"},"point":966},{"user":{"uid":402,"userid":337,"name":"viriusek","avatar":"https://cdn.discordapp.com/avatars/814466964918370305/4491219e03ffb01a401aa3b5d09ad470.png"},"point":914},{"user":{"uid":595,"userid":479,"name":"Championrub","avatar":"https://cdn.discordapp.com/avatars/811982277474123786/57632d6c13f4de8235b03acd0aba016e.png"},"point":798},{"user":{"uid":579,"userid":466,"name":"pieter.64","avatar":"https://cdn.discordapp.com/avatars/324877891852828683/00632119b31752fcb8171bbb4279d1f8.png"},"point":731},{"user":{"uid":396,"userid":331,"name":"Lucas","avatar":"https://cdn.discordapp.com/avatars/1004644388888117258/40f0905fcd22843d4e831fa18fc7576d.png"},"point":510},{"user":{"uid":599,"userid":482,"name":"dood51","avatar":"https://cdn.discordapp.com/avatars/1215977765778489364/e2e4afccd7e82bb48dc1b4e183cb9feb.png"},"point":240},{"user":{"uid":609,"userid":490,"name":"ralkinvx","avatar":"https://cdn.discordapp.com/avatars/626276063609225221/cdf27d657698337dc22e9a4ba4736900.png"},"point":170},{"user":{"uid":582,"userid":470,"name":"BelievedMoney87","avatar":"https://cdn.discordapp.com/avatars/709197432940003389/a0997e5f44e61d454aa00b808b09299c.png"},"point":2},{"user":{"uid":524,"userid":429,"name":"Random homeless guy","avatar":"https://cdn.discordapp.com/avatars/1094680917890580570/c898280079ab4c93a0e9bea98b2ecfb6.png"},"point":0},{"user":{"uid":539,"userid":436,"name":"Pyrozen","avatar":"https://cdn.discordapp.com/avatars/161364596987265024/a_5fb233aca7be875c38d65789539f1b87.gif"},"point":0}],"fma":[{"user":{"uid":610,"userid":491,"name":"zaytoven","avatar":"https://cdn.discordapp.com/avatars/386555958685335563/fbeb103a96e2b3811c54d70f59a6ea9d.png"},"point":5917},{"user":{"uid":551,"userid":448,"name":"Capt_Tom","avatar":"https://cdn.discordapp.com/avatars/1189926623739400235/76a1784b7640fe89bfca945587db07e3.png"},"point":5065},{"user":{"uid":25,"userid":96,"name":"[G-T-R]GrayWolf","avatar":"https://cdn.discordapp.com/avatars/463049453067173888/93e0f855de1c1bcdf6924d45b1789338.png"},"point":3431},{"user":{"uid":516,"userid":417,"name":"Ravsh1k","avatar":"https://cdn.discordapp.com/avatars/901846074740858890/775a54f0f101fa2eb9b9fb54ad87ce55.png"},"point":2303},{"user":{"uid":312,"userid":263,"name":"Enrikas15","avatar":"https://cdn.discordapp.com/avatars/924617012926365736/48f337c0b8d40a3b4b5d412c0dcffe9b.png"},"point":2088},{"user":{"uid":603,"userid":484,"name":"VJvijey","avatar":"https://cdn.discordapp.com/avatars/501001074782502912/25abb23bf0c24c97bf14a72fc880b1da.png"},"point":2035},{"user":{"uid":596,"userid":480,"name":"proximirones","avatar":"https://cdn.discordapp.com/avatars/830886800398221393/0a65872022ee1b3452cc03b312d8a67c.png"},"point":1610},{"user":{"uid":615,"userid":493,"name":"darkallstar","avatar":"https://cdn.discordapp.com/avatars/332260706403483650/84f2bc9de1dfaec4b2e862b1a80682e9.png"},"point":1507},{"user":{"uid":427,"userid":353,"name":"Versthappening","avatar":"https://cdn.discordapp.com/avatars/851032564801077258/b6762130b06d88078b10d519887e731b.png"},"point":1388},{"user":{"uid":391,"userid":329,"name":"Джеспер","avatar":"https://cdn.discordapp.com/avatars/632239961994821680/d4a0d65db94bed39bb7ee26b80fc9ddd.png"},"point":1331},{"user":{"uid":586,"userid":472,"name":"glacier","avatar":"https://cdn.discordapp.com/avatars/943781141910024193/ba217232bb42c8653d3dd3e9c90dbc21.png"},"point":1179},{"user":{"uid":608,"userid":489,"name":"Dylan aka Scott","avatar":"https://cdn.discordapp.com/avatars/287978186732732416/269da0519b0fb3b455df1752ceec3171.png"},"point":1105},{"user":{"uid":49,"userid":155,"name":"𝕃𝕖𝕝𝕖","avatar":"https://cdn.discordapp.com/avatars/757581408763117579/a_cf5a82651ba541430cbe22ba7b4174dd.gif"},"point":966},{"user":{"uid":402,"userid":337,"name":"viriusek","avatar":"https://cdn.discordapp.com/avatars/814466964918370305/4491219e03ffb01a401aa3b5d09ad470.png"},"point":914},{"user":{"uid":595,"userid":479,"name":"Championrub","avatar":"https://cdn.discordapp.com/avatars/811982277474123786/57632d6c13f4de8235b03acd0aba016e.png"},"point":798},{"user":{"uid":579,"userid":466,"name":"pieter.64","avatar":"https://cdn.discordapp.com/avatars/324877891852828683/00632119b31752fcb8171bbb4279d1f8.png"},"point":731},{"user":{"uid":396,"userid":331,"name":"Lucas","avatar":"https://cdn.discordapp.com/avatars/1004644388888117258/40f0905fcd22843d4e831fa18fc7576d.png"},"point":510},{"user":{"uid":599,"userid":482,"name":"dood51","avatar":"https://cdn.discordapp.com/avatars/1215977765778489364/e2e4afccd7e82bb48dc1b4e183cb9feb.png"},"point":240},{"user":{"uid":609,"userid":490,"name":"ralkinvx","avatar":"https://cdn.discordapp.com/avatars/626276063609225221/cdf27d657698337dc22e9a4ba4736900.png"},"point":170},{"user":{"uid":582,"userid":470,"name":"BelievedMoney87","avatar":"https://cdn.discordapp.com/avatars/709197432940003389/a0997e5f44e61d454aa00b808b09299c.png"},"point":2},{"user":{"uid":524,"userid":429,"name":"Random homeless guy","avatar":"https://cdn.discordapp.com/avatars/1094680917890580570/c898280079ab4c93a0e9bea98b2ecfb6.png"},"point":0},{"user":{"uid":539,"userid":436,"name":"Pyrozen","avatar":"https://cdn.discordapp.com/avatars/161364596987265024/a_5fb233aca7be875c38d65789539f1b87.gif"},"point":0}]}