{"fmd":[{"user":{"uid":28,"userid":23,"name":"(CEO) Pete (DND)","avatar":"https://cdn.discordapp.com/avatars/316660255872516106/8a2dca3b679afae90df18edc44b1584c.png"},"point":3746},{"user":{"uid":181,"userid":153,"name":"(DRT) Valis__","avatar":"https://cdn.discordapp.com/avatars/234744539003355146/4da0e3c52afa03968509d0d17c8dde46.png"},"point":2703},{"user":{"uid":175,"userid":148,"name":"(DR) Prestimoin","avatar":"https://cdn.discordapp.com/avatars/635946792143421472/3d42f6ebd096c1bb1a69d2314f316763.png"},"point":2586},{"user":{"uid":180,"userid":152,"name":"(DRT) Fredm240i (TeslaTrucker08)","avatar":"https://cdn.discordapp.com/avatars/862380226965143572/310ea0bf4a810f46994ad13a581aa357.png"},"point":2193},{"user":{"uid":178,"userid":150,"name":"(DRT) ferroequinology","avatar":"https://cdn.discordapp.com/avatars/791319343233368074/36a840b8aafa5e7f6cae3e0569604aaf.png"},"point":2128},{"user":{"uid":1,"userid":0,"name":"(Owner) Essex","avatar":"https://cdn.discordapp.com/avatars/986728515892285461/a_c4301bd78f1d1d60c25f66672af89a9a.gif"},"point":1863},{"user":{"uid":137,"userid":111,"name":"[LOA] (DR) The Fallen","avatar":"https://cdn.discordapp.com/avatars/365176026872938506/e3a0fb6fc3e046f79a25a0bee6311616.png"},"point":1534},{"user":{"uid":6,"userid":3,"name":"(Co Owner) Angry Raptor","avatar":"https://cdn.discordapp.com/avatars/474484979548815360/6347a182410a674dfb6f831275c1b803.png"},"point":1515},{"user":{"uid":118,"userid":96,"name":"(DR) ST1G","avatar":"https://cdn.discordapp.com/avatars/515890400494616608/f4bac7aef316082f7bad4fcbb6b39570.png"},"point":1500},{"user":{"uid":157,"userid":130,"name":"(DR) Sparky92","avatar":"https://cdn.discordapp.com/avatars/473576104112947200/6cbb0a2f6d2be214938b423e02ea7c71.png"},"point":1333},{"user":{"uid":55,"userid":44,"name":"(DR)  Dougie","avatar":"https://cdn.discordapp.com/avatars/297388374409347072/4d61d8619083a93069be006fc82fdeb8.png"},"point":741},{"user":{"uid":159,"userid":132,"name":"(DR) JMCGPHOTGRAPHY","avatar":"https://cdn.discordapp.com/avatars/909849031100989450/175672eb7ba5131485de4f8dc0a52d17.png"},"point":336},{"user":{"uid":152,"userid":125,"name":"(DR) driftakisa vadi kesha","avatar":"https://cdn.discordapp.com/avatars/1127995075436220517/cebc2b721a8810bb26009529a3bec870.png"},"point":0}],"fma":[{"user":{"uid":1,"userid":0,"name":"(Owner) Essex","avatar":"https://cdn.discordapp.com/avatars/986728515892285461/a_c4301bd78f1d1d60c25f66672af89a9a.gif"},"point":12133},{"user":{"uid":178,"userid":150,"name":"(DRT) ferroequinology","avatar":"https://cdn.discordapp.com/avatars/791319343233368074/36a840b8aafa5e7f6cae3e0569604aaf.png"},"point":12128},{"user":{"uid":6,"userid":3,"name":"(Co Owner) Angry Raptor","avatar":"https://cdn.discordapp.com/avatars/474484979548815360/6347a182410a674dfb6f831275c1b803.png"},"point":11785},{"user":{"uid":166,"userid":139,"name":"(DR) Cloven","avatar":"https://cdn.discordapp.com/avatars/897392805104734239/8fde5905c683ee11047bee0e47fa8db8.png"},"point":10000},{"user":{"uid":28,"userid":23,"name":"(CEO) Pete (DND)","avatar":"https://cdn.discordapp.com/avatars/316660255872516106/8a2dca3b679afae90df18edc44b1584c.png"},"point":3766},{"user":{"uid":175,"userid":148,"name":"(DR) Prestimoin","avatar":"https://cdn.discordapp.com/avatars/635946792143421472/3d42f6ebd096c1bb1a69d2314f316763.png"},"point":3186},{"user":{"uid":181,"userid":153,"name":"(DRT) Valis__","avatar":"https://cdn.discordapp.com/avatars/234744539003355146/4da0e3c52afa03968509d0d17c8dde46.png"},"point":3153},{"user":{"uid":157,"userid":130,"name":"(DR) Sparky92","avatar":"https://cdn.discordapp.com/avatars/473576104112947200/6cbb0a2f6d2be214938b423e02ea7c71.png"},"point":2233},{"user":{"uid":180,"userid":152,"name":"(DRT) Fredm240i (TeslaTrucker08)","avatar":"https://cdn.discordapp.com/avatars/862380226965143572/310ea0bf4a810f46994ad13a581aa357.png"},"point":2193},{"user":{"uid":118,"userid":96,"name":"(DR) ST1G","avatar":"https://cdn.discordapp.com/avatars/515890400494616608/f4bac7aef316082f7bad4fcbb6b39570.png"},"point":2000},{"user":{"uid":137,"userid":111,"name":"[LOA] (DR) The Fallen","avatar":"https://cdn.discordapp.com/avatars/365176026872938506/e3a0fb6fc3e046f79a25a0bee6311616.png"},"point":1554},{"user":{"uid":55,"userid":44,"name":"(DR)  Dougie","avatar":"https://cdn.discordapp.com/avatars/297388374409347072/4d61d8619083a93069be006fc82fdeb8.png"},"point":741},{"user":{"uid":159,"userid":132,"name":"(DR) JMCGPHOTGRAPHY","avatar":"https://cdn.discordapp.com/avatars/909849031100989450/175672eb7ba5131485de4f8dc0a52d17.png"},"point":336},{"user":{"uid":5,"userid":2,"name":"(owner) Boss 𝓙𝓸𝓻𝓭1498","avatar":"https://cdn.discordapp.com/avatars/613745490646925352/64aef3a50f31a7fbf4deca8ad2915a69.png"},"point":73},{"user":{"uid":13,"userid":9,"name":"(Co Owner) BRDYVPR","avatar":"https://cdn.discordapp.com/avatars/760196239022489633/d76d8e5b88525d520e364ef2c09bcbbf.png"},"point":20},{"user":{"uid":152,"userid":125,"name":"(DR) driftakisa vadi kesha","avatar":"https://cdn.discordapp.com/avatars/1127995075436220517/cebc2b721a8810bb26009529a3bec870.png"},"point":0}]}