{"fmd":[{"user":{"uid":8,"userid":6,"name":"ll iScuf ll","avatar":"https://cdn.discordapp.com/avatars/321795006178525186/a_b79d3e9a2be03b5fc4d9c795da893874.gif"},"point":11637},{"user":{"uid":234,"userid":178,"name":"Saga Virtanen","avatar":"https://static.truckersmp.com/avatarsN/343160.1685564872.png"},"point":4737},{"user":{"uid":112,"userid":86,"name":"PistonFace08","avatar":"https://cdn.discordapp.com/avatars/562334030612135968/a2f83155381251c95dc78b28c3ae46c6.png"},"point":1823},{"user":{"uid":109,"userid":84,"name":"bigboytrains","avatar":"https://static.truckersmp.com/avatarsN/defaultavatar.png"},"point":1728},{"user":{"uid":102,"userid":143,"name":"TruckingWithMystic","avatar":"https://static.truckersmp.com/avatarsN/4982857.1710519460.png"},"point":1558},{"user":{"uid":5,"userid":4,"name":"Dutchkiwi","avatar":"https://cdn.discordapp.com/avatars/757764740629135380/7db38fb02ba63b040c93e1df3a1fc462.png"},"point":1385},{"user":{"uid":14,"userid":9,"name":"AlfieGMTV","avatar":"https://cdn.discordapp.com/avatars/573560111868543044/3af88c35b910ef6c5b09046038007475.png"},"point":1300},{"user":{"uid":259,"userid":197,"name":"I3uckfast","avatar":"https://cdn.discordapp.com/avatars/1004430807357722625/8824de375f59b95e388b5680710ead3f.png"},"point":1235},{"user":{"uid":146,"userid":112,"name":"JENNAS JUGS","avatar":"https://cdn.discordapp.com/avatars/697145117458301013/8fc3d9c9fcb32f3b81c47ef234d1a62f.png"},"point":1167},{"user":{"uid":1,"userid":1,"name":"!itsPeanutttt","avatar":"https://cdn.discordapp.com/avatars/208757218013609985/a_b8fae2196be237eb9612f9daed82c1e3.gif"},"point":997},{"user":{"uid":248,"userid":191,"name":"Çako","avatar":"https://cdn.discordapp.com/avatars/443072261000527875/0f80be7a1cda56aad905872ab94d77e3.png"},"point":582},{"user":{"uid":269,"userid":204,"name":"Phoenix","avatar":"https://cdn.discordapp.com/avatars/763003227749875713/7ff7c721d3258dd78a9e4986dce764f8.png"},"point":556},{"user":{"uid":28,"userid":17,"name":"Mistyっ ゛","avatar":"https://cdn.discordapp.com/avatars/451086562617327616/3a7355e38c7bc476a871faee38e8f1c0.png"},"point":519},{"user":{"uid":108,"userid":83,"name":"mth.","avatar":"https://cdn.discordapp.com/avatars/1048895539606978651/a_ed23bd3b02d03ccafa443faf15ff38ca.gif"},"point":505},{"user":{"uid":211,"userid":160,"name":"Oggy","avatar":"https://cdn.discordapp.com/avatars/813944061073293372/0994cbd1d327fd1c7a486a105874face.png"},"point":477},{"user":{"uid":106,"userid":81,"name":"Eman1234","avatar":"https://cdn.discordapp.com/avatars/1080554850699444255/d096291062d241160beffdcd8f0e5f36.png"},"point":396},{"user":{"uid":15,"userid":10,"name":"MarlonSkills","avatar":"https://cdn.discordapp.com/avatars/315956778884005890/9a3d00de17d4e51023e4dc7542353ce7.png"},"point":69},{"user":{"uid":163,"userid":124,"name":"N1CK904","avatar":"https://cdn.discordapp.com/avatars/1056467542824206346/382880aa0ba504228fe5c5478bda93b2.png"},"point":0}],"fma":[{"user":{"uid":8,"userid":6,"name":"ll iScuf ll","avatar":"https://cdn.discordapp.com/avatars/321795006178525186/a_b79d3e9a2be03b5fc4d9c795da893874.gif"},"point":11637},{"user":{"uid":112,"userid":86,"name":"PistonFace08","avatar":"https://cdn.discordapp.com/avatars/562334030612135968/a2f83155381251c95dc78b28c3ae46c6.png"},"point":7025},{"user":{"uid":108,"userid":83,"name":"mth.","avatar":"https://cdn.discordapp.com/avatars/1048895539606978651/a_ed23bd3b02d03ccafa443faf15ff38ca.gif"},"point":6290},{"user":{"uid":234,"userid":178,"name":"Saga Virtanen","avatar":"https://static.truckersmp.com/avatarsN/343160.1685564872.png"},"point":5898},{"user":{"uid":246,"userid":187,"name":"Microsoft Windows 11","avatar":"https://cdn.discordapp.com/avatars/728756808218443837/b8ccacf7012c375e36281d19dbaa916b.png"},"point":5000},{"user":{"uid":160,"userid":125,"name":"mu han","avatar":"https://cdn.discordapp.com/avatars/1121405880924123219/4fa32749d7c53cc30aa99181c81f851f.png"},"point":5000},{"user":{"uid":102,"userid":143,"name":"TruckingWithMystic","avatar":"https://static.truckersmp.com/avatarsN/4982857.1710519460.png"},"point":2162},{"user":{"uid":259,"userid":197,"name":"I3uckfast","avatar":"https://cdn.discordapp.com/avatars/1004430807357722625/8824de375f59b95e388b5680710ead3f.png"},"point":1747},{"user":{"uid":109,"userid":84,"name":"bigboytrains","avatar":"https://static.truckersmp.com/avatarsN/defaultavatar.png"},"point":1728},{"user":{"uid":146,"userid":112,"name":"JENNAS JUGS","avatar":"https://cdn.discordapp.com/avatars/697145117458301013/8fc3d9c9fcb32f3b81c47ef234d1a62f.png"},"point":1466},{"user":{"uid":14,"userid":9,"name":"AlfieGMTV","avatar":"https://cdn.discordapp.com/avatars/573560111868543044/3af88c35b910ef6c5b09046038007475.png"},"point":1414},{"user":{"uid":5,"userid":4,"name":"Dutchkiwi","avatar":"https://cdn.discordapp.com/avatars/757764740629135380/7db38fb02ba63b040c93e1df3a1fc462.png"},"point":1385},{"user":{"uid":1,"userid":1,"name":"!itsPeanutttt","avatar":"https://cdn.discordapp.com/avatars/208757218013609985/a_b8fae2196be237eb9612f9daed82c1e3.gif"},"point":1193},{"user":{"uid":28,"userid":17,"name":"Mistyっ ゛","avatar":"https://cdn.discordapp.com/avatars/451086562617327616/3a7355e38c7bc476a871faee38e8f1c0.png"},"point":899},{"user":{"uid":269,"userid":204,"name":"Phoenix","avatar":"https://cdn.discordapp.com/avatars/763003227749875713/7ff7c721d3258dd78a9e4986dce764f8.png"},"point":842},{"user":{"uid":248,"userid":191,"name":"Çako","avatar":"https://cdn.discordapp.com/avatars/443072261000527875/0f80be7a1cda56aad905872ab94d77e3.png"},"point":801},{"user":{"uid":134,"userid":104,"name":"Freshmuscl3","avatar":"https://static.truckersmp.com/avatarsN/5222182.1706276666.png"},"point":750},{"user":{"uid":106,"userid":81,"name":"Eman1234","avatar":"https://cdn.discordapp.com/avatars/1080554850699444255/d096291062d241160beffdcd8f0e5f36.png"},"point":593},{"user":{"uid":211,"userid":160,"name":"Oggy","avatar":"https://cdn.discordapp.com/avatars/813944061073293372/0994cbd1d327fd1c7a486a105874face.png"},"point":477},{"user":{"uid":15,"userid":10,"name":"MarlonSkills","avatar":"https://cdn.discordapp.com/avatars/315956778884005890/9a3d00de17d4e51023e4dc7542353ce7.png"},"point":69},{"user":{"uid":163,"userid":124,"name":"N1CK904","avatar":"https://cdn.discordapp.com/avatars/1056467542824206346/382880aa0ba504228fe5c5478bda93b2.png"},"point":0}]}