{"fmd":[{"user":{"uid":136,"userid":121,"name":"Fuzzi_One","avatar":"https://avatars.steamstatic.com/80dc5c843904a69c82033fa7600d24e61dc9b370_full.jpg"},"point":9822},{"user":{"uid":104,"userid":92,"name":"Mario","avatar":""},"point":9594},{"user":{"uid":180,"userid":159,"name":"HEFTI / Heiko","avatar":"https://avatars.steamstatic.com/377878dfc35ee55e1eac69a197f1347d78f35066_full.jpg"},"point":8864},{"user":{"uid":151,"userid":136,"name":"rosiilein","avatar":"https://avatars.steamstatic.com/fef49e7fa7e1997310d705b2a6158ff8dc1cdfeb_full.jpg"},"point":7448},{"user":{"uid":28,"userid":21,"name":"Lenkradgreifer / Peter","avatar":"https://avatars.steamstatic.com/acf67207768cdc5be5f09aca6a9f7830bf27d6f7_full.jpg"},"point":4210},{"user":{"uid":171,"userid":154,"name":"dom_binda","avatar":"https://avatars.steamstatic.com/850c742b99f1bd3b7e51baab91a51db1ac4e08c8_full.jpg"},"point":3690},{"user":{"uid":38,"userid":27,"name":"elmundo1992","avatar":"https://avatars.steamstatic.com/54be38c13d0e7792de2af9a76c4e376766cf697a_full.jpg"},"point":3684},{"user":{"uid":84,"userid":75,"name":"lolgamer5300","avatar":"https://avatars.steamstatic.com/76ad51d2c234085fc07dbe1396e3d39331376fd5_full.jpg"},"point":3031},{"user":{"uid":176,"userid":157,"name":"SKELETOR96","avatar":"https://avatars.steamstatic.com/e2de94aa5b303690fc34a2784287b2ea576b1250_full.jpg"},"point":2895},{"user":{"uid":51,"userid":42,"name":"Holy Kiwinger <3™","avatar":"https://avatars.steamstatic.com/83d2ab083eb76aebed718fd01921fbe2af2b7e35_full.jpg"},"point":2442},{"user":{"uid":31,"userid":22,"name":"[RSL] Fun_irrenanstalt","avatar":""},"point":2011},{"user":{"uid":143,"userid":128,"name":"Tomm82m","avatar":"https://avatars.steamstatic.com/70845c436d1d1acef2a024c0a46d21d53c13eda5_full.jpg"},"point":1989},{"user":{"uid":42,"userid":45,"name":"xSimogg","avatar":"https://avatars.steamstatic.com/f0e116a40ac026c80897f3568a6f6b0fd150a4cc_full.jpg"},"point":1205},{"user":{"uid":25,"userid":19,"name":"Razoraptor","avatar":"https://avatars.steamstatic.com/411f0a1d08563b0dcd648c344b113688287bfb1f_full.jpg"},"point":1136},{"user":{"uid":145,"userid":130,"name":"Mr.Korall","avatar":"https://avatars.steamstatic.com/71c5c5744ad9cda9e24a3cbb14bba2e238bf66af_full.jpg"},"point":988},{"user":{"uid":10,"userid":10,"name":"[RSL] ✠Anorak✠","avatar":"https://cdn.discordapp.com/avatars/1211937272702697512/a_50597e0a2e786f55d56100f1a35257a7.gif"},"point":969},{"user":{"uid":137,"userid":122,"name":"Ollknoll","avatar":"https://avatars.steamstatic.com/940454d3f8b8075ab35bd2a555be3b529fd8c29f_full.jpg"},"point":819},{"user":{"uid":91,"userid":82,"name":"Ninja_Kiwi","avatar":"https://avatars.steamstatic.com/1aaec1ed3f3cd8465fa42665b01eb70d7f701604_full.jpg"},"point":665},{"user":{"uid":72,"userid":64,"name":"BoucBrutal","avatar":"https://avatars.steamstatic.com/3b0d8bbe6bc98d9e4405baafe0d341663e8d5bf1_full.jpg"},"point":659},{"user":{"uid":86,"userid":77,"name":"Hryni","avatar":"https://avatars.steamstatic.com/0c8f01b7d411a479d2220fc9cae760ccb6ca7fa4_full.jpg"},"point":656},{"user":{"uid":68,"userid":60,"name":"JoBro","avatar":"https://avatars.steamstatic.com/b1b8c9839ebbf8e0d885f64d1366a1ff95b0d0d5_full.jpg"},"point":493},{"user":{"uid":166,"userid":148,"name":"Mr. Flamerbob","avatar":"https://avatars.steamstatic.com/f09c6f0a5e09fe9c72513549759e782358641670_full.jpg"},"point":305},{"user":{"uid":139,"userid":124,"name":"felix-menzler","avatar":"https://avatars.steamstatic.com/92f23da5d9678dfe7c3d530a1c449c98331a0cca_full.jpg"},"point":116},{"user":{"uid":168,"userid":151,"name":"LordMiLu","avatar":"https://avatars.steamstatic.com/90281bcb08a9d28ef4c343c5f6b8b75f093e4a9b_full.jpg"},"point":45},{"user":{"uid":98,"userid":88,"name":"2710150","avatar":"https://avatars.steamstatic.com/8b06c487bb6e3cf74c5ac6803b77ba8a7d9de45d_full.jpg"},"point":0}],"fma":[{"user":{"uid":136,"userid":121,"name":"Fuzzi_One","avatar":"https://avatars.steamstatic.com/80dc5c843904a69c82033fa7600d24e61dc9b370_full.jpg"},"point":9822},{"user":{"uid":104,"userid":92,"name":"Mario","avatar":""},"point":9594},{"user":{"uid":180,"userid":159,"name":"HEFTI / Heiko","avatar":"https://avatars.steamstatic.com/377878dfc35ee55e1eac69a197f1347d78f35066_full.jpg"},"point":8864},{"user":{"uid":151,"userid":136,"name":"rosiilein","avatar":"https://avatars.steamstatic.com/fef49e7fa7e1997310d705b2a6158ff8dc1cdfeb_full.jpg"},"point":7448},{"user":{"uid":28,"userid":21,"name":"Lenkradgreifer / Peter","avatar":"https://avatars.steamstatic.com/acf67207768cdc5be5f09aca6a9f7830bf27d6f7_full.jpg"},"point":4210},{"user":{"uid":171,"userid":154,"name":"dom_binda","avatar":"https://avatars.steamstatic.com/850c742b99f1bd3b7e51baab91a51db1ac4e08c8_full.jpg"},"point":3690},{"user":{"uid":38,"userid":27,"name":"elmundo1992","avatar":"https://avatars.steamstatic.com/54be38c13d0e7792de2af9a76c4e376766cf697a_full.jpg"},"point":3684},{"user":{"uid":84,"userid":75,"name":"lolgamer5300","avatar":"https://avatars.steamstatic.com/76ad51d2c234085fc07dbe1396e3d39331376fd5_full.jpg"},"point":3031},{"user":{"uid":176,"userid":157,"name":"SKELETOR96","avatar":"https://avatars.steamstatic.com/e2de94aa5b303690fc34a2784287b2ea576b1250_full.jpg"},"point":2895},{"user":{"uid":51,"userid":42,"name":"Holy Kiwinger <3™","avatar":"https://avatars.steamstatic.com/83d2ab083eb76aebed718fd01921fbe2af2b7e35_full.jpg"},"point":2442},{"user":{"uid":31,"userid":22,"name":"[RSL] Fun_irrenanstalt","avatar":""},"point":2011},{"user":{"uid":143,"userid":128,"name":"Tomm82m","avatar":"https://avatars.steamstatic.com/70845c436d1d1acef2a024c0a46d21d53c13eda5_full.jpg"},"point":1989},{"user":{"uid":42,"userid":45,"name":"xSimogg","avatar":"https://avatars.steamstatic.com/f0e116a40ac026c80897f3568a6f6b0fd150a4cc_full.jpg"},"point":1205},{"user":{"uid":10,"userid":10,"name":"[RSL] ✠Anorak✠","avatar":"https://cdn.discordapp.com/avatars/1211937272702697512/a_50597e0a2e786f55d56100f1a35257a7.gif"},"point":1169},{"user":{"uid":25,"userid":19,"name":"Razoraptor","avatar":"https://avatars.steamstatic.com/411f0a1d08563b0dcd648c344b113688287bfb1f_full.jpg"},"point":1136},{"user":{"uid":145,"userid":130,"name":"Mr.Korall","avatar":"https://avatars.steamstatic.com/71c5c5744ad9cda9e24a3cbb14bba2e238bf66af_full.jpg"},"point":988},{"user":{"uid":137,"userid":122,"name":"Ollknoll","avatar":"https://avatars.steamstatic.com/940454d3f8b8075ab35bd2a555be3b529fd8c29f_full.jpg"},"point":819},{"user":{"uid":91,"userid":82,"name":"Ninja_Kiwi","avatar":"https://avatars.steamstatic.com/1aaec1ed3f3cd8465fa42665b01eb70d7f701604_full.jpg"},"point":665},{"user":{"uid":72,"userid":64,"name":"BoucBrutal","avatar":"https://avatars.steamstatic.com/3b0d8bbe6bc98d9e4405baafe0d341663e8d5bf1_full.jpg"},"point":659},{"user":{"uid":86,"userid":77,"name":"Hryni","avatar":"https://avatars.steamstatic.com/0c8f01b7d411a479d2220fc9cae760ccb6ca7fa4_full.jpg"},"point":656},{"user":{"uid":68,"userid":60,"name":"JoBro","avatar":"https://avatars.steamstatic.com/b1b8c9839ebbf8e0d885f64d1366a1ff95b0d0d5_full.jpg"},"point":493},{"user":{"uid":166,"userid":148,"name":"Mr. Flamerbob","avatar":"https://avatars.steamstatic.com/f09c6f0a5e09fe9c72513549759e782358641670_full.jpg"},"point":305},{"user":{"uid":99,"userid":110,"name":"[RSL]Albanr.9","avatar":"https://avatars.steamstatic.com/b3773af8338e7a36b55ec298e6dee7f4e0cd9aa0_full.jpg"},"point":200},{"user":{"uid":139,"userid":124,"name":"felix-menzler","avatar":"https://avatars.steamstatic.com/92f23da5d9678dfe7c3d530a1c449c98331a0cca_full.jpg"},"point":116},{"user":{"uid":168,"userid":151,"name":"LordMiLu","avatar":"https://avatars.steamstatic.com/90281bcb08a9d28ef4c343c5f6b8b75f093e4a9b_full.jpg"},"point":45},{"user":{"uid":98,"userid":88,"name":"2710150","avatar":"https://avatars.steamstatic.com/8b06c487bb6e3cf74c5ac6803b77ba8a7d9de45d_full.jpg"},"point":0}]}