{"fmd":[{"user":{"uid":23,"userid":21,"name":"Dadolexs","avatar":""},"point":789},{"user":{"uid":1,"userid":1,"name":"Marky","avatar":"https://cdn.discordapp.com/avatars/689263232204144772/247b7a4b1d49ff1dbb6a47a511bd2856.png"},"point":537},{"user":{"uid":21,"userid":20,"name":"Howling Rex","avatar":"https://cdn.discordapp.com/avatars/337293473260634113/a_0f39025b731d0a2a283e3f8b7074ba4b.gif"},"point":498},{"user":{"uid":8,"userid":8,"name":"I Love Chlorine","avatar":"https://cdn.discordapp.com/avatars/313259967195119618/262ec9e36ebbca8c8fc859e56bb4e0ab.png"},"point":0}],"fma":[{"user":{"uid":23,"userid":21,"name":"Dadolexs","avatar":""},"point":789},{"user":{"uid":1,"userid":1,"name":"Marky","avatar":"https://cdn.discordapp.com/avatars/689263232204144772/247b7a4b1d49ff1dbb6a47a511bd2856.png"},"point":537},{"user":{"uid":21,"userid":20,"name":"Howling Rex","avatar":"https://cdn.discordapp.com/avatars/337293473260634113/a_0f39025b731d0a2a283e3f8b7074ba4b.gif"},"point":498},{"user":{"uid":8,"userid":8,"name":"I Love Chlorine","avatar":"https://cdn.discordapp.com/avatars/313259967195119618/262ec9e36ebbca8c8fc859e56bb4e0ab.png"},"point":0}]}