{"fmd":[{"user":{"uid":4,"userid":2,"name":"{Wild Hogz} A1 Canadian","avatar":"https://cdn.discordapp.com/avatars/212943181858209792/8ae2deba5c05a595e3f4f725cf0a110c.png"},"point":7309},{"user":{"uid":27,"userid":49,"name":"{Wild Hogz} BULLBAR","avatar":"https://cdn.discordapp.com/avatars/1168390732541870212/b129a6a8ab2cafe319142a6a84a152cb.png"},"point":4175},{"user":{"uid":58,"userid":47,"name":"{Wild Hogz} tigerpaws228","avatar":"https://cdn.discordapp.com/avatars/1076334805026865224/9754cc3fa4400c7c63e36c2370494b5b.png"},"point":4048},{"user":{"uid":5,"userid":3,"name":"{Wild Hogz} Dennisthe8th","avatar":"https://cdn.discordapp.com/avatars/575015095894016014/69fc086441725970662f0b9ba9bf5e32.png"},"point":3156},{"user":{"uid":56,"userid":45,"name":"{Wild Hogz} jbica","avatar":"https://cdn.discordapp.com/avatars/394272398930739212/488d03490a2359e57a3622544f8bbba2.png"},"point":3013},{"user":{"uid":12,"userid":10,"name":"{Wild Hogz} soulsmasher6666","avatar":"https://cdn.discordapp.com/avatars/1158045973369593856/b2645d6cde0a401682204bea2d404c0d.png"},"point":2260},{"user":{"uid":7,"userid":5,"name":"{Wild Hogz} Jacket","avatar":"https://cdn.discordapp.com/avatars/111638504500408320/880678f246665808c2165f5f693b72cd.png"},"point":2244},{"user":{"uid":8,"userid":6,"name":"{Wild Hogz} Murdernova256","avatar":"https://cdn.discordapp.com/avatars/549931745584349185/9647aabac5de7bc6ca63f26696871246.png"},"point":2139},{"user":{"uid":60,"userid":48,"name":"{Wild Hogz} K/D Ranger Gaming","avatar":"https://cdn.discordapp.com/avatars/703424674729689109/c17aaf6e5b1ebb8b1231e89004ee01a4.png"},"point":1913},{"user":{"uid":1,"userid":1,"name":"{Wild Hogz} Chappy1225","avatar":"https://cdn.discordapp.com/avatars/480244047311667201/b51db2fc9e7e314933519021bee4ae3e.png"},"point":1842},{"user":{"uid":11,"userid":9,"name":"{Wild Hogz} Maciek","avatar":"https://cdn.discordapp.com/avatars/282728597209481216/cc91713475ae575649772cee951992ba.png"},"point":1791},{"user":{"uid":9,"userid":7,"name":"{Wild Hogz} TACOMAN","avatar":"https://cdn.discordapp.com/avatars/935175174700040252/03b7f8a6f6208443dd4eaabd052edd16.png"},"point":1093},{"user":{"uid":32,"userid":26,"name":"{Wild Hogz} Chiswick","avatar":"https://cdn.discordapp.com/avatars/521497748118437890/71010943e064ff3f787cf2964aeca2ea.png"},"point":642},{"user":{"uid":55,"userid":44,"name":"{Wild Hogz} Foxtrot513","avatar":"https://cdn.discordapp.com/avatars/674350818563981362/e9606d17e61ead62929e28429589f871.png"},"point":582}],"fma":[{"user":{"uid":4,"userid":2,"name":"{Wild Hogz} A1 Canadian","avatar":"https://cdn.discordapp.com/avatars/212943181858209792/8ae2deba5c05a595e3f4f725cf0a110c.png"},"point":7809},{"user":{"uid":27,"userid":49,"name":"{Wild Hogz} BULLBAR","avatar":"https://cdn.discordapp.com/avatars/1168390732541870212/b129a6a8ab2cafe319142a6a84a152cb.png"},"point":4675},{"user":{"uid":58,"userid":47,"name":"{Wild Hogz} tigerpaws228","avatar":"https://cdn.discordapp.com/avatars/1076334805026865224/9754cc3fa4400c7c63e36c2370494b5b.png"},"point":4548},{"user":{"uid":5,"userid":3,"name":"{Wild Hogz} Dennisthe8th","avatar":"https://cdn.discordapp.com/avatars/575015095894016014/69fc086441725970662f0b9ba9bf5e32.png"},"point":3156},{"user":{"uid":56,"userid":45,"name":"{Wild Hogz} jbica","avatar":"https://cdn.discordapp.com/avatars/394272398930739212/488d03490a2359e57a3622544f8bbba2.png"},"point":3013},{"user":{"uid":7,"userid":5,"name":"{Wild Hogz} Jacket","avatar":"https://cdn.discordapp.com/avatars/111638504500408320/880678f246665808c2165f5f693b72cd.png"},"point":2370},{"user":{"uid":12,"userid":10,"name":"{Wild Hogz} soulsmasher6666","avatar":"https://cdn.discordapp.com/avatars/1158045973369593856/b2645d6cde0a401682204bea2d404c0d.png"},"point":2260},{"user":{"uid":8,"userid":6,"name":"{Wild Hogz} Murdernova256","avatar":"https://cdn.discordapp.com/avatars/549931745584349185/9647aabac5de7bc6ca63f26696871246.png"},"point":2139},{"user":{"uid":60,"userid":48,"name":"{Wild Hogz} K/D Ranger Gaming","avatar":"https://cdn.discordapp.com/avatars/703424674729689109/c17aaf6e5b1ebb8b1231e89004ee01a4.png"},"point":1913},{"user":{"uid":1,"userid":1,"name":"{Wild Hogz} Chappy1225","avatar":"https://cdn.discordapp.com/avatars/480244047311667201/b51db2fc9e7e314933519021bee4ae3e.png"},"point":1842},{"user":{"uid":11,"userid":9,"name":"{Wild Hogz} Maciek","avatar":"https://cdn.discordapp.com/avatars/282728597209481216/cc91713475ae575649772cee951992ba.png"},"point":1791},{"user":{"uid":9,"userid":7,"name":"{Wild Hogz} TACOMAN","avatar":"https://cdn.discordapp.com/avatars/935175174700040252/03b7f8a6f6208443dd4eaabd052edd16.png"},"point":1093},{"user":{"uid":32,"userid":26,"name":"{Wild Hogz} Chiswick","avatar":"https://cdn.discordapp.com/avatars/521497748118437890/71010943e064ff3f787cf2964aeca2ea.png"},"point":642},{"user":{"uid":55,"userid":44,"name":"{Wild Hogz} Foxtrot513","avatar":"https://cdn.discordapp.com/avatars/674350818563981362/e9606d17e61ead62929e28429589f871.png"},"point":582}]}