{"fmd":[{"user":{"uid":1382,"userid":847,"name":"Aeroplane","avatar":"https://cdn.discordapp.com/avatars/919580354736705617/cd8c60e397730ab82e685faaf72d3c77.png"},"point":7957},{"user":{"uid":1316,"userid":807,"name":"Gota","avatar":"https://cdn.discordapp.com/avatars/167291299693723648/beb31f691ab4478e3268181a76f3a451.png"},"point":4517},{"user":{"uid":1232,"userid":755,"name":"Glitchy","avatar":"https://cdn.discordapp.com/avatars/692068158487396362/48cd166e4f54fec6e419b1d0b1672a1a.png"},"point":3896},{"user":{"uid":1458,"userid":900,"name":"Beedog743","avatar":"https://cdn.discordapp.com/avatars/220336049082073088/ff94f0776f1b99318f32d0a961b942d7.png"},"point":3800},{"user":{"uid":1448,"userid":894,"name":"jason","avatar":"https://cdn.discordapp.com/avatars/853206258512298024/0fef9b881357560e340b10568c517402.png"},"point":3730},{"user":{"uid":1464,"userid":903,"name":"nebula_726","avatar":"https://cdn.discordapp.com/avatars/820356139527045130/8a3523f9facc1c892fe905dbbd1738ad.png"},"point":3414},{"user":{"uid":1461,"userid":901,"name":"OSSIPEDIA","avatar":"https://cdn.discordapp.com/avatars/507338888671395860/5be81c1884195f5051cb12326bfbb8f9.png"},"point":3238},{"user":{"uid":112,"userid":657,"name":"zatrisss","avatar":"https://cdn.discordapp.com/avatars/270114281280765956/4dc89eaaac37811ab06058499942981b.png"},"point":2876},{"user":{"uid":1271,"userid":780,"name":"brazvo (Bruno)","avatar":"https://cdn.discordapp.com/avatars/823826275964682251/c28159cbabe58874bd1244a97d68d24b.png"},"point":2670},{"user":{"uid":619,"userid":418,"name":"NumberHunter91","avatar":"https://cdn.discordapp.com/avatars/276407067223392256/c656134c8d2a712de1b2dbaf3856e995.png"},"point":2615},{"user":{"uid":172,"userid":330,"name":"Nickert_0492","avatar":"https://cdn.discordapp.com/avatars/421426903975591956/88768c64736c6d3f8d8938c03da9ee79.png"},"point":2583},{"user":{"uid":561,"userid":386,"name":"richhscm","avatar":""},"point":2244},{"user":{"uid":1061,"userid":656,"name":"Thy Night Owl","avatar":"https://cdn.discordapp.com/avatars/678366200312496154/7e3c44efb2393e0a9a4b593cb42f936d.png"},"point":1361},{"user":{"uid":1414,"userid":870,"name":"Azure Phantom","avatar":"https://avatars.steamstatic.com/8a78a24d3ae3031caf2695bc4dede2d6eb7af7cf_full.jpg"},"point":1191},{"user":{"uid":87,"userid":203,"name":"pvfcmatt1","avatar":"https://cdn.discordapp.com/avatars/668822602806198278/eb4c4684efc13d2a58ddeae555edc5a7.png"},"point":931},{"user":{"uid":596,"userid":403,"name":"x3menzi_","avatar":"https://cdn.discordapp.com/avatars/1028633597445423154/22bddd650b8215e87d17f076de904893.png"},"point":877},{"user":{"uid":1390,"userid":856,"name":"LJFundzz","avatar":"https://cdn.discordapp.com/avatars/1164197661897937026/a96645fb3e8cb223bba5d871e140e917.png"},"point":871},{"user":{"uid":494,"userid":361,"name":"Alpha","avatar":"https://cdn.discordapp.com/avatars/1063397515149455423/371d081952e74ccdc6f23925074dd094.png"},"point":832},{"user":{"uid":1245,"userid":764,"name":"Eiffel Tower Owner","avatar":"https://cdn.discordapp.com/avatars/909015760347734036/c8847952f95c26f402e44d41e997c8cd.png"},"point":672},{"user":{"uid":1192,"userid":724,"name":"Koskee","avatar":"https://cdn.discordapp.com/avatars/836575095664410654/34bd5b395ebc17c4ca0d51b982cb0a7b.png"},"point":633},{"user":{"uid":1462,"userid":902,"name":"RedxBeard","avatar":""},"point":564},{"user":{"uid":1142,"userid":717,"name":"ford","avatar":"https://cdn.discordapp.com/avatars/946876965313445939/595deac53bba26b48e850b49a65052fd.png"},"point":467},{"user":{"uid":184,"userid":345,"name":"NFLD","avatar":"https://cdn.discordapp.com/avatars/538772758461677578/5f1d024574ed37a8cbaf69c186d93cb1.png"},"point":466},{"user":{"uid":32,"userid":87,"name":"MartinWolf","avatar":"https://cdn.discordapp.com/avatars/693618494071373824/0b22a83d6bc13d4db0c60b60aba7fef7.png"},"point":414},{"user":{"uid":1456,"userid":899,"name":"Fean","avatar":"https://cdn.discordapp.com/avatars/508717226690478081/e7645881dc32e71c57dc44ac1c2c3d6d.png"},"point":293},{"user":{"uid":932,"userid":586,"name":"Zee","avatar":"https://avatars.steamstatic.com/fb4448ad7e5eeabc48ab2f881b6ae91e39818195_full.jpg"},"point":280},{"user":{"uid":1310,"userid":803,"name":"[IMP] Rimuru Tempest","avatar":"https://cdn.discordapp.com/avatars/263721765879021569/64abe2f8ab98f8c779a0ad329591b73a.png"},"point":247},{"user":{"uid":169,"userid":327,"name":"Carlos King","avatar":"https://cdn.discordapp.com/avatars/506487248217309184/bd6c4d705e13abd33b3b26c5bdcd897d.png"},"point":243},{"user":{"uid":1291,"userid":792,"name":"Zachey","avatar":"https://cdn.discordapp.com/avatars/612403127517315072/893927ce746b4f8b330c12123026fec5.png"},"point":240},{"user":{"uid":1343,"userid":824,"name":"Crazy69","avatar":"https://static.truckersmp.com/avatarsN/811063.1557990099.jpg"},"point":206},{"user":{"uid":171,"userid":858,"name":"Jean #1 Renault Trucks fan","avatar":"https://cdn.discordapp.com/avatars/729830742418260028/532c688a0a373a5f36342f13030652be.png"},"point":170},{"user":{"uid":1444,"userid":893,"name":"Бѳцпcёя","avatar":"https://cdn.discordapp.com/avatars/439872956739354625/a582fc3e498c341cd8e8309f4aea73b6.png"},"point":129},{"user":{"uid":1455,"userid":897,"name":"pootis01","avatar":"https://cdn.discordapp.com/avatars/423002528184139790/a_522e0cdb269dcc2fe4d05d6a549b31df.gif"},"point":29},{"user":{"uid":191,"userid":352,"name":"kia_nokia","avatar":"https://cdn.discordapp.com/avatars/946038819118022666/9613cd97518544022b55252d1952e174.png"},"point":0},{"user":{"uid":968,"userid":602,"name":"Svampen Bob","avatar":"https://cdn.discordapp.com/avatars/323528455209877505/bd28ff6f721d0a3c44f06e7301bb8ff4.png"},"point":0},{"user":{"uid":971,"userid":604,"name":"patriotic clone trooper","avatar":"https://cdn.discordapp.com/avatars/577748827470168075/3f3c57f906d80e80dff8ed6e54c70d25.png"},"point":0},{"user":{"uid":1197,"userid":727,"name":"B Y T E","avatar":"https://cdn.discordapp.com/avatars/170836301266812929/891295394827df1e1720a0c3637a77b9.png"},"point":0}],"fma":[{"user":{"uid":1382,"userid":847,"name":"Aeroplane","avatar":"https://cdn.discordapp.com/avatars/919580354736705617/cd8c60e397730ab82e685faaf72d3c77.png"},"point":21652},{"user":{"uid":1316,"userid":807,"name":"Gota","avatar":"https://cdn.discordapp.com/avatars/167291299693723648/beb31f691ab4478e3268181a76f3a451.png"},"point":11572},{"user":{"uid":619,"userid":418,"name":"NumberHunter91","avatar":"https://cdn.discordapp.com/avatars/276407067223392256/c656134c8d2a712de1b2dbaf3856e995.png"},"point":6805},{"user":{"uid":112,"userid":657,"name":"zatrisss","avatar":"https://cdn.discordapp.com/avatars/270114281280765956/4dc89eaaac37811ab06058499942981b.png"},"point":4547},{"user":{"uid":1271,"userid":780,"name":"brazvo (Bruno)","avatar":"https://cdn.discordapp.com/avatars/823826275964682251/c28159cbabe58874bd1244a97d68d24b.png"},"point":4405},{"user":{"uid":1232,"userid":755,"name":"Glitchy","avatar":"https://cdn.discordapp.com/avatars/692068158487396362/48cd166e4f54fec6e419b1d0b1672a1a.png"},"point":4110},{"user":{"uid":1458,"userid":900,"name":"Beedog743","avatar":"https://cdn.discordapp.com/avatars/220336049082073088/ff94f0776f1b99318f32d0a961b942d7.png"},"point":3933},{"user":{"uid":1448,"userid":894,"name":"jason","avatar":"https://cdn.discordapp.com/avatars/853206258512298024/0fef9b881357560e340b10568c517402.png"},"point":3900},{"user":{"uid":1464,"userid":903,"name":"nebula_726","avatar":"https://cdn.discordapp.com/avatars/820356139527045130/8a3523f9facc1c892fe905dbbd1738ad.png"},"point":3473},{"user":{"uid":1461,"userid":901,"name":"OSSIPEDIA","avatar":"https://cdn.discordapp.com/avatars/507338888671395860/5be81c1884195f5051cb12326bfbb8f9.png"},"point":3335},{"user":{"uid":87,"userid":203,"name":"pvfcmatt1","avatar":"https://cdn.discordapp.com/avatars/668822602806198278/eb4c4684efc13d2a58ddeae555edc5a7.png"},"point":3092},{"user":{"uid":1061,"userid":656,"name":"Thy Night Owl","avatar":"https://cdn.discordapp.com/avatars/678366200312496154/7e3c44efb2393e0a9a4b593cb42f936d.png"},"point":3089},{"user":{"uid":119,"userid":258,"name":"LordLegend","avatar":"https://cdn.discordapp.com/avatars/507573290995417108/294e2517c647c3c8703945fbc200afcd.png"},"point":3055},{"user":{"uid":172,"userid":330,"name":"Nickert_0492","avatar":"https://cdn.discordapp.com/avatars/421426903975591956/88768c64736c6d3f8d8938c03da9ee79.png"},"point":2697},{"user":{"uid":561,"userid":386,"name":"richhscm","avatar":""},"point":2348},{"user":{"uid":494,"userid":361,"name":"Alpha","avatar":"https://cdn.discordapp.com/avatars/1063397515149455423/371d081952e74ccdc6f23925074dd094.png"},"point":1832},{"user":{"uid":924,"userid":576,"name":"🌈Hearty_Laces🌈They/Them","avatar":"https://cdn.discordapp.com/avatars/461978281906929675/a_8a1b92c021299d4453d7c81805b7a9d5.gif"},"point":1656},{"user":{"uid":1105,"userid":675,"name":"Jack3D60","avatar":"https://cdn.discordapp.com/avatars/805496381754048572/bcf10ae824b274e1c532971dcb857977.png"},"point":1305},{"user":{"uid":1414,"userid":870,"name":"Azure Phantom","avatar":"https://avatars.steamstatic.com/8a78a24d3ae3031caf2695bc4dede2d6eb7af7cf_full.jpg"},"point":1221},{"user":{"uid":1390,"userid":856,"name":"LJFundzz","avatar":"https://cdn.discordapp.com/avatars/1164197661897937026/a96645fb3e8cb223bba5d871e140e917.png"},"point":1021},{"user":{"uid":596,"userid":403,"name":"x3menzi_","avatar":"https://cdn.discordapp.com/avatars/1028633597445423154/22bddd650b8215e87d17f076de904893.png"},"point":939},{"user":{"uid":32,"userid":87,"name":"MartinWolf","avatar":"https://cdn.discordapp.com/avatars/693618494071373824/0b22a83d6bc13d4db0c60b60aba7fef7.png"},"point":914},{"user":{"uid":1310,"userid":803,"name":"[IMP] Rimuru Tempest","avatar":"https://cdn.discordapp.com/avatars/263721765879021569/64abe2f8ab98f8c779a0ad329591b73a.png"},"point":747},{"user":{"uid":1192,"userid":724,"name":"Koskee","avatar":"https://cdn.discordapp.com/avatars/836575095664410654/34bd5b395ebc17c4ca0d51b982cb0a7b.png"},"point":687},{"user":{"uid":1245,"userid":764,"name":"Eiffel Tower Owner","avatar":"https://cdn.discordapp.com/avatars/909015760347734036/c8847952f95c26f402e44d41e997c8cd.png"},"point":672},{"user":{"uid":1462,"userid":902,"name":"RedxBeard","avatar":""},"point":578},{"user":{"uid":1034,"userid":635,"name":"fox_bot","avatar":"https://cdn.discordapp.com/avatars/673289306424475659/6760c43d2e087fd99eeef160473251a3.png"},"point":500},{"user":{"uid":1142,"userid":717,"name":"ford","avatar":"https://cdn.discordapp.com/avatars/946876965313445939/595deac53bba26b48e850b49a65052fd.png"},"point":467},{"user":{"uid":184,"userid":345,"name":"NFLD","avatar":"https://cdn.discordapp.com/avatars/538772758461677578/5f1d024574ed37a8cbaf69c186d93cb1.png"},"point":466},{"user":{"uid":870,"userid":553,"name":"evilzocken","avatar":"https://cdn.discordapp.com/avatars/665665436678881280/25d7fd2d1432b799ac4b37a8d7592c6a.png"},"point":351},{"user":{"uid":1456,"userid":899,"name":"Fean","avatar":"https://cdn.discordapp.com/avatars/508717226690478081/e7645881dc32e71c57dc44ac1c2c3d6d.png"},"point":293},{"user":{"uid":932,"userid":586,"name":"Zee","avatar":"https://avatars.steamstatic.com/fb4448ad7e5eeabc48ab2f881b6ae91e39818195_full.jpg"},"point":280},{"user":{"uid":169,"userid":327,"name":"Carlos King","avatar":"https://cdn.discordapp.com/avatars/506487248217309184/bd6c4d705e13abd33b3b26c5bdcd897d.png"},"point":243},{"user":{"uid":1291,"userid":792,"name":"Zachey","avatar":"https://cdn.discordapp.com/avatars/612403127517315072/893927ce746b4f8b330c12123026fec5.png"},"point":240},{"user":{"uid":1343,"userid":824,"name":"Crazy69","avatar":"https://static.truckersmp.com/avatarsN/811063.1557990099.jpg"},"point":206},{"user":{"uid":171,"userid":858,"name":"Jean #1 Renault Trucks fan","avatar":"https://cdn.discordapp.com/avatars/729830742418260028/532c688a0a373a5f36342f13030652be.png"},"point":170},{"user":{"uid":1444,"userid":893,"name":"Бѳцпcёя","avatar":"https://cdn.discordapp.com/avatars/439872956739354625/a582fc3e498c341cd8e8309f4aea73b6.png"},"point":129},{"user":{"uid":1455,"userid":897,"name":"pootis01","avatar":"https://cdn.discordapp.com/avatars/423002528184139790/a_522e0cdb269dcc2fe4d05d6a549b31df.gif"},"point":29},{"user":{"uid":191,"userid":352,"name":"kia_nokia","avatar":"https://cdn.discordapp.com/avatars/946038819118022666/9613cd97518544022b55252d1952e174.png"},"point":0},{"user":{"uid":968,"userid":602,"name":"Svampen Bob","avatar":"https://cdn.discordapp.com/avatars/323528455209877505/bd28ff6f721d0a3c44f06e7301bb8ff4.png"},"point":0},{"user":{"uid":971,"userid":604,"name":"patriotic clone trooper","avatar":"https://cdn.discordapp.com/avatars/577748827470168075/3f3c57f906d80e80dff8ed6e54c70d25.png"},"point":0},{"user":{"uid":1197,"userid":727,"name":"B Y T E","avatar":"https://cdn.discordapp.com/avatars/170836301266812929/891295394827df1e1720a0c3637a77b9.png"},"point":0}]}