{"fmd":[{"user":{"uid":479,"userid":252,"name":"ST1G","avatar":"https://cdn.discordapp.com/avatars/515890400494616608/f4bac7aef316082f7bad4fcbb6b39570.png"},"point":2204},{"user":{"uid":460,"userid":245,"name":"Malinois","avatar":"https://cdn.discordapp.com/avatars/674758857154887710/9984f9f4d45a58816391042a4ec4d2da.png"},"point":1896},{"user":{"uid":300,"userid":197,"name":"zoop","avatar":"https://cdn.discordapp.com/avatars/221167310986149888/834a0f2ed8b4aacbb621e04069eba462.png"},"point":1885},{"user":{"uid":14,"userid":15,"name":"Cel","avatar":"https://cdn.discordapp.com/avatars/388906563043065861/ea2e630b6ace3b5676e334f4f61e039f.png"},"point":1533},{"user":{"uid":499,"userid":259,"name":"fluxity","avatar":"https://cdn.discordapp.com/avatars/518809895198392345/eb0bed3b6b469eb7589bd6bb8e403d0d.png"},"point":1414},{"user":{"uid":425,"userid":235,"name":"𝐑𝐚𝐳𝐯𝐚𝐧𝐑𝐎","avatar":"https://cdn.discordapp.com/avatars/781186254976712794/2d6c733e78c760666fe6c9b332860609.png"},"point":1102},{"user":{"uid":480,"userid":256,"name":"[MCG]heyboy901gaming","avatar":"https://cdn.discordapp.com/avatars/445526181878693900/d773dc42ae1d4412a834a0d715b76828.png"},"point":1095},{"user":{"uid":19,"userid":22,"name":"Garmy","avatar":"https://cdn.discordapp.com/avatars/537294435617341451/513dcf25a48a7f737f1643ad3c103e65.png"},"point":924},{"user":{"uid":211,"userid":160,"name":"human","avatar":"https://cdn.discordapp.com/avatars/698752151073194015/e626fce336d1295ab98959c084394e8b.png"},"point":896},{"user":{"uid":409,"userid":226,"name":"𝙽𝙴𝚆𝚃𝚈𝙿𝙴𝚂","avatar":"https://cdn.discordapp.com/avatars/624501922531115019/720e6c9072e99985cd234df4183376af.png"},"point":375},{"user":{"uid":8,"userid":9,"name":"Fitri10","avatar":"https://cdn.discordapp.com/avatars/537228046948892683/c88172513c19d6145de568e720da3b0a.png"},"point":318},{"user":{"uid":364,"userid":215,"name":"[MCG] Danish_v8","avatar":"https://static.truckersmp.com/avatarsN/3882826.1651322428.jpg"},"point":280},{"user":{"uid":376,"userid":217,"name":"im_tibo","avatar":"https://cdn.discordapp.com/avatars/677523358773936159/4701cf2e052934cb803f95ac1f17c941.png"},"point":204},{"user":{"uid":469,"userid":247,"name":"Ayl0o","avatar":"https://cdn.discordapp.com/avatars/706856186712031233/926726bdacd19e3f7294b06bcf6f729b.png"},"point":0}],"fma":[{"user":{"uid":479,"userid":252,"name":"ST1G","avatar":"https://cdn.discordapp.com/avatars/515890400494616608/f4bac7aef316082f7bad4fcbb6b39570.png"},"point":2204},{"user":{"uid":460,"userid":245,"name":"Malinois","avatar":"https://cdn.discordapp.com/avatars/674758857154887710/9984f9f4d45a58816391042a4ec4d2da.png"},"point":1896},{"user":{"uid":300,"userid":197,"name":"zoop","avatar":"https://cdn.discordapp.com/avatars/221167310986149888/834a0f2ed8b4aacbb621e04069eba462.png"},"point":1885},{"user":{"uid":14,"userid":15,"name":"Cel","avatar":"https://cdn.discordapp.com/avatars/388906563043065861/ea2e630b6ace3b5676e334f4f61e039f.png"},"point":1533},{"user":{"uid":499,"userid":259,"name":"fluxity","avatar":"https://cdn.discordapp.com/avatars/518809895198392345/eb0bed3b6b469eb7589bd6bb8e403d0d.png"},"point":1414},{"user":{"uid":425,"userid":235,"name":"𝐑𝐚𝐳𝐯𝐚𝐧𝐑𝐎","avatar":"https://cdn.discordapp.com/avatars/781186254976712794/2d6c733e78c760666fe6c9b332860609.png"},"point":1102},{"user":{"uid":480,"userid":256,"name":"[MCG]heyboy901gaming","avatar":"https://cdn.discordapp.com/avatars/445526181878693900/d773dc42ae1d4412a834a0d715b76828.png"},"point":1095},{"user":{"uid":19,"userid":22,"name":"Garmy","avatar":"https://cdn.discordapp.com/avatars/537294435617341451/513dcf25a48a7f737f1643ad3c103e65.png"},"point":924},{"user":{"uid":211,"userid":160,"name":"human","avatar":"https://cdn.discordapp.com/avatars/698752151073194015/e626fce336d1295ab98959c084394e8b.png"},"point":896},{"user":{"uid":409,"userid":226,"name":"𝙽𝙴𝚆𝚃𝚈𝙿𝙴𝚂","avatar":"https://cdn.discordapp.com/avatars/624501922531115019/720e6c9072e99985cd234df4183376af.png"},"point":375},{"user":{"uid":8,"userid":9,"name":"Fitri10","avatar":"https://cdn.discordapp.com/avatars/537228046948892683/c88172513c19d6145de568e720da3b0a.png"},"point":318},{"user":{"uid":364,"userid":215,"name":"[MCG] Danish_v8","avatar":"https://static.truckersmp.com/avatarsN/3882826.1651322428.jpg"},"point":280},{"user":{"uid":376,"userid":217,"name":"im_tibo","avatar":"https://cdn.discordapp.com/avatars/677523358773936159/4701cf2e052934cb803f95ac1f17c941.png"},"point":204},{"user":{"uid":469,"userid":247,"name":"Ayl0o","avatar":"https://cdn.discordapp.com/avatars/706856186712031233/926726bdacd19e3f7294b06bcf6f729b.png"},"point":0}]}