{"fmd":[{"user":{"uid":71,"userid":60,"name":"geronimo8815","avatar":"https://static.truckersmp.com/avatarsN/5294261.1711913743.png"},"point":7332},{"user":{"uid":43,"userid":31,"name":"[GER]Christian","avatar":"https://static.truckersmp.com/avatarsN/196694.1705792859.png"},"point":5871},{"user":{"uid":79,"userid":68,"name":"kevinnartor","avatar":"https://cdn.discordapp.com/avatars/332536235765530624/7dd1743f062994a98d58768e967065da.png"},"point":5601},{"user":{"uid":359,"userid":291,"name":"Bazillus","avatar":"https://cdn.discordapp.com/avatars/996770901431418880/225f13a017023efcfa14e5ccebbfcc4b.png"},"point":5248},{"user":{"uid":361,"userid":293,"name":"LastSolution","avatar":"https://static.truckersmp.com/avatarsN/defaultavatar.png"},"point":5106},{"user":{"uid":360,"userid":292,"name":"Mace1050HD","avatar":"https://cdn.discordapp.com/avatars/682971554728247310/e8a62e512a31f5aa3517a8eb0bf1ba26.png"},"point":4391},{"user":{"uid":357,"userid":288,"name":"LeonMT1","avatar":"https://cdn.discordapp.com/avatars/945027825096884276/4d15ff8a959b721114aa1b2c8c68dad7.png"},"point":4346},{"user":{"uid":73,"userid":65,"name":"Ersque","avatar":"https://cdn.discordapp.com/avatars/219183521711915008/d8224c427b6d0b5f9a2b151734d67e76.png"},"point":3368},{"user":{"uid":118,"userid":112,"name":"KartoffelsackAUT","avatar":"https://cdn.discordapp.com/avatars/356200668513697803/b25e3d4366d3df16b93d5b8b49a98c24.png"},"point":3157},{"user":{"uid":117,"userid":109,"name":"DerDampfer78","avatar":"https://cdn.discordapp.com/avatars/324522906505707520/2584364ff258ba22916b1c0c369b0893.png"},"point":2951},{"user":{"uid":55,"userid":49,"name":"teufel-junior","avatar":"https://static.truckersmp.com/avatarsN/4966286.1704737379.png"},"point":2774},{"user":{"uid":119,"userid":105,"name":"annoxz","avatar":"https://cdn.discordapp.com/avatars/584497248767967263/dc4e3f991aba525ca4839013723063de.png"},"point":2498},{"user":{"uid":367,"userid":301,"name":"DarkKryo","avatar":"https://cdn.discordapp.com/avatars/508065925111742504/d0c7f5f54aecff802e63e225c8743919.png"},"point":2421},{"user":{"uid":366,"userid":299,"name":"Kosmos","avatar":"https://cdn.discordapp.com/avatars/383434886750404608/623fe0e8675f2b9f0cb314c5c84372dc.png"},"point":2270},{"user":{"uid":324,"userid":264,"name":"IceDomi/Dominik","avatar":"https://cdn.discordapp.com/avatars/333342159023636481/704fa67745d5f6252fb774a013c664b0.png"},"point":2076},{"user":{"uid":148,"userid":145,"name":"weisserkreuzer","avatar":"https://cdn.discordapp.com/avatars/303094283752308737/651be3b81b2b904cd1112f8501fd2e49.png"},"point":2031},{"user":{"uid":60,"userid":50,"name":"Thareon","avatar":"https://cdn.discordapp.com/avatars/701445278825316373/3b16d405b932144cdf8675ff795731f9.png"},"point":1975},{"user":{"uid":309,"userid":255,"name":"Guny69","avatar":"https://static.truckersmp.com/avatarsN/3695120.1713478510.jpg"},"point":1865},{"user":{"uid":10,"userid":7,"name":"Michi.","avatar":"https://cdn.discordapp.com/avatars/450646550998286336/cecb7757e1697a4ebde655c679ae60d1.png"},"point":1639},{"user":{"uid":12,"userid":10,"name":"Tchabalala/Axel","avatar":"https://cdn.discordapp.com/avatars/336794680454938624/c949fc0ae2a0b67356a833b7f2dfb640.png"},"point":1603},{"user":{"uid":18,"userid":16,"name":"teufelsfrucht","avatar":"https://static.truckersmp.com/avatarsN/4047213.1699434878.png"},"point":1446},{"user":{"uid":124,"userid":113,"name":"Terrase","avatar":"https://cdn.discordapp.com/avatars/625396497911119882/364fbbd9cf4c0c505f8784af01f4dc2e.png"},"point":1425},{"user":{"uid":276,"userid":230,"name":"BVG Joker","avatar":"https://cdn.discordapp.com/avatars/632654863821439016/4aa4e3726e3edc2c26b9288cd0b0e1c5.png"},"point":1388},{"user":{"uid":196,"userid":170,"name":"noah","avatar":"https://cdn.discordapp.com/avatars/551872292221747204/6dc460b0d4fbe2a3dbbc6e5755fbb5e5.png"},"point":1313},{"user":{"uid":317,"userid":257,"name":"TheSwissPlays","avatar":"https://cdn.discordapp.com/avatars/797800749315784704/cdb29aa483d02c15c349960633677ad1.png"},"point":1298},{"user":{"uid":365,"userid":298,"name":"Dreimling","avatar":"https://cdn.discordapp.com/avatars/417779260309372928/67d53e0094079910420be27159fe1747.png"},"point":1260},{"user":{"uid":157,"userid":141,"name":"DerBackfisch","avatar":"https://cdn.discordapp.com/avatars/838683261244407809/d68e387a0a32db692a5d95100b7bb919.png"},"point":1259},{"user":{"uid":252,"userid":205,"name":"Wutan Fall","avatar":"https://cdn.discordapp.com/avatars/204296481715388426/eb0c97b37333a5aef73f6cd7875bc750.png"},"point":1227},{"user":{"uid":348,"userid":284,"name":"Domco","avatar":"https://cdn.discordapp.com/avatars/142061877336342529/c82ea6a79feb7ca9092dbc85f3329fa7.png"},"point":1214},{"user":{"uid":295,"userid":246,"name":"Tiberius","avatar":"https://cdn.discordapp.com/avatars/305385843428950026/6c00ebb9bf00d5c68028e29af849b1ad.png"},"point":1168},{"user":{"uid":61,"userid":75,"name":"𝕲𝖍𝖔𝖘𝖙𝖕𝖆𝖚𝖑𝖔𝖔","avatar":"https://cdn.discordapp.com/avatars/964420212864741376/e8283a2f908472c913999fda7149c790.png"},"point":1133},{"user":{"uid":354,"userid":289,"name":"Feuertommi","avatar":"https://cdn.discordapp.com/avatars/250027105562263553/c10fa9cf893060beb093bb51899d7a71.png"},"point":1132},{"user":{"uid":269,"userid":225,"name":"Lord_Kevo22","avatar":"https://cdn.discordapp.com/avatars/705330452508049408/61c39c05ae5ed99170b76303b795d9c0.png"},"point":1052},{"user":{"uid":90,"userid":92,"name":"Truck Driver(GER)","avatar":"https://cdn.discordapp.com/avatars/697753575450738759/7fd627982dc1053d0feca23ee052e524.png"},"point":1025},{"user":{"uid":350,"userid":285,"name":"Domenic","avatar":"https://cdn.discordapp.com/avatars/611485672917827606/8f02eb30ddc54822c837832cc21f94a4.png"},"point":997},{"user":{"uid":13,"userid":11,"name":"Dignity.","avatar":"https://static.truckersmp.com/avatarsN/4603971.1714464337.jpg"},"point":975},{"user":{"uid":266,"userid":221,"name":"Pliegenfilz_xX","avatar":""},"point":937},{"user":{"uid":9,"userid":5,"name":"Fast-rider","avatar":"https://static.truckersmp.com/avatarsN/4041389.1709222265.png"},"point":924},{"user":{"uid":326,"userid":266,"name":"Kristalikk","avatar":"https://cdn.discordapp.com/avatars/1113511202132344872/cba86fba8505f5202edd60b53bcf00d0.png"},"point":873},{"user":{"uid":51,"userid":71,"name":"Joerg45701","avatar":"https://static.truckersmp.com/avatarsN/defaultavatar.png"},"point":845},{"user":{"uid":121,"userid":108,"name":"Maxl931","avatar":"https://cdn.discordapp.com/avatars/663414831239528468/319a0b0939774c10d6c0b6c9d711393c.png"},"point":827},{"user":{"uid":310,"userid":253,"name":"Pascal","avatar":"https://cdn.discordapp.com/avatars/677543668973830215/e67068b6cf29eb6aaa8ea1cdec299abe.png"},"point":728},{"user":{"uid":78,"userid":67,"name":"amugosch","avatar":"https://cdn.discordapp.com/avatars/518693794372124672/5949205b8e72fb2bbec984f551835583.png"},"point":724},{"user":{"uid":322,"userid":262,"name":"999stormzy","avatar":"https://cdn.discordapp.com/avatars/664568473690832917/39ccd6df525244d4fcd503d128557fb8.png"},"point":672},{"user":{"uid":141,"userid":196,"name":"MAX294","avatar":"https://cdn.discordapp.com/avatars/488323894831349760/f0ffd3875b74459d0656375b17aa0e6d.png"},"point":665},{"user":{"uid":39,"userid":34,"name":"[GER] Chrissy1968","avatar":"https://static.truckersmp.com/avatarsN/defaultavatar.png"},"point":534},{"user":{"uid":275,"userid":229,"name":"ByEnderman_HD","avatar":"https://cdn.discordapp.com/avatars/664529284043636767/6b9fb4edd1d2c073428b956ede3c7228.png"},"point":492},{"user":{"uid":168,"userid":148,"name":"lachs","avatar":"https://cdn.discordapp.com/avatars/567677822085234688/d8f503f9cdfe5741ac4c46b50ebaf69a.png"},"point":483},{"user":{"uid":211,"userid":177,"name":"BlackJack | Maxi","avatar":"https://cdn.discordapp.com/avatars/530031383007985665/7b116a150f08efd387c2608c8230ada7.png"},"point":449},{"user":{"uid":26,"userid":23,"name":"sneakyypython","avatar":"https://cdn.discordapp.com/avatars/358364284834545665/53da365e6ddc9f1b59064dc8035214e6.png"},"point":440},{"user":{"uid":59,"userid":48,"name":"Patrick","avatar":"https://cdn.discordapp.com/avatars/408688712223031306/0cfcbf6ba2fb06d7f4ef39a9d5f8f496.png"},"point":433},{"user":{"uid":139,"userid":127,"name":"SturmNudelLP (PC)","avatar":"https://cdn.discordapp.com/avatars/686996505550258225/9fdc874a2ccce42bee7c48ef3ab9c80a.png"},"point":281},{"user":{"uid":325,"userid":265,"name":"[GER] Sääm","avatar":"https://static.truckersmp.com/avatarsN/2524791.1714481709.jpg"},"point":254},{"user":{"uid":75,"userid":59,"name":"Storm05_","avatar":"https://cdn.discordapp.com/avatars/206094648236572672/8e00adf8bda4a32ef10eccef3d46830c.png"},"point":244},{"user":{"uid":213,"userid":178,"name":"Matthias","avatar":"https://cdn.discordapp.com/avatars/986724450647048212/ef0b2ff6aa97e9db1171cbaa6a78805c.png"},"point":211},{"user":{"uid":364,"userid":296,"name":"NxT_LvL2","avatar":"https://cdn.discordapp.com/avatars/656217741119717406/cafc237b9b4d434338695acab1b0e945.png"},"point":166},{"user":{"uid":291,"userid":243,"name":"Javeex","avatar":"https://cdn.discordapp.com/avatars/449671195273723904/427071cca810a0126f3f0331a5c7db1e.png"},"point":154},{"user":{"uid":194,"userid":188,"name":"[FLG] derMicha","avatar":"https://cdn.discordapp.com/avatars/951482086072660018/6f6fb9e5f328bec8c769d872bed5109a.png"},"point":127},{"user":{"uid":363,"userid":295,"name":"Xalesch | Markus","avatar":"https://cdn.discordapp.com/avatars/377511634651840523/a_22f8ff0f0d4ebec56ad259f43f6721b5.gif"},"point":123},{"user":{"uid":333,"userid":272,"name":"[GER] KevBro","avatar":"https://cdn.discordapp.com/avatars/399288507555905537/e802a2d7141709117c6d11115e7d25d9.png"},"point":12},{"user":{"uid":143,"userid":128,"name":"SchnellerFuchs","avatar":"https://static.truckersmp.com/avatarsN/1121622.1706114410.png"},"point":0},{"user":{"uid":288,"userid":240,"name":"Dark_Leon184","avatar":"https://cdn.discordapp.com/avatars/977581665675259955/facb6115d9fe87fca318e2a719ddf463.png"},"point":0}],"fma":[{"user":{"uid":71,"userid":60,"name":"geronimo8815","avatar":"https://static.truckersmp.com/avatarsN/5294261.1711913743.png"},"point":7332},{"user":{"uid":43,"userid":31,"name":"[GER]Christian","avatar":"https://static.truckersmp.com/avatarsN/196694.1705792859.png"},"point":5871},{"user":{"uid":79,"userid":68,"name":"kevinnartor","avatar":"https://cdn.discordapp.com/avatars/332536235765530624/7dd1743f062994a98d58768e967065da.png"},"point":5601},{"user":{"uid":359,"userid":291,"name":"Bazillus","avatar":"https://cdn.discordapp.com/avatars/996770901431418880/225f13a017023efcfa14e5ccebbfcc4b.png"},"point":5248},{"user":{"uid":361,"userid":293,"name":"LastSolution","avatar":"https://static.truckersmp.com/avatarsN/defaultavatar.png"},"point":5106},{"user":{"uid":360,"userid":292,"name":"Mace1050HD","avatar":"https://cdn.discordapp.com/avatars/682971554728247310/e8a62e512a31f5aa3517a8eb0bf1ba26.png"},"point":4391},{"user":{"uid":357,"userid":288,"name":"LeonMT1","avatar":"https://cdn.discordapp.com/avatars/945027825096884276/4d15ff8a959b721114aa1b2c8c68dad7.png"},"point":4346},{"user":{"uid":73,"userid":65,"name":"Ersque","avatar":"https://cdn.discordapp.com/avatars/219183521711915008/d8224c427b6d0b5f9a2b151734d67e76.png"},"point":3368},{"user":{"uid":118,"userid":112,"name":"KartoffelsackAUT","avatar":"https://cdn.discordapp.com/avatars/356200668513697803/b25e3d4366d3df16b93d5b8b49a98c24.png"},"point":3157},{"user":{"uid":117,"userid":109,"name":"DerDampfer78","avatar":"https://cdn.discordapp.com/avatars/324522906505707520/2584364ff258ba22916b1c0c369b0893.png"},"point":2951},{"user":{"uid":55,"userid":49,"name":"teufel-junior","avatar":"https://static.truckersmp.com/avatarsN/4966286.1704737379.png"},"point":2774},{"user":{"uid":119,"userid":105,"name":"annoxz","avatar":"https://cdn.discordapp.com/avatars/584497248767967263/dc4e3f991aba525ca4839013723063de.png"},"point":2498},{"user":{"uid":367,"userid":301,"name":"DarkKryo","avatar":"https://cdn.discordapp.com/avatars/508065925111742504/d0c7f5f54aecff802e63e225c8743919.png"},"point":2421},{"user":{"uid":366,"userid":299,"name":"Kosmos","avatar":"https://cdn.discordapp.com/avatars/383434886750404608/623fe0e8675f2b9f0cb314c5c84372dc.png"},"point":2270},{"user":{"uid":324,"userid":264,"name":"IceDomi/Dominik","avatar":"https://cdn.discordapp.com/avatars/333342159023636481/704fa67745d5f6252fb774a013c664b0.png"},"point":2076},{"user":{"uid":148,"userid":145,"name":"weisserkreuzer","avatar":"https://cdn.discordapp.com/avatars/303094283752308737/651be3b81b2b904cd1112f8501fd2e49.png"},"point":2031},{"user":{"uid":60,"userid":50,"name":"Thareon","avatar":"https://cdn.discordapp.com/avatars/701445278825316373/3b16d405b932144cdf8675ff795731f9.png"},"point":1975},{"user":{"uid":309,"userid":255,"name":"Guny69","avatar":"https://static.truckersmp.com/avatarsN/3695120.1713478510.jpg"},"point":1865},{"user":{"uid":10,"userid":7,"name":"Michi.","avatar":"https://cdn.discordapp.com/avatars/450646550998286336/cecb7757e1697a4ebde655c679ae60d1.png"},"point":1639},{"user":{"uid":12,"userid":10,"name":"Tchabalala/Axel","avatar":"https://cdn.discordapp.com/avatars/336794680454938624/c949fc0ae2a0b67356a833b7f2dfb640.png"},"point":1603},{"user":{"uid":18,"userid":16,"name":"teufelsfrucht","avatar":"https://static.truckersmp.com/avatarsN/4047213.1699434878.png"},"point":1446},{"user":{"uid":124,"userid":113,"name":"Terrase","avatar":"https://cdn.discordapp.com/avatars/625396497911119882/364fbbd9cf4c0c505f8784af01f4dc2e.png"},"point":1425},{"user":{"uid":276,"userid":230,"name":"BVG Joker","avatar":"https://cdn.discordapp.com/avatars/632654863821439016/4aa4e3726e3edc2c26b9288cd0b0e1c5.png"},"point":1388},{"user":{"uid":196,"userid":170,"name":"noah","avatar":"https://cdn.discordapp.com/avatars/551872292221747204/6dc460b0d4fbe2a3dbbc6e5755fbb5e5.png"},"point":1313},{"user":{"uid":317,"userid":257,"name":"TheSwissPlays","avatar":"https://cdn.discordapp.com/avatars/797800749315784704/cdb29aa483d02c15c349960633677ad1.png"},"point":1298},{"user":{"uid":365,"userid":298,"name":"Dreimling","avatar":"https://cdn.discordapp.com/avatars/417779260309372928/67d53e0094079910420be27159fe1747.png"},"point":1260},{"user":{"uid":157,"userid":141,"name":"DerBackfisch","avatar":"https://cdn.discordapp.com/avatars/838683261244407809/d68e387a0a32db692a5d95100b7bb919.png"},"point":1259},{"user":{"uid":252,"userid":205,"name":"Wutan Fall","avatar":"https://cdn.discordapp.com/avatars/204296481715388426/eb0c97b37333a5aef73f6cd7875bc750.png"},"point":1227},{"user":{"uid":348,"userid":284,"name":"Domco","avatar":"https://cdn.discordapp.com/avatars/142061877336342529/c82ea6a79feb7ca9092dbc85f3329fa7.png"},"point":1214},{"user":{"uid":295,"userid":246,"name":"Tiberius","avatar":"https://cdn.discordapp.com/avatars/305385843428950026/6c00ebb9bf00d5c68028e29af849b1ad.png"},"point":1168},{"user":{"uid":61,"userid":75,"name":"𝕲𝖍𝖔𝖘𝖙𝖕𝖆𝖚𝖑𝖔𝖔","avatar":"https://cdn.discordapp.com/avatars/964420212864741376/e8283a2f908472c913999fda7149c790.png"},"point":1133},{"user":{"uid":354,"userid":289,"name":"Feuertommi","avatar":"https://cdn.discordapp.com/avatars/250027105562263553/c10fa9cf893060beb093bb51899d7a71.png"},"point":1132},{"user":{"uid":269,"userid":225,"name":"Lord_Kevo22","avatar":"https://cdn.discordapp.com/avatars/705330452508049408/61c39c05ae5ed99170b76303b795d9c0.png"},"point":1052},{"user":{"uid":90,"userid":92,"name":"Truck Driver(GER)","avatar":"https://cdn.discordapp.com/avatars/697753575450738759/7fd627982dc1053d0feca23ee052e524.png"},"point":1025},{"user":{"uid":350,"userid":285,"name":"Domenic","avatar":"https://cdn.discordapp.com/avatars/611485672917827606/8f02eb30ddc54822c837832cc21f94a4.png"},"point":997},{"user":{"uid":13,"userid":11,"name":"Dignity.","avatar":"https://static.truckersmp.com/avatarsN/4603971.1714464337.jpg"},"point":975},{"user":{"uid":266,"userid":221,"name":"Pliegenfilz_xX","avatar":""},"point":937},{"user":{"uid":9,"userid":5,"name":"Fast-rider","avatar":"https://static.truckersmp.com/avatarsN/4041389.1709222265.png"},"point":924},{"user":{"uid":326,"userid":266,"name":"Kristalikk","avatar":"https://cdn.discordapp.com/avatars/1113511202132344872/cba86fba8505f5202edd60b53bcf00d0.png"},"point":873},{"user":{"uid":51,"userid":71,"name":"Joerg45701","avatar":"https://static.truckersmp.com/avatarsN/defaultavatar.png"},"point":845},{"user":{"uid":121,"userid":108,"name":"Maxl931","avatar":"https://cdn.discordapp.com/avatars/663414831239528468/319a0b0939774c10d6c0b6c9d711393c.png"},"point":827},{"user":{"uid":310,"userid":253,"name":"Pascal","avatar":"https://cdn.discordapp.com/avatars/677543668973830215/e67068b6cf29eb6aaa8ea1cdec299abe.png"},"point":728},{"user":{"uid":78,"userid":67,"name":"amugosch","avatar":"https://cdn.discordapp.com/avatars/518693794372124672/5949205b8e72fb2bbec984f551835583.png"},"point":724},{"user":{"uid":322,"userid":262,"name":"999stormzy","avatar":"https://cdn.discordapp.com/avatars/664568473690832917/39ccd6df525244d4fcd503d128557fb8.png"},"point":672},{"user":{"uid":141,"userid":196,"name":"MAX294","avatar":"https://cdn.discordapp.com/avatars/488323894831349760/f0ffd3875b74459d0656375b17aa0e6d.png"},"point":665},{"user":{"uid":39,"userid":34,"name":"[GER] Chrissy1968","avatar":"https://static.truckersmp.com/avatarsN/defaultavatar.png"},"point":534},{"user":{"uid":275,"userid":229,"name":"ByEnderman_HD","avatar":"https://cdn.discordapp.com/avatars/664529284043636767/6b9fb4edd1d2c073428b956ede3c7228.png"},"point":492},{"user":{"uid":168,"userid":148,"name":"lachs","avatar":"https://cdn.discordapp.com/avatars/567677822085234688/d8f503f9cdfe5741ac4c46b50ebaf69a.png"},"point":483},{"user":{"uid":211,"userid":177,"name":"BlackJack | Maxi","avatar":"https://cdn.discordapp.com/avatars/530031383007985665/7b116a150f08efd387c2608c8230ada7.png"},"point":449},{"user":{"uid":26,"userid":23,"name":"sneakyypython","avatar":"https://cdn.discordapp.com/avatars/358364284834545665/53da365e6ddc9f1b59064dc8035214e6.png"},"point":440},{"user":{"uid":59,"userid":48,"name":"Patrick","avatar":"https://cdn.discordapp.com/avatars/408688712223031306/0cfcbf6ba2fb06d7f4ef39a9d5f8f496.png"},"point":433},{"user":{"uid":139,"userid":127,"name":"SturmNudelLP (PC)","avatar":"https://cdn.discordapp.com/avatars/686996505550258225/9fdc874a2ccce42bee7c48ef3ab9c80a.png"},"point":281},{"user":{"uid":325,"userid":265,"name":"[GER] Sääm","avatar":"https://static.truckersmp.com/avatarsN/2524791.1714481709.jpg"},"point":254},{"user":{"uid":75,"userid":59,"name":"Storm05_","avatar":"https://cdn.discordapp.com/avatars/206094648236572672/8e00adf8bda4a32ef10eccef3d46830c.png"},"point":244},{"user":{"uid":213,"userid":178,"name":"Matthias","avatar":"https://cdn.discordapp.com/avatars/986724450647048212/ef0b2ff6aa97e9db1171cbaa6a78805c.png"},"point":211},{"user":{"uid":364,"userid":296,"name":"NxT_LvL2","avatar":"https://cdn.discordapp.com/avatars/656217741119717406/cafc237b9b4d434338695acab1b0e945.png"},"point":166},{"user":{"uid":291,"userid":243,"name":"Javeex","avatar":"https://cdn.discordapp.com/avatars/449671195273723904/427071cca810a0126f3f0331a5c7db1e.png"},"point":154},{"user":{"uid":194,"userid":188,"name":"[FLG] derMicha","avatar":"https://cdn.discordapp.com/avatars/951482086072660018/6f6fb9e5f328bec8c769d872bed5109a.png"},"point":127},{"user":{"uid":363,"userid":295,"name":"Xalesch | Markus","avatar":"https://cdn.discordapp.com/avatars/377511634651840523/a_22f8ff0f0d4ebec56ad259f43f6721b5.gif"},"point":123},{"user":{"uid":333,"userid":272,"name":"[GER] KevBro","avatar":"https://cdn.discordapp.com/avatars/399288507555905537/e802a2d7141709117c6d11115e7d25d9.png"},"point":12},{"user":{"uid":143,"userid":128,"name":"SchnellerFuchs","avatar":"https://static.truckersmp.com/avatarsN/1121622.1706114410.png"},"point":0},{"user":{"uid":288,"userid":240,"name":"Dark_Leon184","avatar":"https://cdn.discordapp.com/avatars/977581665675259955/facb6115d9fe87fca318e2a719ddf463.png"},"point":0}]}