{"fmd":[{"user":{"uid":3,"userid":2,"name":"GB |     M.Faruk {21}","avatar":"https://cdn.discordapp.com/avatars/284769507271245825/f4d7f890b3d45b4fcc2acc412335e13a.png"},"point":1014},{"user":{"uid":6,"userid":6,"name":"[GökBörü] Batın","avatar":"https://static.truckersmp.com/avatarsN/4072312.1654349778.png"},"point":639}],"fma":[{"user":{"uid":3,"userid":2,"name":"GB |     M.Faruk {21}","avatar":"https://cdn.discordapp.com/avatars/284769507271245825/f4d7f890b3d45b4fcc2acc412335e13a.png"},"point":1192},{"user":{"uid":6,"userid":6,"name":"[GökBörü] Batın","avatar":"https://static.truckersmp.com/avatarsN/4072312.1654349778.png"},"point":764}]}