{"fmd":[{"user":{"uid":636,"userid":513,"name":"MementoMori","avatar":"https://cdn.discordapp.com/avatars/978142750681731182/884e73c1f41e29c7cc3518441545a1f8.png"},"point":2148},{"user":{"uid":600,"userid":483,"name":"SirKing2221","avatar":"https://cdn.discordapp.com/avatars/1072263247031443568/17ffb0428c63d24db11d728b8f795865.png"},"point":1660},{"user":{"uid":649,"userid":522,"name":"Limo44","avatar":"https://cdn.discordapp.com/avatars/494500573777756162/3fe6c014b1aa1e89b2564684c9e2dc91.png"},"point":1644},{"user":{"uid":427,"userid":353,"name":"Versthappening","avatar":"https://cdn.discordapp.com/avatars/851032564801077258/b6762130b06d88078b10d519887e731b.png"},"point":1289},{"user":{"uid":396,"userid":331,"name":"Lucas","avatar":"https://cdn.discordapp.com/avatars/1004644388888117258/ea826f4f3083b8b805c29d765c52e04f.png"},"point":1265},{"user":{"uid":678,"userid":543,"name":"Poco","avatar":"https://cdn.discordapp.com/avatars/396291126002188298/26e461e154bf9db4d6fc492c395aaa65.png"},"point":1252},{"user":{"uid":681,"userid":547,"name":"Lushy","avatar":"https://cdn.discordapp.com/avatars/902937161983217745/164bbb443b8acd6ca6024deab437f646.png"},"point":1180},{"user":{"uid":579,"userid":466,"name":"pieter.64","avatar":"https://cdn.discordapp.com/avatars/324877891852828683/00632119b31752fcb8171bbb4279d1f8.png"},"point":884},{"user":{"uid":68,"userid":176,"name":"Ammaar","avatar":"https://cdn.discordapp.com/avatars/611183396210737167/83c6d8f59f35509744d9eb2b420625ee.png"},"point":868},{"user":{"uid":667,"userid":535,"name":"cxramic","avatar":"https://cdn.discordapp.com/avatars/1157288014599426050/54f13430863655d4235702c6473518e0.png"},"point":847},{"user":{"uid":557,"userid":452,"name":"Your Local Joker","avatar":"https://cdn.discordapp.com/avatars/473771834022690817/0531f330ab848524faf2fb1e44dd4aa9.png"},"point":735},{"user":{"uid":463,"userid":380,"name":"nightwolf64","avatar":"https://cdn.discordapp.com/avatars/869142578514259979/45017b37b3e500d5861ec6491b471cf3.png"},"point":728},{"user":{"uid":658,"userid":528,"name":"SINIST3R","avatar":"https://cdn.discordapp.com/avatars/269558565180538882/61dd08030cb3986506544afe22066c8a.png"},"point":441},{"user":{"uid":25,"userid":96,"name":"[G-T-R]GrayWolf","avatar":"https://cdn.discordapp.com/avatars/463049453067173888/93e0f855de1c1bcdf6924d45b1789338.png"},"point":419},{"user":{"uid":609,"userid":490,"name":"ralkinvx","avatar":"https://cdn.discordapp.com/avatars/626276063609225221/cdf27d657698337dc22e9a4ba4736900.png"},"point":419},{"user":{"uid":539,"userid":436,"name":"Pyrozen","avatar":"https://cdn.discordapp.com/avatars/161364596987265024/a_5fb233aca7be875c38d65789539f1b87.gif"},"point":417},{"user":{"uid":671,"userid":538,"name":"Nom","avatar":"https://cdn.discordapp.com/avatars/675210278228721694/ac7a89a7b91a9e332b3af3e2b6e64a8e.png"},"point":417},{"user":{"uid":212,"userid":201,"name":"nasht7","avatar":"https://cdn.discordapp.com/avatars/478817763172024322/a947cf0bc4d7f21695c683d13a485521.png"},"point":389},{"user":{"uid":610,"userid":491,"name":"zaytoven","avatar":"https://cdn.discordapp.com/avatars/386555958685335563/fbeb103a96e2b3811c54d70f59a6ea9d.png"},"point":341},{"user":{"uid":595,"userid":479,"name":"Championrub","avatar":"https://cdn.discordapp.com/avatars/811982277474123786/57632d6c13f4de8235b03acd0aba016e.png"},"point":336},{"user":{"uid":608,"userid":489,"name":"Dylan aka Scott","avatar":"https://cdn.discordapp.com/avatars/287978186732732416/269da0519b0fb3b455df1752ceec3171.png"},"point":3},{"user":{"uid":4,"userid":7,"name":"Sang0kas","avatar":"https://cdn.discordapp.com/avatars/327061419818352641/f17a95aa48e93697f0853d91d0dd2a5f.png"},"point":0},{"user":{"uid":49,"userid":155,"name":"𝕃𝕖𝕝𝕖","avatar":"https://cdn.discordapp.com/avatars/757581408763117579/7fa86769562bcd479575f7ce3ad6003e.png"},"point":0},{"user":{"uid":538,"userid":542,"name":"Mesiacik32","avatar":"https://cdn.discordapp.com/avatars/1037005200151547934/2f9bf8ec8ef0881f633a5be6113eecf4.png"},"point":0}],"fma":[{"user":{"uid":636,"userid":513,"name":"MementoMori","avatar":"https://cdn.discordapp.com/avatars/978142750681731182/884e73c1f41e29c7cc3518441545a1f8.png"},"point":2328},{"user":{"uid":600,"userid":483,"name":"SirKing2221","avatar":"https://cdn.discordapp.com/avatars/1072263247031443568/17ffb0428c63d24db11d728b8f795865.png"},"point":1660},{"user":{"uid":649,"userid":522,"name":"Limo44","avatar":"https://cdn.discordapp.com/avatars/494500573777756162/3fe6c014b1aa1e89b2564684c9e2dc91.png"},"point":1644},{"user":{"uid":427,"userid":353,"name":"Versthappening","avatar":"https://cdn.discordapp.com/avatars/851032564801077258/b6762130b06d88078b10d519887e731b.png"},"point":1289},{"user":{"uid":396,"userid":331,"name":"Lucas","avatar":"https://cdn.discordapp.com/avatars/1004644388888117258/ea826f4f3083b8b805c29d765c52e04f.png"},"point":1265},{"user":{"uid":678,"userid":543,"name":"Poco","avatar":"https://cdn.discordapp.com/avatars/396291126002188298/26e461e154bf9db4d6fc492c395aaa65.png"},"point":1252},{"user":{"uid":681,"userid":547,"name":"Lushy","avatar":"https://cdn.discordapp.com/avatars/902937161983217745/164bbb443b8acd6ca6024deab437f646.png"},"point":1180},{"user":{"uid":579,"userid":466,"name":"pieter.64","avatar":"https://cdn.discordapp.com/avatars/324877891852828683/00632119b31752fcb8171bbb4279d1f8.png"},"point":884},{"user":{"uid":212,"userid":201,"name":"nasht7","avatar":"https://cdn.discordapp.com/avatars/478817763172024322/a947cf0bc4d7f21695c683d13a485521.png"},"point":879},{"user":{"uid":68,"userid":176,"name":"Ammaar","avatar":"https://cdn.discordapp.com/avatars/611183396210737167/83c6d8f59f35509744d9eb2b420625ee.png"},"point":868},{"user":{"uid":667,"userid":535,"name":"cxramic","avatar":"https://cdn.discordapp.com/avatars/1157288014599426050/54f13430863655d4235702c6473518e0.png"},"point":847},{"user":{"uid":557,"userid":452,"name":"Your Local Joker","avatar":"https://cdn.discordapp.com/avatars/473771834022690817/0531f330ab848524faf2fb1e44dd4aa9.png"},"point":735},{"user":{"uid":463,"userid":380,"name":"nightwolf64","avatar":"https://cdn.discordapp.com/avatars/869142578514259979/45017b37b3e500d5861ec6491b471cf3.png"},"point":728},{"user":{"uid":658,"userid":528,"name":"SINIST3R","avatar":"https://cdn.discordapp.com/avatars/269558565180538882/61dd08030cb3986506544afe22066c8a.png"},"point":441},{"user":{"uid":25,"userid":96,"name":"[G-T-R]GrayWolf","avatar":"https://cdn.discordapp.com/avatars/463049453067173888/93e0f855de1c1bcdf6924d45b1789338.png"},"point":419},{"user":{"uid":609,"userid":490,"name":"ralkinvx","avatar":"https://cdn.discordapp.com/avatars/626276063609225221/cdf27d657698337dc22e9a4ba4736900.png"},"point":419},{"user":{"uid":539,"userid":436,"name":"Pyrozen","avatar":"https://cdn.discordapp.com/avatars/161364596987265024/a_5fb233aca7be875c38d65789539f1b87.gif"},"point":417},{"user":{"uid":671,"userid":538,"name":"Nom","avatar":"https://cdn.discordapp.com/avatars/675210278228721694/ac7a89a7b91a9e332b3af3e2b6e64a8e.png"},"point":417},{"user":{"uid":610,"userid":491,"name":"zaytoven","avatar":"https://cdn.discordapp.com/avatars/386555958685335563/fbeb103a96e2b3811c54d70f59a6ea9d.png"},"point":341},{"user":{"uid":595,"userid":479,"name":"Championrub","avatar":"https://cdn.discordapp.com/avatars/811982277474123786/57632d6c13f4de8235b03acd0aba016e.png"},"point":336},{"user":{"uid":480,"userid":395,"name":"Sh0tBlow","avatar":"https://cdn.discordapp.com/avatars/462991116279611392/87bf1e3b76d220025f3fb4b0029427f8.png"},"point":225},{"user":{"uid":608,"userid":489,"name":"Dylan aka Scott","avatar":"https://cdn.discordapp.com/avatars/287978186732732416/269da0519b0fb3b455df1752ceec3171.png"},"point":3},{"user":{"uid":4,"userid":7,"name":"Sang0kas","avatar":"https://cdn.discordapp.com/avatars/327061419818352641/f17a95aa48e93697f0853d91d0dd2a5f.png"},"point":0},{"user":{"uid":49,"userid":155,"name":"𝕃𝕖𝕝𝕖","avatar":"https://cdn.discordapp.com/avatars/757581408763117579/7fa86769562bcd479575f7ce3ad6003e.png"},"point":0},{"user":{"uid":538,"userid":542,"name":"Mesiacik32","avatar":"https://cdn.discordapp.com/avatars/1037005200151547934/2f9bf8ec8ef0881f633a5be6113eecf4.png"},"point":0}]}