{"fmd":[{"user":{"uid":1,"userid":1,"name":"Chinchulines","avatar":"https://static.truckersmp.com/avatarsN/5157719.1708998904.png"},"point":3183},{"user":{"uid":8,"userid":4,"name":"fruttinicolas","avatar":"https://avatars.steamstatic.com/5b0cc45fd9b42f0402fee7d8375e115427c8c2dc_full.jpg"},"point":1822},{"user":{"uid":17,"userid":13,"name":"XxxDestinxxX","avatar":"https://avatars.steamstatic.com/fb13c981f47d8ffe3baecc5e0a1d6ac5d927973c_full.jpg"},"point":1145},{"user":{"uid":14,"userid":11,"name":"ELCARLOS.69","avatar":"https://avatars.steamstatic.com/fef49e7fa7e1997310d705b2a6158ff8dc1cdfeb_full.jpg"},"point":272},{"user":{"uid":3,"userid":2,"name":"el_uruguayop","avatar":"https://avatars.steamstatic.com/f559eb3f2353a53b1056d03c2968037b59fec846_full.jpg"},"point":191}],"fma":[{"user":{"uid":8,"userid":4,"name":"fruttinicolas","avatar":"https://avatars.steamstatic.com/5b0cc45fd9b42f0402fee7d8375e115427c8c2dc_full.jpg"},"point":7391},{"user":{"uid":1,"userid":1,"name":"Chinchulines","avatar":"https://static.truckersmp.com/avatarsN/5157719.1708998904.png"},"point":3212},{"user":{"uid":14,"userid":11,"name":"ELCARLOS.69","avatar":"https://avatars.steamstatic.com/fef49e7fa7e1997310d705b2a6158ff8dc1cdfeb_full.jpg"},"point":1972},{"user":{"uid":17,"userid":13,"name":"XxxDestinxxX","avatar":"https://avatars.steamstatic.com/fb13c981f47d8ffe3baecc5e0a1d6ac5d927973c_full.jpg"},"point":1145},{"user":{"uid":3,"userid":2,"name":"el_uruguayop","avatar":"https://avatars.steamstatic.com/f559eb3f2353a53b1056d03c2968037b59fec846_full.jpg"},"point":191}]}