{"fmd":[{"user":{"uid":203,"userid":173,"name":"(DR) Billy1bob","avatar":""},"point":9944},{"user":{"uid":202,"userid":172,"name":"(DR) WeeMenace06","avatar":"https://cdn.discordapp.com/avatars/970355206590181376/76a0b6ef3a5eca2c11e5ca399efa3a52.png"},"point":3152},{"user":{"uid":163,"userid":136,"name":"(DR) Null","avatar":"https://cdn.discordapp.com/avatars/290431163326005250/07183c9877bfd1af888069f859f26c31.png"},"point":3042},{"user":{"uid":1,"userid":0,"name":"LOA (Owner) Essex","avatar":"https://cdn.discordapp.com/avatars/986728515892285461/a_c4301bd78f1d1d60c25f66672af89a9a.gif"},"point":1788},{"user":{"uid":214,"userid":184,"name":"(DRT) Ryan's Bus Place","avatar":"https://cdn.discordapp.com/avatars/1150091824124395621/ddc46e21f531d8edea729ec5055a65b0.png"},"point":1586},{"user":{"uid":6,"userid":3,"name":"(Co Owner) Angry Raptor","avatar":"https://cdn.discordapp.com/avatars/474484979548815360/6347a182410a674dfb6f831275c1b803.png"},"point":958},{"user":{"uid":128,"userid":103,"name":"(DR) johnny7610","avatar":"https://cdn.discordapp.com/avatars/191355230326095878/dc8aefac45d186a6c649ecc1e8efb7ba.png"},"point":837},{"user":{"uid":28,"userid":23,"name":"(CEO) Pete (DND)","avatar":"https://cdn.discordapp.com/avatars/316660255872516106/8a2dca3b679afae90df18edc44b1584c.png"},"point":396},{"user":{"uid":13,"userid":9,"name":"(Co Owner) BRDYVPR","avatar":"https://cdn.discordapp.com/avatars/760196239022489633/e52474f8d25af8ac2dbffaddb6943c37.png"},"point":277},{"user":{"uid":192,"userid":163,"name":"(DR) Diican","avatar":""},"point":172}],"fma":[{"user":{"uid":203,"userid":173,"name":"(DR) Billy1bob","avatar":""},"point":9944},{"user":{"uid":202,"userid":172,"name":"(DR) WeeMenace06","avatar":"https://cdn.discordapp.com/avatars/970355206590181376/76a0b6ef3a5eca2c11e5ca399efa3a52.png"},"point":3152},{"user":{"uid":163,"userid":136,"name":"(DR) Null","avatar":"https://cdn.discordapp.com/avatars/290431163326005250/07183c9877bfd1af888069f859f26c31.png"},"point":3042},{"user":{"uid":1,"userid":0,"name":"LOA (Owner) Essex","avatar":"https://cdn.discordapp.com/avatars/986728515892285461/a_c4301bd78f1d1d60c25f66672af89a9a.gif"},"point":1888},{"user":{"uid":214,"userid":184,"name":"(DRT) Ryan's Bus Place","avatar":"https://cdn.discordapp.com/avatars/1150091824124395621/ddc46e21f531d8edea729ec5055a65b0.png"},"point":1586},{"user":{"uid":6,"userid":3,"name":"(Co Owner) Angry Raptor","avatar":"https://cdn.discordapp.com/avatars/474484979548815360/6347a182410a674dfb6f831275c1b803.png"},"point":958},{"user":{"uid":128,"userid":103,"name":"(DR) johnny7610","avatar":"https://cdn.discordapp.com/avatars/191355230326095878/dc8aefac45d186a6c649ecc1e8efb7ba.png"},"point":837},{"user":{"uid":28,"userid":23,"name":"(CEO) Pete (DND)","avatar":"https://cdn.discordapp.com/avatars/316660255872516106/8a2dca3b679afae90df18edc44b1584c.png"},"point":396},{"user":{"uid":13,"userid":9,"name":"(Co Owner) BRDYVPR","avatar":"https://cdn.discordapp.com/avatars/760196239022489633/e52474f8d25af8ac2dbffaddb6943c37.png"},"point":277},{"user":{"uid":192,"userid":163,"name":"(DR) Diican","avatar":""},"point":172}]}