{"fmd":[{"user":{"uid":8,"userid":6,"name":"ll iScuf ll","avatar":"https://cdn.discordapp.com/avatars/321795006178525186/a_b79d3e9a2be03b5fc4d9c795da893874.gif"},"point":11237},{"user":{"uid":194,"userid":150,"name":"_W0LFIE_","avatar":"https://cdn.discordapp.com/avatars/1153533912254009377/a5ed6f2947b1d14be30844cd4e1508cd.png"},"point":3191},{"user":{"uid":261,"userid":199,"name":"Lucas M","avatar":"https://cdn.discordapp.com/avatars/1051127166659731467/f493ca1a7a6f64b4735c1773ac210027.png"},"point":2600},{"user":{"uid":281,"userid":210,"name":"TravelChimp","avatar":"https://cdn.discordapp.com/avatars/836310585683083304/a_56b4d9d67d30547bfde32a929488480c.gif"},"point":2510},{"user":{"uid":144,"userid":110,"name":"Fizzi_","avatar":"https://cdn.discordapp.com/avatars/414719910422380554/622dfe5da93fb665169d69c65f113bd8.png"},"point":2312},{"user":{"uid":100,"userid":75,"name":"I am KingHeet","avatar":"https://static.truckersmp.com/avatarsN/3141865.1659238151.jpeg"},"point":2188},{"user":{"uid":112,"userid":86,"name":"PistonFace08","avatar":"https://cdn.discordapp.com/avatars/562334030612135968/a2f83155381251c95dc78b28c3ae46c6.png"},"point":2049},{"user":{"uid":76,"userid":60,"name":"V8 Gaming","avatar":"https://cdn.discordapp.com/avatars/793808849404559452/e782ec658aad4569bdf5267052741c37.png"},"point":1966},{"user":{"uid":15,"userid":10,"name":"MarlonSkills","avatar":"https://cdn.discordapp.com/avatars/315956778884005890/9a3d00de17d4e51023e4dc7542353ce7.png"},"point":1857},{"user":{"uid":285,"userid":212,"name":"Tezza","avatar":"https://cdn.discordapp.com/avatars/847917571759276104/7a3c2c45a40f20eaf892c5ce1fb5f891.png"},"point":1527},{"user":{"uid":234,"userid":178,"name":"Saga Virtanen","avatar":"https://static.truckersmp.com/avatarsN/343160.1685564872.png"},"point":1086},{"user":{"uid":156,"userid":120,"name":"Bonsa","avatar":"https://cdn.discordapp.com/avatars/496711398701662218/a1d41e0cf2ae1acd231c2e8b446f05c4.png"},"point":1016},{"user":{"uid":173,"userid":133,"name":"LizzyM#290199","avatar":""},"point":839},{"user":{"uid":180,"userid":144,"name":"berokose","avatar":"https://static.truckersmp.com/avatarsN/defaultavatar.png"},"point":783},{"user":{"uid":316,"userid":234,"name":"Jason Lee Kelk","avatar":"https://cdn.discordapp.com/avatars/222356394249158666/99d75b5b267802f153f88b4e86aeec96.png"},"point":583},{"user":{"uid":260,"userid":198,"name":"TJ2006","avatar":"https://cdn.discordapp.com/avatars/405456778772480001/929852eed2b7943bbbde706a2a381e14.png"},"point":401},{"user":{"uid":204,"userid":155,"name":"Scarry","avatar":"https://cdn.discordapp.com/avatars/844243311656304640/34337f2ae0ca3d703181973aea9b9aac.png"},"point":394},{"user":{"uid":32,"userid":21,"name":"NateNZ","avatar":"https://cdn.discordapp.com/avatars/263779798327885834/54adfd241b87dc24073b7cc175209ad7.png"},"point":393},{"user":{"uid":289,"userid":214,"name":"realjetro007","avatar":"https://cdn.discordapp.com/avatars/390698464775766016/77e5c944c3bd4702a3ac3e0ee206d4e9.png"},"point":372},{"user":{"uid":278,"userid":207,"name":"DA COOKIE GOD 🍪🍪🍪🍪","avatar":"https://cdn.discordapp.com/avatars/1189979856440664064/3ca110a3092a62629f101bfde858d678.png"},"point":317},{"user":{"uid":308,"userid":227,"name":"Ali Fahmi","avatar":"https://cdn.discordapp.com/avatars/724912335051030538/f060d90c0d181b8479b511109e0e3671.png"},"point":232}],"fma":[{"user":{"uid":8,"userid":6,"name":"ll iScuf ll","avatar":"https://cdn.discordapp.com/avatars/321795006178525186/a_b79d3e9a2be03b5fc4d9c795da893874.gif"},"point":11968},{"user":{"uid":32,"userid":21,"name":"NateNZ","avatar":"https://cdn.discordapp.com/avatars/263779798327885834/54adfd241b87dc24073b7cc175209ad7.png"},"point":4691},{"user":{"uid":112,"userid":86,"name":"PistonFace08","avatar":"https://cdn.discordapp.com/avatars/562334030612135968/a2f83155381251c95dc78b28c3ae46c6.png"},"point":3843},{"user":{"uid":194,"userid":150,"name":"_W0LFIE_","avatar":"https://cdn.discordapp.com/avatars/1153533912254009377/a5ed6f2947b1d14be30844cd4e1508cd.png"},"point":3191},{"user":{"uid":261,"userid":199,"name":"Lucas M","avatar":"https://cdn.discordapp.com/avatars/1051127166659731467/f493ca1a7a6f64b4735c1773ac210027.png"},"point":2974},{"user":{"uid":15,"userid":10,"name":"MarlonSkills","avatar":"https://cdn.discordapp.com/avatars/315956778884005890/9a3d00de17d4e51023e4dc7542353ce7.png"},"point":2845},{"user":{"uid":281,"userid":210,"name":"TravelChimp","avatar":"https://cdn.discordapp.com/avatars/836310585683083304/a_56b4d9d67d30547bfde32a929488480c.gif"},"point":2510},{"user":{"uid":76,"userid":60,"name":"V8 Gaming","avatar":"https://cdn.discordapp.com/avatars/793808849404559452/e782ec658aad4569bdf5267052741c37.png"},"point":2341},{"user":{"uid":144,"userid":110,"name":"Fizzi_","avatar":"https://cdn.discordapp.com/avatars/414719910422380554/622dfe5da93fb665169d69c65f113bd8.png"},"point":2312},{"user":{"uid":100,"userid":75,"name":"I am KingHeet","avatar":"https://static.truckersmp.com/avatarsN/3141865.1659238151.jpeg"},"point":2188},{"user":{"uid":285,"userid":212,"name":"Tezza","avatar":"https://cdn.discordapp.com/avatars/847917571759276104/7a3c2c45a40f20eaf892c5ce1fb5f891.png"},"point":1527},{"user":{"uid":204,"userid":155,"name":"Scarry","avatar":"https://cdn.discordapp.com/avatars/844243311656304640/34337f2ae0ca3d703181973aea9b9aac.png"},"point":1239},{"user":{"uid":234,"userid":178,"name":"Saga Virtanen","avatar":"https://static.truckersmp.com/avatarsN/343160.1685564872.png"},"point":1203},{"user":{"uid":134,"userid":104,"name":"Freshmuscl3","avatar":"https://static.truckersmp.com/avatarsN/5222182.1706276666.png"},"point":1125},{"user":{"uid":156,"userid":120,"name":"Bonsa","avatar":"https://cdn.discordapp.com/avatars/496711398701662218/a1d41e0cf2ae1acd231c2e8b446f05c4.png"},"point":1016},{"user":{"uid":173,"userid":133,"name":"LizzyM#290199","avatar":""},"point":950},{"user":{"uid":316,"userid":234,"name":"Jason Lee Kelk","avatar":"https://cdn.discordapp.com/avatars/222356394249158666/99d75b5b267802f153f88b4e86aeec96.png"},"point":924},{"user":{"uid":278,"userid":207,"name":"DA COOKIE GOD 🍪🍪🍪🍪","avatar":"https://cdn.discordapp.com/avatars/1189979856440664064/3ca110a3092a62629f101bfde858d678.png"},"point":788},{"user":{"uid":180,"userid":144,"name":"berokose","avatar":"https://static.truckersmp.com/avatarsN/defaultavatar.png"},"point":783},{"user":{"uid":260,"userid":198,"name":"TJ2006","avatar":"https://cdn.discordapp.com/avatars/405456778772480001/929852eed2b7943bbbde706a2a381e14.png"},"point":725},{"user":{"uid":308,"userid":227,"name":"Ali Fahmi","avatar":"https://cdn.discordapp.com/avatars/724912335051030538/f060d90c0d181b8479b511109e0e3671.png"},"point":535},{"user":{"uid":289,"userid":214,"name":"realjetro007","avatar":"https://cdn.discordapp.com/avatars/390698464775766016/77e5c944c3bd4702a3ac3e0ee206d4e9.png"},"point":372}]}