{"fmd":[{"user":{"uid":165,"userid":147,"name":"Bernd.R","avatar":"https://avatars.steamstatic.com/1632837e2e6f9bff2970254d35d06bae45d9a395_full.jpg"},"point":10081},{"user":{"uid":135,"userid":120,"name":"mschmidi270373","avatar":"https://avatars.steamstatic.com/d670cb75b7d0055ee9c551ea24f9135512728a93_full.jpg"},"point":7876},{"user":{"uid":231,"userid":198,"name":"Hypo","avatar":"https://cdn.discordapp.com/avatars/400666851022995468/6a162fad7beed5e461df4f3e8581c6fa.png"},"point":4498},{"user":{"uid":136,"userid":121,"name":"Fuzzi_One","avatar":"https://avatars.steamstatic.com/80dc5c843904a69c82033fa7600d24e61dc9b370_full.jpg"},"point":4324},{"user":{"uid":147,"userid":132,"name":"Der  Opa","avatar":"https://cdn.discordapp.com/avatars/390841934358249482/5182d95c0600108142ddbca2b09a1bb4.png"},"point":3146},{"user":{"uid":223,"userid":194,"name":"Fidk","avatar":"https://avatars.steamstatic.com/315a03c038d583b82044d2289104d6b2c6929131_full.jpg"},"point":2959},{"user":{"uid":31,"userid":22,"name":"[RSL] Fun_irrenanstalt","avatar":""},"point":2750},{"user":{"uid":227,"userid":197,"name":"flighttime","avatar":"https://cdn.discordapp.com/avatars/680800675931619343/f79b46f59970fe2f55d821ed68464bb5.png"},"point":1969},{"user":{"uid":72,"userid":64,"name":"BoucBrutal","avatar":"https://avatars.steamstatic.com/3b0d8bbe6bc98d9e4405baafe0d341663e8d5bf1_full.jpg"},"point":1817},{"user":{"uid":181,"userid":160,"name":"Edgarianer007","avatar":"https://avatars.steamstatic.com/de0a5993bd753b89c6b5c132a26d7ddc838e4424_full.jpg"},"point":1657},{"user":{"uid":1,"userid":1,"name":"RSL | Domi","avatar":"https://cdn.discordapp.com/avatars/208630023626817536/d6b5a101ffa2655e917e9e2ca950025a.png"},"point":1605},{"user":{"uid":45,"userid":36,"name":"Der Sachse","avatar":"https://static.truckersmp.com/avatarsN/3203811.1663180346.gif"},"point":1485},{"user":{"uid":236,"userid":204,"name":"THEniceCARGUY69","avatar":"https://avatars.steamstatic.com/9a6adc484b00e9de2bd28bd236f3c464eec33fdc_full.jpg"},"point":1466},{"user":{"uid":226,"userid":196,"name":"Nico[DE]","avatar":"https://avatars.steamstatic.com/50767cea96889a121066ed45c098873cb258f8f3_full.jpg"},"point":1368},{"user":{"uid":145,"userid":130,"name":"Mr.Korall","avatar":"https://avatars.steamstatic.com/71c5c5744ad9cda9e24a3cbb14bba2e238bf66af_full.jpg"},"point":1299},{"user":{"uid":50,"userid":43,"name":"Tarial","avatar":"https://avatars.steamstatic.com/852cd2da47222f03895ad2c285d0980e4f003168_full.jpg"},"point":1263},{"user":{"uid":30,"userid":52,"name":"Marlboro Gold","avatar":"https://avatars.steamstatic.com/a04fb35aae2d932a8d6fe3d9a9663ab1c39cacea_full.jpg"},"point":1062},{"user":{"uid":25,"userid":19,"name":"Razoraptor","avatar":"https://avatars.steamstatic.com/411f0a1d08563b0dcd648c344b113688287bfb1f_full.jpg"},"point":1061},{"user":{"uid":176,"userid":157,"name":"SKELETOR96","avatar":"https://avatars.steamstatic.com/e2de94aa5b303690fc34a2784287b2ea576b1250_full.jpg"},"point":984},{"user":{"uid":225,"userid":195,"name":"max-kruse-ad","avatar":"https://avatars.steamstatic.com/cc1f5e02a7b42447651f11e4cc9f6d7694eec5ab_full.jpg"},"point":710},{"user":{"uid":27,"userid":40,"name":"Odin","avatar":"https://avatars.steamstatic.com/d85514129aa7b2bd055e58358fea8f36254dbc3b_full.jpg"},"point":612},{"user":{"uid":235,"userid":203,"name":"Kubixx ツ","avatar":"https://avatars.steamstatic.com/97caee00eb9e2fd9f78eaf034b7f9f4d2fd9210d_full.jpg"},"point":610},{"user":{"uid":230,"userid":201,"name":"DavidRad","avatar":"https://avatars.steamstatic.com/a573dc6845f12dde449a1e9ab7ef991c12229e28_full.jpg"},"point":524},{"user":{"uid":4,"userid":4,"name":"BadLight","avatar":"https://avatars.steamstatic.com/602988b158f277092346e5efdce01ca3b8af9008_full.jpg"},"point":503},{"user":{"uid":192,"userid":172,"name":"TopsyCret","avatar":"https://avatars.steamstatic.com/82aecb83684b9c1d29f6f26a4642971416734fcc_full.jpg"},"point":500},{"user":{"uid":17,"userid":38,"name":"Julian","avatar":"https://avatars.steamstatic.com/bba9b676052e67e10f0ce8cec815c138e5c030b8_full.jpg"},"point":439},{"user":{"uid":233,"userid":200,"name":"[RSL] Leroy","avatar":"https://cdn.discordapp.com/avatars/1181998617528107149/11ab699a704dbd154f4a3b5e604177ee.png"},"point":402},{"user":{"uid":2,"userid":2,"name":"[RSL] Ghost","avatar":"https://cdn.discordapp.com/avatars/673509646996209676/a_7feeb1df41d09e7ca4d7d962e4c56933.gif"},"point":399},{"user":{"uid":76,"userid":68,"name":"michaelpl","avatar":"https://avatars.steamstatic.com/0d6d4c2838992e31b7117875d964c9c064bbeef4_full.jpg"},"point":326},{"user":{"uid":91,"userid":82,"name":"Ninja_Kiwi","avatar":"https://avatars.steamstatic.com/1aaec1ed3f3cd8465fa42665b01eb70d7f701604_full.jpg"},"point":277},{"user":{"uid":75,"userid":67,"name":"GunGamerTV","avatar":"https://avatars.steamstatic.com/64ae1da41a9c51a5ab44c29f0b054b14123aabe4_full.jpg"},"point":221},{"user":{"uid":119,"userid":104,"name":"hansenluca06","avatar":"https://avatars.steamstatic.com/cc744d1a1b593d1fcbda3c00a975f994662815ff_full.jpg"},"point":116},{"user":{"uid":239,"userid":206,"name":"Charlotte","avatar":"https://avatars.steamstatic.com/a0cdac9566545848ca7a113a63e9603bd210d82e_full.jpg"},"point":2},{"user":{"uid":29,"userid":23,"name":"Seitenbacher_Hanföl","avatar":"https://avatars.steamstatic.com/acf67207768cdc5be5f09aca6a9f7830bf27d6f7_full.jpg"},"point":0},{"user":{"uid":61,"userid":54,"name":"Marcel.3101","avatar":"https://avatars.steamstatic.com/cbfb3b9dd23d1713d1630789bf8ace321f82a154_full.jpg"},"point":0},{"user":{"uid":121,"userid":107,"name":"Stoffel","avatar":"https://avatars.steamstatic.com/f5a053006888d02d791fed0f3b467b0f22a72b75_full.jpg"},"point":0}],"fma":[{"user":{"uid":165,"userid":147,"name":"Bernd.R","avatar":"https://avatars.steamstatic.com/1632837e2e6f9bff2970254d35d06bae45d9a395_full.jpg"},"point":10081},{"user":{"uid":135,"userid":120,"name":"mschmidi270373","avatar":"https://avatars.steamstatic.com/d670cb75b7d0055ee9c551ea24f9135512728a93_full.jpg"},"point":7876},{"user":{"uid":231,"userid":198,"name":"Hypo","avatar":"https://cdn.discordapp.com/avatars/400666851022995468/6a162fad7beed5e461df4f3e8581c6fa.png"},"point":4498},{"user":{"uid":136,"userid":121,"name":"Fuzzi_One","avatar":"https://avatars.steamstatic.com/80dc5c843904a69c82033fa7600d24e61dc9b370_full.jpg"},"point":4324},{"user":{"uid":147,"userid":132,"name":"Der  Opa","avatar":"https://cdn.discordapp.com/avatars/390841934358249482/5182d95c0600108142ddbca2b09a1bb4.png"},"point":3146},{"user":{"uid":223,"userid":194,"name":"Fidk","avatar":"https://avatars.steamstatic.com/315a03c038d583b82044d2289104d6b2c6929131_full.jpg"},"point":2959},{"user":{"uid":31,"userid":22,"name":"[RSL] Fun_irrenanstalt","avatar":""},"point":2750},{"user":{"uid":227,"userid":197,"name":"flighttime","avatar":"https://cdn.discordapp.com/avatars/680800675931619343/f79b46f59970fe2f55d821ed68464bb5.png"},"point":1969},{"user":{"uid":72,"userid":64,"name":"BoucBrutal","avatar":"https://avatars.steamstatic.com/3b0d8bbe6bc98d9e4405baafe0d341663e8d5bf1_full.jpg"},"point":1817},{"user":{"uid":181,"userid":160,"name":"Edgarianer007","avatar":"https://avatars.steamstatic.com/de0a5993bd753b89c6b5c132a26d7ddc838e4424_full.jpg"},"point":1657},{"user":{"uid":1,"userid":1,"name":"RSL | Domi","avatar":"https://cdn.discordapp.com/avatars/208630023626817536/d6b5a101ffa2655e917e9e2ca950025a.png"},"point":1605},{"user":{"uid":45,"userid":36,"name":"Der Sachse","avatar":"https://static.truckersmp.com/avatarsN/3203811.1663180346.gif"},"point":1485},{"user":{"uid":236,"userid":204,"name":"THEniceCARGUY69","avatar":"https://avatars.steamstatic.com/9a6adc484b00e9de2bd28bd236f3c464eec33fdc_full.jpg"},"point":1466},{"user":{"uid":226,"userid":196,"name":"Nico[DE]","avatar":"https://avatars.steamstatic.com/50767cea96889a121066ed45c098873cb258f8f3_full.jpg"},"point":1368},{"user":{"uid":145,"userid":130,"name":"Mr.Korall","avatar":"https://avatars.steamstatic.com/71c5c5744ad9cda9e24a3cbb14bba2e238bf66af_full.jpg"},"point":1299},{"user":{"uid":50,"userid":43,"name":"Tarial","avatar":"https://avatars.steamstatic.com/852cd2da47222f03895ad2c285d0980e4f003168_full.jpg"},"point":1263},{"user":{"uid":30,"userid":52,"name":"Marlboro Gold","avatar":"https://avatars.steamstatic.com/a04fb35aae2d932a8d6fe3d9a9663ab1c39cacea_full.jpg"},"point":1062},{"user":{"uid":25,"userid":19,"name":"Razoraptor","avatar":"https://avatars.steamstatic.com/411f0a1d08563b0dcd648c344b113688287bfb1f_full.jpg"},"point":1061},{"user":{"uid":176,"userid":157,"name":"SKELETOR96","avatar":"https://avatars.steamstatic.com/e2de94aa5b303690fc34a2784287b2ea576b1250_full.jpg"},"point":984},{"user":{"uid":225,"userid":195,"name":"max-kruse-ad","avatar":"https://avatars.steamstatic.com/cc1f5e02a7b42447651f11e4cc9f6d7694eec5ab_full.jpg"},"point":710},{"user":{"uid":27,"userid":40,"name":"Odin","avatar":"https://avatars.steamstatic.com/d85514129aa7b2bd055e58358fea8f36254dbc3b_full.jpg"},"point":612},{"user":{"uid":235,"userid":203,"name":"Kubixx ツ","avatar":"https://avatars.steamstatic.com/97caee00eb9e2fd9f78eaf034b7f9f4d2fd9210d_full.jpg"},"point":610},{"user":{"uid":230,"userid":201,"name":"DavidRad","avatar":"https://avatars.steamstatic.com/a573dc6845f12dde449a1e9ab7ef991c12229e28_full.jpg"},"point":524},{"user":{"uid":4,"userid":4,"name":"BadLight","avatar":"https://avatars.steamstatic.com/602988b158f277092346e5efdce01ca3b8af9008_full.jpg"},"point":503},{"user":{"uid":192,"userid":172,"name":"TopsyCret","avatar":"https://avatars.steamstatic.com/82aecb83684b9c1d29f6f26a4642971416734fcc_full.jpg"},"point":500},{"user":{"uid":17,"userid":38,"name":"Julian","avatar":"https://avatars.steamstatic.com/bba9b676052e67e10f0ce8cec815c138e5c030b8_full.jpg"},"point":439},{"user":{"uid":233,"userid":200,"name":"[RSL] Leroy","avatar":"https://cdn.discordapp.com/avatars/1181998617528107149/11ab699a704dbd154f4a3b5e604177ee.png"},"point":402},{"user":{"uid":2,"userid":2,"name":"[RSL] Ghost","avatar":"https://cdn.discordapp.com/avatars/673509646996209676/a_7feeb1df41d09e7ca4d7d962e4c56933.gif"},"point":399},{"user":{"uid":76,"userid":68,"name":"michaelpl","avatar":"https://avatars.steamstatic.com/0d6d4c2838992e31b7117875d964c9c064bbeef4_full.jpg"},"point":326},{"user":{"uid":91,"userid":82,"name":"Ninja_Kiwi","avatar":"https://avatars.steamstatic.com/1aaec1ed3f3cd8465fa42665b01eb70d7f701604_full.jpg"},"point":277},{"user":{"uid":75,"userid":67,"name":"GunGamerTV","avatar":"https://avatars.steamstatic.com/64ae1da41a9c51a5ab44c29f0b054b14123aabe4_full.jpg"},"point":221},{"user":{"uid":99,"userid":110,"name":"[RSL]Albanr.9","avatar":"https://avatars.steamstatic.com/b3773af8338e7a36b55ec298e6dee7f4e0cd9aa0_full.jpg"},"point":200},{"user":{"uid":119,"userid":104,"name":"hansenluca06","avatar":"https://avatars.steamstatic.com/cc744d1a1b593d1fcbda3c00a975f994662815ff_full.jpg"},"point":116},{"user":{"uid":239,"userid":206,"name":"Charlotte","avatar":"https://avatars.steamstatic.com/a0cdac9566545848ca7a113a63e9603bd210d82e_full.jpg"},"point":2},{"user":{"uid":29,"userid":23,"name":"Seitenbacher_Hanföl","avatar":"https://avatars.steamstatic.com/acf67207768cdc5be5f09aca6a9f7830bf27d6f7_full.jpg"},"point":0},{"user":{"uid":61,"userid":54,"name":"Marcel.3101","avatar":"https://avatars.steamstatic.com/cbfb3b9dd23d1713d1630789bf8ace321f82a154_full.jpg"},"point":0},{"user":{"uid":121,"userid":107,"name":"Stoffel","avatar":"https://avatars.steamstatic.com/f5a053006888d02d791fed0f3b467b0f22a72b75_full.jpg"},"point":0}]}