{"fmd":[{"user":{"uid":38,"userid":34,"name":"BGwarrior_49","avatar":"https://cdn.discordapp.com/avatars/588444287843172363/2ed83c8492581aa1c2555ecaa5180e82.png"},"point":2624},{"user":{"uid":39,"userid":36,"name":"' Jonas.","avatar":"https://static.truckersmp.com/avatarsN/defaultavatar.png"},"point":2552},{"user":{"uid":113,"userid":105,"name":"Lz_TMP [UK]","avatar":"https://cdn.discordapp.com/avatars/523427833159221249/e393473e2f079f4bdf69b75d20b051b4.png"},"point":1885},{"user":{"uid":59,"userid":60,"name":"LOA | кσѕѕвσняєя","avatar":"https://cdn.discordapp.com/avatars/762001263260073996/015ca8b5e55d9f44080d3c411b5eb436.png"},"point":1816},{"user":{"uid":48,"userid":46,"name":"TommyNL","avatar":"https://avatars.steamstatic.com/566ece5c0f63be2634d91a038b57b1e369f28983_full.jpg"},"point":1768},{"user":{"uid":47,"userid":44,"name":"FilleeSWE","avatar":"https://cdn.discordapp.com/avatars/457245258325950494/cbbc432d0792314c51aa7e41d5c5f1eb.png"},"point":1444},{"user":{"uid":30,"userid":24,"name":"User_2636041","avatar":"https://static.truckersmp.com/avatarsN/2636041.1713489251.png"},"point":1440},{"user":{"uid":24,"userid":23,"name":"Gnurken","avatar":"https://static.truckersmp.com/avatarsN/1166949.1704562524.png"},"point":1313},{"user":{"uid":14,"userid":11,"name":"L O R E N Z","avatar":"https://static.truckersmp.com/avatarsN/4486749.1715514352.png"},"point":1070},{"user":{"uid":98,"userid":94,"name":"ℕ𝕠𝕒𝕙𝕋","avatar":"https://cdn.discordapp.com/avatars/274290854049611776/0e2702edbd4e1083270d25cdee39014a.png"},"point":934},{"user":{"uid":61,"userid":57,"name":"[ff0000]Finley24","avatar":"https://avatars.steamstatic.com/599373ab2992ec4433027c72c173e102109a3aff_full.jpg"},"point":932},{"user":{"uid":102,"userid":97,"name":"αуууѕσ","avatar":"https://static.truckersmp.com/avatarsN/5298691.1715900183.png"},"point":903},{"user":{"uid":86,"userid":84,"name":"мσρρу_тмρ","avatar":"https://static.truckersmp.com/avatarsN/3916396.1690030869.png"},"point":889},{"user":{"uid":97,"userid":93,"name":"NIKLAS(GER)","avatar":"https://cdn.discordapp.com/avatars/1056647833937256468/7a72e642bd21663baa3294199578cffc.png"},"point":803},{"user":{"uid":52,"userid":50,"name":"spanchikus","avatar":"https://cdn.discordapp.com/avatars/693884881419108432/2e5d58f8fe552e4d7cd49f3f1350966e.png"},"point":761},{"user":{"uid":72,"userid":71,"name":"MexicanRolex","avatar":"https://avatars.steamstatic.com/ebf693345528eedeba24efca9cde46658e5dbf3e_full.jpg"},"point":625},{"user":{"uid":85,"userid":83,"name":"SzoferDavid","avatar":"https://avatars.steamstatic.com/058afec257679c5da35b9f830aa73358028a110a_full.jpg"},"point":476},{"user":{"uid":103,"userid":98,"name":"JET2471_TMP","avatar":"https://cdn.discordapp.com/avatars/651436659857948682/3e1d883a3e6287635bcfdd16d6b8dc19.png"},"point":432},{"user":{"uid":55,"userid":51,"name":"TenStepik_CZ","avatar":"https://cdn.discordapp.com/avatars/623189470556061706/ec52db3255e72929d85bb705a7d599b6.png"},"point":382},{"user":{"uid":16,"userid":13,"name":"chad vectron","avatar":"https://cdn.discordapp.com/avatars/657613617906057247/81f8851d92f3ac1f80da82575197921f.png"},"point":376},{"user":{"uid":15,"userid":12,"name":"Lorenzo br","avatar":"https://cdn.discordapp.com/avatars/635968015371862082/8ca41d930d87fb4266f4c1666828d3f3.png"},"point":310},{"user":{"uid":3,"userid":3,"name":"Exotic","avatar":"https://cdn.discordapp.com/avatars/700374237877239900/e2103021f2b906c8b815549798e095e1.png"},"point":77},{"user":{"uid":109,"userid":103,"name":"Hope","avatar":"https://cdn.discordapp.com/avatars/730142732139626567/e91f787f0711caad38de503daf6ce52d.png"},"point":0}],"fma":[{"user":{"uid":38,"userid":34,"name":"BGwarrior_49","avatar":"https://cdn.discordapp.com/avatars/588444287843172363/2ed83c8492581aa1c2555ecaa5180e82.png"},"point":2624},{"user":{"uid":39,"userid":36,"name":"' Jonas.","avatar":"https://static.truckersmp.com/avatarsN/defaultavatar.png"},"point":2552},{"user":{"uid":113,"userid":105,"name":"Lz_TMP [UK]","avatar":"https://cdn.discordapp.com/avatars/523427833159221249/e393473e2f079f4bdf69b75d20b051b4.png"},"point":1885},{"user":{"uid":59,"userid":60,"name":"LOA | кσѕѕвσняєя","avatar":"https://cdn.discordapp.com/avatars/762001263260073996/015ca8b5e55d9f44080d3c411b5eb436.png"},"point":1816},{"user":{"uid":48,"userid":46,"name":"TommyNL","avatar":"https://avatars.steamstatic.com/566ece5c0f63be2634d91a038b57b1e369f28983_full.jpg"},"point":1768},{"user":{"uid":47,"userid":44,"name":"FilleeSWE","avatar":"https://cdn.discordapp.com/avatars/457245258325950494/cbbc432d0792314c51aa7e41d5c5f1eb.png"},"point":1444},{"user":{"uid":30,"userid":24,"name":"User_2636041","avatar":"https://static.truckersmp.com/avatarsN/2636041.1713489251.png"},"point":1440},{"user":{"uid":24,"userid":23,"name":"Gnurken","avatar":"https://static.truckersmp.com/avatarsN/1166949.1704562524.png"},"point":1313},{"user":{"uid":14,"userid":11,"name":"L O R E N Z","avatar":"https://static.truckersmp.com/avatarsN/4486749.1715514352.png"},"point":1070},{"user":{"uid":98,"userid":94,"name":"ℕ𝕠𝕒𝕙𝕋","avatar":"https://cdn.discordapp.com/avatars/274290854049611776/0e2702edbd4e1083270d25cdee39014a.png"},"point":934},{"user":{"uid":61,"userid":57,"name":"[ff0000]Finley24","avatar":"https://avatars.steamstatic.com/599373ab2992ec4433027c72c173e102109a3aff_full.jpg"},"point":932},{"user":{"uid":102,"userid":97,"name":"αуууѕσ","avatar":"https://static.truckersmp.com/avatarsN/5298691.1715900183.png"},"point":903},{"user":{"uid":86,"userid":84,"name":"мσρρу_тмρ","avatar":"https://static.truckersmp.com/avatarsN/3916396.1690030869.png"},"point":889},{"user":{"uid":97,"userid":93,"name":"NIKLAS(GER)","avatar":"https://cdn.discordapp.com/avatars/1056647833937256468/7a72e642bd21663baa3294199578cffc.png"},"point":803},{"user":{"uid":52,"userid":50,"name":"spanchikus","avatar":"https://cdn.discordapp.com/avatars/693884881419108432/2e5d58f8fe552e4d7cd49f3f1350966e.png"},"point":761},{"user":{"uid":72,"userid":71,"name":"MexicanRolex","avatar":"https://avatars.steamstatic.com/ebf693345528eedeba24efca9cde46658e5dbf3e_full.jpg"},"point":625},{"user":{"uid":85,"userid":83,"name":"SzoferDavid","avatar":"https://avatars.steamstatic.com/058afec257679c5da35b9f830aa73358028a110a_full.jpg"},"point":476},{"user":{"uid":103,"userid":98,"name":"JET2471_TMP","avatar":"https://cdn.discordapp.com/avatars/651436659857948682/3e1d883a3e6287635bcfdd16d6b8dc19.png"},"point":432},{"user":{"uid":55,"userid":51,"name":"TenStepik_CZ","avatar":"https://cdn.discordapp.com/avatars/623189470556061706/ec52db3255e72929d85bb705a7d599b6.png"},"point":382},{"user":{"uid":16,"userid":13,"name":"chad vectron","avatar":"https://cdn.discordapp.com/avatars/657613617906057247/81f8851d92f3ac1f80da82575197921f.png"},"point":376},{"user":{"uid":15,"userid":12,"name":"Lorenzo br","avatar":"https://cdn.discordapp.com/avatars/635968015371862082/8ca41d930d87fb4266f4c1666828d3f3.png"},"point":310},{"user":{"uid":3,"userid":3,"name":"Exotic","avatar":"https://cdn.discordapp.com/avatars/700374237877239900/e2103021f2b906c8b815549798e095e1.png"},"point":77},{"user":{"uid":109,"userid":103,"name":"Hope","avatar":"https://cdn.discordapp.com/avatars/730142732139626567/e91f787f0711caad38de503daf6ce52d.png"},"point":0}]}