{"fmd":[{"user":{"uid":5,"userid":3,"name":"WH | Dennisthe8th","avatar":"https://cdn.discordapp.com/avatars/575015095894016014/f82a49a712115c380af8ff8f7fbb32cb.png"},"point":1777},{"user":{"uid":77,"userid":63,"name":"WH | MyztikGecko","avatar":"https://cdn.discordapp.com/avatars/1242261625449353266/fc9fc26777d5540f7b44a0c805708300.png"},"point":1487},{"user":{"uid":73,"userid":60,"name":"WH | ONDAROAD2","avatar":"https://cdn.discordapp.com/avatars/383806148010049557/1962b816d972b64542031cc025361b36.png"},"point":1114},{"user":{"uid":69,"userid":58,"name":"WH | Cougar","avatar":""},"point":826},{"user":{"uid":8,"userid":6,"name":"WHT Dir Recruiter| Murdernova256","avatar":"https://cdn.discordapp.com/avatars/549931745584349185/9647aabac5de7bc6ca63f26696871246.png"},"point":172}],"fma":[{"user":{"uid":5,"userid":3,"name":"WH | Dennisthe8th","avatar":"https://cdn.discordapp.com/avatars/575015095894016014/f82a49a712115c380af8ff8f7fbb32cb.png"},"point":1777},{"user":{"uid":77,"userid":63,"name":"WH | MyztikGecko","avatar":"https://cdn.discordapp.com/avatars/1242261625449353266/fc9fc26777d5540f7b44a0c805708300.png"},"point":1487},{"user":{"uid":73,"userid":60,"name":"WH | ONDAROAD2","avatar":"https://cdn.discordapp.com/avatars/383806148010049557/1962b816d972b64542031cc025361b36.png"},"point":1114},{"user":{"uid":69,"userid":58,"name":"WH | Cougar","avatar":""},"point":826},{"user":{"uid":7,"userid":5,"name":"WHT FOUNDER Jacket","avatar":"https://cdn.discordapp.com/avatars/111638504500408320/880678f246665808c2165f5f693b72cd.png"},"point":638},{"user":{"uid":8,"userid":6,"name":"WHT Dir Recruiter| Murdernova256","avatar":"https://cdn.discordapp.com/avatars/549931745584349185/9647aabac5de7bc6ca63f26696871246.png"},"point":172}]}