{"fmd":[{"user":{"uid":1322,"userid":812,"name":"judb","avatar":"https://cdn.discordapp.com/avatars/814059715137896528/9f070d3ba80b06227e3502c26771faa3.png"},"point":5175},{"user":{"uid":1411,"userid":867,"name":"Coolengineer","avatar":"https://cdn.discordapp.com/avatars/247159248272752640/59e18cf589e2aaee61edb8d0a62b6b48.png"},"point":4521},{"user":{"uid":1034,"userid":635,"name":"Foxtrot","avatar":"https://cdn.discordapp.com/avatars/673289306424475659/6760c43d2e087fd99eeef160473251a3.png"},"point":3834},{"user":{"uid":1061,"userid":656,"name":"Thy Night Owl","avatar":"https://cdn.discordapp.com/avatars/678366200312496154/7e3c44efb2393e0a9a4b593cb42f936d.png"},"point":3740},{"user":{"uid":1382,"userid":847,"name":"Aeroplane","avatar":"https://cdn.discordapp.com/avatars/919580354736705617/cd8c60e397730ab82e685faaf72d3c77.png"},"point":2631},{"user":{"uid":1419,"userid":880,"name":"Mister E","avatar":"https://cdn.discordapp.com/avatars/519617154782461991/4a0616a32ffc7f7ee6eeeeab8c9952e5.png"},"point":2481},{"user":{"uid":1266,"userid":775,"name":"Khan_X1","avatar":"https://static.truckersmp.com/avatarsN/5358897.1705606399.png"},"point":1907},{"user":{"uid":716,"userid":476,"name":"mwe2187","avatar":"https://cdn.discordapp.com/avatars/628250855899922448/93721c72d6dba299ffc43f2a9a13483b.png"},"point":1796},{"user":{"uid":851,"userid":765,"name":"A_Bold_One","avatar":"https://cdn.discordapp.com/avatars/724063574565322762/96cc2952ae7b5b1f5e6dfe520b727adc.png"},"point":1774},{"user":{"uid":1438,"userid":890,"name":"DonDrix","avatar":"https://cdn.discordapp.com/avatars/334372720789815308/fd5ba77e32c2f1e611be6342843fa544.png"},"point":1461},{"user":{"uid":156,"userid":308,"name":"Finley Fennacs","avatar":"https://cdn.discordapp.com/avatars/177493036031410176/3f47a89be0eb84e8ad989ba76e78b620.png"},"point":1241},{"user":{"uid":1310,"userid":803,"name":"[IMP] Rimuru Tempest","avatar":"https://cdn.discordapp.com/avatars/263721765879021569/64abe2f8ab98f8c779a0ad329591b73a.png"},"point":837},{"user":{"uid":1253,"userid":769,"name":"Sunny","avatar":"https://cdn.discordapp.com/avatars/335148756653572098/00a5292662c6be574ce781717de8bfeb.png"},"point":823},{"user":{"uid":1039,"userid":637,"name":"Dutchman6149","avatar":"https://cdn.discordapp.com/avatars/1089970918169776317/518899061d0c7aa71638cf2a46dfa547.png"},"point":774},{"user":{"uid":671,"userid":448,"name":"Rocky","avatar":"https://cdn.discordapp.com/avatars/508226509744635904/6696b0bd9167804479c233924b375fa1.png"},"point":762},{"user":{"uid":717,"userid":477,"name":"Turnt","avatar":"https://cdn.discordapp.com/avatars/417130736848470039/a_af2f73ff3f0bf8c460edc1b1f02192f9.gif"},"point":694},{"user":{"uid":1430,"userid":886,"name":"Maddypat","avatar":"https://cdn.discordapp.com/avatars/685159646977327231/4e57d31d0a98f9d98d1cd070848451e3.png"},"point":505},{"user":{"uid":1348,"userid":827,"name":"Eco_Aviation","avatar":"https://cdn.discordapp.com/avatars/647421178301906964/7c849b7cf97a6182f9cedfef6697160f.png"},"point":479},{"user":{"uid":276,"userid":417,"name":"Tyler","avatar":"https://cdn.discordapp.com/avatars/413462464022446084/90568c0e691e6dbe6786b29dc9ad98be.png"},"point":303},{"user":{"uid":1015,"userid":626,"name":"HaulmilesLtd","avatar":"https://cdn.discordapp.com/avatars/1025467595983421540/f25df107191c753884caee95fe8ebacc.png"},"point":283},{"user":{"uid":1284,"userid":787,"name":"T.Mckenzie","avatar":"https://cdn.discordapp.com/avatars/478766743930667038/b5df8290803a59cd8771bd94ed013644.png"},"point":240},{"user":{"uid":1131,"userid":688,"name":"Siv5122","avatar":"https://cdn.discordapp.com/avatars/312794710714482699/8855d8b2bdbd112249cd2fa0d113108e.png"},"point":206}],"fma":[{"user":{"uid":1061,"userid":656,"name":"Thy Night Owl","avatar":"https://cdn.discordapp.com/avatars/678366200312496154/7e3c44efb2393e0a9a4b593cb42f936d.png"},"point":9236},{"user":{"uid":1034,"userid":635,"name":"Foxtrot","avatar":"https://cdn.discordapp.com/avatars/673289306424475659/6760c43d2e087fd99eeef160473251a3.png"},"point":6467},{"user":{"uid":1411,"userid":867,"name":"Coolengineer","avatar":"https://cdn.discordapp.com/avatars/247159248272752640/59e18cf589e2aaee61edb8d0a62b6b48.png"},"point":6302},{"user":{"uid":1322,"userid":812,"name":"judb","avatar":"https://cdn.discordapp.com/avatars/814059715137896528/9f070d3ba80b06227e3502c26771faa3.png"},"point":5512},{"user":{"uid":1382,"userid":847,"name":"Aeroplane","avatar":"https://cdn.discordapp.com/avatars/919580354736705617/cd8c60e397730ab82e685faaf72d3c77.png"},"point":5316},{"user":{"uid":1419,"userid":880,"name":"Mister E","avatar":"https://cdn.discordapp.com/avatars/519617154782461991/4a0616a32ffc7f7ee6eeeeab8c9952e5.png"},"point":3628},{"user":{"uid":119,"userid":258,"name":"LordLegend","avatar":"https://cdn.discordapp.com/avatars/507573290995417108/294e2517c647c3c8703945fbc200afcd.png"},"point":3015},{"user":{"uid":1266,"userid":775,"name":"Khan_X1","avatar":"https://static.truckersmp.com/avatarsN/5358897.1705606399.png"},"point":2008},{"user":{"uid":716,"userid":476,"name":"mwe2187","avatar":"https://cdn.discordapp.com/avatars/628250855899922448/93721c72d6dba299ffc43f2a9a13483b.png"},"point":1913},{"user":{"uid":1253,"userid":769,"name":"Sunny","avatar":"https://cdn.discordapp.com/avatars/335148756653572098/00a5292662c6be574ce781717de8bfeb.png"},"point":1883},{"user":{"uid":851,"userid":765,"name":"A_Bold_One","avatar":"https://cdn.discordapp.com/avatars/724063574565322762/96cc2952ae7b5b1f5e6dfe520b727adc.png"},"point":1854},{"user":{"uid":1310,"userid":803,"name":"[IMP] Rimuru Tempest","avatar":"https://cdn.discordapp.com/avatars/263721765879021569/64abe2f8ab98f8c779a0ad329591b73a.png"},"point":1808},{"user":{"uid":1316,"userid":807,"name":"Gota","avatar":"https://cdn.discordapp.com/avatars/167291299693723648/beb31f691ab4478e3268181a76f3a451.png"},"point":1588},{"user":{"uid":1438,"userid":890,"name":"DonDrix","avatar":"https://cdn.discordapp.com/avatars/334372720789815308/fd5ba77e32c2f1e611be6342843fa544.png"},"point":1498},{"user":{"uid":924,"userid":576,"name":"🌈Hearty_Laces🌈They/Them","avatar":"https://cdn.discordapp.com/avatars/461978281906929675/9128b3d5991d797b2e4060e71c4c5f41.png"},"point":1367},{"user":{"uid":156,"userid":308,"name":"Finley Fennacs","avatar":"https://cdn.discordapp.com/avatars/177493036031410176/3f47a89be0eb84e8ad989ba76e78b620.png"},"point":1346},{"user":{"uid":1105,"userid":675,"name":"Jack3D60","avatar":"https://cdn.discordapp.com/avatars/805496381754048572/bcf10ae824b274e1c532971dcb857977.png"},"point":1169},{"user":{"uid":1430,"userid":886,"name":"Maddypat","avatar":"https://cdn.discordapp.com/avatars/685159646977327231/4e57d31d0a98f9d98d1cd070848451e3.png"},"point":923},{"user":{"uid":671,"userid":448,"name":"Rocky","avatar":"https://cdn.discordapp.com/avatars/508226509744635904/6696b0bd9167804479c233924b375fa1.png"},"point":850},{"user":{"uid":276,"userid":417,"name":"Tyler","avatar":"https://cdn.discordapp.com/avatars/413462464022446084/90568c0e691e6dbe6786b29dc9ad98be.png"},"point":803},{"user":{"uid":1039,"userid":637,"name":"Dutchman6149","avatar":"https://cdn.discordapp.com/avatars/1089970918169776317/518899061d0c7aa71638cf2a46dfa547.png"},"point":774},{"user":{"uid":717,"userid":477,"name":"Turnt","avatar":"https://cdn.discordapp.com/avatars/417130736848470039/a_af2f73ff3f0bf8c460edc1b1f02192f9.gif"},"point":753},{"user":{"uid":87,"userid":203,"name":"pvfcmatt1","avatar":"https://cdn.discordapp.com/avatars/668822602806198278/eb4c4684efc13d2a58ddeae555edc5a7.png"},"point":626},{"user":{"uid":1097,"userid":670,"name":"Ramin Tanuwong [TH]","avatar":"https://static.truckersmp.com/avatarsN/3757199.1645214262.jpg"},"point":625},{"user":{"uid":3,"userid":2,"name":"Delta","avatar":"https://cdn.discordapp.com/avatars/710535657650651157/e21a44412b740e2e3bba4f4cc015a9e8.png"},"point":618},{"user":{"uid":1348,"userid":827,"name":"Eco_Aviation","avatar":"https://cdn.discordapp.com/avatars/647421178301906964/7c849b7cf97a6182f9cedfef6697160f.png"},"point":479},{"user":{"uid":870,"userid":553,"name":"evilzocken","avatar":"https://cdn.discordapp.com/avatars/665665436678881280/25d7fd2d1432b799ac4b37a8d7592c6a.png"},"point":380},{"user":{"uid":494,"userid":361,"name":"Alpha","avatar":"https://cdn.discordapp.com/avatars/1063397515149455423/371d081952e74ccdc6f23925074dd094.png"},"point":375},{"user":{"uid":1015,"userid":626,"name":"HaulmilesLtd","avatar":"https://cdn.discordapp.com/avatars/1025467595983421540/f25df107191c753884caee95fe8ebacc.png"},"point":283},{"user":{"uid":1284,"userid":787,"name":"T.Mckenzie","avatar":"https://cdn.discordapp.com/avatars/478766743930667038/b5df8290803a59cd8771bd94ed013644.png"},"point":240},{"user":{"uid":1131,"userid":688,"name":"Siv5122","avatar":"https://cdn.discordapp.com/avatars/312794710714482699/8855d8b2bdbd112249cd2fa0d113108e.png"},"point":206},{"user":{"uid":1434,"userid":889,"name":"DanLeader","avatar":"https://cdn.discordapp.com/avatars/1125798416811819060/4e864e198ba64b49207426ae3b69df4a.png"},"point":160}]}