{"fmd":[{"user":{"uid":178,"userid":142,"name":"Kai'Sa☆UnSyn Amagiri","avatar":"https://cdn.discordapp.com/avatars/234026448229367809/3e769a6aef362f7e3f4ea09b2d3f5367.png"},"point":8150},{"user":{"uid":219,"userid":162,"name":"Unlined","avatar":"https://cdn.discordapp.com/avatars/805174902566682644/ebc23285318adf34b6840ae2d324a959.png"},"point":1854},{"user":{"uid":96,"userid":120,"name":"Pattarapon","avatar":"https://cdn.discordapp.com/avatars/687263407417720832/a_c8f593c66e5dce0aeea7d8e0dc04e0cc.gif"},"point":1536},{"user":{"uid":19,"userid":22,"name":"Garmy","avatar":"https://cdn.discordapp.com/avatars/537294435617341451/513dcf25a48a7f737f1643ad3c103e65.png"},"point":1516},{"user":{"uid":479,"userid":252,"name":"ST1G","avatar":"https://cdn.discordapp.com/avatars/515890400494616608/f4bac7aef316082f7bad4fcbb6b39570.png"},"point":1142},{"user":{"uid":104,"userid":128,"name":"Jablko 47","avatar":"https://cdn.discordapp.com/avatars/496659970696282112/c598da5e3493f03048d4831a1b806273.png"},"point":747},{"user":{"uid":82,"userid":99,"name":"PepyNox 🤖","avatar":"https://cdn.discordapp.com/avatars/261473263752839168/a_32058670e7fcdb9136bb159147e62d09.gif"},"point":677},{"user":{"uid":406,"userid":225,"name":"Gaurav1272","avatar":"https://avatars.steamstatic.com/fe5fe8d105d5d1617f755d6c1f9b09688bff585a_full.jpg"},"point":547},{"user":{"uid":14,"userid":15,"name":"Cel","avatar":"https://cdn.discordapp.com/avatars/388906563043065861/ea2e630b6ace3b5676e334f4f61e039f.png"},"point":524},{"user":{"uid":15,"userid":17,"name":"Aashraye","avatar":"https://cdn.discordapp.com/avatars/514799622510739456/a_9fa635cb53a66b5da365a010bbced50e.gif"},"point":524},{"user":{"uid":275,"userid":187,"name":"TH3BR1T1SHON3","avatar":"https://cdn.discordapp.com/avatars/670477855129337869/36ea5ee7ba36961649de048c79c7a40a.png"},"point":466}],"fma":[{"user":{"uid":178,"userid":142,"name":"Kai'Sa☆UnSyn Amagiri","avatar":"https://cdn.discordapp.com/avatars/234026448229367809/3e769a6aef362f7e3f4ea09b2d3f5367.png"},"point":8150},{"user":{"uid":219,"userid":162,"name":"Unlined","avatar":"https://cdn.discordapp.com/avatars/805174902566682644/ebc23285318adf34b6840ae2d324a959.png"},"point":1854},{"user":{"uid":96,"userid":120,"name":"Pattarapon","avatar":"https://cdn.discordapp.com/avatars/687263407417720832/a_c8f593c66e5dce0aeea7d8e0dc04e0cc.gif"},"point":1536},{"user":{"uid":19,"userid":22,"name":"Garmy","avatar":"https://cdn.discordapp.com/avatars/537294435617341451/513dcf25a48a7f737f1643ad3c103e65.png"},"point":1516},{"user":{"uid":479,"userid":252,"name":"ST1G","avatar":"https://cdn.discordapp.com/avatars/515890400494616608/f4bac7aef316082f7bad4fcbb6b39570.png"},"point":1142},{"user":{"uid":104,"userid":128,"name":"Jablko 47","avatar":"https://cdn.discordapp.com/avatars/496659970696282112/c598da5e3493f03048d4831a1b806273.png"},"point":747},{"user":{"uid":82,"userid":99,"name":"PepyNox 🤖","avatar":"https://cdn.discordapp.com/avatars/261473263752839168/a_32058670e7fcdb9136bb159147e62d09.gif"},"point":677},{"user":{"uid":406,"userid":225,"name":"Gaurav1272","avatar":"https://avatars.steamstatic.com/fe5fe8d105d5d1617f755d6c1f9b09688bff585a_full.jpg"},"point":547},{"user":{"uid":14,"userid":15,"name":"Cel","avatar":"https://cdn.discordapp.com/avatars/388906563043065861/ea2e630b6ace3b5676e334f4f61e039f.png"},"point":524},{"user":{"uid":15,"userid":17,"name":"Aashraye","avatar":"https://cdn.discordapp.com/avatars/514799622510739456/a_9fa635cb53a66b5da365a010bbced50e.gif"},"point":524},{"user":{"uid":275,"userid":187,"name":"TH3BR1T1SHON3","avatar":"https://cdn.discordapp.com/avatars/670477855129337869/36ea5ee7ba36961649de048c79c7a40a.png"},"point":466}]}