{"fmd":[{"user":{"uid":3,"userid":2,"name":"GB |     M.Faruk {21}","avatar":"https://cdn.discordapp.com/avatars/284769507271245825/f4d7f890b3d45b4fcc2acc412335e13a.png"},"point":1395},{"user":{"uid":97,"userid":85,"name":"[GökBörü] Berke Çetin","avatar":"https://static.truckersmp.com/avatarsN/3362720.1696796999.png"},"point":504}],"fma":[{"user":{"uid":3,"userid":2,"name":"GB |     M.Faruk {21}","avatar":"https://cdn.discordapp.com/avatars/284769507271245825/f4d7f890b3d45b4fcc2acc412335e13a.png"},"point":1722},{"user":{"uid":97,"userid":85,"name":"[GökBörü] Berke Çetin","avatar":"https://static.truckersmp.com/avatarsN/3362720.1696796999.png"},"point":557}]}