{"fmd":[{"user":{"uid":636,"userid":513,"name":"MementoMori","avatar":"https://cdn.discordapp.com/avatars/978142750681731182/21fe43da5d69da6ce55d794c5c9c9e17.png"},"point":4386},{"user":{"uid":427,"userid":353,"name":"Versthappening","avatar":"https://cdn.discordapp.com/avatars/851032564801077258/b6762130b06d88078b10d519887e731b.png"},"point":3772},{"user":{"uid":595,"userid":479,"name":"Championrub","avatar":"https://cdn.discordapp.com/avatars/811982277474123786/57632d6c13f4de8235b03acd0aba016e.png"},"point":2357},{"user":{"uid":4,"userid":7,"name":"Sang0kas","avatar":"https://cdn.discordapp.com/avatars/327061419818352641/f17a95aa48e93697f0853d91d0dd2a5f.png"},"point":1996},{"user":{"uid":631,"userid":508,"name":"A$h1Ma$h1","avatar":"https://cdn.discordapp.com/avatars/801452708547657739/bf3266b67299389596b4b5ecd7c627ce.png"},"point":1982},{"user":{"uid":642,"userid":516,"name":"Aljaz Miklic","avatar":"https://cdn.discordapp.com/avatars/771794563680436234/1d775092d4983d2143b8a4f98b6b0979.png"},"point":1846},{"user":{"uid":396,"userid":331,"name":"Lucas","avatar":"https://cdn.discordapp.com/avatars/1004644388888117258/40f0905fcd22843d4e831fa18fc7576d.png"},"point":1395},{"user":{"uid":651,"userid":523,"name":"Elfik","avatar":"https://cdn.discordapp.com/avatars/648958483185795083/8f18b7e6f4570233b30ed904712c00da.png"},"point":1073},{"user":{"uid":25,"userid":96,"name":"[G-T-R]GrayWolf","avatar":"https://cdn.discordapp.com/avatars/463049453067173888/93e0f855de1c1bcdf6924d45b1789338.png"},"point":859},{"user":{"uid":609,"userid":490,"name":"ralkinvx","avatar":"https://cdn.discordapp.com/avatars/626276063609225221/cdf27d657698337dc22e9a4ba4736900.png"},"point":809},{"user":{"uid":458,"userid":377,"name":"LordCancer420","avatar":"https://cdn.discordapp.com/avatars/412529924805492756/38365841d4eaa1db7d73bc11bc478124.png"},"point":807},{"user":{"uid":516,"userid":417,"name":"Ravsh1k","avatar":"https://cdn.discordapp.com/avatars/901846074740858890/775a54f0f101fa2eb9b9fb54ad87ce55.png"},"point":476},{"user":{"uid":648,"userid":521,"name":"Sandro","avatar":"https://cdn.discordapp.com/avatars/221992990275534848/5502ab9ba51414716bca672635e36ccc.png"},"point":424}],"fma":[{"user":{"uid":636,"userid":513,"name":"MementoMori","avatar":"https://cdn.discordapp.com/avatars/978142750681731182/21fe43da5d69da6ce55d794c5c9c9e17.png"},"point":4486},{"user":{"uid":427,"userid":353,"name":"Versthappening","avatar":"https://cdn.discordapp.com/avatars/851032564801077258/b6762130b06d88078b10d519887e731b.png"},"point":3772},{"user":{"uid":396,"userid":331,"name":"Lucas","avatar":"https://cdn.discordapp.com/avatars/1004644388888117258/40f0905fcd22843d4e831fa18fc7576d.png"},"point":2375},{"user":{"uid":595,"userid":479,"name":"Championrub","avatar":"https://cdn.discordapp.com/avatars/811982277474123786/57632d6c13f4de8235b03acd0aba016e.png"},"point":2357},{"user":{"uid":4,"userid":7,"name":"Sang0kas","avatar":"https://cdn.discordapp.com/avatars/327061419818352641/f17a95aa48e93697f0853d91d0dd2a5f.png"},"point":1996},{"user":{"uid":631,"userid":508,"name":"A$h1Ma$h1","avatar":"https://cdn.discordapp.com/avatars/801452708547657739/bf3266b67299389596b4b5ecd7c627ce.png"},"point":1982},{"user":{"uid":642,"userid":516,"name":"Aljaz Miklic","avatar":"https://cdn.discordapp.com/avatars/771794563680436234/1d775092d4983d2143b8a4f98b6b0979.png"},"point":1846},{"user":{"uid":651,"userid":523,"name":"Elfik","avatar":"https://cdn.discordapp.com/avatars/648958483185795083/8f18b7e6f4570233b30ed904712c00da.png"},"point":1126},{"user":{"uid":516,"userid":417,"name":"Ravsh1k","avatar":"https://cdn.discordapp.com/avatars/901846074740858890/775a54f0f101fa2eb9b9fb54ad87ce55.png"},"point":1073},{"user":{"uid":25,"userid":96,"name":"[G-T-R]GrayWolf","avatar":"https://cdn.discordapp.com/avatars/463049453067173888/93e0f855de1c1bcdf6924d45b1789338.png"},"point":989},{"user":{"uid":609,"userid":490,"name":"ralkinvx","avatar":"https://cdn.discordapp.com/avatars/626276063609225221/cdf27d657698337dc22e9a4ba4736900.png"},"point":809},{"user":{"uid":458,"userid":377,"name":"LordCancer420","avatar":"https://cdn.discordapp.com/avatars/412529924805492756/38365841d4eaa1db7d73bc11bc478124.png"},"point":807},{"user":{"uid":648,"userid":521,"name":"Sandro","avatar":"https://cdn.discordapp.com/avatars/221992990275534848/5502ab9ba51414716bca672635e36ccc.png"},"point":424},{"user":{"uid":480,"userid":395,"name":"Sh0tBlow","avatar":"https://cdn.discordapp.com/avatars/462991116279611392/87bf1e3b76d220025f3fb4b0029427f8.png"},"point":183}]}