{"fmd":[{"user":{"uid":203,"userid":173,"name":"(DR) Billy1bob","avatar":""},"point":8385},{"user":{"uid":210,"userid":180,"name":"(DRT) Dark_age_gamer (Stuart)","avatar":"https://cdn.discordapp.com/avatars/952110105028079668/f6ecc3ceb7471b38afe5bc8fc47d1bee.png"},"point":5734},{"user":{"uid":171,"userid":144,"name":"(DR) P3rran","avatar":"https://cdn.discordapp.com/avatars/495694046413717524/fac894c68850acc52cd9a5c1e354fa57.png"},"point":4406},{"user":{"uid":205,"userid":175,"name":"(DR) Magnus001","avatar":"https://cdn.discordapp.com/avatars/813730694869811211/820e80ec325b3958169fe25811a8c668.png"},"point":1990},{"user":{"uid":173,"userid":146,"name":"(DR) Liam","avatar":"https://cdn.discordapp.com/avatars/851490830840889354/5573f1564aacc140704ae8b24f22b114.png"},"point":1869},{"user":{"uid":28,"userid":23,"name":"(CEO) Pete (DND)","avatar":"https://cdn.discordapp.com/avatars/316660255872516106/8a2dca3b679afae90df18edc44b1584c.png"},"point":1526},{"user":{"uid":206,"userid":176,"name":"(DR) Peezy","avatar":"https://cdn.discordapp.com/avatars/893533804629749791/1c7acf5f60705a5ee5b0667ebf60f86e.png"},"point":875},{"user":{"uid":112,"userid":92,"name":"(DR) Shanny","avatar":""},"point":796},{"user":{"uid":192,"userid":163,"name":"(DR) Diican","avatar":""},"point":701},{"user":{"uid":202,"userid":172,"name":"(DRT) WeeMenace06","avatar":"https://cdn.discordapp.com/avatars/970355206590181376/76a0b6ef3a5eca2c11e5ca399efa3a52.png"},"point":564}],"fma":[{"user":{"uid":203,"userid":173,"name":"(DR) Billy1bob","avatar":""},"point":8385},{"user":{"uid":210,"userid":180,"name":"(DRT) Dark_age_gamer (Stuart)","avatar":"https://cdn.discordapp.com/avatars/952110105028079668/f6ecc3ceb7471b38afe5bc8fc47d1bee.png"},"point":5734},{"user":{"uid":171,"userid":144,"name":"(DR) P3rran","avatar":"https://cdn.discordapp.com/avatars/495694046413717524/fac894c68850acc52cd9a5c1e354fa57.png"},"point":4406},{"user":{"uid":205,"userid":175,"name":"(DR) Magnus001","avatar":"https://cdn.discordapp.com/avatars/813730694869811211/820e80ec325b3958169fe25811a8c668.png"},"point":2010},{"user":{"uid":173,"userid":146,"name":"(DR) Liam","avatar":"https://cdn.discordapp.com/avatars/851490830840889354/5573f1564aacc140704ae8b24f22b114.png"},"point":1869},{"user":{"uid":28,"userid":23,"name":"(CEO) Pete (DND)","avatar":"https://cdn.discordapp.com/avatars/316660255872516106/8a2dca3b679afae90df18edc44b1584c.png"},"point":1546},{"user":{"uid":206,"userid":176,"name":"(DR) Peezy","avatar":"https://cdn.discordapp.com/avatars/893533804629749791/1c7acf5f60705a5ee5b0667ebf60f86e.png"},"point":875},{"user":{"uid":112,"userid":92,"name":"(DR) Shanny","avatar":""},"point":796},{"user":{"uid":192,"userid":163,"name":"(DR) Diican","avatar":""},"point":701},{"user":{"uid":202,"userid":172,"name":"(DRT) WeeMenace06","avatar":"https://cdn.discordapp.com/avatars/970355206590181376/76a0b6ef3a5eca2c11e5ca399efa3a52.png"},"point":584},{"user":{"uid":1,"userid":0,"name":"(Owner) Essex","avatar":"https://cdn.discordapp.com/avatars/986728515892285461/a_c4301bd78f1d1d60c25f66672af89a9a.gif"},"point":105}]}