{"fmd":[{"user":{"uid":367,"userid":265,"name":"xXBlazieXx","avatar":"https://cdn.discordapp.com/avatars/118134703143387143/a_0c9c8f10bf9b081401d4b68f2e0948fd.gif"},"point":3514},{"user":{"uid":369,"userid":266,"name":"KRNBR4N","avatar":"https://cdn.discordapp.com/avatars/913485304596414586/15d9acae803e3651f3b52fc791ce88f4.png"},"point":2932},{"user":{"uid":352,"userid":255,"name":"Deilia","avatar":"https://static.truckersmp.com/avatarsN/5164534.1711935146.png"},"point":1456},{"user":{"uid":356,"userid":257,"name":"prince","avatar":"https://cdn.discordapp.com/avatars/561960385750761472/baa8187f57979991d38812e415d41191.png"},"point":1431},{"user":{"uid":1,"userid":0,"name":"Brad","avatar":"https://cdn.discordapp.com/avatars/507570358782525451/0f8d2ac0cb4d5df4b45d8529b6efe809.png"},"point":830},{"user":{"uid":360,"userid":259,"name":"EisenWolf","avatar":"https://static.truckersmp.com/avatarsN/4112608.1704752368.jpg"},"point":679},{"user":{"uid":107,"userid":252,"name":"Super","avatar":"https://cdn.discordapp.com/avatars/916681745993191425/3f6af4faa223998b3aa36866b11a40a1.png"},"point":289},{"user":{"uid":351,"userid":254,"name":"nini","avatar":"https://cdn.discordapp.com/avatars/288301509396135938/5a66cfa9d77fa21a889e7c0a90733334.png"},"point":70}],"fma":[{"user":{"uid":356,"userid":257,"name":"prince","avatar":"https://cdn.discordapp.com/avatars/561960385750761472/baa8187f57979991d38812e415d41191.png"},"point":51431},{"user":{"uid":1,"userid":0,"name":"Brad","avatar":"https://cdn.discordapp.com/avatars/507570358782525451/0f8d2ac0cb4d5df4b45d8529b6efe809.png"},"point":25830},{"user":{"uid":312,"userid":239,"name":"Two Trappy","avatar":"https://cdn.discordapp.com/avatars/460444257250181120/e1fe6b34c1ce8b3d86f89e7e210ca57e.png"},"point":25000},{"user":{"uid":365,"userid":262,"name":"Nino","avatar":"https://cdn.discordapp.com/avatars/400694856827011073/ec52f8c6645244614e85a449413b0b89.png"},"point":25000},{"user":{"uid":367,"userid":265,"name":"xXBlazieXx","avatar":"https://cdn.discordapp.com/avatars/118134703143387143/a_0c9c8f10bf9b081401d4b68f2e0948fd.gif"},"point":3514},{"user":{"uid":369,"userid":266,"name":"KRNBR4N","avatar":"https://cdn.discordapp.com/avatars/913485304596414586/15d9acae803e3651f3b52fc791ce88f4.png"},"point":2932},{"user":{"uid":352,"userid":255,"name":"Deilia","avatar":"https://static.truckersmp.com/avatarsN/5164534.1711935146.png"},"point":1456},{"user":{"uid":360,"userid":259,"name":"EisenWolf","avatar":"https://static.truckersmp.com/avatarsN/4112608.1704752368.jpg"},"point":679},{"user":{"uid":107,"userid":252,"name":"Super","avatar":"https://cdn.discordapp.com/avatars/916681745993191425/3f6af4faa223998b3aa36866b11a40a1.png"},"point":289},{"user":{"uid":351,"userid":254,"name":"nini","avatar":"https://cdn.discordapp.com/avatars/288301509396135938/5a66cfa9d77fa21a889e7c0a90733334.png"},"point":70}]}