{"fmd":[{"user":{"uid":17,"userid":38,"name":"Julian","avatar":"https://avatars.steamstatic.com/bba9b676052e67e10f0ce8cec815c138e5c030b8_full.jpg"},"point":3880},{"user":{"uid":192,"userid":172,"name":"TopsyCret","avatar":"https://avatars.steamstatic.com/82aecb83684b9c1d29f6f26a4642971416734fcc_full.jpg"},"point":3545},{"user":{"uid":222,"userid":193,"name":"[RSL] Joshua","avatar":"https://cdn.discordapp.com/avatars/400402081581629450/9fa983d90e5f15b9082e9506057131ef.png"},"point":3394},{"user":{"uid":147,"userid":132,"name":"Der  Opa","avatar":"https://cdn.discordapp.com/avatars/390841934358249482/5182d95c0600108142ddbca2b09a1bb4.png"},"point":3362},{"user":{"uid":50,"userid":43,"name":"Tarial","avatar":"https://avatars.steamstatic.com/852cd2da47222f03895ad2c285d0980e4f003168_full.jpg"},"point":3245},{"user":{"uid":136,"userid":121,"name":"Fuzzi_One","avatar":"https://avatars.steamstatic.com/80dc5c843904a69c82033fa7600d24e61dc9b370_full.jpg"},"point":3159},{"user":{"uid":3,"userid":3,"name":"Yglo233","avatar":"https://avatars.steamstatic.com/31b7c52f47bfc7fdf48a7793bcc63254fbb4d4e0_full.jpg"},"point":2890},{"user":{"uid":12,"userid":9,"name":"[RSL] Fabian","avatar":"https://cdn.discordapp.com/avatars/636590993206149131/a_111fda2bf4727ff3c93f010507ff166c.gif"},"point":2390},{"user":{"uid":143,"userid":128,"name":"Tomm82m","avatar":"https://avatars.steamstatic.com/70845c436d1d1acef2a024c0a46d21d53c13eda5_full.jpg"},"point":1902},{"user":{"uid":27,"userid":40,"name":"Odin","avatar":"https://avatars.steamstatic.com/d85514129aa7b2bd055e58358fea8f36254dbc3b_full.jpg"},"point":1407},{"user":{"uid":118,"userid":103,"name":"EinfachnurWolf","avatar":"https://avatars.steamstatic.com/dcddc28153a03ef589ba9b54c11a1edc4384acdf_full.jpg"},"point":613},{"user":{"uid":212,"userid":186,"name":"CookerSquid","avatar":"https://avatars.steamstatic.com/174d7abab445013b954bd515339e811c313bbbf1_full.jpg"},"point":608},{"user":{"uid":114,"userid":99,"name":"melox030","avatar":"https://avatars.steamstatic.com/fef49e7fa7e1997310d705b2a6158ff8dc1cdfeb_full.jpg"},"point":516},{"user":{"uid":175,"userid":156,"name":"Hennes","avatar":"https://avatars.steamstatic.com/95d8f1c00bbdc43e289e494f3dad027a6f930ac4_full.jpg"},"point":516},{"user":{"uid":75,"userid":67,"name":"GunGamerTV","avatar":"https://avatars.steamstatic.com/64ae1da41a9c51a5ab44c29f0b054b14123aabe4_full.jpg"},"point":479},{"user":{"uid":198,"userid":175,"name":"SiKe_342","avatar":"https://avatars.steamstatic.com/1fd7929be85d31c2215352cf1dd62fe4f50f6539_full.jpg"},"point":472},{"user":{"uid":1,"userid":1,"name":"RSL | Domi","avatar":"https://cdn.discordapp.com/avatars/208630023626817536/d6b5a101ffa2655e917e9e2ca950025a.png"},"point":464},{"user":{"uid":223,"userid":194,"name":"Fidk","avatar":"https://avatars.steamstatic.com/315a03c038d583b82044d2289104d6b2c6929131_full.jpg"},"point":435},{"user":{"uid":31,"userid":22,"name":"[RSL] Fun_irrenanstalt","avatar":""},"point":432},{"user":{"uid":41,"userid":25,"name":"Marvin","avatar":"https://avatars.steamstatic.com/fef49e7fa7e1997310d705b2a6158ff8dc1cdfeb_full.jpg"},"point":303}],"fma":[{"user":{"uid":17,"userid":38,"name":"Julian","avatar":"https://avatars.steamstatic.com/bba9b676052e67e10f0ce8cec815c138e5c030b8_full.jpg"},"point":3880},{"user":{"uid":192,"userid":172,"name":"TopsyCret","avatar":"https://avatars.steamstatic.com/82aecb83684b9c1d29f6f26a4642971416734fcc_full.jpg"},"point":3545},{"user":{"uid":222,"userid":193,"name":"[RSL] Joshua","avatar":"https://cdn.discordapp.com/avatars/400402081581629450/9fa983d90e5f15b9082e9506057131ef.png"},"point":3394},{"user":{"uid":147,"userid":132,"name":"Der  Opa","avatar":"https://cdn.discordapp.com/avatars/390841934358249482/5182d95c0600108142ddbca2b09a1bb4.png"},"point":3362},{"user":{"uid":50,"userid":43,"name":"Tarial","avatar":"https://avatars.steamstatic.com/852cd2da47222f03895ad2c285d0980e4f003168_full.jpg"},"point":3245},{"user":{"uid":136,"userid":121,"name":"Fuzzi_One","avatar":"https://avatars.steamstatic.com/80dc5c843904a69c82033fa7600d24e61dc9b370_full.jpg"},"point":3159},{"user":{"uid":3,"userid":3,"name":"Yglo233","avatar":"https://avatars.steamstatic.com/31b7c52f47bfc7fdf48a7793bcc63254fbb4d4e0_full.jpg"},"point":2890},{"user":{"uid":12,"userid":9,"name":"[RSL] Fabian","avatar":"https://cdn.discordapp.com/avatars/636590993206149131/a_111fda2bf4727ff3c93f010507ff166c.gif"},"point":2390},{"user":{"uid":143,"userid":128,"name":"Tomm82m","avatar":"https://avatars.steamstatic.com/70845c436d1d1acef2a024c0a46d21d53c13eda5_full.jpg"},"point":1902},{"user":{"uid":27,"userid":40,"name":"Odin","avatar":"https://avatars.steamstatic.com/d85514129aa7b2bd055e58358fea8f36254dbc3b_full.jpg"},"point":1407},{"user":{"uid":118,"userid":103,"name":"EinfachnurWolf","avatar":"https://avatars.steamstatic.com/dcddc28153a03ef589ba9b54c11a1edc4384acdf_full.jpg"},"point":613},{"user":{"uid":212,"userid":186,"name":"CookerSquid","avatar":"https://avatars.steamstatic.com/174d7abab445013b954bd515339e811c313bbbf1_full.jpg"},"point":608},{"user":{"uid":114,"userid":99,"name":"melox030","avatar":"https://avatars.steamstatic.com/fef49e7fa7e1997310d705b2a6158ff8dc1cdfeb_full.jpg"},"point":516},{"user":{"uid":175,"userid":156,"name":"Hennes","avatar":"https://avatars.steamstatic.com/95d8f1c00bbdc43e289e494f3dad027a6f930ac4_full.jpg"},"point":516},{"user":{"uid":75,"userid":67,"name":"GunGamerTV","avatar":"https://avatars.steamstatic.com/64ae1da41a9c51a5ab44c29f0b054b14123aabe4_full.jpg"},"point":479},{"user":{"uid":198,"userid":175,"name":"SiKe_342","avatar":"https://avatars.steamstatic.com/1fd7929be85d31c2215352cf1dd62fe4f50f6539_full.jpg"},"point":472},{"user":{"uid":1,"userid":1,"name":"RSL | Domi","avatar":"https://cdn.discordapp.com/avatars/208630023626817536/d6b5a101ffa2655e917e9e2ca950025a.png"},"point":464},{"user":{"uid":223,"userid":194,"name":"Fidk","avatar":"https://avatars.steamstatic.com/315a03c038d583b82044d2289104d6b2c6929131_full.jpg"},"point":435},{"user":{"uid":31,"userid":22,"name":"[RSL] Fun_irrenanstalt","avatar":""},"point":432},{"user":{"uid":41,"userid":25,"name":"Marvin","avatar":"https://avatars.steamstatic.com/fef49e7fa7e1997310d705b2a6158ff8dc1cdfeb_full.jpg"},"point":303}]}