{"fmd":[{"user":{"uid":34,"userid":26,"name":"WiLczuR77","avatar":"https://cdn.discordapp.com/avatars/786282772255211560/215b343cd011110bf98e4157bab6f2cb.png"},"point":3677},{"user":{"uid":12,"userid":15,"name":"hαllєlujαh","avatar":"https://cdn.discordapp.com/avatars/489787824397352970/31db3cd9b4e9374d6965e0cbe8f2ebe9.png"},"point":2170},{"user":{"uid":28,"userid":27,"name":"reissverschlussverfahren","avatar":"https://avatars.steamstatic.com/7b74c751b8e0bb519b02aa069a2d74d24c2356ae_full.jpg"},"point":1579},{"user":{"uid":54,"userid":53,"name":"nikosenos","avatar":"https://cdn.discordapp.com/avatars/385849670578077709/89afaee0019e2114289578582d6e7773.png"},"point":1483},{"user":{"uid":24,"userid":23,"name":"Gnurken","avatar":"https://static.truckersmp.com/avatarsN/1166949.1704562524.png"},"point":1333},{"user":{"uid":48,"userid":46,"name":"TommyNL","avatar":"https://avatars.steamstatic.com/566ece5c0f63be2634d91a038b57b1e369f28983_full.jpg"},"point":973},{"user":{"uid":30,"userid":24,"name":"My_Dream_My_Passion","avatar":"https://static.truckersmp.com/avatarsN/2636041.1713489251.png"},"point":903},{"user":{"uid":61,"userid":57,"name":"[ff0000]Finley24","avatar":"https://avatars.steamstatic.com/599373ab2992ec4433027c72c173e102109a3aff_full.jpg"},"point":878},{"user":{"uid":1,"userid":1,"name":"RageDev","avatar":"https://cdn.discordapp.com/avatars/461836521335685120/dda93fcefdcfe9188fdda0adc2a5b012.png"},"point":808},{"user":{"uid":50,"userid":48,"name":"Strandhult/JackJax","avatar":"https://cdn.discordapp.com/avatars/422386875597062145/5388b933f0bc01057ab8ae9086dcdd63.png"},"point":778},{"user":{"uid":45,"userid":43,"name":"idk.philipp","avatar":"https://static.truckersmp.com/avatarsN/4018160.1671645702.png"},"point":678},{"user":{"uid":84,"userid":82,"name":"! 𝑮𝒆𝒏0𝒘𝒘 🌊","avatar":"https://cdn.discordapp.com/avatars/827503076797186060/734173d4aed3b382c070c60045e3fac7.png"},"point":597},{"user":{"uid":15,"userid":12,"name":"Lorenzo br","avatar":"https://cdn.discordapp.com/avatars/635968015371862082/8ca41d930d87fb4266f4c1666828d3f3.png"},"point":561},{"user":{"uid":14,"userid":11,"name":"L O R E N Z","avatar":"https://static.truckersmp.com/avatarsN/4486749.1691828789.png"},"point":545},{"user":{"uid":41,"userid":45,"name":"Lukas","avatar":"https://cdn.discordapp.com/avatars/936740740518776873/9cc8fe6180dfdd124a773b4483c298b5.png"},"point":516},{"user":{"uid":39,"userid":36,"name":"' Jonas.","avatar":"https://static.truckersmp.com/avatarsN/defaultavatar.png"},"point":445},{"user":{"uid":16,"userid":13,"name":"chad vectron","avatar":"https://cdn.discordapp.com/avatars/657613617906057247/81f8851d92f3ac1f80da82575197921f.png"},"point":436},{"user":{"uid":62,"userid":61,"name":"Thomas.","avatar":"https://cdn.discordapp.com/avatars/1000353949620117514/b42831995cac9fc332f49722a7656a19.png"},"point":286},{"user":{"uid":57,"userid":55,"name":"Skyzees","avatar":"https://avatars.steamstatic.com/35f2458727fbc2f433c713925324455b2dff6656_full.jpg"},"point":226},{"user":{"uid":85,"userid":83,"name":"SzoferDavid","avatar":"https://avatars.steamstatic.com/058afec257679c5da35b9f830aa73358028a110a_full.jpg"},"point":217},{"user":{"uid":86,"userid":84,"name":"мσρρу_тмρ","avatar":"https://static.truckersmp.com/avatarsN/3916396.1690030869.png"},"point":0}],"fma":[{"user":{"uid":46,"userid":42,"name":"'ZEUS","avatar":"https://avatars.steamstatic.com/ee5e7250f27ef852ba6efd56dae8d4a224741c0f_full.jpg"},"point":7978},{"user":{"uid":34,"userid":26,"name":"WiLczuR77","avatar":"https://cdn.discordapp.com/avatars/786282772255211560/215b343cd011110bf98e4157bab6f2cb.png"},"point":3677},{"user":{"uid":12,"userid":15,"name":"hαllєlujαh","avatar":"https://cdn.discordapp.com/avatars/489787824397352970/31db3cd9b4e9374d6965e0cbe8f2ebe9.png"},"point":2170},{"user":{"uid":24,"userid":23,"name":"Gnurken","avatar":"https://static.truckersmp.com/avatarsN/1166949.1704562524.png"},"point":1833},{"user":{"uid":28,"userid":27,"name":"reissverschlussverfahren","avatar":"https://avatars.steamstatic.com/7b74c751b8e0bb519b02aa069a2d74d24c2356ae_full.jpg"},"point":1679},{"user":{"uid":54,"userid":53,"name":"nikosenos","avatar":"https://cdn.discordapp.com/avatars/385849670578077709/89afaee0019e2114289578582d6e7773.png"},"point":1483},{"user":{"uid":1,"userid":1,"name":"RageDev","avatar":"https://cdn.discordapp.com/avatars/461836521335685120/dda93fcefdcfe9188fdda0adc2a5b012.png"},"point":1408},{"user":{"uid":48,"userid":46,"name":"TommyNL","avatar":"https://avatars.steamstatic.com/566ece5c0f63be2634d91a038b57b1e369f28983_full.jpg"},"point":973},{"user":{"uid":30,"userid":24,"name":"My_Dream_My_Passion","avatar":"https://static.truckersmp.com/avatarsN/2636041.1713489251.png"},"point":903},{"user":{"uid":61,"userid":57,"name":"[ff0000]Finley24","avatar":"https://avatars.steamstatic.com/599373ab2992ec4433027c72c173e102109a3aff_full.jpg"},"point":878},{"user":{"uid":50,"userid":48,"name":"Strandhult/JackJax","avatar":"https://cdn.discordapp.com/avatars/422386875597062145/5388b933f0bc01057ab8ae9086dcdd63.png"},"point":778},{"user":{"uid":45,"userid":43,"name":"idk.philipp","avatar":"https://static.truckersmp.com/avatarsN/4018160.1671645702.png"},"point":678},{"user":{"uid":84,"userid":82,"name":"! 𝑮𝒆𝒏0𝒘𝒘 🌊","avatar":"https://cdn.discordapp.com/avatars/827503076797186060/734173d4aed3b382c070c60045e3fac7.png"},"point":597},{"user":{"uid":15,"userid":12,"name":"Lorenzo br","avatar":"https://cdn.discordapp.com/avatars/635968015371862082/8ca41d930d87fb4266f4c1666828d3f3.png"},"point":561},{"user":{"uid":14,"userid":11,"name":"L O R E N Z","avatar":"https://static.truckersmp.com/avatarsN/4486749.1691828789.png"},"point":545},{"user":{"uid":41,"userid":45,"name":"Lukas","avatar":"https://cdn.discordapp.com/avatars/936740740518776873/9cc8fe6180dfdd124a773b4483c298b5.png"},"point":516},{"user":{"uid":47,"userid":44,"name":"FilleeSWE","avatar":"https://cdn.discordapp.com/avatars/457245258325950494/cbbc432d0792314c51aa7e41d5c5f1eb.png"},"point":500},{"user":{"uid":39,"userid":36,"name":"' Jonas.","avatar":"https://static.truckersmp.com/avatarsN/defaultavatar.png"},"point":445},{"user":{"uid":16,"userid":13,"name":"chad vectron","avatar":"https://cdn.discordapp.com/avatars/657613617906057247/81f8851d92f3ac1f80da82575197921f.png"},"point":436},{"user":{"uid":62,"userid":61,"name":"Thomas.","avatar":"https://cdn.discordapp.com/avatars/1000353949620117514/b42831995cac9fc332f49722a7656a19.png"},"point":286},{"user":{"uid":57,"userid":55,"name":"Skyzees","avatar":"https://avatars.steamstatic.com/35f2458727fbc2f433c713925324455b2dff6656_full.jpg"},"point":226},{"user":{"uid":85,"userid":83,"name":"SzoferDavid","avatar":"https://avatars.steamstatic.com/058afec257679c5da35b9f830aa73358028a110a_full.jpg"},"point":217},{"user":{"uid":86,"userid":84,"name":"мσρρу_тмρ","avatar":"https://static.truckersmp.com/avatarsN/3916396.1690030869.png"},"point":0}]}