{"fmd":[{"user":{"uid":42,"userid":35,"name":"WH | Kazuhira","avatar":"https://cdn.discordapp.com/avatars/225785171977175051/48c9493c48aa2f43ad6a6c4fd44812e1.png"},"point":10794},{"user":{"uid":56,"userid":45,"name":"WH | jbica","avatar":"https://cdn.discordapp.com/avatars/394272398930739212/488d03490a2359e57a3622544f8bbba2.png"},"point":6254},{"user":{"uid":11,"userid":9,"name":"WH | Maciek","avatar":"https://cdn.discordapp.com/avatars/282728597209481216/cc91713475ae575649772cee951992ba.png"},"point":2251},{"user":{"uid":8,"userid":6,"name":"WH | Murdernova256","avatar":"https://cdn.discordapp.com/avatars/549931745584349185/9647aabac5de7bc6ca63f26696871246.png"},"point":1808},{"user":{"uid":69,"userid":58,"name":"WH | Cougar","avatar":""},"point":1717},{"user":{"uid":46,"userid":37,"name":"WH | MysticalKief","avatar":"https://cdn.discordapp.com/avatars/498659512081973248/15c947ebb3b550bee883b0c47337c7ac.png"},"point":1469}],"fma":[{"user":{"uid":42,"userid":35,"name":"WH | Kazuhira","avatar":"https://cdn.discordapp.com/avatars/225785171977175051/48c9493c48aa2f43ad6a6c4fd44812e1.png"},"point":12544},{"user":{"uid":56,"userid":45,"name":"WH | jbica","avatar":"https://cdn.discordapp.com/avatars/394272398930739212/488d03490a2359e57a3622544f8bbba2.png"},"point":8004},{"user":{"uid":11,"userid":9,"name":"WH | Maciek","avatar":"https://cdn.discordapp.com/avatars/282728597209481216/cc91713475ae575649772cee951992ba.png"},"point":2751},{"user":{"uid":8,"userid":6,"name":"WH | Murdernova256","avatar":"https://cdn.discordapp.com/avatars/549931745584349185/9647aabac5de7bc6ca63f26696871246.png"},"point":1808},{"user":{"uid":69,"userid":58,"name":"WH | Cougar","avatar":""},"point":1717},{"user":{"uid":46,"userid":37,"name":"WH | MysticalKief","avatar":"https://cdn.discordapp.com/avatars/498659512081973248/15c947ebb3b550bee883b0c47337c7ac.png"},"point":1469},{"user":{"uid":7,"userid":5,"name":"WH | Jacket","avatar":"https://cdn.discordapp.com/avatars/111638504500408320/880678f246665808c2165f5f693b72cd.png"},"point":997},{"user":{"uid":5,"userid":3,"name":"WH | Dennisthe8th","avatar":"https://cdn.discordapp.com/avatars/575015095894016014/f82a49a712115c380af8ff8f7fbb32cb.png"},"point":131}]}