{"fmd":[{"user":{"uid":1382,"userid":847,"name":"[Aerodynamic]Aeroplane","avatar":"https://cdn.discordapp.com/avatars/919580354736705617/cd8c60e397730ab82e685faaf72d3c77.png"},"point":6348},{"user":{"uid":1097,"userid":670,"name":"Ramin Tanuwong [TH]","avatar":"https://static.truckersmp.com/avatarsN/3757199.1645214262.jpg"},"point":5656},{"user":{"uid":1271,"userid":780,"name":"brazvo (Bruno)","avatar":"https://cdn.discordapp.com/avatars/823826275964682251/c28159cbabe58874bd1244a97d68d24b.png"},"point":4680},{"user":{"uid":87,"userid":203,"name":"pvfcmatt1","avatar":"https://cdn.discordapp.com/avatars/668822602806198278/eb4c4684efc13d2a58ddeae555edc5a7.png"},"point":2736},{"user":{"uid":1316,"userid":807,"name":"Gota","avatar":"https://cdn.discordapp.com/avatars/167291299693723648/beb31f691ab4478e3268181a76f3a451.png"},"point":2413},{"user":{"uid":1325,"userid":816,"name":"Kian UK","avatar":"https://avatars.steamstatic.com/fef49e7fa7e1997310d705b2a6158ff8dc1cdfeb_full.jpg"},"point":2005},{"user":{"uid":1378,"userid":843,"name":"dandelion","avatar":"https://cdn.discordapp.com/avatars/924070723952209941/6d40e5aa69459181ef2bc03107156cc0.png"},"point":1767},{"user":{"uid":104,"userid":853,"name":"Jeffy","avatar":"https://cdn.discordapp.com/avatars/1041473902293028864/fb7242df4b5ac08f2c78f06d721dbcae.png"},"point":1759},{"user":{"uid":1411,"userid":867,"name":"Coolengineer","avatar":"https://cdn.discordapp.com/avatars/247159248272752640/59e18cf589e2aaee61edb8d0a62b6b48.png"},"point":1756},{"user":{"uid":1034,"userid":635,"name":"[Foxtrot] Fox_Bot","avatar":"https://cdn.discordapp.com/avatars/673289306424475659/6760c43d2e087fd99eeef160473251a3.png"},"point":1662},{"user":{"uid":1187,"userid":726,"name":"afrikandionysus","avatar":"https://cdn.discordapp.com/avatars/759714918177177670/661f5840a2c808aa6c88959f5a379f8d.png"},"point":1618},{"user":{"uid":863,"userid":854,"name":"jelledude","avatar":"https://cdn.discordapp.com/avatars/503143884080021514/5647b53045a177f1d215d6dbcf415d10.png"},"point":1333},{"user":{"uid":2,"userid":1,"name":"Shadows","avatar":"https://cdn.discordapp.com/avatars/763197983797149726/ceaa9c6e46978e9019ef555428d81f44.png"},"point":1071},{"user":{"uid":974,"userid":606,"name":"Carter","avatar":"https://cdn.discordapp.com/avatars/848761810915950663/2672a25e8c40de13efa3d49626d8dde5.png"},"point":1071},{"user":{"uid":1401,"userid":863,"name":"Chris A","avatar":"https://cdn.discordapp.com/avatars/415560774283427860/4f7b8d964bad29469a9d70cddb9cfadc.png"},"point":1044},{"user":{"uid":1253,"userid":769,"name":"Sunny","avatar":"https://cdn.discordapp.com/avatars/335148756653572098/00a5292662c6be574ce781717de8bfeb.png"},"point":1037},{"user":{"uid":1105,"userid":675,"name":"[Not a Tunnel!] Jack3D60","avatar":"https://cdn.discordapp.com/avatars/805496381754048572/bcf10ae824b274e1c532971dcb857977.png"},"point":846},{"user":{"uid":1291,"userid":792,"name":"Zachey","avatar":"https://cdn.discordapp.com/avatars/612403127517315072/47ce0b865674b635f44d43634494d755.png"},"point":747},{"user":{"uid":759,"userid":501,"name":"TheSkiller","avatar":"https://cdn.discordapp.com/avatars/665158641355325450/da6b6d4e62038b3f92dd42b7b34f7ec9.png"},"point":737},{"user":{"uid":1408,"userid":865,"name":"R4","avatar":"https://cdn.discordapp.com/avatars/229936554896916481/bc055d1db5245677b5e67e2a0f3df2af.png"},"point":735},{"user":{"uid":717,"userid":477,"name":"CrazyRussianCommrade","avatar":"https://static.truckersmp.com/avatarsN/defaultavatar.png"},"point":703},{"user":{"uid":1147,"userid":695,"name":"Kirito21","avatar":"https://cdn.discordapp.com/avatars/925803382680215572/f01e1941088675bf780245f15eb81bc4.png"},"point":682},{"user":{"uid":652,"userid":434,"name":"Niftte","avatar":"https://cdn.discordapp.com/avatars/270025583801532416/27aa281cc801fa5c9a22e30502eb6233.png"},"point":515},{"user":{"uid":32,"userid":87,"name":"MartinWolf","avatar":"https://cdn.discordapp.com/avatars/693618494071373824/0b22a83d6bc13d4db0c60b60aba7fef7.png"},"point":483},{"user":{"uid":993,"userid":866,"name":"Dicer","avatar":"https://cdn.discordapp.com/avatars/879283393731383368/a_d96e18af639d6bfa592067816776bd00.gif"},"point":362},{"user":{"uid":1399,"userid":860,"name":"TEA_K1NG","avatar":"https://cdn.discordapp.com/avatars/945052168287826030/94eed3b4af44fdf462ad35f0974091cf.png"},"point":298},{"user":{"uid":1245,"userid":764,"name":"Eiffel Tower Owner","avatar":"https://cdn.discordapp.com/avatars/909015760347734036/c8847952f95c26f402e44d41e997c8cd.png"},"point":224},{"user":{"uid":118,"userid":577,"name":"AstroMonkey","avatar":"https://cdn.discordapp.com/avatars/378744294262964225/93fb80f2180924cc1b51683fb8842483.png"},"point":0}],"fma":[{"user":{"uid":1271,"userid":780,"name":"brazvo (Bruno)","avatar":"https://cdn.discordapp.com/avatars/823826275964682251/c28159cbabe58874bd1244a97d68d24b.png"},"point":40346},{"user":{"uid":1097,"userid":670,"name":"Ramin Tanuwong [TH]","avatar":"https://static.truckersmp.com/avatarsN/3757199.1645214262.jpg"},"point":24817},{"user":{"uid":1382,"userid":847,"name":"[Aerodynamic]Aeroplane","avatar":"https://cdn.discordapp.com/avatars/919580354736705617/cd8c60e397730ab82e685faaf72d3c77.png"},"point":22911},{"user":{"uid":87,"userid":203,"name":"pvfcmatt1","avatar":"https://cdn.discordapp.com/avatars/668822602806198278/eb4c4684efc13d2a58ddeae555edc5a7.png"},"point":14955},{"user":{"uid":1325,"userid":816,"name":"Kian UK","avatar":"https://avatars.steamstatic.com/fef49e7fa7e1997310d705b2a6158ff8dc1cdfeb_full.jpg"},"point":13703},{"user":{"uid":119,"userid":258,"name":"LordLegend","avatar":"https://cdn.discordapp.com/avatars/507573290995417108/294e2517c647c3c8703945fbc200afcd.png"},"point":12955},{"user":{"uid":1034,"userid":635,"name":"[Foxtrot] Fox_Bot","avatar":"https://cdn.discordapp.com/avatars/673289306424475659/6760c43d2e087fd99eeef160473251a3.png"},"point":12813},{"user":{"uid":863,"userid":854,"name":"jelledude","avatar":"https://cdn.discordapp.com/avatars/503143884080021514/5647b53045a177f1d215d6dbcf415d10.png"},"point":12296},{"user":{"uid":1253,"userid":769,"name":"Sunny","avatar":"https://cdn.discordapp.com/avatars/335148756653572098/00a5292662c6be574ce781717de8bfeb.png"},"point":12099},{"user":{"uid":1411,"userid":867,"name":"Coolengineer","avatar":"https://cdn.discordapp.com/avatars/247159248272752640/59e18cf589e2aaee61edb8d0a62b6b48.png"},"point":11871},{"user":{"uid":1401,"userid":863,"name":"Chris A","avatar":"https://cdn.discordapp.com/avatars/415560774283427860/4f7b8d964bad29469a9d70cddb9cfadc.png"},"point":11654},{"user":{"uid":1399,"userid":860,"name":"TEA_K1NG","avatar":"https://cdn.discordapp.com/avatars/945052168287826030/94eed3b4af44fdf462ad35f0974091cf.png"},"point":10431},{"user":{"uid":820,"userid":529,"name":"Matthias","avatar":"https://cdn.discordapp.com/avatars/711889366204678187/b3924c80f390f2e1bf3a9ac3c0425f52.png"},"point":10000},{"user":{"uid":1316,"userid":807,"name":"Gota","avatar":"https://cdn.discordapp.com/avatars/167291299693723648/beb31f691ab4478e3268181a76f3a451.png"},"point":4827},{"user":{"uid":1378,"userid":843,"name":"dandelion","avatar":"https://cdn.discordapp.com/avatars/924070723952209941/6d40e5aa69459181ef2bc03107156cc0.png"},"point":4117},{"user":{"uid":104,"userid":853,"name":"Jeffy","avatar":"https://cdn.discordapp.com/avatars/1041473902293028864/fb7242df4b5ac08f2c78f06d721dbcae.png"},"point":3010},{"user":{"uid":2,"userid":1,"name":"Shadows","avatar":"https://cdn.discordapp.com/avatars/763197983797149726/ceaa9c6e46978e9019ef555428d81f44.png"},"point":2571},{"user":{"uid":1105,"userid":675,"name":"[Not a Tunnel!] Jack3D60","avatar":"https://cdn.discordapp.com/avatars/805496381754048572/bcf10ae824b274e1c532971dcb857977.png"},"point":2087},{"user":{"uid":924,"userid":576,"name":"🌈Hearty_Laces🌈They/Them","avatar":"https://cdn.discordapp.com/avatars/461978281906929675/9128b3d5991d797b2e4060e71c4c5f41.png"},"point":2073},{"user":{"uid":1187,"userid":726,"name":"afrikandionysus","avatar":"https://cdn.discordapp.com/avatars/759714918177177670/661f5840a2c808aa6c88959f5a379f8d.png"},"point":1644},{"user":{"uid":1291,"userid":792,"name":"Zachey","avatar":"https://cdn.discordapp.com/avatars/612403127517315072/47ce0b865674b635f44d43634494d755.png"},"point":1247},{"user":{"uid":652,"userid":434,"name":"Niftte","avatar":"https://cdn.discordapp.com/avatars/270025583801532416/27aa281cc801fa5c9a22e30502eb6233.png"},"point":1079},{"user":{"uid":974,"userid":606,"name":"Carter","avatar":"https://cdn.discordapp.com/avatars/848761810915950663/2672a25e8c40de13efa3d49626d8dde5.png"},"point":1071},{"user":{"uid":32,"userid":87,"name":"MartinWolf","avatar":"https://cdn.discordapp.com/avatars/693618494071373824/0b22a83d6bc13d4db0c60b60aba7fef7.png"},"point":983},{"user":{"uid":717,"userid":477,"name":"CrazyRussianCommrade","avatar":"https://static.truckersmp.com/avatarsN/defaultavatar.png"},"point":756},{"user":{"uid":619,"userid":418,"name":"NumberHunter91","avatar":"https://cdn.discordapp.com/avatars/276407067223392256/c656134c8d2a712de1b2dbaf3856e995.png"},"point":741},{"user":{"uid":759,"userid":501,"name":"TheSkiller","avatar":"https://cdn.discordapp.com/avatars/665158641355325450/da6b6d4e62038b3f92dd42b7b34f7ec9.png"},"point":737},{"user":{"uid":1408,"userid":865,"name":"R4","avatar":"https://cdn.discordapp.com/avatars/229936554896916481/bc055d1db5245677b5e67e2a0f3df2af.png"},"point":735},{"user":{"uid":1147,"userid":695,"name":"Kirito21","avatar":"https://cdn.discordapp.com/avatars/925803382680215572/f01e1941088675bf780245f15eb81bc4.png"},"point":682},{"user":{"uid":993,"userid":866,"name":"Dicer","avatar":"https://cdn.discordapp.com/avatars/879283393731383368/a_d96e18af639d6bfa592067816776bd00.gif"},"point":362},{"user":{"uid":3,"userid":2,"name":"Delta 🤡","avatar":"https://cdn.discordapp.com/avatars/710535657650651157/e21a44412b740e2e3bba4f4cc015a9e8.png"},"point":358},{"user":{"uid":870,"userid":553,"name":"evilzocken","avatar":"https://cdn.discordapp.com/avatars/665665436678881280/bbf25d8e76ff45868d6e0a2e9b4f189b.png"},"point":280},{"user":{"uid":1245,"userid":764,"name":"Eiffel Tower Owner","avatar":"https://cdn.discordapp.com/avatars/909015760347734036/c8847952f95c26f402e44d41e997c8cd.png"},"point":224},{"user":{"uid":118,"userid":577,"name":"AstroMonkey","avatar":"https://cdn.discordapp.com/avatars/378744294262964225/93fb80f2180924cc1b51683fb8842483.png"},"point":0}]}