{"fmd":[{"user":{"uid":300,"userid":197,"name":"zoop","avatar":"https://cdn.discordapp.com/avatars/221167310986149888/834a0f2ed8b4aacbb621e04069eba462.png"},"point":4805},{"user":{"uid":96,"userid":120,"name":"Pattarapon","avatar":"https://cdn.discordapp.com/avatars/687263407417720832/a_c8f593c66e5dce0aeea7d8e0dc04e0cc.gif"},"point":2438},{"user":{"uid":211,"userid":160,"name":"human?","avatar":"https://cdn.discordapp.com/avatars/698752151073194015/e626fce336d1295ab98959c084394e8b.png"},"point":2403},{"user":{"uid":14,"userid":15,"name":"Cel","avatar":"https://cdn.discordapp.com/avatars/388906563043065861/ea2e630b6ace3b5676e334f4f61e039f.png"},"point":2340},{"user":{"uid":249,"userid":176,"name":"ᑭᕼᑌᖇIᑎ ᗷᗝᗝᑎ丅ᕼᗝᖇᑎ 👻","avatar":"https://cdn.discordapp.com/avatars/502076330628874241/6e85799ea6de903eea4203f2a8d17cdf.png"},"point":1948},{"user":{"uid":19,"userid":22,"name":"Garmy","avatar":"https://cdn.discordapp.com/avatars/537294435617341451/513dcf25a48a7f737f1643ad3c103e65.png"},"point":1924},{"user":{"uid":12,"userid":13,"name":"fatzri","avatar":"https://cdn.discordapp.com/avatars/689652100560453694/42e61d1e9a88c0302601fc9c99fbd691.png"},"point":1837},{"user":{"uid":100,"userid":124,"name":"Nexusover","avatar":"https://cdn.discordapp.com/avatars/531793623331635201/a_200acad6bb16f43fd5eda378ea422f0e.gif"},"point":1544},{"user":{"uid":409,"userid":226,"name":"𝙽𝙴𝚆𝚃𝚈𝙿𝙴𝚂","avatar":"https://cdn.discordapp.com/avatars/624501922531115019/720e6c9072e99985cd234df4183376af.png"},"point":1522},{"user":{"uid":16,"userid":19,"name":"Tom","avatar":"https://cdn.discordapp.com/avatars/306758358092742657/76a57e65deac4cc1b58e729073cc45bf.png"},"point":1384},{"user":{"uid":469,"userid":247,"name":"Ayl0o","avatar":"https://cdn.discordapp.com/avatars/706856186712031233/926726bdacd19e3f7294b06bcf6f729b.png"},"point":1091},{"user":{"uid":364,"userid":215,"name":"[MCG] Danish_v8","avatar":"https://static.truckersmp.com/avatarsN/3882826.1651322428.jpg"},"point":827},{"user":{"uid":82,"userid":99,"name":"PepyNox 🤖","avatar":"https://cdn.discordapp.com/avatars/261473263752839168/a_32058670e7fcdb9136bb159147e62d09.gif"},"point":605},{"user":{"uid":178,"userid":142,"name":"Kai'Sa☆UnSyn Amagiri","avatar":"https://cdn.discordapp.com/avatars/234026448229367809/3e769a6aef362f7e3f4ea09b2d3f5367.png"},"point":536},{"user":{"uid":337,"userid":208,"name":"Dr. Stevo","avatar":"https://cdn.discordapp.com/avatars/603859936434323456/a_8fb3ef826c61fa9bc1445843af78a75f.gif"},"point":480},{"user":{"uid":482,"userid":255,"name":"JYXH","avatar":"https://cdn.discordapp.com/avatars/1222859852351803445/a13714a6f79a8b5ca78e4e48998060bb.png"},"point":306},{"user":{"uid":443,"userid":248,"name":"ü","avatar":"https://cdn.discordapp.com/avatars/795288406028451851/9f5b2a24b7bb49c70da96297c4eef265.png"},"point":303},{"user":{"uid":64,"userid":71,"name":"naltor34","avatar":"https://cdn.discordapp.com/avatars/302866656214908928/8e62aec24f7f18698b443ba03ffdf48d.png"},"point":184},{"user":{"uid":470,"userid":253,"name":"[MCG] Lucasg4329 [FR]","avatar":"https://static.truckersmp.com/avatarsN/defaultavatar.png"},"point":68},{"user":{"uid":360,"userid":213,"name":"[MCG] KAYJAY [MY]","avatar":"https://static.truckersmp.com/avatarsN/5131980.1702095350.png"},"point":0}],"fma":[{"user":{"uid":300,"userid":197,"name":"zoop","avatar":"https://cdn.discordapp.com/avatars/221167310986149888/834a0f2ed8b4aacbb621e04069eba462.png"},"point":4805},{"user":{"uid":96,"userid":120,"name":"Pattarapon","avatar":"https://cdn.discordapp.com/avatars/687263407417720832/a_c8f593c66e5dce0aeea7d8e0dc04e0cc.gif"},"point":2438},{"user":{"uid":211,"userid":160,"name":"human?","avatar":"https://cdn.discordapp.com/avatars/698752151073194015/e626fce336d1295ab98959c084394e8b.png"},"point":2403},{"user":{"uid":14,"userid":15,"name":"Cel","avatar":"https://cdn.discordapp.com/avatars/388906563043065861/ea2e630b6ace3b5676e334f4f61e039f.png"},"point":2340},{"user":{"uid":249,"userid":176,"name":"ᑭᕼᑌᖇIᑎ ᗷᗝᗝᑎ丅ᕼᗝᖇᑎ 👻","avatar":"https://cdn.discordapp.com/avatars/502076330628874241/6e85799ea6de903eea4203f2a8d17cdf.png"},"point":1948},{"user":{"uid":19,"userid":22,"name":"Garmy","avatar":"https://cdn.discordapp.com/avatars/537294435617341451/513dcf25a48a7f737f1643ad3c103e65.png"},"point":1924},{"user":{"uid":12,"userid":13,"name":"fatzri","avatar":"https://cdn.discordapp.com/avatars/689652100560453694/42e61d1e9a88c0302601fc9c99fbd691.png"},"point":1837},{"user":{"uid":100,"userid":124,"name":"Nexusover","avatar":"https://cdn.discordapp.com/avatars/531793623331635201/a_200acad6bb16f43fd5eda378ea422f0e.gif"},"point":1544},{"user":{"uid":409,"userid":226,"name":"𝙽𝙴𝚆𝚃𝚈𝙿𝙴𝚂","avatar":"https://cdn.discordapp.com/avatars/624501922531115019/720e6c9072e99985cd234df4183376af.png"},"point":1522},{"user":{"uid":16,"userid":19,"name":"Tom","avatar":"https://cdn.discordapp.com/avatars/306758358092742657/76a57e65deac4cc1b58e729073cc45bf.png"},"point":1384},{"user":{"uid":469,"userid":247,"name":"Ayl0o","avatar":"https://cdn.discordapp.com/avatars/706856186712031233/926726bdacd19e3f7294b06bcf6f729b.png"},"point":1091},{"user":{"uid":364,"userid":215,"name":"[MCG] Danish_v8","avatar":"https://static.truckersmp.com/avatarsN/3882826.1651322428.jpg"},"point":827},{"user":{"uid":82,"userid":99,"name":"PepyNox 🤖","avatar":"https://cdn.discordapp.com/avatars/261473263752839168/a_32058670e7fcdb9136bb159147e62d09.gif"},"point":605},{"user":{"uid":178,"userid":142,"name":"Kai'Sa☆UnSyn Amagiri","avatar":"https://cdn.discordapp.com/avatars/234026448229367809/3e769a6aef362f7e3f4ea09b2d3f5367.png"},"point":536},{"user":{"uid":337,"userid":208,"name":"Dr. Stevo","avatar":"https://cdn.discordapp.com/avatars/603859936434323456/a_8fb3ef826c61fa9bc1445843af78a75f.gif"},"point":480},{"user":{"uid":482,"userid":255,"name":"JYXH","avatar":"https://cdn.discordapp.com/avatars/1222859852351803445/a13714a6f79a8b5ca78e4e48998060bb.png"},"point":306},{"user":{"uid":443,"userid":248,"name":"ü","avatar":"https://cdn.discordapp.com/avatars/795288406028451851/9f5b2a24b7bb49c70da96297c4eef265.png"},"point":303},{"user":{"uid":64,"userid":71,"name":"naltor34","avatar":"https://cdn.discordapp.com/avatars/302866656214908928/8e62aec24f7f18698b443ba03ffdf48d.png"},"point":184},{"user":{"uid":470,"userid":253,"name":"[MCG] Lucasg4329 [FR]","avatar":"https://static.truckersmp.com/avatarsN/defaultavatar.png"},"point":68},{"user":{"uid":360,"userid":213,"name":"[MCG] KAYJAY [MY]","avatar":"https://static.truckersmp.com/avatarsN/5131980.1702095350.png"},"point":0}]}