{"fmd":[{"user":{"uid":194,"userid":188,"name":"[FLG] derMicha","avatar":"https://cdn.discordapp.com/avatars/951482086072660018/6f6fb9e5f328bec8c769d872bed5109a.png"},"point":9098},{"user":{"uid":152,"userid":135,"name":"manu7432","avatar":"https://cdn.discordapp.com/avatars/1024735246249373777/5f18f9e373e000269bae1ae973e2cfd0.png"},"point":5520},{"user":{"uid":73,"userid":65,"name":"Ersque","avatar":"https://cdn.discordapp.com/avatars/219183521711915008/d8224c427b6d0b5f9a2b151734d67e76.png"},"point":3633},{"user":{"uid":36,"userid":82,"name":"SchakalGER","avatar":"https://cdn.discordapp.com/avatars/328243784703803413/0815cbf6b00e890a8030cd7d0042d596.png"},"point":3538},{"user":{"uid":148,"userid":145,"name":"weisserkreuzer","avatar":"https://cdn.discordapp.com/avatars/303094283752308737/651be3b81b2b904cd1112f8501fd2e49.png"},"point":3531},{"user":{"uid":68,"userid":57,"name":"Anthonyaski","avatar":"https://cdn.discordapp.com/avatars/334780188703588362/4af94601e420a28c570fce2b038e0b23.png"},"point":3481},{"user":{"uid":18,"userid":16,"name":"teufelsfrucht","avatar":"https://static.truckersmp.com/avatarsN/4047213.1699434878.png"},"point":3263},{"user":{"uid":21,"userid":18,"name":"Gregory","avatar":"https://cdn.discordapp.com/avatars/650421299323338762/dae0258c1a7c95a73bdcbd75db3db5d4.png"},"point":2585},{"user":{"uid":61,"userid":75,"name":"𝕲𝖍𝖔𝖘𝖙𝖕𝖆𝖚𝖑𝖔𝖔","avatar":"https://cdn.discordapp.com/avatars/964420212864741376/e8283a2f908472c913999fda7149c790.png"},"point":2504},{"user":{"uid":285,"userid":237,"name":"🍁ᒪᑘᖽᓰᘿᘿ🍁","avatar":"https://cdn.discordapp.com/avatars/928165214036295710/a_285655aa499263c1588029f5597d829e.gif"},"point":2456},{"user":{"uid":272,"userid":227,"name":"Pfindus","avatar":"https://static.truckersmp.com/avatarsN/4311053.1710660288.png"},"point":2316},{"user":{"uid":165,"userid":146,"name":"Felix","avatar":"https://cdn.discordapp.com/avatars/1108807886932541571/None.png"},"point":1847},{"user":{"uid":60,"userid":50,"name":"Thareon","avatar":"https://cdn.discordapp.com/avatars/701445278825316373/3b16d405b932144cdf8675ff795731f9.png"},"point":1798},{"user":{"uid":17,"userid":15,"name":"Henrix [GER/SWE]","avatar":"https://cdn.discordapp.com/avatars/445963051842273290/bf82a52a3a101f2b795f8baa92feecbf.png"},"point":1603},{"user":{"uid":79,"userid":68,"name":"kevinnartor","avatar":"https://cdn.discordapp.com/avatars/332536235765530624/8b55e50924dd510472f9c32a0afc5d09.png"},"point":1490},{"user":{"uid":258,"userid":210,"name":"Mr_Wassermelone","avatar":"https://cdn.discordapp.com/avatars/660115165819437097/62f2b0a155b5fb9b62b9d65db6690d46.png"},"point":1324},{"user":{"uid":133,"userid":121,"name":"FerdeAndy","avatar":"https://static.truckersmp.com/avatarsN/defaultavatar.png"},"point":1281},{"user":{"uid":56,"userid":42,"name":"Glaceon","avatar":"https://cdn.discordapp.com/avatars/348428309018705930/f1b68bf1b8a5121559e1b782c8941327.png"},"point":1263},{"user":{"uid":288,"userid":240,"name":"Dark_Leon184","avatar":"https://cdn.discordapp.com/avatars/977581665675259955/facb6115d9fe87fca318e2a719ddf463.png"},"point":1252},{"user":{"uid":70,"userid":58,"name":"xXTessiXx","avatar":"https://cdn.discordapp.com/avatars/463730546108006400/7b616d2dad0e5011ae25684dd50d1a91.png"},"point":917},{"user":{"uid":12,"userid":10,"name":"Tchabalala/Axel","avatar":"https://cdn.discordapp.com/avatars/336794680454938624/c949fc0ae2a0b67356a833b7f2dfb640.png"},"point":913},{"user":{"uid":157,"userid":141,"name":"DerBackfisch","avatar":"https://cdn.discordapp.com/avatars/838683261244407809/237604f013fdfa84b60f5246e2249e04.png"},"point":903},{"user":{"uid":310,"userid":253,"name":"Pascal","avatar":"https://cdn.discordapp.com/avatars/677543668973830215/e67068b6cf29eb6aaa8ea1cdec299abe.png"},"point":815},{"user":{"uid":269,"userid":225,"name":"Kevo","avatar":"https://cdn.discordapp.com/avatars/1043231955954704457/None.png"},"point":774},{"user":{"uid":110,"userid":99,"name":"Bathorio","avatar":"https://cdn.discordapp.com/avatars/679475997816651860/4d6f1d77443ed5aab2fb64e01b4ff7f6.png"},"point":747},{"user":{"uid":168,"userid":148,"name":"lachs","avatar":"https://cdn.discordapp.com/avatars/567677822085234688/d8f503f9cdfe5741ac4c46b50ebaf69a.png"},"point":746},{"user":{"uid":54,"userid":52,"name":"Fleiing","avatar":"https://cdn.discordapp.com/avatars/893916261011054612/18cfd8b3c9b3852ca32a9741050ab87c.png"},"point":744},{"user":{"uid":90,"userid":92,"name":"Truck Driver(GER)","avatar":"https://cdn.discordapp.com/avatars/697753575450738759/7fd627982dc1053d0feca23ee052e524.png"},"point":613},{"user":{"uid":50,"userid":41,"name":"Schnitzel.","avatar":"https://cdn.discordapp.com/avatars/690570896557211658/ae7d3f32a78a923191f8d72c0cf40ce3.png"},"point":607},{"user":{"uid":9,"userid":5,"name":"Fast-rider","avatar":"https://static.truckersmp.com/avatarsN/4041389.1709222265.png"},"point":606},{"user":{"uid":275,"userid":229,"name":"ByEnderman_HD","avatar":"https://cdn.discordapp.com/avatars/664529284043636767/6b9fb4edd1d2c073428b956ede3c7228.png"},"point":596},{"user":{"uid":75,"userid":59,"name":"Storm05_","avatar":"https://cdn.discordapp.com/avatars/206094648236572672/8e00adf8bda4a32ef10eccef3d46830c.png"},"point":464},{"user":{"uid":47,"userid":40,"name":"Nerikan","avatar":"https://cdn.discordapp.com/avatars/501777572112367638/93b7d985e53cc4f12b14f7394dda3e82.png"},"point":457},{"user":{"uid":139,"userid":127,"name":"SturmNudelLP (PC)","avatar":"https://cdn.discordapp.com/avatars/686996505550258225/9fdc874a2ccce42bee7c48ef3ab9c80a.png"},"point":429},{"user":{"uid":29,"userid":26,"name":"Flexhit07","avatar":"https://cdn.discordapp.com/avatars/839444644404527104/940b469b61cff5bc7ef1ae0f0ac4a8c7.png"},"point":309},{"user":{"uid":197,"userid":169,"name":"Wassermelofant","avatar":"https://cdn.discordapp.com/avatars/288753470234689538/8fb64a8e263aba5a05eda07214a453dc.png"},"point":298},{"user":{"uid":58,"userid":45,"name":"Knirpsi","avatar":"https://cdn.discordapp.com/avatars/680795972275666957/83cbd46025e4c642396e78b1fb4a60d0.png"},"point":284},{"user":{"uid":196,"userid":170,"name":"noah","avatar":"https://cdn.discordapp.com/avatars/551872292221747204/6dc460b0d4fbe2a3dbbc6e5755fbb5e5.png"},"point":267},{"user":{"uid":91,"userid":85,"name":"Chris94","avatar":"https://cdn.discordapp.com/avatars/618891974765838336/d2fa711dddd045b14969332972ba64b3.png"},"point":68},{"user":{"uid":19,"userid":17,"name":"Tim13","avatar":"https://cdn.discordapp.com/avatars/932250744386617376/dba03c47053a9fb2a07ede96971bc97a.png"},"point":1},{"user":{"uid":27,"userid":24,"name":"theredmachine","avatar":"https://static.truckersmp.com/avatarsN/3462295.1710611272.png"},"point":0}],"fma":[{"user":{"uid":194,"userid":188,"name":"[FLG] derMicha","avatar":"https://cdn.discordapp.com/avatars/951482086072660018/6f6fb9e5f328bec8c769d872bed5109a.png"},"point":9098},{"user":{"uid":152,"userid":135,"name":"manu7432","avatar":"https://cdn.discordapp.com/avatars/1024735246249373777/5f18f9e373e000269bae1ae973e2cfd0.png"},"point":5520},{"user":{"uid":73,"userid":65,"name":"Ersque","avatar":"https://cdn.discordapp.com/avatars/219183521711915008/d8224c427b6d0b5f9a2b151734d67e76.png"},"point":3633},{"user":{"uid":36,"userid":82,"name":"SchakalGER","avatar":"https://cdn.discordapp.com/avatars/328243784703803413/0815cbf6b00e890a8030cd7d0042d596.png"},"point":3538},{"user":{"uid":148,"userid":145,"name":"weisserkreuzer","avatar":"https://cdn.discordapp.com/avatars/303094283752308737/651be3b81b2b904cd1112f8501fd2e49.png"},"point":3531},{"user":{"uid":68,"userid":57,"name":"Anthonyaski","avatar":"https://cdn.discordapp.com/avatars/334780188703588362/4af94601e420a28c570fce2b038e0b23.png"},"point":3481},{"user":{"uid":18,"userid":16,"name":"teufelsfrucht","avatar":"https://static.truckersmp.com/avatarsN/4047213.1699434878.png"},"point":3263},{"user":{"uid":21,"userid":18,"name":"Gregory","avatar":"https://cdn.discordapp.com/avatars/650421299323338762/dae0258c1a7c95a73bdcbd75db3db5d4.png"},"point":2585},{"user":{"uid":61,"userid":75,"name":"𝕲𝖍𝖔𝖘𝖙𝖕𝖆𝖚𝖑𝖔𝖔","avatar":"https://cdn.discordapp.com/avatars/964420212864741376/e8283a2f908472c913999fda7149c790.png"},"point":2504},{"user":{"uid":285,"userid":237,"name":"🍁ᒪᑘᖽᓰᘿᘿ🍁","avatar":"https://cdn.discordapp.com/avatars/928165214036295710/a_285655aa499263c1588029f5597d829e.gif"},"point":2456},{"user":{"uid":272,"userid":227,"name":"Pfindus","avatar":"https://static.truckersmp.com/avatarsN/4311053.1710660288.png"},"point":2316},{"user":{"uid":165,"userid":146,"name":"Felix","avatar":"https://cdn.discordapp.com/avatars/1108807886932541571/None.png"},"point":1847},{"user":{"uid":60,"userid":50,"name":"Thareon","avatar":"https://cdn.discordapp.com/avatars/701445278825316373/3b16d405b932144cdf8675ff795731f9.png"},"point":1798},{"user":{"uid":17,"userid":15,"name":"Henrix [GER/SWE]","avatar":"https://cdn.discordapp.com/avatars/445963051842273290/bf82a52a3a101f2b795f8baa92feecbf.png"},"point":1603},{"user":{"uid":79,"userid":68,"name":"kevinnartor","avatar":"https://cdn.discordapp.com/avatars/332536235765530624/8b55e50924dd510472f9c32a0afc5d09.png"},"point":1490},{"user":{"uid":258,"userid":210,"name":"Mr_Wassermelone","avatar":"https://cdn.discordapp.com/avatars/660115165819437097/62f2b0a155b5fb9b62b9d65db6690d46.png"},"point":1324},{"user":{"uid":133,"userid":121,"name":"FerdeAndy","avatar":"https://static.truckersmp.com/avatarsN/defaultavatar.png"},"point":1281},{"user":{"uid":56,"userid":42,"name":"Glaceon","avatar":"https://cdn.discordapp.com/avatars/348428309018705930/f1b68bf1b8a5121559e1b782c8941327.png"},"point":1263},{"user":{"uid":288,"userid":240,"name":"Dark_Leon184","avatar":"https://cdn.discordapp.com/avatars/977581665675259955/facb6115d9fe87fca318e2a719ddf463.png"},"point":1252},{"user":{"uid":70,"userid":58,"name":"xXTessiXx","avatar":"https://cdn.discordapp.com/avatars/463730546108006400/7b616d2dad0e5011ae25684dd50d1a91.png"},"point":917},{"user":{"uid":12,"userid":10,"name":"Tchabalala/Axel","avatar":"https://cdn.discordapp.com/avatars/336794680454938624/c949fc0ae2a0b67356a833b7f2dfb640.png"},"point":913},{"user":{"uid":157,"userid":141,"name":"DerBackfisch","avatar":"https://cdn.discordapp.com/avatars/838683261244407809/237604f013fdfa84b60f5246e2249e04.png"},"point":903},{"user":{"uid":310,"userid":253,"name":"Pascal","avatar":"https://cdn.discordapp.com/avatars/677543668973830215/e67068b6cf29eb6aaa8ea1cdec299abe.png"},"point":815},{"user":{"uid":269,"userid":225,"name":"Kevo","avatar":"https://cdn.discordapp.com/avatars/1043231955954704457/None.png"},"point":774},{"user":{"uid":110,"userid":99,"name":"Bathorio","avatar":"https://cdn.discordapp.com/avatars/679475997816651860/4d6f1d77443ed5aab2fb64e01b4ff7f6.png"},"point":747},{"user":{"uid":168,"userid":148,"name":"lachs","avatar":"https://cdn.discordapp.com/avatars/567677822085234688/d8f503f9cdfe5741ac4c46b50ebaf69a.png"},"point":746},{"user":{"uid":54,"userid":52,"name":"Fleiing","avatar":"https://cdn.discordapp.com/avatars/893916261011054612/18cfd8b3c9b3852ca32a9741050ab87c.png"},"point":744},{"user":{"uid":90,"userid":92,"name":"Truck Driver(GER)","avatar":"https://cdn.discordapp.com/avatars/697753575450738759/7fd627982dc1053d0feca23ee052e524.png"},"point":613},{"user":{"uid":50,"userid":41,"name":"Schnitzel.","avatar":"https://cdn.discordapp.com/avatars/690570896557211658/ae7d3f32a78a923191f8d72c0cf40ce3.png"},"point":607},{"user":{"uid":9,"userid":5,"name":"Fast-rider","avatar":"https://static.truckersmp.com/avatarsN/4041389.1709222265.png"},"point":606},{"user":{"uid":275,"userid":229,"name":"ByEnderman_HD","avatar":"https://cdn.discordapp.com/avatars/664529284043636767/6b9fb4edd1d2c073428b956ede3c7228.png"},"point":596},{"user":{"uid":75,"userid":59,"name":"Storm05_","avatar":"https://cdn.discordapp.com/avatars/206094648236572672/8e00adf8bda4a32ef10eccef3d46830c.png"},"point":464},{"user":{"uid":47,"userid":40,"name":"Nerikan","avatar":"https://cdn.discordapp.com/avatars/501777572112367638/93b7d985e53cc4f12b14f7394dda3e82.png"},"point":457},{"user":{"uid":139,"userid":127,"name":"SturmNudelLP (PC)","avatar":"https://cdn.discordapp.com/avatars/686996505550258225/9fdc874a2ccce42bee7c48ef3ab9c80a.png"},"point":429},{"user":{"uid":29,"userid":26,"name":"Flexhit07","avatar":"https://cdn.discordapp.com/avatars/839444644404527104/940b469b61cff5bc7ef1ae0f0ac4a8c7.png"},"point":309},{"user":{"uid":197,"userid":169,"name":"Wassermelofant","avatar":"https://cdn.discordapp.com/avatars/288753470234689538/8fb64a8e263aba5a05eda07214a453dc.png"},"point":298},{"user":{"uid":58,"userid":45,"name":"Knirpsi","avatar":"https://cdn.discordapp.com/avatars/680795972275666957/83cbd46025e4c642396e78b1fb4a60d0.png"},"point":284},{"user":{"uid":196,"userid":170,"name":"noah","avatar":"https://cdn.discordapp.com/avatars/551872292221747204/6dc460b0d4fbe2a3dbbc6e5755fbb5e5.png"},"point":267},{"user":{"uid":91,"userid":85,"name":"Chris94","avatar":"https://cdn.discordapp.com/avatars/618891974765838336/d2fa711dddd045b14969332972ba64b3.png"},"point":68},{"user":{"uid":19,"userid":17,"name":"Tim13","avatar":"https://cdn.discordapp.com/avatars/932250744386617376/dba03c47053a9fb2a07ede96971bc97a.png"},"point":1},{"user":{"uid":27,"userid":24,"name":"theredmachine","avatar":"https://static.truckersmp.com/avatarsN/3462295.1710611272.png"},"point":0}]}