{"fmd":[{"user":{"uid":3,"userid":2,"name":"GB |     M.Faruk {21}","avatar":"https://cdn.discordapp.com/avatars/284769507271245825/f4d7f890b3d45b4fcc2acc412335e13a.png"},"point":2296},{"user":{"uid":2,"userid":1,"name":"GB  |     Berk {21}","avatar":"https://cdn.discordapp.com/avatars/330696848287334403/8d3c616cf75dae71fec381be7f32d1ca.png"},"point":1328},{"user":{"uid":105,"userid":93,"name":"GB | Berat [16]","avatar":"https://cdn.discordapp.com/avatars/720876302931984398/9dd44f77af219b29ce50a4f2fb1da276.png"},"point":1214},{"user":{"uid":13,"userid":13,"name":"LOA | Caner [40]","avatar":"https://cdn.discordapp.com/avatars/644261578392469534/fbb3347356714ef7d3ab0443c54c3929.png"},"point":1101},{"user":{"uid":97,"userid":85,"name":"[GökBörü] Berke Çetin","avatar":"https://static.truckersmp.com/avatarsN/3362720.1696796999.png"},"point":1081}],"fma":[{"user":{"uid":3,"userid":2,"name":"GB |     M.Faruk {21}","avatar":"https://cdn.discordapp.com/avatars/284769507271245825/f4d7f890b3d45b4fcc2acc412335e13a.png"},"point":2836},{"user":{"uid":2,"userid":1,"name":"GB  |     Berk {21}","avatar":"https://cdn.discordapp.com/avatars/330696848287334403/8d3c616cf75dae71fec381be7f32d1ca.png"},"point":1560},{"user":{"uid":13,"userid":13,"name":"LOA | Caner [40]","avatar":"https://cdn.discordapp.com/avatars/644261578392469534/fbb3347356714ef7d3ab0443c54c3929.png"},"point":1256},{"user":{"uid":105,"userid":93,"name":"GB | Berat [16]","avatar":"https://cdn.discordapp.com/avatars/720876302931984398/9dd44f77af219b29ce50a4f2fb1da276.png"},"point":1214},{"user":{"uid":97,"userid":85,"name":"[GökBörü] Berke Çetin","avatar":"https://static.truckersmp.com/avatarsN/3362720.1696796999.png"},"point":1131}]}