{"fmd":[{"user":{"uid":644,"userid":519,"name":"Rumcajs","avatar":"https://cdn.discordapp.com/avatars/236603258314031104/d2dda1e0af37139c5fe5d71603c2d07a.png"},"point":3948},{"user":{"uid":212,"userid":201,"name":"nasht7","avatar":"https://cdn.discordapp.com/avatars/478817763172024322/a947cf0bc4d7f21695c683d13a485521.png"},"point":2271},{"user":{"uid":427,"userid":353,"name":"Versthappening","avatar":"https://cdn.discordapp.com/avatars/851032564801077258/b6762130b06d88078b10d519887e731b.png"},"point":2069},{"user":{"uid":634,"userid":511,"name":"Ern","avatar":"https://cdn.discordapp.com/avatars/238745312296960011/d189f4a3dc567d70350715ae35634bec.png"},"point":2024},{"user":{"uid":608,"userid":489,"name":"Dylan aka Scott","avatar":"https://cdn.discordapp.com/avatars/287978186732732416/269da0519b0fb3b455df1752ceec3171.png"},"point":1476},{"user":{"uid":636,"userid":513,"name":"MementoMori [ LT ]","avatar":"https://static.truckersmp.com/avatarsN/3834590.1713037068.png"},"point":1405},{"user":{"uid":402,"userid":337,"name":"viriusek","avatar":"https://cdn.discordapp.com/avatars/814466964918370305/4491219e03ffb01a401aa3b5d09ad470.png"},"point":1246},{"user":{"uid":635,"userid":512,"name":"ruthlessducky","avatar":"https://cdn.discordapp.com/avatars/586356271343599623/630a34ace8f201030d7d0f1c81cf8257.png"},"point":1003},{"user":{"uid":618,"userid":496,"name":"Lorenzo (lftt205)","avatar":"https://cdn.discordapp.com/avatars/254870559257657344/e6795e10c6356b41ae0dde62b8555d22.png"},"point":991},{"user":{"uid":595,"userid":479,"name":"Championrub","avatar":"https://cdn.discordapp.com/avatars/811982277474123786/57632d6c13f4de8235b03acd0aba016e.png"},"point":812},{"user":{"uid":25,"userid":96,"name":"[G-T-R]GrayWolf","avatar":"https://cdn.discordapp.com/avatars/463049453067173888/93e0f855de1c1bcdf6924d45b1789338.png"},"point":513},{"user":{"uid":396,"userid":331,"name":"Lucas","avatar":"https://cdn.discordapp.com/avatars/1004644388888117258/40f0905fcd22843d4e831fa18fc7576d.png"},"point":299},{"user":{"uid":629,"userid":506,"name":"Bin_Tyler","avatar":"https://cdn.discordapp.com/avatars/778660332570804325/c854253e1f12ab7a70384535a84fae7d.png"},"point":251},{"user":{"uid":642,"userid":516,"name":"Aljaz Miklic","avatar":"https://cdn.discordapp.com/avatars/771794563680436234/1d775092d4983d2143b8a4f98b6b0979.png"},"point":207},{"user":{"uid":599,"userid":482,"name":"dood51","avatar":"https://cdn.discordapp.com/avatars/1215977765778489364/e2e4afccd7e82bb48dc1b4e183cb9feb.png"},"point":126},{"user":{"uid":643,"userid":518,"name":"modunga fodunga","avatar":"https://cdn.discordapp.com/avatars/975800453986136114/4b29d690fbcaea1ab4410acbcc0ba316.png"},"point":3},{"user":{"uid":483,"userid":394,"name":"Xikxzy","avatar":"https://cdn.discordapp.com/avatars/960949402191683595/1270700e622dfb0e702498378ecf1317.png"},"point":0},{"user":{"uid":574,"userid":462,"name":"ꞨɃΓ-ꞦΞᛗꞨ","avatar":"https://cdn.discordapp.com/avatars/986563915544682527/a475b428e0bc1c5ee47efbdbefbfe03a.png"},"point":0},{"user":{"uid":622,"userid":500,"name":"Yinmei","avatar":"https://cdn.discordapp.com/avatars/1152484045549211749/3487bb42c54b1cae8115bbba55ab7617.png"},"point":0}],"fma":[{"user":{"uid":644,"userid":519,"name":"Rumcajs","avatar":"https://cdn.discordapp.com/avatars/236603258314031104/d2dda1e0af37139c5fe5d71603c2d07a.png"},"point":3948},{"user":{"uid":212,"userid":201,"name":"nasht7","avatar":"https://cdn.discordapp.com/avatars/478817763172024322/a947cf0bc4d7f21695c683d13a485521.png"},"point":2271},{"user":{"uid":427,"userid":353,"name":"Versthappening","avatar":"https://cdn.discordapp.com/avatars/851032564801077258/b6762130b06d88078b10d519887e731b.png"},"point":2069},{"user":{"uid":634,"userid":511,"name":"Ern","avatar":"https://cdn.discordapp.com/avatars/238745312296960011/d189f4a3dc567d70350715ae35634bec.png"},"point":2024},{"user":{"uid":608,"userid":489,"name":"Dylan aka Scott","avatar":"https://cdn.discordapp.com/avatars/287978186732732416/269da0519b0fb3b455df1752ceec3171.png"},"point":1476},{"user":{"uid":636,"userid":513,"name":"MementoMori [ LT ]","avatar":"https://static.truckersmp.com/avatarsN/3834590.1713037068.png"},"point":1405},{"user":{"uid":402,"userid":337,"name":"viriusek","avatar":"https://cdn.discordapp.com/avatars/814466964918370305/4491219e03ffb01a401aa3b5d09ad470.png"},"point":1246},{"user":{"uid":635,"userid":512,"name":"ruthlessducky","avatar":"https://cdn.discordapp.com/avatars/586356271343599623/630a34ace8f201030d7d0f1c81cf8257.png"},"point":1003},{"user":{"uid":618,"userid":496,"name":"Lorenzo (lftt205)","avatar":"https://cdn.discordapp.com/avatars/254870559257657344/e6795e10c6356b41ae0dde62b8555d22.png"},"point":991},{"user":{"uid":595,"userid":479,"name":"Championrub","avatar":"https://cdn.discordapp.com/avatars/811982277474123786/57632d6c13f4de8235b03acd0aba016e.png"},"point":812},{"user":{"uid":25,"userid":96,"name":"[G-T-R]GrayWolf","avatar":"https://cdn.discordapp.com/avatars/463049453067173888/93e0f855de1c1bcdf6924d45b1789338.png"},"point":513},{"user":{"uid":396,"userid":331,"name":"Lucas","avatar":"https://cdn.discordapp.com/avatars/1004644388888117258/40f0905fcd22843d4e831fa18fc7576d.png"},"point":299},{"user":{"uid":629,"userid":506,"name":"Bin_Tyler","avatar":"https://cdn.discordapp.com/avatars/778660332570804325/c854253e1f12ab7a70384535a84fae7d.png"},"point":251},{"user":{"uid":516,"userid":417,"name":"Ravsh1k","avatar":"https://cdn.discordapp.com/avatars/901846074740858890/775a54f0f101fa2eb9b9fb54ad87ce55.png"},"point":244},{"user":{"uid":642,"userid":516,"name":"Aljaz Miklic","avatar":"https://cdn.discordapp.com/avatars/771794563680436234/1d775092d4983d2143b8a4f98b6b0979.png"},"point":207},{"user":{"uid":599,"userid":482,"name":"dood51","avatar":"https://cdn.discordapp.com/avatars/1215977765778489364/e2e4afccd7e82bb48dc1b4e183cb9feb.png"},"point":126},{"user":{"uid":480,"userid":395,"name":"Sh0tBlow","avatar":"https://cdn.discordapp.com/avatars/462991116279611392/87bf1e3b76d220025f3fb4b0029427f8.png"},"point":125},{"user":{"uid":643,"userid":518,"name":"modunga fodunga","avatar":"https://cdn.discordapp.com/avatars/975800453986136114/4b29d690fbcaea1ab4410acbcc0ba316.png"},"point":3},{"user":{"uid":483,"userid":394,"name":"Xikxzy","avatar":"https://cdn.discordapp.com/avatars/960949402191683595/1270700e622dfb0e702498378ecf1317.png"},"point":0},{"user":{"uid":574,"userid":462,"name":"ꞨɃΓ-ꞦΞᛗꞨ","avatar":"https://cdn.discordapp.com/avatars/986563915544682527/a475b428e0bc1c5ee47efbdbefbfe03a.png"},"point":0},{"user":{"uid":622,"userid":500,"name":"Yinmei","avatar":"https://cdn.discordapp.com/avatars/1152484045549211749/3487bb42c54b1cae8115bbba55ab7617.png"},"point":0}]}