{"fmd":[{"user":{"uid":192,"userid":163,"name":"(DR) Diican","avatar":""},"point":5006},{"user":{"uid":6,"userid":3,"name":"[LOA] (Co Owner) Angry Raptor","avatar":"https://cdn.discordapp.com/avatars/474484979548815360/6347a182410a674dfb6f831275c1b803.png"},"point":1279},{"user":{"uid":1,"userid":0,"name":"(Owner) Essex","avatar":"https://cdn.discordapp.com/avatars/986728515892285461/a_c4301bd78f1d1d60c25f66672af89a9a.gif"},"point":1115},{"user":{"uid":183,"userid":155,"name":"(DR) Stuart Green","avatar":"https://cdn.discordapp.com/avatars/561116804685234196/ebd7eac27d7b1caa7af6683903e1ca07.png"},"point":569}],"fma":[{"user":{"uid":192,"userid":163,"name":"(DR) Diican","avatar":""},"point":5006},{"user":{"uid":6,"userid":3,"name":"[LOA] (Co Owner) Angry Raptor","avatar":"https://cdn.discordapp.com/avatars/474484979548815360/6347a182410a674dfb6f831275c1b803.png"},"point":1279},{"user":{"uid":1,"userid":0,"name":"(Owner) Essex","avatar":"https://cdn.discordapp.com/avatars/986728515892285461/a_c4301bd78f1d1d60c25f66672af89a9a.gif"},"point":1115},{"user":{"uid":183,"userid":155,"name":"(DR) Stuart Green","avatar":"https://cdn.discordapp.com/avatars/561116804685234196/ebd7eac27d7b1caa7af6683903e1ca07.png"},"point":569}]}