{"fmd":[{"user":{"uid":299,"userid":221,"name":"Lz [UK]","avatar":"https://cdn.discordapp.com/avatars/523427833159221249/e393473e2f079f4bdf69b75d20b051b4.png"},"point":5534},{"user":{"uid":1,"userid":1,"name":"!itsPeanutttt","avatar":"https://cdn.discordapp.com/avatars/208757218013609985/a_b8fae2196be237eb9612f9daed82c1e3.gif"},"point":4062},{"user":{"uid":5,"userid":4,"name":"Dutchkiwi","avatar":"https://cdn.discordapp.com/avatars/757764740629135380/7db38fb02ba63b040c93e1df3a1fc462.png"},"point":2971},{"user":{"uid":260,"userid":198,"name":"TJ2006","avatar":"https://cdn.discordapp.com/avatars/405456778772480001/929852eed2b7943bbbde706a2a381e14.png"},"point":2899},{"user":{"uid":295,"userid":219,"name":"𝓜𝓲𝓵𝓴𝔂","avatar":"https://cdn.discordapp.com/avatars/755125398865444947/0b78828f5b9533a29acddaa37ce1841b.png"},"point":2314},{"user":{"uid":174,"userid":134,"name":"Scottish Crowbar","avatar":"https://cdn.discordapp.com/avatars/797519024707600384/65cfe00c851aa9d7219c1b45d1862ffe.png"},"point":1746},{"user":{"uid":289,"userid":214,"name":"realjetro007","avatar":"https://cdn.discordapp.com/avatars/390698464775766016/aa9c91b254c0493d00065ac5e9d31d05.png"},"point":1438},{"user":{"uid":253,"userid":193,"name":"Lucien_Schildpad","avatar":"https://static.truckersmp.com/avatarsN/defaultavatar.png"},"point":1367},{"user":{"uid":112,"userid":86,"name":"PistonFace08","avatar":"https://cdn.discordapp.com/avatars/562334030612135968/a2f83155381251c95dc78b28c3ae46c6.png"},"point":1002},{"user":{"uid":54,"userid":44,"name":"BDaken","avatar":"https://cdn.discordapp.com/avatars/216786480088088577/2b6f81c3727a628c4806c5a0ece25fcd.png"},"point":916},{"user":{"uid":234,"userid":178,"name":"Saga Virtanen","avatar":"https://static.truckersmp.com/avatarsN/343160.1685564872.png"},"point":709},{"user":{"uid":32,"userid":21,"name":"NateNZ","avatar":"https://cdn.discordapp.com/avatars/263779798327885834/54adfd241b87dc24073b7cc175209ad7.png"},"point":631},{"user":{"uid":29,"userid":18,"name":"Wesjet","avatar":"https://cdn.discordapp.com/avatars/680834715388870687/a_b96031e2cba9196dacc295bf0c52b280.gif"},"point":521},{"user":{"uid":144,"userid":110,"name":"Fizzi_","avatar":"https://cdn.discordapp.com/avatars/414719910422380554/622dfe5da93fb665169d69c65f113bd8.png"},"point":511},{"user":{"uid":15,"userid":10,"name":"MarlonSkills","avatar":"https://cdn.discordapp.com/avatars/315956778884005890/9a3d00de17d4e51023e4dc7542353ce7.png"},"point":508},{"user":{"uid":266,"userid":202,"name":"asupra","avatar":"https://cdn.discordapp.com/avatars/678640648089370645/0364d6b3ff1b03ad126f0df700b015cc.png"},"point":492},{"user":{"uid":230,"userid":174,"name":"pauches","avatar":""},"point":303},{"user":{"uid":259,"userid":197,"name":"I3uckfast","avatar":"https://cdn.discordapp.com/avatars/1004430807357722625/3d5554ddf82b40ee06741800e85afa7a.png"},"point":302},{"user":{"uid":273,"userid":206,"name":"TootsGaming","avatar":"https://cdn.discordapp.com/avatars/822199520846282793/b0470670f15d8600df10133eee7a2156.png"},"point":264},{"user":{"uid":213,"userid":163,"name":"Little Meow","avatar":"https://cdn.discordapp.com/avatars/1019561099177234442/ddd644a232498d08379163bd4797740e.png"},"point":1},{"user":{"uid":194,"userid":150,"name":"_W0LFIE_","avatar":"https://cdn.discordapp.com/avatars/1153533912254009377/a5cd0bb93f2d7e40729a9cec032b1e6f.png"},"point":0}],"fma":[{"user":{"uid":299,"userid":221,"name":"Lz [UK]","avatar":"https://cdn.discordapp.com/avatars/523427833159221249/e393473e2f079f4bdf69b75d20b051b4.png"},"point":7273},{"user":{"uid":1,"userid":1,"name":"!itsPeanutttt","avatar":"https://cdn.discordapp.com/avatars/208757218013609985/a_b8fae2196be237eb9612f9daed82c1e3.gif"},"point":5471},{"user":{"uid":260,"userid":198,"name":"TJ2006","avatar":"https://cdn.discordapp.com/avatars/405456778772480001/929852eed2b7943bbbde706a2a381e14.png"},"point":4140},{"user":{"uid":5,"userid":4,"name":"Dutchkiwi","avatar":"https://cdn.discordapp.com/avatars/757764740629135380/7db38fb02ba63b040c93e1df3a1fc462.png"},"point":3387},{"user":{"uid":295,"userid":219,"name":"𝓜𝓲𝓵𝓴𝔂","avatar":"https://cdn.discordapp.com/avatars/755125398865444947/0b78828f5b9533a29acddaa37ce1841b.png"},"point":2314},{"user":{"uid":174,"userid":134,"name":"Scottish Crowbar","avatar":"https://cdn.discordapp.com/avatars/797519024707600384/65cfe00c851aa9d7219c1b45d1862ffe.png"},"point":2226},{"user":{"uid":134,"userid":104,"name":"Freshmuscl3","avatar":"https://static.truckersmp.com/avatarsN/5222182.1706276666.png"},"point":2000},{"user":{"uid":289,"userid":214,"name":"realjetro007","avatar":"https://cdn.discordapp.com/avatars/390698464775766016/aa9c91b254c0493d00065ac5e9d31d05.png"},"point":1869},{"user":{"uid":32,"userid":21,"name":"NateNZ","avatar":"https://cdn.discordapp.com/avatars/263779798327885834/54adfd241b87dc24073b7cc175209ad7.png"},"point":1536},{"user":{"uid":253,"userid":193,"name":"Lucien_Schildpad","avatar":"https://static.truckersmp.com/avatarsN/defaultavatar.png"},"point":1367},{"user":{"uid":112,"userid":86,"name":"PistonFace08","avatar":"https://cdn.discordapp.com/avatars/562334030612135968/a2f83155381251c95dc78b28c3ae46c6.png"},"point":1184},{"user":{"uid":273,"userid":206,"name":"TootsGaming","avatar":"https://cdn.discordapp.com/avatars/822199520846282793/b0470670f15d8600df10133eee7a2156.png"},"point":1178},{"user":{"uid":234,"userid":178,"name":"Saga Virtanen","avatar":"https://static.truckersmp.com/avatarsN/343160.1685564872.png"},"point":1056},{"user":{"uid":100,"userid":75,"name":"I am KingHeet","avatar":"https://static.truckersmp.com/avatarsN/3141865.1659238151.jpeg"},"point":1050},{"user":{"uid":54,"userid":44,"name":"BDaken","avatar":"https://cdn.discordapp.com/avatars/216786480088088577/2b6f81c3727a628c4806c5a0ece25fcd.png"},"point":1026},{"user":{"uid":144,"userid":110,"name":"Fizzi_","avatar":"https://cdn.discordapp.com/avatars/414719910422380554/622dfe5da93fb665169d69c65f113bd8.png"},"point":985},{"user":{"uid":8,"userid":6,"name":"ll iScuf ll","avatar":"https://cdn.discordapp.com/avatars/321795006178525186/a_b79d3e9a2be03b5fc4d9c795da893874.gif"},"point":825},{"user":{"uid":266,"userid":202,"name":"asupra","avatar":"https://cdn.discordapp.com/avatars/678640648089370645/0364d6b3ff1b03ad126f0df700b015cc.png"},"point":701},{"user":{"uid":259,"userid":197,"name":"I3uckfast","avatar":"https://cdn.discordapp.com/avatars/1004430807357722625/3d5554ddf82b40ee06741800e85afa7a.png"},"point":585},{"user":{"uid":29,"userid":18,"name":"Wesjet","avatar":"https://cdn.discordapp.com/avatars/680834715388870687/a_b96031e2cba9196dacc295bf0c52b280.gif"},"point":521},{"user":{"uid":15,"userid":10,"name":"MarlonSkills","avatar":"https://cdn.discordapp.com/avatars/315956778884005890/9a3d00de17d4e51023e4dc7542353ce7.png"},"point":508},{"user":{"uid":230,"userid":174,"name":"pauches","avatar":""},"point":303},{"user":{"uid":213,"userid":163,"name":"Little Meow","avatar":"https://cdn.discordapp.com/avatars/1019561099177234442/ddd644a232498d08379163bd4797740e.png"},"point":1},{"user":{"uid":194,"userid":150,"name":"_W0LFIE_","avatar":"https://cdn.discordapp.com/avatars/1153533912254009377/a5cd0bb93f2d7e40729a9cec032b1e6f.png"},"point":0}]}