{"fmd":[{"user":{"uid":104,"userid":92,"name":"Mario","avatar":""},"point":7790},{"user":{"uid":136,"userid":121,"name":"Fuzzi_One","avatar":"https://avatars.steamstatic.com/80dc5c843904a69c82033fa7600d24e61dc9b370_full.jpg"},"point":6925},{"user":{"uid":147,"userid":132,"name":"Der  Opa","avatar":"https://cdn.discordapp.com/avatars/390841934358249482/5182d95c0600108142ddbca2b09a1bb4.png"},"point":4798},{"user":{"uid":202,"userid":176,"name":"Husky-Wolf","avatar":"https://avatars.steamstatic.com/b331eecb5a6494dedce1f093aa6e3ab82b9b0794_full.jpg"},"point":4181},{"user":{"uid":63,"userid":56,"name":"berryMdream","avatar":"https://avatars.steamstatic.com/af2116e7c2fb64d742bad69adee6beca4934692e_full.jpg"},"point":3112},{"user":{"uid":180,"userid":159,"name":"HEFTI / Heiko","avatar":"https://avatars.steamstatic.com/377878dfc35ee55e1eac69a197f1347d78f35066_full.jpg"},"point":2625},{"user":{"uid":1,"userid":1,"name":"[RSL] Reamonn","avatar":"https://cdn.discordapp.com/avatars/208630023626817536/d6b5a101ffa2655e917e9e2ca950025a.png"},"point":2187},{"user":{"uid":157,"userid":149,"name":"[RSL] SlapVEVO","avatar":"https://cdn.discordapp.com/avatars/263769453165019148/9bbe47d6a17fa7b410126bcb9a98e7e5.png"},"point":2163},{"user":{"uid":153,"userid":138,"name":"anvo97","avatar":"https://avatars.steamstatic.com/cb20d4b269536a4a6a6b5ee95d21a8bdc6587639_full.jpg"},"point":2125},{"user":{"uid":31,"userid":22,"name":"[RSL] Fun_irrenanstalt","avatar":""},"point":1966},{"user":{"uid":198,"userid":175,"name":"SiKe_342","avatar":"https://avatars.steamstatic.com/1fd7929be85d31c2215352cf1dd62fe4f50f6539_full.jpg"},"point":1417},{"user":{"uid":71,"userid":63,"name":"Ghost_Trix","avatar":"https://avatars.steamstatic.com/65784cb24ab0fea7698c7d0fd5055e1079d83d63_full.jpg"},"point":1241},{"user":{"uid":6,"userid":6,"name":"Rom77","avatar":"https://avatars.steamstatic.com/c949ed9e884ddd730097bfe8848bdc3fb152f582_full.jpg"},"point":1184},{"user":{"uid":22,"userid":15,"name":"[RSL] Kevin","avatar":""},"point":1008},{"user":{"uid":196,"userid":174,"name":"Th3_RS","avatar":"https://avatars.steamstatic.com/db3bd0a387e73f7853a3a00ec81cafc962c949cc_full.jpg"},"point":815},{"user":{"uid":135,"userid":120,"name":"mschmidi270373","avatar":"https://avatars.steamstatic.com/d670cb75b7d0055ee9c551ea24f9135512728a93_full.jpg"},"point":651},{"user":{"uid":25,"userid":19,"name":"Razoraptor","avatar":"https://avatars.steamstatic.com/411f0a1d08563b0dcd648c344b113688287bfb1f_full.jpg"},"point":554},{"user":{"uid":98,"userid":88,"name":"2710150","avatar":"https://avatars.steamstatic.com/8b06c487bb6e3cf74c5ac6803b77ba8a7d9de45d_full.jpg"},"point":508},{"user":{"uid":77,"userid":69,"name":"petschu","avatar":"https://avatars.steamstatic.com/0b25d0c7ae09b25b5b8181b3759231284797f3df_full.jpg"},"point":475},{"user":{"uid":75,"userid":67,"name":"GunGamerTV","avatar":"https://avatars.steamstatic.com/64ae1da41a9c51a5ab44c29f0b054b14123aabe4_full.jpg"},"point":150},{"user":{"uid":119,"userid":104,"name":"hansenluca06","avatar":"https://avatars.steamstatic.com/cc744d1a1b593d1fcbda3c00a975f994662815ff_full.jpg"},"point":0},{"user":{"uid":154,"userid":139,"name":"diedubblebres","avatar":"https://avatars.steamstatic.com/708b6fa271f19f23714dc247683d820bad1aa579_full.jpg"},"point":0}],"fma":[{"user":{"uid":104,"userid":92,"name":"Mario","avatar":""},"point":7790},{"user":{"uid":136,"userid":121,"name":"Fuzzi_One","avatar":"https://avatars.steamstatic.com/80dc5c843904a69c82033fa7600d24e61dc9b370_full.jpg"},"point":6925},{"user":{"uid":147,"userid":132,"name":"Der  Opa","avatar":"https://cdn.discordapp.com/avatars/390841934358249482/5182d95c0600108142ddbca2b09a1bb4.png"},"point":4798},{"user":{"uid":202,"userid":176,"name":"Husky-Wolf","avatar":"https://avatars.steamstatic.com/b331eecb5a6494dedce1f093aa6e3ab82b9b0794_full.jpg"},"point":4181},{"user":{"uid":63,"userid":56,"name":"berryMdream","avatar":"https://avatars.steamstatic.com/af2116e7c2fb64d742bad69adee6beca4934692e_full.jpg"},"point":3112},{"user":{"uid":180,"userid":159,"name":"HEFTI / Heiko","avatar":"https://avatars.steamstatic.com/377878dfc35ee55e1eac69a197f1347d78f35066_full.jpg"},"point":2625},{"user":{"uid":1,"userid":1,"name":"[RSL] Reamonn","avatar":"https://cdn.discordapp.com/avatars/208630023626817536/d6b5a101ffa2655e917e9e2ca950025a.png"},"point":2187},{"user":{"uid":157,"userid":149,"name":"[RSL] SlapVEVO","avatar":"https://cdn.discordapp.com/avatars/263769453165019148/9bbe47d6a17fa7b410126bcb9a98e7e5.png"},"point":2163},{"user":{"uid":153,"userid":138,"name":"anvo97","avatar":"https://avatars.steamstatic.com/cb20d4b269536a4a6a6b5ee95d21a8bdc6587639_full.jpg"},"point":2125},{"user":{"uid":31,"userid":22,"name":"[RSL] Fun_irrenanstalt","avatar":""},"point":1966},{"user":{"uid":198,"userid":175,"name":"SiKe_342","avatar":"https://avatars.steamstatic.com/1fd7929be85d31c2215352cf1dd62fe4f50f6539_full.jpg"},"point":1417},{"user":{"uid":71,"userid":63,"name":"Ghost_Trix","avatar":"https://avatars.steamstatic.com/65784cb24ab0fea7698c7d0fd5055e1079d83d63_full.jpg"},"point":1241},{"user":{"uid":6,"userid":6,"name":"Rom77","avatar":"https://avatars.steamstatic.com/c949ed9e884ddd730097bfe8848bdc3fb152f582_full.jpg"},"point":1184},{"user":{"uid":22,"userid":15,"name":"[RSL] Kevin","avatar":""},"point":1008},{"user":{"uid":196,"userid":174,"name":"Th3_RS","avatar":"https://avatars.steamstatic.com/db3bd0a387e73f7853a3a00ec81cafc962c949cc_full.jpg"},"point":815},{"user":{"uid":135,"userid":120,"name":"mschmidi270373","avatar":"https://avatars.steamstatic.com/d670cb75b7d0055ee9c551ea24f9135512728a93_full.jpg"},"point":651},{"user":{"uid":25,"userid":19,"name":"Razoraptor","avatar":"https://avatars.steamstatic.com/411f0a1d08563b0dcd648c344b113688287bfb1f_full.jpg"},"point":554},{"user":{"uid":98,"userid":88,"name":"2710150","avatar":"https://avatars.steamstatic.com/8b06c487bb6e3cf74c5ac6803b77ba8a7d9de45d_full.jpg"},"point":508},{"user":{"uid":77,"userid":69,"name":"petschu","avatar":"https://avatars.steamstatic.com/0b25d0c7ae09b25b5b8181b3759231284797f3df_full.jpg"},"point":475},{"user":{"uid":99,"userid":110,"name":"[RSL]Albanr.9","avatar":"https://avatars.steamstatic.com/b3773af8338e7a36b55ec298e6dee7f4e0cd9aa0_full.jpg"},"point":200},{"user":{"uid":145,"userid":130,"name":"Mr.Korall","avatar":"https://avatars.steamstatic.com/71c5c5744ad9cda9e24a3cbb14bba2e238bf66af_full.jpg"},"point":200},{"user":{"uid":75,"userid":67,"name":"GunGamerTV","avatar":"https://avatars.steamstatic.com/64ae1da41a9c51a5ab44c29f0b054b14123aabe4_full.jpg"},"point":150},{"user":{"uid":119,"userid":104,"name":"hansenluca06","avatar":"https://avatars.steamstatic.com/cc744d1a1b593d1fcbda3c00a975f994662815ff_full.jpg"},"point":0},{"user":{"uid":154,"userid":139,"name":"diedubblebres","avatar":"https://avatars.steamstatic.com/708b6fa271f19f23714dc247683d820bad1aa579_full.jpg"},"point":0}]}