{"fmd":[{"user":{"uid":12,"userid":15,"name":"hαllєlujαh","avatar":"https://cdn.discordapp.com/avatars/489787824397352970/42ff6b81d02f4d7b1083fdebdb00a305.png"},"point":2959},{"user":{"uid":15,"userid":12,"name":"Lorenzo br","avatar":"https://cdn.discordapp.com/avatars/635968015371862082/8ca41d930d87fb4266f4c1666828d3f3.png"},"point":2898},{"user":{"uid":24,"userid":23,"name":"Gnurken","avatar":"https://static.truckersmp.com/avatarsN/1166949.1704562524.png"},"point":2807},{"user":{"uid":10,"userid":10,"name":"bone heart","avatar":"https://cdn.discordapp.com/avatars/792768685861371905/7d4ab7382176b5d07f614f4361b87b46.png"},"point":2768},{"user":{"uid":19,"userid":17,"name":"Marcos","avatar":"https://avatars.steamstatic.com/752eb38c3b0bc6f74708ec2c3d44d00bda41edde_full.jpg"},"point":2710},{"user":{"uid":18,"userid":16,"name":"𝘿𝙞𝙨𝙘𝙤 𝙎𝙩𝙪","avatar":"https://cdn.discordapp.com/avatars/767765813797060611/ac21f048f12e41496ab04e023cb027d8.png"},"point":2582},{"user":{"uid":23,"userid":22,"name":"Martijn","avatar":"https://cdn.discordapp.com/avatars/153514855280803840/a_55db952b0b6b1ab551cc2fe7fe823cec.gif"},"point":2357},{"user":{"uid":47,"userid":44,"name":"FilleeSWE","avatar":"https://cdn.discordapp.com/avatars/457245258325950494/cbbc432d0792314c51aa7e41d5c5f1eb.png"},"point":1906},{"user":{"uid":34,"userid":26,"name":"WiLczuR77","avatar":"https://cdn.discordapp.com/avatars/786282772255211560/215b343cd011110bf98e4157bab6f2cb.png"},"point":1845},{"user":{"uid":38,"userid":34,"name":"BGwarrior_49","avatar":"https://cdn.discordapp.com/avatars/588444287843172363/2ed83c8492581aa1c2555ecaa5180e82.png"},"point":1837},{"user":{"uid":28,"userid":27,"name":"reissverschlussverfahren","avatar":"https://avatars.steamstatic.com/7b74c751b8e0bb519b02aa069a2d74d24c2356ae_full.jpg"},"point":1787},{"user":{"uid":1,"userid":1,"name":"RageDev","avatar":"https://cdn.discordapp.com/avatars/461836521335685120/dda93fcefdcfe9188fdda0adc2a5b012.png"},"point":1777},{"user":{"uid":8,"userid":6,"name":"𝐒kyHεadεя","avatar":"https://cdn.discordapp.com/avatars/368478030504525825/0e043adf10e519ea7205a27fc0f2bf23.png"},"point":1109},{"user":{"uid":14,"userid":11,"name":"L O R E N Z","avatar":"https://static.truckersmp.com/avatarsN/4486749.1691828789.png"},"point":848},{"user":{"uid":13,"userid":9,"name":"n i x a","avatar":"https://cdn.discordapp.com/avatars/939242048131842149/d73eae702546d32ffede01366fc67c13.png"},"point":381},{"user":{"uid":43,"userid":39,"name":"ItsRedex","avatar":"https://avatars.steamstatic.com/88264dee979a39c8e698b5e8c4e6ef33758a26b1_full.jpg"},"point":2},{"user":{"uid":39,"userid":36,"name":"' Jonas.","avatar":"https://static.truckersmp.com/avatarsN/defaultavatar.png"},"point":0},{"user":{"uid":41,"userid":45,"name":"Lukas","avatar":"https://cdn.discordapp.com/avatars/936740740518776873/9cc8fe6180dfdd124a773b4483c298b5.png"},"point":0}],"fma":[{"user":{"uid":34,"userid":26,"name":"WiLczuR77","avatar":"https://cdn.discordapp.com/avatars/786282772255211560/215b343cd011110bf98e4157bab6f2cb.png"},"point":251845},{"user":{"uid":47,"userid":44,"name":"FilleeSWE","avatar":"https://cdn.discordapp.com/avatars/457245258325950494/cbbc432d0792314c51aa7e41d5c5f1eb.png"},"point":105906},{"user":{"uid":30,"userid":24,"name":"Keff[ηl]","avatar":"https://static.truckersmp.com/avatarsN/defaultavatar.png"},"point":100000},{"user":{"uid":42,"userid":38,"name":"Swift","avatar":"https://cdn.discordapp.com/avatars/633793745040441374/48903a67b93f395922e572446f995268.png"},"point":100000},{"user":{"uid":38,"userid":34,"name":"BGwarrior_49","avatar":"https://cdn.discordapp.com/avatars/588444287843172363/2ed83c8492581aa1c2555ecaa5180e82.png"},"point":51937},{"user":{"uid":41,"userid":45,"name":"Lukas","avatar":"https://cdn.discordapp.com/avatars/936740740518776873/9cc8fe6180dfdd124a773b4483c298b5.png"},"point":50000},{"user":{"uid":31,"userid":25,"name":"itzadel","avatar":"https://avatars.steamstatic.com/aca3c56c6009b259e00d373e14bf616065f6de3c_full.jpg"},"point":20000},{"user":{"uid":37,"userid":33,"name":"TTDTheo","avatar":"https://cdn.discordapp.com/avatars/1145683091176833114/b5db924ff0fe5de313fb1f3d6c2526cd.png"},"point":20000},{"user":{"uid":39,"userid":36,"name":"' Jonas.","avatar":"https://static.truckersmp.com/avatarsN/defaultavatar.png"},"point":20000},{"user":{"uid":44,"userid":40,"name":"Mιℓкѕнαкє","avatar":"https://cdn.discordapp.com/avatars/688104706781872311/60e828510640b08b57f5a68138ae4f64.png"},"point":20000},{"user":{"uid":9,"userid":28,"name":"[FR] [Solve] Léo_55ZZ","avatar":"https://avatars.steamstatic.com/356b6fa9ec7a6d6bce2fdbf5a87360de441f5f8b_full.jpg"},"point":10000},{"user":{"uid":22,"userid":31,"name":"ƖαмƬʋявσ","avatar":"https://cdn.discordapp.com/avatars/1004182382741569607/a_5eaba1403a5906728bb20080706700c9.gif"},"point":10000},{"user":{"uid":36,"userid":41,"name":"´𝕭𝖚𝖙𝖙𝖊𝖗𝖇𝖎𝖗𝖓𝖊 ™","avatar":"https://cdn.discordapp.com/avatars/739880406580461721/8e3728279de0d66bcc5165935e796c59.png"},"point":10000},{"user":{"uid":12,"userid":15,"name":"hαllєlujαh","avatar":"https://cdn.discordapp.com/avatars/489787824397352970/42ff6b81d02f4d7b1083fdebdb00a305.png"},"point":2959},{"user":{"uid":15,"userid":12,"name":"Lorenzo br","avatar":"https://cdn.discordapp.com/avatars/635968015371862082/8ca41d930d87fb4266f4c1666828d3f3.png"},"point":2898},{"user":{"uid":24,"userid":23,"name":"Gnurken","avatar":"https://static.truckersmp.com/avatarsN/1166949.1704562524.png"},"point":2807},{"user":{"uid":10,"userid":10,"name":"bone heart","avatar":"https://cdn.discordapp.com/avatars/792768685861371905/7d4ab7382176b5d07f614f4361b87b46.png"},"point":2768},{"user":{"uid":19,"userid":17,"name":"Marcos","avatar":"https://avatars.steamstatic.com/752eb38c3b0bc6f74708ec2c3d44d00bda41edde_full.jpg"},"point":2710},{"user":{"uid":18,"userid":16,"name":"𝘿𝙞𝙨𝙘𝙤 𝙎𝙩𝙪","avatar":"https://cdn.discordapp.com/avatars/767765813797060611/ac21f048f12e41496ab04e023cb027d8.png"},"point":2582},{"user":{"uid":23,"userid":22,"name":"Martijn","avatar":"https://cdn.discordapp.com/avatars/153514855280803840/a_55db952b0b6b1ab551cc2fe7fe823cec.gif"},"point":2357},{"user":{"uid":1,"userid":1,"name":"RageDev","avatar":"https://cdn.discordapp.com/avatars/461836521335685120/dda93fcefdcfe9188fdda0adc2a5b012.png"},"point":1877},{"user":{"uid":28,"userid":27,"name":"reissverschlussverfahren","avatar":"https://avatars.steamstatic.com/7b74c751b8e0bb519b02aa069a2d74d24c2356ae_full.jpg"},"point":1787},{"user":{"uid":8,"userid":6,"name":"𝐒kyHεadεя","avatar":"https://cdn.discordapp.com/avatars/368478030504525825/0e043adf10e519ea7205a27fc0f2bf23.png"},"point":1109},{"user":{"uid":14,"userid":11,"name":"L O R E N Z","avatar":"https://static.truckersmp.com/avatarsN/4486749.1691828789.png"},"point":848},{"user":{"uid":13,"userid":9,"name":"n i x a","avatar":"https://cdn.discordapp.com/avatars/939242048131842149/d73eae702546d32ffede01366fc67c13.png"},"point":381},{"user":{"uid":40,"userid":37,"name":"DriversHubTest","avatar":"https://cdn.discordapp.com/avatars/1230853613711265823/None.png"},"point":100},{"user":{"uid":43,"userid":39,"name":"ItsRedex","avatar":"https://avatars.steamstatic.com/88264dee979a39c8e698b5e8c4e6ef33758a26b1_full.jpg"},"point":2}]}