{"fmd":[{"user":{"uid":46,"userid":37,"name":"{Wild Hogz} MysticalKief","avatar":"https://cdn.discordapp.com/avatars/498659512081973248/15c947ebb3b550bee883b0c47337c7ac.png"},"point":6234},{"user":{"uid":6,"userid":4,"name":"{Wild Hogz} xBoss Hogx","avatar":"https://cdn.discordapp.com/avatars/395641245973741570/1d2f3aa509dfa1d50abcd99dc298bcf2.png"},"point":4292},{"user":{"uid":5,"userid":3,"name":"{Wild Hogz} Dennisthe8th","avatar":"https://cdn.discordapp.com/avatars/575015095894016014/69fc086441725970662f0b9ba9bf5e32.png"},"point":3907},{"user":{"uid":64,"userid":53,"name":"{Wild Hogz} Lango2K","avatar":"https://cdn.discordapp.com/avatars/155344631628824586/23ae01fa02a7351bf040e2ffcceedb95.png"},"point":2498},{"user":{"uid":56,"userid":45,"name":"{Wild Hogz} jbica","avatar":"https://cdn.discordapp.com/avatars/394272398930739212/488d03490a2359e57a3622544f8bbba2.png"},"point":2181},{"user":{"uid":62,"userid":51,"name":"{Wild Hogz} Quietly","avatar":"https://cdn.discordapp.com/avatars/868245424748789780/8a1ab23c30376d3abf61f312883016ee.png"},"point":2033},{"user":{"uid":1,"userid":1,"name":"{Wild Hogz} Chappy1225","avatar":"https://cdn.discordapp.com/avatars/480244047311667201/b51db2fc9e7e314933519021bee4ae3e.png"},"point":1762},{"user":{"uid":65,"userid":54,"name":"{Wild Hogz} Hooligan","avatar":"https://cdn.discordapp.com/avatars/249655265383677954/d1c651b6cbbe76b4b3eb67b0a4219551.png"},"point":1712},{"user":{"uid":8,"userid":6,"name":"{Wild Hogz} Murdernova256","avatar":"https://cdn.discordapp.com/avatars/549931745584349185/9647aabac5de7bc6ca63f26696871246.png"},"point":843},{"user":{"uid":69,"userid":58,"name":"{Wild Hogz} Cougar","avatar":""},"point":698},{"user":{"uid":67,"userid":56,"name":"{Wild Hogz} IzzyBearLove","avatar":"https://cdn.discordapp.com/avatars/1205856832032346185/97660d566efeadf9f972c2e2b0a4ce73.png"},"point":0}],"fma":[{"user":{"uid":46,"userid":37,"name":"{Wild Hogz} MysticalKief","avatar":"https://cdn.discordapp.com/avatars/498659512081973248/15c947ebb3b550bee883b0c47337c7ac.png"},"point":7534},{"user":{"uid":6,"userid":4,"name":"{Wild Hogz} xBoss Hogx","avatar":"https://cdn.discordapp.com/avatars/395641245973741570/1d2f3aa509dfa1d50abcd99dc298bcf2.png"},"point":5042},{"user":{"uid":5,"userid":3,"name":"{Wild Hogz} Dennisthe8th","avatar":"https://cdn.discordapp.com/avatars/575015095894016014/69fc086441725970662f0b9ba9bf5e32.png"},"point":4428},{"user":{"uid":56,"userid":45,"name":"{Wild Hogz} jbica","avatar":"https://cdn.discordapp.com/avatars/394272398930739212/488d03490a2359e57a3622544f8bbba2.png"},"point":2681},{"user":{"uid":62,"userid":51,"name":"{Wild Hogz} Quietly","avatar":"https://cdn.discordapp.com/avatars/868245424748789780/8a1ab23c30376d3abf61f312883016ee.png"},"point":2533},{"user":{"uid":64,"userid":53,"name":"{Wild Hogz} Lango2K","avatar":"https://cdn.discordapp.com/avatars/155344631628824586/23ae01fa02a7351bf040e2ffcceedb95.png"},"point":2498},{"user":{"uid":1,"userid":1,"name":"{Wild Hogz} Chappy1225","avatar":"https://cdn.discordapp.com/avatars/480244047311667201/b51db2fc9e7e314933519021bee4ae3e.png"},"point":2362},{"user":{"uid":65,"userid":54,"name":"{Wild Hogz} Hooligan","avatar":"https://cdn.discordapp.com/avatars/249655265383677954/d1c651b6cbbe76b4b3eb67b0a4219551.png"},"point":1712},{"user":{"uid":7,"userid":5,"name":"{Wild Hogz} Jacket","avatar":"https://cdn.discordapp.com/avatars/111638504500408320/880678f246665808c2165f5f693b72cd.png"},"point":1222},{"user":{"uid":8,"userid":6,"name":"{Wild Hogz} Murdernova256","avatar":"https://cdn.discordapp.com/avatars/549931745584349185/9647aabac5de7bc6ca63f26696871246.png"},"point":843},{"user":{"uid":69,"userid":58,"name":"{Wild Hogz} Cougar","avatar":""},"point":698},{"user":{"uid":67,"userid":56,"name":"{Wild Hogz} IzzyBearLove","avatar":"https://cdn.discordapp.com/avatars/1205856832032346185/97660d566efeadf9f972c2e2b0a4ce73.png"},"point":0}]}