{"fmd":[{"user":{"uid":1382,"userid":847,"name":"Aeroplane","avatar":"https://cdn.discordapp.com/avatars/919580354736705617/cd8c60e397730ab82e685faaf72d3c77.png"},"point":9112},{"user":{"uid":1061,"userid":656,"name":"Thy Night Owl","avatar":"https://cdn.discordapp.com/avatars/678366200312496154/7e3c44efb2393e0a9a4b593cb42f936d.png"},"point":6444},{"user":{"uid":1457,"userid":898,"name":"Evil Fuzion","avatar":"https://cdn.discordapp.com/avatars/190097876972470273/2540bb21830ff6d4b38cb2d91e42f064.png"},"point":3836},{"user":{"uid":1378,"userid":843,"name":"dandelion","avatar":"https://cdn.discordapp.com/avatars/924070723952209941/6d40e5aa69459181ef2bc03107156cc0.png"},"point":3518},{"user":{"uid":1105,"userid":675,"name":"Jack3D60","avatar":"https://cdn.discordapp.com/avatars/805496381754048572/bcf10ae824b274e1c532971dcb857977.png"},"point":3133},{"user":{"uid":1160,"userid":699,"name":"jodycc","avatar":"https://cdn.discordapp.com/avatars/623249122761375760/adc25e15fe96d56656319e2a159d9458.png"},"point":2861},{"user":{"uid":1007,"userid":622,"name":"Clover","avatar":"https://cdn.discordapp.com/avatars/524737419292049415/98da32a1bb151e51f366faeefc90a9dd.png"},"point":2725},{"user":{"uid":1456,"userid":899,"name":"Fean","avatar":"https://cdn.discordapp.com/avatars/508717226690478081/e7645881dc32e71c57dc44ac1c2c3d6d.png"},"point":2629},{"user":{"uid":1310,"userid":803,"name":"[IMP] Rimuru Tempest","avatar":"https://cdn.discordapp.com/avatars/263721765879021569/64abe2f8ab98f8c779a0ad329591b73a.png"},"point":2300},{"user":{"uid":1414,"userid":870,"name":"Azure Phantom","avatar":"https://avatars.steamstatic.com/8a78a24d3ae3031caf2695bc4dede2d6eb7af7cf_full.jpg"},"point":1962},{"user":{"uid":1448,"userid":894,"name":"jason","avatar":"https://cdn.discordapp.com/avatars/853206258512298024/0fef9b881357560e340b10568c517402.png"},"point":1959},{"user":{"uid":1112,"userid":681,"name":"DUSLOGEMEISTER","avatar":"https://cdn.discordapp.com/avatars/449720478148460555/38e8e5e249b96cde228bf55a460ae999.png"},"point":1672},{"user":{"uid":561,"userid":386,"name":"richhscm","avatar":""},"point":1519},{"user":{"uid":1227,"userid":751,"name":"Arctee","avatar":"https://avatars.steamstatic.com/1c420d178f66d4691b32a82a49ec20a7825e74d9_full.jpg"},"point":1467},{"user":{"uid":140,"userid":284,"name":"maku78","avatar":"https://cdn.discordapp.com/avatars/671428232628666388/a6a54bc09fd502351f42b3290808c9cd.png"},"point":1450},{"user":{"uid":106,"userid":239,"name":"\"Big Merc\" Mercodious","avatar":"https://cdn.discordapp.com/avatars/168552876375801857/a_a20387d95da36973b684aca7de2dd26d.gif"},"point":1275},{"user":{"uid":1253,"userid":769,"name":"Sunny","avatar":"https://cdn.discordapp.com/avatars/335148756653572098/00a5292662c6be574ce781717de8bfeb.png"},"point":1082},{"user":{"uid":1411,"userid":867,"name":"Coolengineer","avatar":"https://cdn.discordapp.com/avatars/247159248272752640/59e18cf589e2aaee61edb8d0a62b6b48.png"},"point":1078},{"user":{"uid":1226,"userid":749,"name":"That_Slayer87","avatar":"https://cdn.discordapp.com/avatars/850248504878432287/9484069a71c25b62ac273f0daae0f0c2.png"},"point":1067},{"user":{"uid":866,"userid":550,"name":"RoudeLéiw","avatar":"https://cdn.discordapp.com/avatars/497412687257534464/53a76d2cc11ce4a0171c5d1f84df139a.png"},"point":902},{"user":{"uid":41,"userid":820,"name":"Jack","avatar":"https://cdn.discordapp.com/avatars/555074609544822795/d3665ab7e4604312949fcceb877b56b0.png"},"point":852},{"user":{"uid":1097,"userid":670,"name":"Ramin Tanuwong [TH]","avatar":"https://static.truckersmp.com/avatarsN/3757199.1645214262.jpg"},"point":851},{"user":{"uid":169,"userid":327,"name":"Carlos King","avatar":"https://cdn.discordapp.com/avatars/506487248217309184/bd6c4d705e13abd33b3b26c5bdcd897d.png"},"point":823},{"user":{"uid":892,"userid":567,"name":"KuroSerpent","avatar":"https://cdn.discordapp.com/avatars/249645812726890497/a_21c0489bbb0c99be7db8bbbfb1ed5e85.gif"},"point":800},{"user":{"uid":1455,"userid":897,"name":"pootis01","avatar":"https://cdn.discordapp.com/avatars/423002528184139790/a_522e0cdb269dcc2fe4d05d6a549b31df.gif"},"point":726},{"user":{"uid":851,"userid":765,"name":"A_Bold_One","avatar":"https://cdn.discordapp.com/avatars/724063574565322762/96cc2952ae7b5b1f5e6dfe520b727adc.png"},"point":546},{"user":{"uid":1444,"userid":893,"name":"Бѳцпcёя","avatar":"https://cdn.discordapp.com/avatars/439872956739354625/a582fc3e498c341cd8e8309f4aea73b6.png"},"point":412},{"user":{"uid":716,"userid":476,"name":"mwe2187","avatar":"https://cdn.discordapp.com/avatars/628250855899922448/93721c72d6dba299ffc43f2a9a13483b.png"},"point":397},{"user":{"uid":948,"userid":591,"name":"AidanTheSergal","avatar":"https://cdn.discordapp.com/avatars/608713452420333589/05b5738d3be88e0cc579b801d879288b.png"},"point":219},{"user":{"uid":717,"userid":477,"name":"Turnt","avatar":"https://cdn.discordapp.com/avatars/417130736848470039/a_af2f73ff3f0bf8c460edc1b1f02192f9.gif"},"point":0}],"fma":[{"user":{"uid":1457,"userid":898,"name":"Evil Fuzion","avatar":"https://cdn.discordapp.com/avatars/190097876972470273/2540bb21830ff6d4b38cb2d91e42f064.png"},"point":18959},{"user":{"uid":1382,"userid":847,"name":"Aeroplane","avatar":"https://cdn.discordapp.com/avatars/919580354736705617/cd8c60e397730ab82e685faaf72d3c77.png"},"point":18512},{"user":{"uid":1061,"userid":656,"name":"Thy Night Owl","avatar":"https://cdn.discordapp.com/avatars/678366200312496154/7e3c44efb2393e0a9a4b593cb42f936d.png"},"point":16693},{"user":{"uid":1455,"userid":897,"name":"pootis01","avatar":"https://cdn.discordapp.com/avatars/423002528184139790/a_522e0cdb269dcc2fe4d05d6a549b31df.gif"},"point":15909},{"user":{"uid":1105,"userid":675,"name":"Jack3D60","avatar":"https://cdn.discordapp.com/avatars/805496381754048572/bcf10ae824b274e1c532971dcb857977.png"},"point":6232},{"user":{"uid":1378,"userid":843,"name":"dandelion","avatar":"https://cdn.discordapp.com/avatars/924070723952209941/6d40e5aa69459181ef2bc03107156cc0.png"},"point":3958},{"user":{"uid":1316,"userid":807,"name":"Gota","avatar":"https://cdn.discordapp.com/avatars/167291299693723648/beb31f691ab4478e3268181a76f3a451.png"},"point":3446},{"user":{"uid":1227,"userid":751,"name":"Arctee","avatar":"https://avatars.steamstatic.com/1c420d178f66d4691b32a82a49ec20a7825e74d9_full.jpg"},"point":3091},{"user":{"uid":1160,"userid":699,"name":"jodycc","avatar":"https://cdn.discordapp.com/avatars/623249122761375760/adc25e15fe96d56656319e2a159d9458.png"},"point":3078},{"user":{"uid":119,"userid":258,"name":"LordLegend","avatar":"https://cdn.discordapp.com/avatars/507573290995417108/294e2517c647c3c8703945fbc200afcd.png"},"point":3043},{"user":{"uid":1310,"userid":803,"name":"[IMP] Rimuru Tempest","avatar":"https://cdn.discordapp.com/avatars/263721765879021569/64abe2f8ab98f8c779a0ad329591b73a.png"},"point":2996},{"user":{"uid":1007,"userid":622,"name":"Clover","avatar":"https://cdn.discordapp.com/avatars/524737419292049415/98da32a1bb151e51f366faeefc90a9dd.png"},"point":2725},{"user":{"uid":1456,"userid":899,"name":"Fean","avatar":"https://cdn.discordapp.com/avatars/508717226690478081/e7645881dc32e71c57dc44ac1c2c3d6d.png"},"point":2673},{"user":{"uid":1097,"userid":670,"name":"Ramin Tanuwong [TH]","avatar":"https://static.truckersmp.com/avatarsN/3757199.1645214262.jpg"},"point":2359},{"user":{"uid":1448,"userid":894,"name":"jason","avatar":"https://cdn.discordapp.com/avatars/853206258512298024/0fef9b881357560e340b10568c517402.png"},"point":2067},{"user":{"uid":1414,"userid":870,"name":"Azure Phantom","avatar":"https://avatars.steamstatic.com/8a78a24d3ae3031caf2695bc4dede2d6eb7af7cf_full.jpg"},"point":2021},{"user":{"uid":1112,"userid":681,"name":"DUSLOGEMEISTER","avatar":"https://cdn.discordapp.com/avatars/449720478148460555/38e8e5e249b96cde228bf55a460ae999.png"},"point":1753},{"user":{"uid":561,"userid":386,"name":"richhscm","avatar":""},"point":1641},{"user":{"uid":140,"userid":284,"name":"maku78","avatar":"https://cdn.discordapp.com/avatars/671428232628666388/a6a54bc09fd502351f42b3290808c9cd.png"},"point":1631},{"user":{"uid":924,"userid":576,"name":"🌈Hearty_Laces🌈They/Them","avatar":"https://cdn.discordapp.com/avatars/461978281906929675/9128b3d5991d797b2e4060e71c4c5f41.png"},"point":1582},{"user":{"uid":619,"userid":418,"name":"LOA | NumberHunter91","avatar":"https://cdn.discordapp.com/avatars/276407067223392256/c656134c8d2a712de1b2dbaf3856e995.png"},"point":1420},{"user":{"uid":41,"userid":820,"name":"Jack","avatar":"https://cdn.discordapp.com/avatars/555074609544822795/d3665ab7e4604312949fcceb877b56b0.png"},"point":1377},{"user":{"uid":106,"userid":239,"name":"\"Big Merc\" Mercodious","avatar":"https://cdn.discordapp.com/avatars/168552876375801857/a_a20387d95da36973b684aca7de2dd26d.gif"},"point":1318},{"user":{"uid":1253,"userid":769,"name":"Sunny","avatar":"https://cdn.discordapp.com/avatars/335148756653572098/00a5292662c6be574ce781717de8bfeb.png"},"point":1205},{"user":{"uid":1411,"userid":867,"name":"Coolengineer","avatar":"https://cdn.discordapp.com/avatars/247159248272752640/59e18cf589e2aaee61edb8d0a62b6b48.png"},"point":1159},{"user":{"uid":1226,"userid":749,"name":"That_Slayer87","avatar":"https://cdn.discordapp.com/avatars/850248504878432287/9484069a71c25b62ac273f0daae0f0c2.png"},"point":1097},{"user":{"uid":866,"userid":550,"name":"RoudeLéiw","avatar":"https://cdn.discordapp.com/avatars/497412687257534464/53a76d2cc11ce4a0171c5d1f84df139a.png"},"point":902},{"user":{"uid":169,"userid":327,"name":"Carlos King","avatar":"https://cdn.discordapp.com/avatars/506487248217309184/bd6c4d705e13abd33b3b26c5bdcd897d.png"},"point":823},{"user":{"uid":892,"userid":567,"name":"KuroSerpent","avatar":"https://cdn.discordapp.com/avatars/249645812726890497/a_21c0489bbb0c99be7db8bbbfb1ed5e85.gif"},"point":800},{"user":{"uid":87,"userid":203,"name":"pvfcmatt1","avatar":"https://cdn.discordapp.com/avatars/668822602806198278/eb4c4684efc13d2a58ddeae555edc5a7.png"},"point":589},{"user":{"uid":851,"userid":765,"name":"A_Bold_One","avatar":"https://cdn.discordapp.com/avatars/724063574565322762/96cc2952ae7b5b1f5e6dfe520b727adc.png"},"point":571},{"user":{"uid":1444,"userid":893,"name":"Бѳцпcёя","avatar":"https://cdn.discordapp.com/avatars/439872956739354625/a582fc3e498c341cd8e8309f4aea73b6.png"},"point":412},{"user":{"uid":716,"userid":476,"name":"mwe2187","avatar":"https://cdn.discordapp.com/avatars/628250855899922448/93721c72d6dba299ffc43f2a9a13483b.png"},"point":397},{"user":{"uid":112,"userid":657,"name":"zatrisss","avatar":"https://cdn.discordapp.com/avatars/270114281280765956/4dc89eaaac37811ab06058499942981b.png"},"point":374},{"user":{"uid":870,"userid":553,"name":"evilzocken","avatar":"https://cdn.discordapp.com/avatars/665665436678881280/25d7fd2d1432b799ac4b37a8d7592c6a.png"},"point":283},{"user":{"uid":948,"userid":591,"name":"AidanTheSergal","avatar":"https://cdn.discordapp.com/avatars/608713452420333589/05b5738d3be88e0cc579b801d879288b.png"},"point":219},{"user":{"uid":717,"userid":477,"name":"Turnt","avatar":"https://cdn.discordapp.com/avatars/417130736848470039/a_af2f73ff3f0bf8c460edc1b1f02192f9.gif"},"point":0}]}