{"fmd":[{"user":{"uid":400,"userid":222,"name":"prbkk","avatar":"https://cdn.discordapp.com/avatars/882076408308989952/bd00d6503d087db05af20d86f3f6681e.png"},"point":1765},{"user":{"uid":82,"userid":99,"name":"PepyNox 🤖","avatar":"https://cdn.discordapp.com/avatars/261473263752839168/a_32058670e7fcdb9136bb159147e62d09.gif"},"point":1679},{"user":{"uid":211,"userid":160,"name":"human","avatar":"https://cdn.discordapp.com/avatars/698752151073194015/e626fce336d1295ab98959c084394e8b.png"},"point":989},{"user":{"uid":202,"userid":154,"name":"i'm J clarkson","avatar":"https://cdn.discordapp.com/avatars/690586123952586792/80cf82fd6950b61379dce9612d1f7034.png"},"point":961},{"user":{"uid":364,"userid":215,"name":"[MCG] Danish_v8","avatar":"https://static.truckersmp.com/avatarsN/3882826.1651322428.jpg"},"point":520},{"user":{"uid":16,"userid":19,"name":"Tom","avatar":"https://cdn.discordapp.com/avatars/306758358092742657/3f6e08a50ffe39d2f24b54aff99cc3d2.png"},"point":511},{"user":{"uid":113,"userid":138,"name":"Valentin | ☯","avatar":"https://cdn.discordapp.com/avatars/541192182116253717/0350657a9bb4ace10c520a758fdea4b2.png"},"point":492},{"user":{"uid":479,"userid":252,"name":"ST1G","avatar":"https://cdn.discordapp.com/avatars/515890400494616608/f4bac7aef316082f7bad4fcbb6b39570.png"},"point":402},{"user":{"uid":469,"userid":247,"name":"Ayl0o","avatar":"https://cdn.discordapp.com/avatars/706856186712031233/926726bdacd19e3f7294b06bcf6f729b.png"},"point":212}],"fma":[{"user":{"uid":400,"userid":222,"name":"prbkk","avatar":"https://cdn.discordapp.com/avatars/882076408308989952/bd00d6503d087db05af20d86f3f6681e.png"},"point":1765},{"user":{"uid":82,"userid":99,"name":"PepyNox 🤖","avatar":"https://cdn.discordapp.com/avatars/261473263752839168/a_32058670e7fcdb9136bb159147e62d09.gif"},"point":1679},{"user":{"uid":211,"userid":160,"name":"human","avatar":"https://cdn.discordapp.com/avatars/698752151073194015/e626fce336d1295ab98959c084394e8b.png"},"point":989},{"user":{"uid":202,"userid":154,"name":"i'm J clarkson","avatar":"https://cdn.discordapp.com/avatars/690586123952586792/80cf82fd6950b61379dce9612d1f7034.png"},"point":961},{"user":{"uid":364,"userid":215,"name":"[MCG] Danish_v8","avatar":"https://static.truckersmp.com/avatarsN/3882826.1651322428.jpg"},"point":520},{"user":{"uid":16,"userid":19,"name":"Tom","avatar":"https://cdn.discordapp.com/avatars/306758358092742657/3f6e08a50ffe39d2f24b54aff99cc3d2.png"},"point":511},{"user":{"uid":113,"userid":138,"name":"Valentin | ☯","avatar":"https://cdn.discordapp.com/avatars/541192182116253717/0350657a9bb4ace10c520a758fdea4b2.png"},"point":492},{"user":{"uid":479,"userid":252,"name":"ST1G","avatar":"https://cdn.discordapp.com/avatars/515890400494616608/f4bac7aef316082f7bad4fcbb6b39570.png"},"point":402},{"user":{"uid":469,"userid":247,"name":"Ayl0o","avatar":"https://cdn.discordapp.com/avatars/706856186712031233/926726bdacd19e3f7294b06bcf6f729b.png"},"point":212}]}