{"fmd":[{"user":{"uid":551,"userid":448,"name":"Capt_Tom","avatar":"https://cdn.discordapp.com/avatars/1189926623739400235/76a1784b7640fe89bfca945587db07e3.png"},"point":6576},{"user":{"uid":675,"userid":539,"name":"gamer2dk","avatar":"https://cdn.discordapp.com/avatars/888475573284925461/02a35533764a55b05b0d49a7155adad3.png"},"point":6069},{"user":{"uid":480,"userid":395,"name":"Sh0tBlow","avatar":"https://cdn.discordapp.com/avatars/462991116279611392/87bf1e3b76d220025f3fb4b0029427f8.png"},"point":2283},{"user":{"uid":402,"userid":337,"name":"viriusek","avatar":"https://cdn.discordapp.com/avatars/814466964918370305/78f995b4dea90ade36a4984506d67d5b.png"},"point":2113},{"user":{"uid":468,"userid":384,"name":"AshleyHavier","avatar":"https://cdn.discordapp.com/avatars/1171865337839505420/fd6b7f6f8d383b9102aa6b0ff7f837c2.png"},"point":1800},{"user":{"uid":609,"userid":490,"name":"ralkinvx","avatar":"https://cdn.discordapp.com/avatars/626276063609225221/cdf27d657698337dc22e9a4ba4736900.png"},"point":1791},{"user":{"uid":664,"userid":533,"name":"Oscar","avatar":"https://cdn.discordapp.com/avatars/753279277679640647/469bd493af1db8a90fc0fe5b999147a1.png"},"point":1791},{"user":{"uid":651,"userid":523,"name":"Elfik","avatar":"https://cdn.discordapp.com/avatars/648958483185795083/8f18b7e6f4570233b30ed904712c00da.png"},"point":1547},{"user":{"uid":595,"userid":479,"name":"Championrub","avatar":"https://cdn.discordapp.com/avatars/811982277474123786/57632d6c13f4de8235b03acd0aba016e.png"},"point":1367},{"user":{"uid":660,"userid":530,"name":"Rauel","avatar":"https://cdn.discordapp.com/avatars/313128032317472768/031312c709f076e11fb4af16bd03dc0b.png"},"point":1226},{"user":{"uid":501,"userid":408,"name":"StrongHunter","avatar":"https://static.truckersmp.com/avatarsN/5291373.1701634237.jpg"},"point":1104},{"user":{"uid":667,"userid":535,"name":"cxramic","avatar":"https://cdn.discordapp.com/avatars/1157288014599426050/54f13430863655d4235702c6473518e0.png"},"point":1017},{"user":{"uid":68,"userid":176,"name":"Ammaar","avatar":"https://cdn.discordapp.com/avatars/611183396210737167/83c6d8f59f35509744d9eb2b420625ee.png"},"point":1001},{"user":{"uid":400,"userid":335,"name":"LikeANoaツ","avatar":"https://cdn.discordapp.com/avatars/903619655153909770/057ea607b8b8408fe695376aabaa366a.png"},"point":987},{"user":{"uid":676,"userid":541,"name":"Scythe","avatar":"https://cdn.discordapp.com/avatars/881824302868090941/31b234d0315d5e93f2a840a780a82ffe.png"},"point":934},{"user":{"uid":637,"userid":514,"name":"superprogamer147","avatar":"https://cdn.discordapp.com/avatars/541531402731126806/e3c7841e49b35b7b6025cef486b99ef6.png"},"point":646},{"user":{"uid":17,"userid":357,"name":"Marshy","avatar":"https://cdn.discordapp.com/avatars/330387231594250240/a4e910d7c6623f216898eff220e69abf.png"},"point":618},{"user":{"uid":438,"userid":363,"name":"ʀᴀsᴏᴡʏ ᴋᴏʟᴇɢᴀ","avatar":"https://cdn.discordapp.com/avatars/1164444779623489562/17cd2d0d8bfbe9effc22e858b0303661.png"},"point":561},{"user":{"uid":50,"userid":156,"name":"Marshallvet","avatar":"https://cdn.discordapp.com/avatars/365295813187862568/2dc1aabcc7382486a66d1dc8f514dd2e.png"},"point":337},{"user":{"uid":608,"userid":489,"name":"Dylan aka Scott","avatar":"https://cdn.discordapp.com/avatars/287978186732732416/269da0519b0fb3b455df1752ceec3171.png"},"point":198},{"user":{"uid":599,"userid":482,"name":"dood51","avatar":"https://cdn.discordapp.com/avatars/1215977765778489364/e2e4afccd7e82bb48dc1b4e183cb9feb.png"},"point":167},{"user":{"uid":561,"userid":453,"name":"phevos","avatar":"https://cdn.discordapp.com/avatars/622325492716011561/7de674db261521ac520b656f5089d908.png"},"point":0}],"fma":[{"user":{"uid":551,"userid":448,"name":"Capt_Tom","avatar":"https://cdn.discordapp.com/avatars/1189926623739400235/76a1784b7640fe89bfca945587db07e3.png"},"point":6716},{"user":{"uid":675,"userid":539,"name":"gamer2dk","avatar":"https://cdn.discordapp.com/avatars/888475573284925461/02a35533764a55b05b0d49a7155adad3.png"},"point":6069},{"user":{"uid":480,"userid":395,"name":"Sh0tBlow","avatar":"https://cdn.discordapp.com/avatars/462991116279611392/87bf1e3b76d220025f3fb4b0029427f8.png"},"point":2497},{"user":{"uid":402,"userid":337,"name":"viriusek","avatar":"https://cdn.discordapp.com/avatars/814466964918370305/78f995b4dea90ade36a4984506d67d5b.png"},"point":2213},{"user":{"uid":468,"userid":384,"name":"AshleyHavier","avatar":"https://cdn.discordapp.com/avatars/1171865337839505420/fd6b7f6f8d383b9102aa6b0ff7f837c2.png"},"point":1800},{"user":{"uid":609,"userid":490,"name":"ralkinvx","avatar":"https://cdn.discordapp.com/avatars/626276063609225221/cdf27d657698337dc22e9a4ba4736900.png"},"point":1791},{"user":{"uid":664,"userid":533,"name":"Oscar","avatar":"https://cdn.discordapp.com/avatars/753279277679640647/469bd493af1db8a90fc0fe5b999147a1.png"},"point":1791},{"user":{"uid":651,"userid":523,"name":"Elfik","avatar":"https://cdn.discordapp.com/avatars/648958483185795083/8f18b7e6f4570233b30ed904712c00da.png"},"point":1614},{"user":{"uid":595,"userid":479,"name":"Championrub","avatar":"https://cdn.discordapp.com/avatars/811982277474123786/57632d6c13f4de8235b03acd0aba016e.png"},"point":1367},{"user":{"uid":660,"userid":530,"name":"Rauel","avatar":"https://cdn.discordapp.com/avatars/313128032317472768/031312c709f076e11fb4af16bd03dc0b.png"},"point":1226},{"user":{"uid":501,"userid":408,"name":"StrongHunter","avatar":"https://static.truckersmp.com/avatarsN/5291373.1701634237.jpg"},"point":1204},{"user":{"uid":667,"userid":535,"name":"cxramic","avatar":"https://cdn.discordapp.com/avatars/1157288014599426050/54f13430863655d4235702c6473518e0.png"},"point":1017},{"user":{"uid":68,"userid":176,"name":"Ammaar","avatar":"https://cdn.discordapp.com/avatars/611183396210737167/83c6d8f59f35509744d9eb2b420625ee.png"},"point":1001},{"user":{"uid":400,"userid":335,"name":"LikeANoaツ","avatar":"https://cdn.discordapp.com/avatars/903619655153909770/057ea607b8b8408fe695376aabaa366a.png"},"point":987},{"user":{"uid":676,"userid":541,"name":"Scythe","avatar":"https://cdn.discordapp.com/avatars/881824302868090941/31b234d0315d5e93f2a840a780a82ffe.png"},"point":934},{"user":{"uid":637,"userid":514,"name":"superprogamer147","avatar":"https://cdn.discordapp.com/avatars/541531402731126806/e3c7841e49b35b7b6025cef486b99ef6.png"},"point":646},{"user":{"uid":17,"userid":357,"name":"Marshy","avatar":"https://cdn.discordapp.com/avatars/330387231594250240/a4e910d7c6623f216898eff220e69abf.png"},"point":618},{"user":{"uid":438,"userid":363,"name":"ʀᴀsᴏᴡʏ ᴋᴏʟᴇɢᴀ","avatar":"https://cdn.discordapp.com/avatars/1164444779623489562/17cd2d0d8bfbe9effc22e858b0303661.png"},"point":561},{"user":{"uid":50,"userid":156,"name":"Marshallvet","avatar":"https://cdn.discordapp.com/avatars/365295813187862568/2dc1aabcc7382486a66d1dc8f514dd2e.png"},"point":337},{"user":{"uid":608,"userid":489,"name":"Dylan aka Scott","avatar":"https://cdn.discordapp.com/avatars/287978186732732416/269da0519b0fb3b455df1752ceec3171.png"},"point":198},{"user":{"uid":599,"userid":482,"name":"dood51","avatar":"https://cdn.discordapp.com/avatars/1215977765778489364/e2e4afccd7e82bb48dc1b4e183cb9feb.png"},"point":167},{"user":{"uid":636,"userid":513,"name":"MementoMori","avatar":"https://cdn.discordapp.com/avatars/978142750681731182/884e73c1f41e29c7cc3518441545a1f8.png"},"point":161},{"user":{"uid":25,"userid":96,"name":"[G-T-R]GrayWolf","avatar":"https://cdn.discordapp.com/avatars/463049453067173888/93e0f855de1c1bcdf6924d45b1789338.png"},"point":107},{"user":{"uid":561,"userid":453,"name":"phevos","avatar":"https://cdn.discordapp.com/avatars/622325492716011561/7de674db261521ac520b656f5089d908.png"},"point":0}]}