{"fmd":[{"user":{"uid":12,"userid":253,"name":"Arcon_","avatar":"https://cdn.discordapp.com/avatars/590425598552440833/a0d20b550a1002cce1119d41d50775fd.png"},"point":2420},{"user":{"uid":367,"userid":265,"name":"Big Blazie","avatar":"https://cdn.discordapp.com/avatars/118134703143387143/88e6d6274c252de8f124b4ad9879b580.png"},"point":905},{"user":{"uid":1,"userid":0,"name":"Brad","avatar":"https://cdn.discordapp.com/avatars/507570358782525451/0f8d2ac0cb4d5df4b45d8529b6efe809.png"},"point":503}],"fma":[{"user":{"uid":367,"userid":265,"name":"Big Blazie","avatar":"https://cdn.discordapp.com/avatars/118134703143387143/88e6d6274c252de8f124b4ad9879b580.png"},"point":62155},{"user":{"uid":12,"userid":253,"name":"Arcon_","avatar":"https://cdn.discordapp.com/avatars/590425598552440833/a0d20b550a1002cce1119d41d50775fd.png"},"point":38670},{"user":{"uid":1,"userid":0,"name":"Brad","avatar":"https://cdn.discordapp.com/avatars/507570358782525451/0f8d2ac0cb4d5df4b45d8529b6efe809.png"},"point":36753},{"user":{"uid":360,"userid":259,"name":"EisenWolf","avatar":"https://static.truckersmp.com/avatarsN/4112608.1704752368.jpg"},"point":36250},{"user":{"uid":369,"userid":266,"name":"KRNBR4N","avatar":"https://static.truckersmp.com/avatarsN/5311993.1702834926.jpg"},"point":36250},{"user":{"uid":218,"userid":246,"name":"Jord","avatar":"https://cdn.discordapp.com/avatars/684027652016832535/fa88b9b0dd673495c894582f075a5a83.png"},"point":25000},{"user":{"uid":365,"userid":262,"name":"Nino","avatar":"https://cdn.discordapp.com/avatars/400694856827011073/ec52f8c6645244614e85a449413b0b89.png"},"point":25000}]}