{"fmd":[{"user":{"uid":165,"userid":147,"name":"Bernd.R","avatar":"https://avatars.steamstatic.com/1632837e2e6f9bff2970254d35d06bae45d9a395_full.jpg"},"point":8571},{"user":{"uid":136,"userid":121,"name":"Fuzzi_One","avatar":"https://avatars.steamstatic.com/80dc5c843904a69c82033fa7600d24e61dc9b370_full.jpg"},"point":7777},{"user":{"uid":147,"userid":132,"name":"Der  Opa","avatar":"https://cdn.discordapp.com/avatars/390841934358249482/5182d95c0600108142ddbca2b09a1bb4.png"},"point":6623},{"user":{"uid":31,"userid":22,"name":"[RSL] Fun_irrenanstalt","avatar":""},"point":4976},{"user":{"uid":41,"userid":25,"name":"Marvin","avatar":"https://avatars.steamstatic.com/52f347986803228f0c1e66e478eea3929969ab42_full.jpg"},"point":4568},{"user":{"uid":153,"userid":138,"name":"anvo97","avatar":"https://avatars.steamstatic.com/cb20d4b269536a4a6a6b5ee95d21a8bdc6587639_full.jpg"},"point":4199},{"user":{"uid":76,"userid":68,"name":"michaelpl","avatar":"https://avatars.steamstatic.com/0d6d4c2838992e31b7117875d964c9c064bbeef4_full.jpg"},"point":3561},{"user":{"uid":192,"userid":172,"name":"TopsyCret","avatar":"https://avatars.steamstatic.com/82aecb83684b9c1d29f6f26a4642971416734fcc_full.jpg"},"point":3369},{"user":{"uid":220,"userid":192,"name":"dennis2982","avatar":"https://avatars.steamstatic.com/fef49e7fa7e1997310d705b2a6158ff8dc1cdfeb_full.jpg"},"point":3335},{"user":{"uid":135,"userid":120,"name":"mschmidi270373","avatar":"https://avatars.steamstatic.com/d670cb75b7d0055ee9c551ea24f9135512728a93_full.jpg"},"point":2220},{"user":{"uid":190,"userid":168,"name":"DWELLER23","avatar":"https://avatars.steamstatic.com/415e39cd7b3cbe49442ef90b37c5e367980f8124_full.jpg"},"point":2151},{"user":{"uid":225,"userid":195,"name":"max-kruse-ad","avatar":"https://avatars.steamstatic.com/cc1f5e02a7b42447651f11e4cc9f6d7694eec5ab_full.jpg"},"point":1857},{"user":{"uid":227,"userid":197,"name":"flighttime","avatar":"https://cdn.discordapp.com/avatars/680800675931619343/f79b46f59970fe2f55d821ed68464bb5.png"},"point":1774},{"user":{"uid":145,"userid":130,"name":"Mr.Korall","avatar":"https://avatars.steamstatic.com/71c5c5744ad9cda9e24a3cbb14bba2e238bf66af_full.jpg"},"point":1695},{"user":{"uid":91,"userid":82,"name":"Ninja_Kiwi","avatar":"https://avatars.steamstatic.com/1aaec1ed3f3cd8465fa42665b01eb70d7f701604_full.jpg"},"point":1269},{"user":{"uid":181,"userid":160,"name":"Edgarianer007","avatar":"https://avatars.steamstatic.com/de0a5993bd753b89c6b5c132a26d7ddc838e4424_full.jpg"},"point":1209},{"user":{"uid":205,"userid":181,"name":"Jakkd","avatar":"https://avatars.steamstatic.com/97670eff7ffff1bfa68343bab29481e6fb148c75_full.jpg"},"point":1137},{"user":{"uid":95,"userid":86,"name":"EnTee","avatar":"https://avatars.steamstatic.com/3f5e9daea59216d7fe13df4e031d3537580e5e21_full.jpg"},"point":1069},{"user":{"uid":50,"userid":43,"name":"Tarial","avatar":"https://avatars.steamstatic.com/852cd2da47222f03895ad2c285d0980e4f003168_full.jpg"},"point":963},{"user":{"uid":118,"userid":103,"name":"EinfachnurWolf","avatar":"https://avatars.steamstatic.com/dcddc28153a03ef589ba9b54c11a1edc4384acdf_full.jpg"},"point":866},{"user":{"uid":70,"userid":62,"name":"Tr4xe","avatar":"https://avatars.steamstatic.com/f2113fe4c56a40abf11f5b2ba82a922b9362e305_full.jpg"},"point":678},{"user":{"uid":84,"userid":75,"name":"lolgamer5300","avatar":"https://avatars.steamstatic.com/76ad51d2c234085fc07dbe1396e3d39331376fd5_full.jpg"},"point":672},{"user":{"uid":75,"userid":67,"name":"GunGamerTV","avatar":"https://avatars.steamstatic.com/64ae1da41a9c51a5ab44c29f0b054b14123aabe4_full.jpg"},"point":650},{"user":{"uid":131,"userid":116,"name":"DnS","avatar":"https://avatars.steamstatic.com/76b7a1118346ddac8e32198f37f89bdd31a1a9c7_full.jpg"},"point":526},{"user":{"uid":99,"userid":110,"name":"[RSL]Albanr.9","avatar":"https://avatars.steamstatic.com/b3773af8338e7a36b55ec298e6dee7f4e0cd9aa0_full.jpg"},"point":508},{"user":{"uid":194,"userid":171,"name":"subnayzz","avatar":"https://avatars.steamstatic.com/541d03601aebfb8436b10da6b9d4d1275ec7edc4_full.jpg"},"point":440},{"user":{"uid":117,"userid":102,"name":"LilMiiP :)","avatar":"https://avatars.steamstatic.com/5f49c38ec606469b6ecae76ea46b312b9fccb77c_full.jpg"},"point":426},{"user":{"uid":169,"userid":153,"name":"Ca24","avatar":"https://avatars.steamstatic.com/fef49e7fa7e1997310d705b2a6158ff8dc1cdfeb_full.jpg"},"point":211},{"user":{"uid":130,"userid":115,"name":"GhostRiDeR_REAL","avatar":"https://avatars.steamstatic.com/0f18411149a060051bdafef053969f859dc73196_full.jpg"},"point":206}],"fma":[{"user":{"uid":165,"userid":147,"name":"Bernd.R","avatar":"https://avatars.steamstatic.com/1632837e2e6f9bff2970254d35d06bae45d9a395_full.jpg"},"point":8571},{"user":{"uid":136,"userid":121,"name":"Fuzzi_One","avatar":"https://avatars.steamstatic.com/80dc5c843904a69c82033fa7600d24e61dc9b370_full.jpg"},"point":7777},{"user":{"uid":147,"userid":132,"name":"Der  Opa","avatar":"https://cdn.discordapp.com/avatars/390841934358249482/5182d95c0600108142ddbca2b09a1bb4.png"},"point":6623},{"user":{"uid":31,"userid":22,"name":"[RSL] Fun_irrenanstalt","avatar":""},"point":4976},{"user":{"uid":41,"userid":25,"name":"Marvin","avatar":"https://avatars.steamstatic.com/52f347986803228f0c1e66e478eea3929969ab42_full.jpg"},"point":4568},{"user":{"uid":153,"userid":138,"name":"anvo97","avatar":"https://avatars.steamstatic.com/cb20d4b269536a4a6a6b5ee95d21a8bdc6587639_full.jpg"},"point":4199},{"user":{"uid":76,"userid":68,"name":"michaelpl","avatar":"https://avatars.steamstatic.com/0d6d4c2838992e31b7117875d964c9c064bbeef4_full.jpg"},"point":3561},{"user":{"uid":192,"userid":172,"name":"TopsyCret","avatar":"https://avatars.steamstatic.com/82aecb83684b9c1d29f6f26a4642971416734fcc_full.jpg"},"point":3369},{"user":{"uid":220,"userid":192,"name":"dennis2982","avatar":"https://avatars.steamstatic.com/fef49e7fa7e1997310d705b2a6158ff8dc1cdfeb_full.jpg"},"point":3335},{"user":{"uid":135,"userid":120,"name":"mschmidi270373","avatar":"https://avatars.steamstatic.com/d670cb75b7d0055ee9c551ea24f9135512728a93_full.jpg"},"point":2220},{"user":{"uid":190,"userid":168,"name":"DWELLER23","avatar":"https://avatars.steamstatic.com/415e39cd7b3cbe49442ef90b37c5e367980f8124_full.jpg"},"point":2151},{"user":{"uid":225,"userid":195,"name":"max-kruse-ad","avatar":"https://avatars.steamstatic.com/cc1f5e02a7b42447651f11e4cc9f6d7694eec5ab_full.jpg"},"point":1857},{"user":{"uid":227,"userid":197,"name":"flighttime","avatar":"https://cdn.discordapp.com/avatars/680800675931619343/f79b46f59970fe2f55d821ed68464bb5.png"},"point":1774},{"user":{"uid":145,"userid":130,"name":"Mr.Korall","avatar":"https://avatars.steamstatic.com/71c5c5744ad9cda9e24a3cbb14bba2e238bf66af_full.jpg"},"point":1695},{"user":{"uid":91,"userid":82,"name":"Ninja_Kiwi","avatar":"https://avatars.steamstatic.com/1aaec1ed3f3cd8465fa42665b01eb70d7f701604_full.jpg"},"point":1269},{"user":{"uid":181,"userid":160,"name":"Edgarianer007","avatar":"https://avatars.steamstatic.com/de0a5993bd753b89c6b5c132a26d7ddc838e4424_full.jpg"},"point":1209},{"user":{"uid":205,"userid":181,"name":"Jakkd","avatar":"https://avatars.steamstatic.com/97670eff7ffff1bfa68343bab29481e6fb148c75_full.jpg"},"point":1137},{"user":{"uid":95,"userid":86,"name":"EnTee","avatar":"https://avatars.steamstatic.com/3f5e9daea59216d7fe13df4e031d3537580e5e21_full.jpg"},"point":1069},{"user":{"uid":50,"userid":43,"name":"Tarial","avatar":"https://avatars.steamstatic.com/852cd2da47222f03895ad2c285d0980e4f003168_full.jpg"},"point":963},{"user":{"uid":118,"userid":103,"name":"EinfachnurWolf","avatar":"https://avatars.steamstatic.com/dcddc28153a03ef589ba9b54c11a1edc4384acdf_full.jpg"},"point":866},{"user":{"uid":99,"userid":110,"name":"[RSL]Albanr.9","avatar":"https://avatars.steamstatic.com/b3773af8338e7a36b55ec298e6dee7f4e0cd9aa0_full.jpg"},"point":708},{"user":{"uid":70,"userid":62,"name":"Tr4xe","avatar":"https://avatars.steamstatic.com/f2113fe4c56a40abf11f5b2ba82a922b9362e305_full.jpg"},"point":678},{"user":{"uid":84,"userid":75,"name":"lolgamer5300","avatar":"https://avatars.steamstatic.com/76ad51d2c234085fc07dbe1396e3d39331376fd5_full.jpg"},"point":672},{"user":{"uid":75,"userid":67,"name":"GunGamerTV","avatar":"https://avatars.steamstatic.com/64ae1da41a9c51a5ab44c29f0b054b14123aabe4_full.jpg"},"point":650},{"user":{"uid":131,"userid":116,"name":"DnS","avatar":"https://avatars.steamstatic.com/76b7a1118346ddac8e32198f37f89bdd31a1a9c7_full.jpg"},"point":526},{"user":{"uid":194,"userid":171,"name":"subnayzz","avatar":"https://avatars.steamstatic.com/541d03601aebfb8436b10da6b9d4d1275ec7edc4_full.jpg"},"point":440},{"user":{"uid":117,"userid":102,"name":"LilMiiP :)","avatar":"https://avatars.steamstatic.com/5f49c38ec606469b6ecae76ea46b312b9fccb77c_full.jpg"},"point":426},{"user":{"uid":169,"userid":153,"name":"Ca24","avatar":"https://avatars.steamstatic.com/fef49e7fa7e1997310d705b2a6158ff8dc1cdfeb_full.jpg"},"point":211},{"user":{"uid":130,"userid":115,"name":"GhostRiDeR_REAL","avatar":"https://avatars.steamstatic.com/0f18411149a060051bdafef053969f859dc73196_full.jpg"},"point":206}]}