{"fmd":[{"user":{"uid":104,"userid":99,"name":"EMP_Orlygur","avatar":"https://cdn.discordapp.com/avatars/652200559448686602/805ba6399b6e4173b62125b7b67d1e86.png"},"point":6880},{"user":{"uid":106,"userid":100,"name":"Mrkrisp","avatar":"https://avatars.steamstatic.com/da1ac25305264db6b5248d68f8b6612f070ab9ed_full.jpg"},"point":3697},{"user":{"uid":87,"userid":85,"name":"ExtaZzZ","avatar":"https://cdn.discordapp.com/avatars/433657630364532737/f747bb2e4dd39bef2a6dd4ce6fc711db.png"},"point":2102},{"user":{"uid":75,"userid":73,"name":"Bαnks","avatar":"https://static.truckersmp.com/avatarsN/3536412.1716652589.png"},"point":2097},{"user":{"uid":97,"userid":93,"name":"NIKLAS(GER)","avatar":"https://cdn.discordapp.com/avatars/1056647833937256468/7a72e642bd21663baa3294199578cffc.png"},"point":1953},{"user":{"uid":62,"userid":61,"name":"Thomas.","avatar":"https://cdn.discordapp.com/avatars/1000353949620117514/b42831995cac9fc332f49722a7656a19.png"},"point":1734},{"user":{"uid":23,"userid":22,"name":"Martijn","avatar":"https://cdn.discordapp.com/avatars/153514855280803840/a_55db952b0b6b1ab551cc2fe7fe823cec.gif"},"point":1652},{"user":{"uid":98,"userid":94,"name":"ℕ𝕠𝕒𝕙𝕋","avatar":"https://cdn.discordapp.com/avatars/274290854049611776/0e2702edbd4e1083270d25cdee39014a.png"},"point":1579},{"user":{"uid":102,"userid":97,"name":"αуууѕσ","avatar":"https://static.truckersmp.com/avatarsN/5298691.1715900183.png"},"point":1574},{"user":{"uid":49,"userid":47,"name":"90s_s","avatar":"https://avatars.steamstatic.com/4a0e9b42f2229b905fb58255d76001d0f262d117_full.jpg"},"point":1571},{"user":{"uid":34,"userid":26,"name":"WiLczuR77","avatar":"https://cdn.discordapp.com/avatars/786282772255211560/805e88c750ff03f556cc99fdbb7902a4.png"},"point":1567},{"user":{"uid":86,"userid":84,"name":"мσρρу_тмρ","avatar":"https://static.truckersmp.com/avatarsN/3916396.1690030869.png"},"point":1054},{"user":{"uid":24,"userid":23,"name":"Gnurken","avatar":"https://static.truckersmp.com/avatarsN/1166949.1704562524.png"},"point":1048},{"user":{"uid":53,"userid":62,"name":"Black_Dragon33","avatar":"https://avatars.steamstatic.com/7a98d429d9fb61bb6065773f2005fce7257463a8_full.jpg"},"point":1015},{"user":{"uid":28,"userid":27,"name":"reissverschlussverfahren","avatar":"https://avatars.steamstatic.com/7b74c751b8e0bb519b02aa069a2d74d24c2356ae_full.jpg"},"point":761},{"user":{"uid":48,"userid":46,"name":"TommyNL","avatar":"https://avatars.steamstatic.com/566ece5c0f63be2634d91a038b57b1e369f28983_full.jpg"},"point":731},{"user":{"uid":37,"userid":33,"name":"TTDTheo","avatar":"https://cdn.discordapp.com/avatars/1145683091176833114/b5db924ff0fe5de313fb1f3d6c2526cd.png"},"point":719},{"user":{"uid":94,"userid":91,"name":"J A N N E S","avatar":"https://cdn.discordapp.com/avatars/1123967274680856697/caf131b96d413aa3f8d2341a14399f3b.png"},"point":562},{"user":{"uid":74,"userid":78,"name":"callum","avatar":""},"point":527},{"user":{"uid":83,"userid":80,"name":"Wiskonsin","avatar":"https://avatars.steamstatic.com/9bd1ee26613296ed1461f77c994aba877dd3db0b_full.jpg"},"point":309},{"user":{"uid":101,"userid":96,"name":"maddydawnn","avatar":"https://avatars.steamstatic.com/cb950d079dbda00801b96b6281a2752605514acc_full.jpg"},"point":137},{"user":{"uid":8,"userid":6,"name":"𝐒kyHεadεя","avatar":"https://cdn.discordapp.com/avatars/368478030504525825/0e043adf10e519ea7205a27fc0f2bf23.png"},"point":27},{"user":{"uid":41,"userid":45,"name":"Lukas","avatar":"https://cdn.discordapp.com/avatars/936740740518776873/9cc8fe6180dfdd124a773b4483c298b5.png"},"point":0}],"fma":[{"user":{"uid":104,"userid":99,"name":"EMP_Orlygur","avatar":"https://cdn.discordapp.com/avatars/652200559448686602/805ba6399b6e4173b62125b7b67d1e86.png"},"point":6880},{"user":{"uid":106,"userid":100,"name":"Mrkrisp","avatar":"https://avatars.steamstatic.com/da1ac25305264db6b5248d68f8b6612f070ab9ed_full.jpg"},"point":3697},{"user":{"uid":87,"userid":85,"name":"ExtaZzZ","avatar":"https://cdn.discordapp.com/avatars/433657630364532737/f747bb2e4dd39bef2a6dd4ce6fc711db.png"},"point":2102},{"user":{"uid":75,"userid":73,"name":"Bαnks","avatar":"https://static.truckersmp.com/avatarsN/3536412.1716652589.png"},"point":2097},{"user":{"uid":97,"userid":93,"name":"NIKLAS(GER)","avatar":"https://cdn.discordapp.com/avatars/1056647833937256468/7a72e642bd21663baa3294199578cffc.png"},"point":1953},{"user":{"uid":62,"userid":61,"name":"Thomas.","avatar":"https://cdn.discordapp.com/avatars/1000353949620117514/b42831995cac9fc332f49722a7656a19.png"},"point":1734},{"user":{"uid":23,"userid":22,"name":"Martijn","avatar":"https://cdn.discordapp.com/avatars/153514855280803840/a_55db952b0b6b1ab551cc2fe7fe823cec.gif"},"point":1652},{"user":{"uid":98,"userid":94,"name":"ℕ𝕠𝕒𝕙𝕋","avatar":"https://cdn.discordapp.com/avatars/274290854049611776/0e2702edbd4e1083270d25cdee39014a.png"},"point":1579},{"user":{"uid":102,"userid":97,"name":"αуууѕσ","avatar":"https://static.truckersmp.com/avatarsN/5298691.1715900183.png"},"point":1574},{"user":{"uid":49,"userid":47,"name":"90s_s","avatar":"https://avatars.steamstatic.com/4a0e9b42f2229b905fb58255d76001d0f262d117_full.jpg"},"point":1571},{"user":{"uid":34,"userid":26,"name":"WiLczuR77","avatar":"https://cdn.discordapp.com/avatars/786282772255211560/805e88c750ff03f556cc99fdbb7902a4.png"},"point":1567},{"user":{"uid":86,"userid":84,"name":"мσρρу_тмρ","avatar":"https://static.truckersmp.com/avatarsN/3916396.1690030869.png"},"point":1054},{"user":{"uid":24,"userid":23,"name":"Gnurken","avatar":"https://static.truckersmp.com/avatarsN/1166949.1704562524.png"},"point":1048},{"user":{"uid":53,"userid":62,"name":"Black_Dragon33","avatar":"https://avatars.steamstatic.com/7a98d429d9fb61bb6065773f2005fce7257463a8_full.jpg"},"point":1015},{"user":{"uid":28,"userid":27,"name":"reissverschlussverfahren","avatar":"https://avatars.steamstatic.com/7b74c751b8e0bb519b02aa069a2d74d24c2356ae_full.jpg"},"point":861},{"user":{"uid":48,"userid":46,"name":"TommyNL","avatar":"https://avatars.steamstatic.com/566ece5c0f63be2634d91a038b57b1e369f28983_full.jpg"},"point":731},{"user":{"uid":37,"userid":33,"name":"TTDTheo","avatar":"https://cdn.discordapp.com/avatars/1145683091176833114/b5db924ff0fe5de313fb1f3d6c2526cd.png"},"point":719},{"user":{"uid":94,"userid":91,"name":"J A N N E S","avatar":"https://cdn.discordapp.com/avatars/1123967274680856697/caf131b96d413aa3f8d2341a14399f3b.png"},"point":562},{"user":{"uid":74,"userid":78,"name":"callum","avatar":""},"point":527},{"user":{"uid":83,"userid":80,"name":"Wiskonsin","avatar":"https://avatars.steamstatic.com/9bd1ee26613296ed1461f77c994aba877dd3db0b_full.jpg"},"point":309},{"user":{"uid":101,"userid":96,"name":"maddydawnn","avatar":"https://avatars.steamstatic.com/cb950d079dbda00801b96b6281a2752605514acc_full.jpg"},"point":137},{"user":{"uid":8,"userid":6,"name":"𝐒kyHεadεя","avatar":"https://cdn.discordapp.com/avatars/368478030504525825/0e043adf10e519ea7205a27fc0f2bf23.png"},"point":27},{"user":{"uid":41,"userid":45,"name":"Lukas","avatar":"https://cdn.discordapp.com/avatars/936740740518776873/9cc8fe6180dfdd124a773b4483c298b5.png"},"point":0}]}