{"fmd":[{"user":{"uid":77,"userid":63,"name":"WH | MyztikGecko","avatar":"https://cdn.discordapp.com/avatars/1242261625449353266/fc9fc26777d5540f7b44a0c805708300.png"},"point":3939},{"user":{"uid":46,"userid":37,"name":"WHT Dir HR | MysticalKief","avatar":"https://cdn.discordapp.com/avatars/498659512081973248/15c947ebb3b550bee883b0c47337c7ac.png"},"point":3535},{"user":{"uid":76,"userid":62,"name":"WH | KaiDarkmoon","avatar":"https://cdn.discordapp.com/avatars/315297650641731584/5c864015c3ed86cf32302fb0adac5796.png"},"point":3146},{"user":{"uid":73,"userid":60,"name":"WH | ONDAROAD2","avatar":"https://cdn.discordapp.com/avatars/383806148010049557/1962b816d972b64542031cc025361b36.png"},"point":2431},{"user":{"uid":69,"userid":58,"name":"WH | Cougar","avatar":""},"point":1452}],"fma":[{"user":{"uid":77,"userid":63,"name":"WH | MyztikGecko","avatar":"https://cdn.discordapp.com/avatars/1242261625449353266/fc9fc26777d5540f7b44a0c805708300.png"},"point":4439},{"user":{"uid":76,"userid":62,"name":"WH | KaiDarkmoon","avatar":"https://cdn.discordapp.com/avatars/315297650641731584/5c864015c3ed86cf32302fb0adac5796.png"},"point":3646},{"user":{"uid":46,"userid":37,"name":"WHT Dir HR | MysticalKief","avatar":"https://cdn.discordapp.com/avatars/498659512081973248/15c947ebb3b550bee883b0c47337c7ac.png"},"point":3535},{"user":{"uid":73,"userid":60,"name":"WH | ONDAROAD2","avatar":"https://cdn.discordapp.com/avatars/383806148010049557/1962b816d972b64542031cc025361b36.png"},"point":2431},{"user":{"uid":69,"userid":58,"name":"WH | Cougar","avatar":""},"point":1452},{"user":{"uid":7,"userid":5,"name":"WHT FOUNDER Jacket","avatar":"https://cdn.discordapp.com/avatars/111638504500408320/880678f246665808c2165f5f693b72cd.png"},"point":410}]}