{"fmd":[{"user":{"uid":1382,"userid":847,"name":"Aeroplane","avatar":"https://cdn.discordapp.com/avatars/919580354736705617/cd8c60e397730ab82e685faaf72d3c77.png"},"point":6170},{"user":{"uid":1061,"userid":656,"name":"Thy Night Owl","avatar":"https://cdn.discordapp.com/avatars/678366200312496154/7e3c44efb2393e0a9a4b593cb42f936d.png"},"point":5101},{"user":{"uid":1253,"userid":769,"name":"Sunny","avatar":"https://cdn.discordapp.com/avatars/335148756653572098/00a5292662c6be574ce781717de8bfeb.png"},"point":3338},{"user":{"uid":1160,"userid":699,"name":"jodycc","avatar":"https://cdn.discordapp.com/avatars/623249122761375760/adc25e15fe96d56656319e2a159d9458.png"},"point":3170},{"user":{"uid":1310,"userid":803,"name":"[IMP] Rimuru Tempest","avatar":"https://cdn.discordapp.com/avatars/263721765879021569/64abe2f8ab98f8c779a0ad329591b73a.png"},"point":2684},{"user":{"uid":3,"userid":2,"name":"Delta","avatar":"https://cdn.discordapp.com/avatars/710535657650651157/e21a44412b740e2e3bba4f4cc015a9e8.png"},"point":2229},{"user":{"uid":1266,"userid":775,"name":"Khan_X1","avatar":"https://static.truckersmp.com/avatarsN/5358897.1705606399.png"},"point":2220},{"user":{"uid":716,"userid":476,"name":"mwe2187","avatar":"https://cdn.discordapp.com/avatars/628250855899922448/93721c72d6dba299ffc43f2a9a13483b.png"},"point":2184},{"user":{"uid":112,"userid":657,"name":"zatrisss","avatar":"https://cdn.discordapp.com/avatars/270114281280765956/bd3d357d89f9d06a3bde98ffedda3976.png"},"point":1895},{"user":{"uid":980,"userid":609,"name":"DdoubleE","avatar":"https://cdn.discordapp.com/avatars/673140683619434496/56c1bbc887f399c378567f7dbab5bbe0.png"},"point":1454},{"user":{"uid":870,"userid":553,"name":"evilzocken","avatar":"https://cdn.discordapp.com/avatars/665665436678881280/25d7fd2d1432b799ac4b37a8d7592c6a.png"},"point":1009},{"user":{"uid":717,"userid":477,"name":"Turnt","avatar":"https://cdn.discordapp.com/avatars/417130736848470039/a_af2f73ff3f0bf8c460edc1b1f02192f9.gif"},"point":962},{"user":{"uid":1444,"userid":893,"name":"Бѳцпcёя","avatar":"https://cdn.discordapp.com/avatars/439872956739354625/a582fc3e498c341cd8e8309f4aea73b6.png"},"point":844},{"user":{"uid":971,"userid":604,"name":"patriotic clone trooper","avatar":"https://cdn.discordapp.com/avatars/577748827470168075/3f3c57f906d80e80dff8ed6e54c70d25.png"},"point":726},{"user":{"uid":671,"userid":448,"name":"Rocky","avatar":"https://cdn.discordapp.com/avatars/508226509744635904/6696b0bd9167804479c233924b375fa1.png"},"point":603},{"user":{"uid":1187,"userid":726,"name":"afrikandionysus","avatar":"https://cdn.discordapp.com/avatars/759714918177177670/661f5840a2c808aa6c88959f5a379f8d.png"},"point":474},{"user":{"uid":1401,"userid":863,"name":"Chris A","avatar":"https://cdn.discordapp.com/avatars/415560774283427860/4f7b8d964bad29469a9d70cddb9cfadc.png"},"point":407},{"user":{"uid":1034,"userid":635,"name":"fox_bot","avatar":"https://cdn.discordapp.com/avatars/673289306424475659/6760c43d2e087fd99eeef160473251a3.png"},"point":376},{"user":{"uid":759,"userid":501,"name":"TheSkiller","avatar":"https://cdn.discordapp.com/avatars/665158641355325450/da6b6d4e62038b3f92dd42b7b34f7ec9.png"},"point":354},{"user":{"uid":1419,"userid":880,"name":"Mister E","avatar":"https://cdn.discordapp.com/avatars/519617154782461991/4a0616a32ffc7f7ee6eeeeab8c9952e5.png"},"point":336},{"user":{"uid":1411,"userid":867,"name":"Coolengineer","avatar":"https://cdn.discordapp.com/avatars/247159248272752640/59e18cf589e2aaee61edb8d0a62b6b48.png"},"point":329},{"user":{"uid":519,"userid":869,"name":"Schmidy","avatar":"https://cdn.discordapp.com/avatars/667170689572274187/e4bb38aea1638e76f6c537d190da07f6.png"},"point":327},{"user":{"uid":1438,"userid":890,"name":"DonDrix","avatar":"https://cdn.discordapp.com/avatars/334372720789815308/fd5ba77e32c2f1e611be6342843fa544.png"},"point":321},{"user":{"uid":1442,"userid":891,"name":"bhs","avatar":"https://cdn.discordapp.com/avatars/805466630875250698/b0f443de677c171732a4bd4f1e5e0445.png"},"point":281},{"user":{"uid":1039,"userid":637,"name":"Dutchman6149","avatar":"https://cdn.discordapp.com/avatars/1089970918169776317/518899061d0c7aa71638cf2a46dfa547.png"},"point":263},{"user":{"uid":156,"userid":308,"name":"Finley Fennacs","avatar":"https://cdn.discordapp.com/avatars/177493036031410176/3f47a89be0eb84e8ad989ba76e78b620.png"},"point":250},{"user":{"uid":811,"userid":524,"name":"GroMan","avatar":"https://cdn.discordapp.com/avatars/765968204350095370/f4920ff9d510740ba6007f9a278e1002.png"},"point":200},{"user":{"uid":1245,"userid":764,"name":"Eiffel Tower Owner","avatar":"https://cdn.discordapp.com/avatars/909015760347734036/c8847952f95c26f402e44d41e997c8cd.png"},"point":179},{"user":{"uid":858,"userid":547,"name":"scotty","avatar":"https://cdn.discordapp.com/avatars/857726076495331329/985c6b1bd38c5f93bc7b16f515502202.png"},"point":175},{"user":{"uid":1342,"userid":828,"name":"Daniel","avatar":"https://cdn.discordapp.com/avatars/541172246207791114/600374feb5b9287f0b354b1ff11870d1.png"},"point":135},{"user":{"uid":276,"userid":417,"name":"Tyler","avatar":"https://cdn.discordapp.com/avatars/413462464022446084/90568c0e691e6dbe6786b29dc9ad98be.png"},"point":36},{"user":{"uid":1325,"userid":816,"name":"Kian UK","avatar":"https://avatars.steamstatic.com/fef49e7fa7e1997310d705b2a6158ff8dc1cdfeb_full.jpg"},"point":0}],"fma":[{"user":{"uid":1382,"userid":847,"name":"Aeroplane","avatar":"https://cdn.discordapp.com/avatars/919580354736705617/cd8c60e397730ab82e685faaf72d3c77.png"},"point":110988},{"user":{"uid":1253,"userid":769,"name":"Sunny","avatar":"https://cdn.discordapp.com/avatars/335148756653572098/00a5292662c6be574ce781717de8bfeb.png"},"point":104789},{"user":{"uid":3,"userid":2,"name":"Delta","avatar":"https://cdn.discordapp.com/avatars/710535657650651157/e21a44412b740e2e3bba4f4cc015a9e8.png"},"point":103621},{"user":{"uid":119,"userid":258,"name":"LordLegend","avatar":"https://cdn.discordapp.com/avatars/507573290995417108/294e2517c647c3c8703945fbc200afcd.png"},"point":103020},{"user":{"uid":112,"userid":657,"name":"zatrisss","avatar":"https://cdn.discordapp.com/avatars/270114281280765956/bd3d357d89f9d06a3bde98ffedda3976.png"},"point":102432},{"user":{"uid":1316,"userid":807,"name":"Gota","avatar":"https://cdn.discordapp.com/avatars/167291299693723648/beb31f691ab4478e3268181a76f3a451.png"},"point":101611},{"user":{"uid":1034,"userid":635,"name":"fox_bot","avatar":"https://cdn.discordapp.com/avatars/673289306424475659/6760c43d2e087fd99eeef160473251a3.png"},"point":100851},{"user":{"uid":519,"userid":869,"name":"Schmidy","avatar":"https://cdn.discordapp.com/avatars/667170689572274187/e4bb38aea1638e76f6c537d190da07f6.png"},"point":100602},{"user":{"uid":1411,"userid":867,"name":"Coolengineer","avatar":"https://cdn.discordapp.com/avatars/247159248272752640/59e18cf589e2aaee61edb8d0a62b6b48.png"},"point":100579},{"user":{"uid":619,"userid":418,"name":"NumberHunter91","avatar":"https://cdn.discordapp.com/avatars/276407067223392256/c656134c8d2a712de1b2dbaf3856e995.png"},"point":100562},{"user":{"uid":1401,"userid":863,"name":"Chris A","avatar":"https://cdn.discordapp.com/avatars/415560774283427860/4f7b8d964bad29469a9d70cddb9cfadc.png"},"point":100407},{"user":{"uid":276,"userid":417,"name":"Tyler","avatar":"https://cdn.discordapp.com/avatars/413462464022446084/90568c0e691e6dbe6786b29dc9ad98be.png"},"point":100036},{"user":{"uid":2,"userid":1,"name":"Shadows","avatar":"https://cdn.discordapp.com/avatars/763197983797149726/a_5c1f0e32cd149b5738174526428443be.gif"},"point":100000},{"user":{"uid":863,"userid":854,"name":"jelledude","avatar":"https://cdn.discordapp.com/avatars/503143884080021514/5647b53045a177f1d215d6dbcf415d10.png"},"point":100000},{"user":{"uid":1061,"userid":656,"name":"Thy Night Owl","avatar":"https://cdn.discordapp.com/avatars/678366200312496154/7e3c44efb2393e0a9a4b593cb42f936d.png"},"point":8545},{"user":{"uid":1160,"userid":699,"name":"jodycc","avatar":"https://cdn.discordapp.com/avatars/623249122761375760/adc25e15fe96d56656319e2a159d9458.png"},"point":4050},{"user":{"uid":1310,"userid":803,"name":"[IMP] Rimuru Tempest","avatar":"https://cdn.discordapp.com/avatars/263721765879021569/64abe2f8ab98f8c779a0ad329591b73a.png"},"point":3412},{"user":{"uid":1266,"userid":775,"name":"Khan_X1","avatar":"https://static.truckersmp.com/avatarsN/5358897.1705606399.png"},"point":2365},{"user":{"uid":716,"userid":476,"name":"mwe2187","avatar":"https://cdn.discordapp.com/avatars/628250855899922448/93721c72d6dba299ffc43f2a9a13483b.png"},"point":2300},{"user":{"uid":870,"userid":553,"name":"evilzocken","avatar":"https://cdn.discordapp.com/avatars/665665436678881280/25d7fd2d1432b799ac4b37a8d7592c6a.png"},"point":1501},{"user":{"uid":980,"userid":609,"name":"DdoubleE","avatar":"https://cdn.discordapp.com/avatars/673140683619434496/56c1bbc887f399c378567f7dbab5bbe0.png"},"point":1485},{"user":{"uid":924,"userid":576,"name":"🌈Hearty_Laces🌈They/Them","avatar":"https://cdn.discordapp.com/avatars/461978281906929675/9128b3d5991d797b2e4060e71c4c5f41.png"},"point":1407},{"user":{"uid":1271,"userid":780,"name":"brazvo (Bruno)","avatar":"https://cdn.discordapp.com/avatars/823826275964682251/c28159cbabe58874bd1244a97d68d24b.png"},"point":1347},{"user":{"uid":1105,"userid":675,"name":"Jack3D60","avatar":"https://cdn.discordapp.com/avatars/805496381754048572/bcf10ae824b274e1c532971dcb857977.png"},"point":1187},{"user":{"uid":717,"userid":477,"name":"Turnt","avatar":"https://cdn.discordapp.com/avatars/417130736848470039/a_af2f73ff3f0bf8c460edc1b1f02192f9.gif"},"point":1044},{"user":{"uid":1444,"userid":893,"name":"Бѳцпcёя","avatar":"https://cdn.discordapp.com/avatars/439872956739354625/a582fc3e498c341cd8e8309f4aea73b6.png"},"point":844},{"user":{"uid":1419,"userid":880,"name":"Mister E","avatar":"https://cdn.discordapp.com/avatars/519617154782461991/4a0616a32ffc7f7ee6eeeeab8c9952e5.png"},"point":836},{"user":{"uid":971,"userid":604,"name":"patriotic clone trooper","avatar":"https://cdn.discordapp.com/avatars/577748827470168075/3f3c57f906d80e80dff8ed6e54c70d25.png"},"point":788},{"user":{"uid":1097,"userid":670,"name":"Ramin Tanuwong [TH]","avatar":"https://static.truckersmp.com/avatarsN/3757199.1645214262.jpg"},"point":713},{"user":{"uid":87,"userid":203,"name":"pvfcmatt1","avatar":"https://cdn.discordapp.com/avatars/668822602806198278/eb4c4684efc13d2a58ddeae555edc5a7.png"},"point":694},{"user":{"uid":671,"userid":448,"name":"Rocky","avatar":"https://cdn.discordapp.com/avatars/508226509744635904/6696b0bd9167804479c233924b375fa1.png"},"point":672},{"user":{"uid":1187,"userid":726,"name":"afrikandionysus","avatar":"https://cdn.discordapp.com/avatars/759714918177177670/661f5840a2c808aa6c88959f5a379f8d.png"},"point":474},{"user":{"uid":759,"userid":501,"name":"TheSkiller","avatar":"https://cdn.discordapp.com/avatars/665158641355325450/da6b6d4e62038b3f92dd42b7b34f7ec9.png"},"point":354},{"user":{"uid":1438,"userid":890,"name":"DonDrix","avatar":"https://cdn.discordapp.com/avatars/334372720789815308/fd5ba77e32c2f1e611be6342843fa544.png"},"point":321},{"user":{"uid":1442,"userid":891,"name":"bhs","avatar":"https://cdn.discordapp.com/avatars/805466630875250698/b0f443de677c171732a4bd4f1e5e0445.png"},"point":281},{"user":{"uid":1039,"userid":637,"name":"Dutchman6149","avatar":"https://cdn.discordapp.com/avatars/1089970918169776317/518899061d0c7aa71638cf2a46dfa547.png"},"point":263},{"user":{"uid":156,"userid":308,"name":"Finley Fennacs","avatar":"https://cdn.discordapp.com/avatars/177493036031410176/3f47a89be0eb84e8ad989ba76e78b620.png"},"point":250},{"user":{"uid":811,"userid":524,"name":"GroMan","avatar":"https://cdn.discordapp.com/avatars/765968204350095370/f4920ff9d510740ba6007f9a278e1002.png"},"point":200},{"user":{"uid":1399,"userid":860,"name":"TEA_K1NG","avatar":"https://cdn.discordapp.com/avatars/945052168287826030/0f81cfdddfab62c5e3ef470e08faf360.png"},"point":200},{"user":{"uid":1245,"userid":764,"name":"Eiffel Tower Owner","avatar":"https://cdn.discordapp.com/avatars/909015760347734036/c8847952f95c26f402e44d41e997c8cd.png"},"point":179},{"user":{"uid":858,"userid":547,"name":"scotty","avatar":"https://cdn.discordapp.com/avatars/857726076495331329/985c6b1bd38c5f93bc7b16f515502202.png"},"point":175},{"user":{"uid":1342,"userid":828,"name":"Daniel","avatar":"https://cdn.discordapp.com/avatars/541172246207791114/600374feb5b9287f0b354b1ff11870d1.png"},"point":135},{"user":{"uid":1325,"userid":816,"name":"Kian UK","avatar":"https://avatars.steamstatic.com/fef49e7fa7e1997310d705b2a6158ff8dc1cdfeb_full.jpg"},"point":0}]}