{"fmd":[{"user":{"uid":342,"userid":279,"name":"Nadine97","avatar":"https://static.truckersmp.com/avatarsN/5464335.1715126595.jpg"},"point":7303},{"user":{"uid":43,"userid":31,"name":"[GER]Christian","avatar":"https://static.truckersmp.com/avatarsN/196694.1705792859.png"},"point":4713},{"user":{"uid":152,"userid":135,"name":"manu7432","avatar":"https://cdn.discordapp.com/avatars/1024735246249373777/2d7e240ada7e8d3f41e4150fb6b1d0aa.png"},"point":3901},{"user":{"uid":85,"userid":76,"name":"BratPfanne","avatar":"https://cdn.discordapp.com/avatars/280066593428340739/935c5dc2cac4ab6850284f71bacf7134.png"},"point":3414},{"user":{"uid":325,"userid":265,"name":"[GER] Sääm","avatar":"https://static.truckersmp.com/avatarsN/2524791.1714481709.jpg"},"point":3294},{"user":{"uid":272,"userid":227,"name":"Pfindus","avatar":"https://static.truckersmp.com/avatarsN/4311053.1710660288.png"},"point":2421},{"user":{"uid":205,"userid":207,"name":"Taro Kun","avatar":"https://cdn.discordapp.com/avatars/690602863499673660/2f5c46ca1b40b993b01f73dd3c1fdb9a.png"},"point":2154},{"user":{"uid":46,"userid":44,"name":"Linus14_trucker","avatar":"https://cdn.discordapp.com/avatars/973298563750719518/f8077addf056d9aaf51c748928a4a6d2.png"},"point":1968},{"user":{"uid":295,"userid":246,"name":"Tiberius","avatar":"https://cdn.discordapp.com/avatars/305385843428950026/6c00ebb9bf00d5c68028e29af849b1ad.png"},"point":1922},{"user":{"uid":71,"userid":60,"name":"geronimo8815","avatar":"https://static.truckersmp.com/avatarsN/5294261.1711913743.png"},"point":1883},{"user":{"uid":345,"userid":281,"name":"SpeiRox_","avatar":"https://cdn.discordapp.com/avatars/369461490245435413/53214599eee34fad85857ade045531b1.png"},"point":1726},{"user":{"uid":51,"userid":71,"name":"Joerg45701","avatar":"https://static.truckersmp.com/avatarsN/defaultavatar.png"},"point":1555},{"user":{"uid":91,"userid":85,"name":"Chris94","avatar":"https://cdn.discordapp.com/avatars/618891974765838336/d2fa711dddd045b14969332972ba64b3.png"},"point":1267},{"user":{"uid":318,"userid":259,"name":"Theusios","avatar":"https://cdn.discordapp.com/avatars/294602089739452426/74d1468f7e577c89f2a37dbe4a8ec0fc.png"},"point":1205},{"user":{"uid":266,"userid":221,"name":"Pliegenfilz_xX","avatar":""},"point":1167},{"user":{"uid":93,"userid":79,"name":"Starvin Marvin","avatar":"https://cdn.discordapp.com/avatars/616564166379044893/597930cdaf15fb1a0044037d135a7ceb.png"},"point":1015},{"user":{"uid":17,"userid":15,"name":"Henrix [GER/SWE]","avatar":"https://cdn.discordapp.com/avatars/445963051842273290/bf82a52a3a101f2b795f8baa92feecbf.png"},"point":829},{"user":{"uid":171,"userid":152,"name":"nooby__1337","avatar":"https://cdn.discordapp.com/avatars/323131410154258432/2f118a9e44ee4e5c4745be5aefb3e9d5.png"},"point":730},{"user":{"uid":329,"userid":269,"name":"Vandros","avatar":"https://cdn.discordapp.com/avatars/159231251960561664/74a01b7ba2d7d5bb76d61807fa3c69b6.png"},"point":706},{"user":{"uid":176,"userid":157,"name":"Identity","avatar":"https://cdn.discordapp.com/avatars/383724197744214016/092d4968871fb432b7129173b5c1dc78.png"},"point":696},{"user":{"uid":143,"userid":128,"name":"SchnellerFuchs","avatar":"https://static.truckersmp.com/avatarsN/1121622.1706114410.png"},"point":620},{"user":{"uid":124,"userid":113,"name":"Terrase","avatar":"https://cdn.discordapp.com/avatars/625396497911119882/364fbbd9cf4c0c505f8784af01f4dc2e.png"},"point":578},{"user":{"uid":90,"userid":92,"name":"Truck Driver(GER)","avatar":"https://cdn.discordapp.com/avatars/697753575450738759/7fd627982dc1053d0feca23ee052e524.png"},"point":546},{"user":{"uid":44,"userid":37,"name":"Chaz","avatar":"https://cdn.discordapp.com/avatars/195616243791691777/736984f2893effafb372b7ba85767067.png"},"point":527},{"user":{"uid":73,"userid":65,"name":"Ersque","avatar":"https://cdn.discordapp.com/avatars/219183521711915008/d8224c427b6d0b5f9a2b151734d67e76.png"},"point":417},{"user":{"uid":252,"userid":205,"name":"Wutan Fall","avatar":"https://cdn.discordapp.com/avatars/204296481715388426/eb0c97b37333a5aef73f6cd7875bc750.png"},"point":374},{"user":{"uid":323,"userid":263,"name":"Meijixx","avatar":"https://static.truckersmp.com/avatarsN/defaultavatar.png"},"point":349},{"user":{"uid":12,"userid":10,"name":"Tchabalala/Axel","avatar":"https://cdn.discordapp.com/avatars/336794680454938624/c949fc0ae2a0b67356a833b7f2dfb640.png"},"point":327},{"user":{"uid":92,"userid":84,"name":"Corosion","avatar":"https://cdn.discordapp.com/avatars/233911033859670016/d066a4ff18b288553ae04a47a1c59ed8.png"},"point":253},{"user":{"uid":328,"userid":268,"name":"PhantomGhost702","avatar":"https://static.truckersmp.com/avatarsN/defaultavatar.png"},"point":250},{"user":{"uid":331,"userid":271,"name":"--------L3ONB2A--------","avatar":"https://cdn.discordapp.com/avatars/845376504811880479/79f897fadff29f94f13c3a304b1ca7db.png"},"point":204},{"user":{"uid":141,"userid":196,"name":"MAX294","avatar":"https://cdn.discordapp.com/avatars/488323894831349760/f0ffd3875b74459d0656375b17aa0e6d.png"},"point":127},{"user":{"uid":307,"userid":251,"name":"julex_07","avatar":"https://cdn.discordapp.com/avatars/878671512801009684/b8b0cc1e4da62e31f9c17e52a1054f8b.png"},"point":24},{"user":{"uid":78,"userid":67,"name":"amugosch","avatar":"https://cdn.discordapp.com/avatars/518693794372124672/5949205b8e72fb2bbec984f551835583.png"},"point":0},{"user":{"uid":169,"userid":216,"name":"Homer","avatar":"https://cdn.discordapp.com/avatars/1002149450724159489/d0ab50d2c567f1f0bf2bf1b466ddd521.png"},"point":0}],"fma":[{"user":{"uid":342,"userid":279,"name":"Nadine97","avatar":"https://static.truckersmp.com/avatarsN/5464335.1715126595.jpg"},"point":7303},{"user":{"uid":43,"userid":31,"name":"[GER]Christian","avatar":"https://static.truckersmp.com/avatarsN/196694.1705792859.png"},"point":4713},{"user":{"uid":152,"userid":135,"name":"manu7432","avatar":"https://cdn.discordapp.com/avatars/1024735246249373777/2d7e240ada7e8d3f41e4150fb6b1d0aa.png"},"point":3901},{"user":{"uid":85,"userid":76,"name":"BratPfanne","avatar":"https://cdn.discordapp.com/avatars/280066593428340739/935c5dc2cac4ab6850284f71bacf7134.png"},"point":3414},{"user":{"uid":325,"userid":265,"name":"[GER] Sääm","avatar":"https://static.truckersmp.com/avatarsN/2524791.1714481709.jpg"},"point":3294},{"user":{"uid":272,"userid":227,"name":"Pfindus","avatar":"https://static.truckersmp.com/avatarsN/4311053.1710660288.png"},"point":2421},{"user":{"uid":205,"userid":207,"name":"Taro Kun","avatar":"https://cdn.discordapp.com/avatars/690602863499673660/2f5c46ca1b40b993b01f73dd3c1fdb9a.png"},"point":2154},{"user":{"uid":46,"userid":44,"name":"Linus14_trucker","avatar":"https://cdn.discordapp.com/avatars/973298563750719518/f8077addf056d9aaf51c748928a4a6d2.png"},"point":1968},{"user":{"uid":295,"userid":246,"name":"Tiberius","avatar":"https://cdn.discordapp.com/avatars/305385843428950026/6c00ebb9bf00d5c68028e29af849b1ad.png"},"point":1922},{"user":{"uid":71,"userid":60,"name":"geronimo8815","avatar":"https://static.truckersmp.com/avatarsN/5294261.1711913743.png"},"point":1883},{"user":{"uid":345,"userid":281,"name":"SpeiRox_","avatar":"https://cdn.discordapp.com/avatars/369461490245435413/53214599eee34fad85857ade045531b1.png"},"point":1726},{"user":{"uid":51,"userid":71,"name":"Joerg45701","avatar":"https://static.truckersmp.com/avatarsN/defaultavatar.png"},"point":1555},{"user":{"uid":91,"userid":85,"name":"Chris94","avatar":"https://cdn.discordapp.com/avatars/618891974765838336/d2fa711dddd045b14969332972ba64b3.png"},"point":1267},{"user":{"uid":318,"userid":259,"name":"Theusios","avatar":"https://cdn.discordapp.com/avatars/294602089739452426/74d1468f7e577c89f2a37dbe4a8ec0fc.png"},"point":1205},{"user":{"uid":266,"userid":221,"name":"Pliegenfilz_xX","avatar":""},"point":1167},{"user":{"uid":93,"userid":79,"name":"Starvin Marvin","avatar":"https://cdn.discordapp.com/avatars/616564166379044893/597930cdaf15fb1a0044037d135a7ceb.png"},"point":1015},{"user":{"uid":17,"userid":15,"name":"Henrix [GER/SWE]","avatar":"https://cdn.discordapp.com/avatars/445963051842273290/bf82a52a3a101f2b795f8baa92feecbf.png"},"point":829},{"user":{"uid":171,"userid":152,"name":"nooby__1337","avatar":"https://cdn.discordapp.com/avatars/323131410154258432/2f118a9e44ee4e5c4745be5aefb3e9d5.png"},"point":730},{"user":{"uid":329,"userid":269,"name":"Vandros","avatar":"https://cdn.discordapp.com/avatars/159231251960561664/74a01b7ba2d7d5bb76d61807fa3c69b6.png"},"point":706},{"user":{"uid":176,"userid":157,"name":"Identity","avatar":"https://cdn.discordapp.com/avatars/383724197744214016/092d4968871fb432b7129173b5c1dc78.png"},"point":696},{"user":{"uid":143,"userid":128,"name":"SchnellerFuchs","avatar":"https://static.truckersmp.com/avatarsN/1121622.1706114410.png"},"point":620},{"user":{"uid":124,"userid":113,"name":"Terrase","avatar":"https://cdn.discordapp.com/avatars/625396497911119882/364fbbd9cf4c0c505f8784af01f4dc2e.png"},"point":578},{"user":{"uid":90,"userid":92,"name":"Truck Driver(GER)","avatar":"https://cdn.discordapp.com/avatars/697753575450738759/7fd627982dc1053d0feca23ee052e524.png"},"point":546},{"user":{"uid":44,"userid":37,"name":"Chaz","avatar":"https://cdn.discordapp.com/avatars/195616243791691777/736984f2893effafb372b7ba85767067.png"},"point":527},{"user":{"uid":73,"userid":65,"name":"Ersque","avatar":"https://cdn.discordapp.com/avatars/219183521711915008/d8224c427b6d0b5f9a2b151734d67e76.png"},"point":417},{"user":{"uid":252,"userid":205,"name":"Wutan Fall","avatar":"https://cdn.discordapp.com/avatars/204296481715388426/eb0c97b37333a5aef73f6cd7875bc750.png"},"point":374},{"user":{"uid":323,"userid":263,"name":"Meijixx","avatar":"https://static.truckersmp.com/avatarsN/defaultavatar.png"},"point":349},{"user":{"uid":12,"userid":10,"name":"Tchabalala/Axel","avatar":"https://cdn.discordapp.com/avatars/336794680454938624/c949fc0ae2a0b67356a833b7f2dfb640.png"},"point":327},{"user":{"uid":92,"userid":84,"name":"Corosion","avatar":"https://cdn.discordapp.com/avatars/233911033859670016/d066a4ff18b288553ae04a47a1c59ed8.png"},"point":253},{"user":{"uid":328,"userid":268,"name":"PhantomGhost702","avatar":"https://static.truckersmp.com/avatarsN/defaultavatar.png"},"point":250},{"user":{"uid":331,"userid":271,"name":"--------L3ONB2A--------","avatar":"https://cdn.discordapp.com/avatars/845376504811880479/79f897fadff29f94f13c3a304b1ca7db.png"},"point":204},{"user":{"uid":141,"userid":196,"name":"MAX294","avatar":"https://cdn.discordapp.com/avatars/488323894831349760/f0ffd3875b74459d0656375b17aa0e6d.png"},"point":127},{"user":{"uid":307,"userid":251,"name":"julex_07","avatar":"https://cdn.discordapp.com/avatars/878671512801009684/b8b0cc1e4da62e31f9c17e52a1054f8b.png"},"point":24},{"user":{"uid":78,"userid":67,"name":"amugosch","avatar":"https://cdn.discordapp.com/avatars/518693794372124672/5949205b8e72fb2bbec984f551835583.png"},"point":0},{"user":{"uid":169,"userid":216,"name":"Homer","avatar":"https://cdn.discordapp.com/avatars/1002149450724159489/d0ab50d2c567f1f0bf2bf1b466ddd521.png"},"point":0}]}