{"fmd":[{"user":{"uid":3,"userid":2,"name":"GB |     M.Faruk {21}","avatar":"https://cdn.discordapp.com/avatars/284769507271245825/f4d7f890b3d45b4fcc2acc412335e13a.png"},"point":3369},{"user":{"uid":13,"userid":13,"name":"LOA | Caner [40]","avatar":"https://cdn.discordapp.com/avatars/644261578392469534/fbb3347356714ef7d3ab0443c54c3929.png"},"point":791}],"fma":[{"user":{"uid":3,"userid":2,"name":"GB |     M.Faruk {21}","avatar":"https://cdn.discordapp.com/avatars/284769507271245825/f4d7f890b3d45b4fcc2acc412335e13a.png"},"point":4161},{"user":{"uid":13,"userid":13,"name":"LOA | Caner [40]","avatar":"https://cdn.discordapp.com/avatars/644261578392469534/fbb3347356714ef7d3ab0443c54c3929.png"},"point":929}]}