{"fmd":[{"user":{"uid":648,"userid":521,"name":"Sandro","avatar":"https://cdn.discordapp.com/avatars/221992990275534848/5502ab9ba51414716bca672635e36ccc.png"},"point":2784},{"user":{"uid":636,"userid":513,"name":"MementoMori","avatar":"https://cdn.discordapp.com/avatars/978142750681731182/21fe43da5d69da6ce55d794c5c9c9e17.png"},"point":2673},{"user":{"uid":609,"userid":490,"name":"ralkinvx","avatar":"https://cdn.discordapp.com/avatars/626276063609225221/cdf27d657698337dc22e9a4ba4736900.png"},"point":2551},{"user":{"uid":427,"userid":353,"name":"Versthappening","avatar":"https://cdn.discordapp.com/avatars/851032564801077258/b6762130b06d88078b10d519887e731b.png"},"point":2205},{"user":{"uid":396,"userid":331,"name":"Lucas","avatar":"https://cdn.discordapp.com/avatars/1004644388888117258/40f0905fcd22843d4e831fa18fc7576d.png"},"point":1491},{"user":{"uid":658,"userid":528,"name":"SINIST3R","avatar":"https://cdn.discordapp.com/avatars/269558565180538882/61dd08030cb3986506544afe22066c8a.png"},"point":1289},{"user":{"uid":595,"userid":479,"name":"Championrub","avatar":"https://cdn.discordapp.com/avatars/811982277474123786/57632d6c13f4de8235b03acd0aba016e.png"},"point":1164},{"user":{"uid":610,"userid":491,"name":"zaytoven","avatar":"https://cdn.discordapp.com/avatars/386555958685335563/fbeb103a96e2b3811c54d70f59a6ea9d.png"},"point":1009},{"user":{"uid":458,"userid":377,"name":"LordCancer420","avatar":"https://cdn.discordapp.com/avatars/412529924805492756/38365841d4eaa1db7d73bc11bc478124.png"},"point":943},{"user":{"uid":660,"userid":530,"name":"Rauel","avatar":"https://cdn.discordapp.com/avatars/313128032317472768/031312c709f076e11fb4af16bd03dc0b.png"},"point":916},{"user":{"uid":501,"userid":408,"name":"StrongHunter","avatar":"https://static.truckersmp.com/avatarsN/5291373.1701634237.jpg"},"point":872},{"user":{"uid":25,"userid":96,"name":"[G-T-R]GrayWolf","avatar":"https://cdn.discordapp.com/avatars/463049453067173888/93e0f855de1c1bcdf6924d45b1789338.png"},"point":871},{"user":{"uid":579,"userid":466,"name":"pieter.64","avatar":"https://cdn.discordapp.com/avatars/324877891852828683/00632119b31752fcb8171bbb4279d1f8.png"},"point":870},{"user":{"uid":408,"userid":341,"name":"mcomplex","avatar":"https://cdn.discordapp.com/avatars/437616213145812992/9fb536e5f0080630e86228776cb7f85d.png"},"point":860},{"user":{"uid":651,"userid":523,"name":"Elfik","avatar":"https://cdn.discordapp.com/avatars/648958483185795083/8f18b7e6f4570233b30ed904712c00da.png"},"point":816},{"user":{"uid":516,"userid":417,"name":"Ravsh1k","avatar":"https://cdn.discordapp.com/avatars/901846074740858890/775a54f0f101fa2eb9b9fb54ad87ce55.png"},"point":700},{"user":{"uid":4,"userid":7,"name":"Sang0kas","avatar":"https://cdn.discordapp.com/avatars/327061419818352641/f17a95aa48e93697f0853d91d0dd2a5f.png"},"point":460},{"user":{"uid":49,"userid":155,"name":"𝕃𝕖𝕝𝕖","avatar":"https://cdn.discordapp.com/avatars/757581408763117579/7fa86769562bcd479575f7ce3ad6003e.png"},"point":364},{"user":{"uid":483,"userid":394,"name":"Xikxzy","avatar":"https://cdn.discordapp.com/avatars/960949402191683595/1270700e622dfb0e702498378ecf1317.png"},"point":98}],"fma":[{"user":{"uid":636,"userid":513,"name":"MementoMori","avatar":"https://cdn.discordapp.com/avatars/978142750681731182/21fe43da5d69da6ce55d794c5c9c9e17.png"},"point":3898},{"user":{"uid":648,"userid":521,"name":"Sandro","avatar":"https://cdn.discordapp.com/avatars/221992990275534848/5502ab9ba51414716bca672635e36ccc.png"},"point":2784},{"user":{"uid":609,"userid":490,"name":"ralkinvx","avatar":"https://cdn.discordapp.com/avatars/626276063609225221/cdf27d657698337dc22e9a4ba4736900.png"},"point":2551},{"user":{"uid":427,"userid":353,"name":"Versthappening","avatar":"https://cdn.discordapp.com/avatars/851032564801077258/b6762130b06d88078b10d519887e731b.png"},"point":2205},{"user":{"uid":396,"userid":331,"name":"Lucas","avatar":"https://cdn.discordapp.com/avatars/1004644388888117258/40f0905fcd22843d4e831fa18fc7576d.png"},"point":1491},{"user":{"uid":658,"userid":528,"name":"SINIST3R","avatar":"https://cdn.discordapp.com/avatars/269558565180538882/61dd08030cb3986506544afe22066c8a.png"},"point":1289},{"user":{"uid":595,"userid":479,"name":"Championrub","avatar":"https://cdn.discordapp.com/avatars/811982277474123786/57632d6c13f4de8235b03acd0aba016e.png"},"point":1164},{"user":{"uid":25,"userid":96,"name":"[G-T-R]GrayWolf","avatar":"https://cdn.discordapp.com/avatars/463049453067173888/93e0f855de1c1bcdf6924d45b1789338.png"},"point":1011},{"user":{"uid":610,"userid":491,"name":"zaytoven","avatar":"https://cdn.discordapp.com/avatars/386555958685335563/fbeb103a96e2b3811c54d70f59a6ea9d.png"},"point":1009},{"user":{"uid":501,"userid":408,"name":"StrongHunter","avatar":"https://static.truckersmp.com/avatarsN/5291373.1701634237.jpg"},"point":972},{"user":{"uid":458,"userid":377,"name":"LordCancer420","avatar":"https://cdn.discordapp.com/avatars/412529924805492756/38365841d4eaa1db7d73bc11bc478124.png"},"point":943},{"user":{"uid":660,"userid":530,"name":"Rauel","avatar":"https://cdn.discordapp.com/avatars/313128032317472768/031312c709f076e11fb4af16bd03dc0b.png"},"point":916},{"user":{"uid":579,"userid":466,"name":"pieter.64","avatar":"https://cdn.discordapp.com/avatars/324877891852828683/00632119b31752fcb8171bbb4279d1f8.png"},"point":870},{"user":{"uid":651,"userid":523,"name":"Elfik","avatar":"https://cdn.discordapp.com/avatars/648958483185795083/8f18b7e6f4570233b30ed904712c00da.png"},"point":866},{"user":{"uid":408,"userid":341,"name":"mcomplex","avatar":"https://cdn.discordapp.com/avatars/437616213145812992/9fb536e5f0080630e86228776cb7f85d.png"},"point":860},{"user":{"uid":516,"userid":417,"name":"Ravsh1k","avatar":"https://cdn.discordapp.com/avatars/901846074740858890/775a54f0f101fa2eb9b9fb54ad87ce55.png"},"point":700},{"user":{"uid":4,"userid":7,"name":"Sang0kas","avatar":"https://cdn.discordapp.com/avatars/327061419818352641/f17a95aa48e93697f0853d91d0dd2a5f.png"},"point":460},{"user":{"uid":49,"userid":155,"name":"𝕃𝕖𝕝𝕖","avatar":"https://cdn.discordapp.com/avatars/757581408763117579/7fa86769562bcd479575f7ce3ad6003e.png"},"point":364},{"user":{"uid":480,"userid":395,"name":"Sh0tBlow","avatar":"https://cdn.discordapp.com/avatars/462991116279611392/87bf1e3b76d220025f3fb4b0029427f8.png"},"point":189},{"user":{"uid":551,"userid":448,"name":"Capt_Tom","avatar":"https://cdn.discordapp.com/avatars/1189926623739400235/76a1784b7640fe89bfca945587db07e3.png"},"point":107},{"user":{"uid":483,"userid":394,"name":"Xikxzy","avatar":"https://cdn.discordapp.com/avatars/960949402191683595/1270700e622dfb0e702498378ecf1317.png"},"point":98}]}