{"fmd":[{"user":{"uid":1,"userid":1,"name":"Chinchulines","avatar":"https://static.truckersmp.com/avatarsN/5157719.1708998904.png"},"point":1970},{"user":{"uid":3,"userid":2,"name":"twitch.tv/ el_uruguayooooo","avatar":"https://avatars.steamstatic.com/f559eb3f2353a53b1056d03c2968037b59fec846_full.jpg"},"point":1646},{"user":{"uid":8,"userid":4,"name":"fruttinicolas","avatar":"https://avatars.steamstatic.com/3023e43df6a37e11e2792ef1e5456000bffc3394_full.jpg"},"point":1050},{"user":{"uid":5,"userid":7,"name":"H. Salamanca","avatar":"https://avatars.steamstatic.com/13327a4e2eb8f0b61f58ef98f8904599b1d7b16b_full.jpg"},"point":990}],"fma":[{"user":{"uid":8,"userid":4,"name":"fruttinicolas","avatar":"https://avatars.steamstatic.com/3023e43df6a37e11e2792ef1e5456000bffc3394_full.jpg"},"point":4850},{"user":{"uid":1,"userid":1,"name":"Chinchulines","avatar":"https://static.truckersmp.com/avatarsN/5157719.1708998904.png"},"point":2970},{"user":{"uid":3,"userid":2,"name":"twitch.tv/ el_uruguayooooo","avatar":"https://avatars.steamstatic.com/f559eb3f2353a53b1056d03c2968037b59fec846_full.jpg"},"point":2046},{"user":{"uid":5,"userid":7,"name":"H. Salamanca","avatar":"https://avatars.steamstatic.com/13327a4e2eb8f0b61f58ef98f8904599b1d7b16b_full.jpg"},"point":1390}]}