{"fmd":[{"user":{"uid":203,"userid":173,"name":"(DR) Billy1bob","avatar":""},"point":11749},{"user":{"uid":210,"userid":180,"name":"(DRT) Dark_age_gamer (Stuart)","avatar":"https://cdn.discordapp.com/avatars/952110105028079668/925f4268ce0ee99d5da863af64fba716.png"},"point":4323},{"user":{"uid":1,"userid":0,"name":"(Owner) Essex","avatar":"https://cdn.discordapp.com/avatars/986728515892285461/a_c4301bd78f1d1d60c25f66672af89a9a.gif"},"point":1512},{"user":{"uid":6,"userid":3,"name":"(Co Owner) Angry Raptor","avatar":"https://cdn.discordapp.com/avatars/474484979548815360/6347a182410a674dfb6f831275c1b803.png"},"point":1022},{"user":{"uid":132,"userid":107,"name":"(DR) ICECASTLEII","avatar":"https://cdn.discordapp.com/avatars/737992053082030091/3082ba6448a957be5deef0273a3047b4.png"},"point":676},{"user":{"uid":13,"userid":9,"name":"(Co Owner) BRDYVPR","avatar":"https://cdn.discordapp.com/avatars/760196239022489633/e52474f8d25af8ac2dbffaddb6943c37.png"},"point":493},{"user":{"uid":209,"userid":179,"name":"(DRT) celticcarrots","avatar":"https://cdn.discordapp.com/avatars/387561475709075466/8a663c0e4edf64e2828bb3ed0de97bf4.png"},"point":245},{"user":{"uid":192,"userid":163,"name":"(DR) Diican","avatar":""},"point":0},{"user":{"uid":208,"userid":178,"name":"(DRT) hullfc203 (truckingboss90)","avatar":"https://cdn.discordapp.com/avatars/434696049962254336/a6491b27e31a4418d691d09bbc3b636e.png"},"point":0}],"fma":[{"user":{"uid":203,"userid":173,"name":"(DR) Billy1bob","avatar":""},"point":11749},{"user":{"uid":210,"userid":180,"name":"(DRT) Dark_age_gamer (Stuart)","avatar":"https://cdn.discordapp.com/avatars/952110105028079668/925f4268ce0ee99d5da863af64fba716.png"},"point":4323},{"user":{"uid":1,"userid":0,"name":"(Owner) Essex","avatar":"https://cdn.discordapp.com/avatars/986728515892285461/a_c4301bd78f1d1d60c25f66672af89a9a.gif"},"point":2320},{"user":{"uid":6,"userid":3,"name":"(Co Owner) Angry Raptor","avatar":"https://cdn.discordapp.com/avatars/474484979548815360/6347a182410a674dfb6f831275c1b803.png"},"point":1222},{"user":{"uid":13,"userid":9,"name":"(Co Owner) BRDYVPR","avatar":"https://cdn.discordapp.com/avatars/760196239022489633/e52474f8d25af8ac2dbffaddb6943c37.png"},"point":893},{"user":{"uid":132,"userid":107,"name":"(DR) ICECASTLEII","avatar":"https://cdn.discordapp.com/avatars/737992053082030091/3082ba6448a957be5deef0273a3047b4.png"},"point":676},{"user":{"uid":209,"userid":179,"name":"(DRT) celticcarrots","avatar":"https://cdn.discordapp.com/avatars/387561475709075466/8a663c0e4edf64e2828bb3ed0de97bf4.png"},"point":245},{"user":{"uid":192,"userid":163,"name":"(DR) Diican","avatar":""},"point":0},{"user":{"uid":208,"userid":178,"name":"(DRT) hullfc203 (truckingboss90)","avatar":"https://cdn.discordapp.com/avatars/434696049962254336/a6491b27e31a4418d691d09bbc3b636e.png"},"point":0}]}