{"fmd":[{"user":{"uid":358,"userid":258,"name":"KARAMITROS","avatar":"https://cdn.discordapp.com/avatars/884473658884649011/3527b044612c65be1a2e46dcec9693e4.png"},"point":513},{"user":{"uid":363,"userid":261,"name":"Hen_Saf","avatar":"https://cdn.discordapp.com/avatars/767735764599439360/7dafddaf3752db3fc0d05dfe2a6ba8cb.png"},"point":383},{"user":{"uid":351,"userid":254,"name":"nini","avatar":"https://cdn.discordapp.com/avatars/288301509396135938/5a66cfa9d77fa21a889e7c0a90733334.png"},"point":51},{"user":{"uid":1,"userid":0,"name":"Brad","avatar":"https://cdn.discordapp.com/avatars/507570358782525451/0f8d2ac0cb4d5df4b45d8529b6efe809.png"},"point":2},{"user":{"uid":369,"userid":266,"name":"KRNBR4N","avatar":"https://static.truckersmp.com/avatarsN/5311993.1702834926.jpg"},"point":0}],"fma":[{"user":{"uid":356,"userid":257,"name":"prince","avatar":"https://cdn.discordapp.com/avatars/561960385750761472/baa8187f57979991d38812e415d41191.png"},"point":50000},{"user":{"uid":218,"userid":246,"name":"Jord","avatar":"https://cdn.discordapp.com/avatars/684027652016832535/fa88b9b0dd673495c894582f075a5a83.png"},"point":25000},{"user":{"uid":107,"userid":252,"name":"Super","avatar":"https://cdn.discordapp.com/avatars/916681745993191425/3f6af4faa223998b3aa36866b11a40a1.png"},"point":25000},{"user":{"uid":358,"userid":258,"name":"KARAMITROS","avatar":"https://cdn.discordapp.com/avatars/884473658884649011/3527b044612c65be1a2e46dcec9693e4.png"},"point":513},{"user":{"uid":363,"userid":261,"name":"Hen_Saf","avatar":"https://cdn.discordapp.com/avatars/767735764599439360/7dafddaf3752db3fc0d05dfe2a6ba8cb.png"},"point":383},{"user":{"uid":351,"userid":254,"name":"nini","avatar":"https://cdn.discordapp.com/avatars/288301509396135938/5a66cfa9d77fa21a889e7c0a90733334.png"},"point":51},{"user":{"uid":1,"userid":0,"name":"Brad","avatar":"https://cdn.discordapp.com/avatars/507570358782525451/0f8d2ac0cb4d5df4b45d8529b6efe809.png"},"point":2},{"user":{"uid":369,"userid":266,"name":"KRNBR4N","avatar":"https://static.truckersmp.com/avatarsN/5311993.1702834926.jpg"},"point":0}]}