{"fmd":[{"user":{"uid":194,"userid":150,"name":"_W0LFIE_","avatar":"https://cdn.discordapp.com/avatars/1153533912254009377/a5ed6f2947b1d14be30844cd4e1508cd.png"},"point":4783},{"user":{"uid":283,"userid":211,"name":"atg.🦆","avatar":"https://cdn.discordapp.com/avatars/748911314533089422/3cf27c2129325e34b0066145e056116c.png"},"point":2974},{"user":{"uid":1,"userid":1,"name":"!itsPeanutttt","avatar":"https://cdn.discordapp.com/avatars/208757218013609985/a_b8fae2196be237eb9612f9daed82c1e3.gif"},"point":2737},{"user":{"uid":140,"userid":107,"name":"Ata35","avatar":"https://cdn.discordapp.com/avatars/320518548046741505/67114a1cf7e0397b1e94fc8af83fd158.png"},"point":1519},{"user":{"uid":43,"userid":34,"name":"TigerPlayz302","avatar":"https://cdn.discordapp.com/avatars/925072966021152798/efc0896809722ff397dd18e15ee8afc3.png"},"point":1209},{"user":{"uid":173,"userid":133,"name":"LizzyM#290199","avatar":""},"point":1070},{"user":{"uid":176,"userid":136,"name":"Para","avatar":""},"point":543},{"user":{"uid":15,"userid":10,"name":"MarlonSkills","avatar":"https://cdn.discordapp.com/avatars/315956778884005890/9a3d00de17d4e51023e4dc7542353ce7.png"},"point":528},{"user":{"uid":213,"userid":163,"name":"Little Meow","avatar":"https://cdn.discordapp.com/avatars/1019561099177234442/ddd644a232498d08379163bd4797740e.png"},"point":527},{"user":{"uid":146,"userid":112,"name":"maxr","avatar":"https://cdn.discordapp.com/avatars/697145117458301013/8fc3d9c9fcb32f3b81c47ef234d1a62f.png"},"point":474},{"user":{"uid":8,"userid":6,"name":"ll iScuf ll","avatar":"https://cdn.discordapp.com/avatars/321795006178525186/a_b79d3e9a2be03b5fc4d9c795da893874.gif"},"point":473},{"user":{"uid":134,"userid":104,"name":"Freshmuscl3","avatar":"https://static.truckersmp.com/avatarsN/5222182.1706276666.png"},"point":382},{"user":{"uid":306,"userid":225,"name":"Mohammad_Pouria","avatar":"https://static.truckersmp.com/avatarsN/5148065.1715490831.jpg"},"point":221},{"user":{"uid":211,"userid":160,"name":"Oggy","avatar":"https://cdn.discordapp.com/avatars/813944061073293372/a3e4d996612ac3bed7b72bbbcc6660bd.png"},"point":0}],"fma":[{"user":{"uid":242,"userid":185,"name":"Itmehokiledu","avatar":"https://cdn.discordapp.com/avatars/384091675997241344/c8675ddaab83431958ee30dc5605b336.png"},"point":25000},{"user":{"uid":128,"userid":98,"name":"repsaj","avatar":"https://cdn.discordapp.com/avatars/508654072145117186/206047a0b4dee71003ef7e4472eeb89d.png"},"point":25000},{"user":{"uid":194,"userid":150,"name":"_W0LFIE_","avatar":"https://cdn.discordapp.com/avatars/1153533912254009377/a5ed6f2947b1d14be30844cd4e1508cd.png"},"point":5380},{"user":{"uid":1,"userid":1,"name":"!itsPeanutttt","avatar":"https://cdn.discordapp.com/avatars/208757218013609985/a_b8fae2196be237eb9612f9daed82c1e3.gif"},"point":5065},{"user":{"uid":283,"userid":211,"name":"atg.🦆","avatar":"https://cdn.discordapp.com/avatars/748911314533089422/3cf27c2129325e34b0066145e056116c.png"},"point":3135},{"user":{"uid":43,"userid":34,"name":"TigerPlayz302","avatar":"https://cdn.discordapp.com/avatars/925072966021152798/efc0896809722ff397dd18e15ee8afc3.png"},"point":2374},{"user":{"uid":140,"userid":107,"name":"Ata35","avatar":"https://cdn.discordapp.com/avatars/320518548046741505/67114a1cf7e0397b1e94fc8af83fd158.png"},"point":2341},{"user":{"uid":134,"userid":104,"name":"Freshmuscl3","avatar":"https://static.truckersmp.com/avatarsN/5222182.1706276666.png"},"point":1907},{"user":{"uid":176,"userid":136,"name":"Para","avatar":""},"point":1178},{"user":{"uid":8,"userid":6,"name":"ll iScuf ll","avatar":"https://cdn.discordapp.com/avatars/321795006178525186/a_b79d3e9a2be03b5fc4d9c795da893874.gif"},"point":1124},{"user":{"uid":173,"userid":133,"name":"LizzyM#290199","avatar":""},"point":1070},{"user":{"uid":15,"userid":10,"name":"MarlonSkills","avatar":"https://cdn.discordapp.com/avatars/315956778884005890/9a3d00de17d4e51023e4dc7542353ce7.png"},"point":940},{"user":{"uid":306,"userid":225,"name":"Mohammad_Pouria","avatar":"https://static.truckersmp.com/avatarsN/5148065.1715490831.jpg"},"point":659},{"user":{"uid":146,"userid":112,"name":"maxr","avatar":"https://cdn.discordapp.com/avatars/697145117458301013/8fc3d9c9fcb32f3b81c47ef234d1a62f.png"},"point":650},{"user":{"uid":213,"userid":163,"name":"Little Meow","avatar":"https://cdn.discordapp.com/avatars/1019561099177234442/ddd644a232498d08379163bd4797740e.png"},"point":527},{"user":{"uid":211,"userid":160,"name":"Oggy","avatar":"https://cdn.discordapp.com/avatars/813944061073293372/a3e4d996612ac3bed7b72bbbcc6660bd.png"},"point":0}]}