{"fmd":[{"user":{"uid":50,"userid":43,"name":"Tarial","avatar":"https://avatars.steamstatic.com/852cd2da47222f03895ad2c285d0980e4f003168_full.jpg"},"point":5050},{"user":{"uid":136,"userid":121,"name":"Fuzzi_One","avatar":"https://avatars.steamstatic.com/80dc5c843904a69c82033fa7600d24e61dc9b370_full.jpg"},"point":4269},{"user":{"uid":31,"userid":22,"name":"[RSL] Fun_irrenanstalt","avatar":""},"point":4139},{"user":{"uid":3,"userid":3,"name":"Yglo233","avatar":"https://avatars.steamstatic.com/31b7c52f47bfc7fdf48a7793bcc63254fbb4d4e0_full.jpg"},"point":2614},{"user":{"uid":171,"userid":154,"name":"dom_binda","avatar":"https://avatars.steamstatic.com/850c742b99f1bd3b7e51baab91a51db1ac4e08c8_full.jpg"},"point":2146},{"user":{"uid":222,"userid":193,"name":"[RSL] Joshua","avatar":"https://cdn.discordapp.com/avatars/400402081581629450/9fa983d90e5f15b9082e9506057131ef.png"},"point":1876},{"user":{"uid":212,"userid":186,"name":"CookerSquid","avatar":"https://avatars.steamstatic.com/174d7abab445013b954bd515339e811c313bbbf1_full.jpg"},"point":1821},{"user":{"uid":27,"userid":40,"name":"Odin","avatar":"https://avatars.steamstatic.com/d85514129aa7b2bd055e58358fea8f36254dbc3b_full.jpg"},"point":1790},{"user":{"uid":181,"userid":160,"name":"Edgarianer007","avatar":"https://avatars.steamstatic.com/de0a5993bd753b89c6b5c132a26d7ddc838e4424_full.jpg"},"point":1694},{"user":{"uid":191,"userid":170,"name":"TheAndy33","avatar":"https://avatars.steamstatic.com/bf469dff0dd81e52001fff72d1cc373d855c5498_full.jpg"},"point":1569},{"user":{"uid":223,"userid":194,"name":"Fidk","avatar":"https://avatars.steamstatic.com/315a03c038d583b82044d2289104d6b2c6929131_full.jpg"},"point":1157},{"user":{"uid":147,"userid":132,"name":"Der  Opa","avatar":"https://cdn.discordapp.com/avatars/390841934358249482/5182d95c0600108142ddbca2b09a1bb4.png"},"point":1147},{"user":{"uid":55,"userid":50,"name":"zogger9000","avatar":"https://static.truckersmp.com/avatarsN/defaultavatar.png"},"point":1051},{"user":{"uid":64,"userid":57,"name":"captainbubatz","avatar":"https://avatars.steamstatic.com/05e287bb68b9dd3798bae459b8e7d4cc59c5e9a5_full.jpg"},"point":993},{"user":{"uid":143,"userid":128,"name":"Tomm82m","avatar":"https://avatars.steamstatic.com/70845c436d1d1acef2a024c0a46d21d53c13eda5_full.jpg"},"point":967},{"user":{"uid":174,"userid":163,"name":"matto3_0","avatar":"https://avatars.steamstatic.com/def847b7a7bffa014ac28f21e9a278648b903f0e_full.jpg"},"point":923},{"user":{"uid":183,"userid":161,"name":"2Lost4Playing","avatar":"https://avatars.steamstatic.com/a73955f5d746e6e266b5170c2eed3047928ff0b7_full.jpg"},"point":347},{"user":{"uid":130,"userid":115,"name":"GhostRiDeR_REAL","avatar":"https://avatars.steamstatic.com/0f18411149a060051bdafef053969f859dc73196_full.jpg"},"point":337},{"user":{"uid":75,"userid":67,"name":"GunGamerTV","avatar":"https://avatars.steamstatic.com/64ae1da41a9c51a5ab44c29f0b054b14123aabe4_full.jpg"},"point":296},{"user":{"uid":198,"userid":175,"name":"SiKe_342","avatar":"https://avatars.steamstatic.com/1fd7929be85d31c2215352cf1dd62fe4f50f6539_full.jpg"},"point":0}],"fma":[{"user":{"uid":50,"userid":43,"name":"Tarial","avatar":"https://avatars.steamstatic.com/852cd2da47222f03895ad2c285d0980e4f003168_full.jpg"},"point":5050},{"user":{"uid":136,"userid":121,"name":"Fuzzi_One","avatar":"https://avatars.steamstatic.com/80dc5c843904a69c82033fa7600d24e61dc9b370_full.jpg"},"point":4269},{"user":{"uid":31,"userid":22,"name":"[RSL] Fun_irrenanstalt","avatar":""},"point":4139},{"user":{"uid":3,"userid":3,"name":"Yglo233","avatar":"https://avatars.steamstatic.com/31b7c52f47bfc7fdf48a7793bcc63254fbb4d4e0_full.jpg"},"point":2614},{"user":{"uid":171,"userid":154,"name":"dom_binda","avatar":"https://avatars.steamstatic.com/850c742b99f1bd3b7e51baab91a51db1ac4e08c8_full.jpg"},"point":2146},{"user":{"uid":222,"userid":193,"name":"[RSL] Joshua","avatar":"https://cdn.discordapp.com/avatars/400402081581629450/9fa983d90e5f15b9082e9506057131ef.png"},"point":1876},{"user":{"uid":212,"userid":186,"name":"CookerSquid","avatar":"https://avatars.steamstatic.com/174d7abab445013b954bd515339e811c313bbbf1_full.jpg"},"point":1821},{"user":{"uid":27,"userid":40,"name":"Odin","avatar":"https://avatars.steamstatic.com/d85514129aa7b2bd055e58358fea8f36254dbc3b_full.jpg"},"point":1790},{"user":{"uid":181,"userid":160,"name":"Edgarianer007","avatar":"https://avatars.steamstatic.com/de0a5993bd753b89c6b5c132a26d7ddc838e4424_full.jpg"},"point":1694},{"user":{"uid":191,"userid":170,"name":"TheAndy33","avatar":"https://avatars.steamstatic.com/bf469dff0dd81e52001fff72d1cc373d855c5498_full.jpg"},"point":1569},{"user":{"uid":223,"userid":194,"name":"Fidk","avatar":"https://avatars.steamstatic.com/315a03c038d583b82044d2289104d6b2c6929131_full.jpg"},"point":1157},{"user":{"uid":147,"userid":132,"name":"Der  Opa","avatar":"https://cdn.discordapp.com/avatars/390841934358249482/5182d95c0600108142ddbca2b09a1bb4.png"},"point":1147},{"user":{"uid":55,"userid":50,"name":"zogger9000","avatar":"https://static.truckersmp.com/avatarsN/defaultavatar.png"},"point":1051},{"user":{"uid":64,"userid":57,"name":"captainbubatz","avatar":"https://avatars.steamstatic.com/05e287bb68b9dd3798bae459b8e7d4cc59c5e9a5_full.jpg"},"point":993},{"user":{"uid":143,"userid":128,"name":"Tomm82m","avatar":"https://avatars.steamstatic.com/70845c436d1d1acef2a024c0a46d21d53c13eda5_full.jpg"},"point":967},{"user":{"uid":174,"userid":163,"name":"matto3_0","avatar":"https://avatars.steamstatic.com/def847b7a7bffa014ac28f21e9a278648b903f0e_full.jpg"},"point":923},{"user":{"uid":183,"userid":161,"name":"2Lost4Playing","avatar":"https://avatars.steamstatic.com/a73955f5d746e6e266b5170c2eed3047928ff0b7_full.jpg"},"point":347},{"user":{"uid":130,"userid":115,"name":"GhostRiDeR_REAL","avatar":"https://avatars.steamstatic.com/0f18411149a060051bdafef053969f859dc73196_full.jpg"},"point":337},{"user":{"uid":75,"userid":67,"name":"GunGamerTV","avatar":"https://avatars.steamstatic.com/64ae1da41a9c51a5ab44c29f0b054b14123aabe4_full.jpg"},"point":296},{"user":{"uid":198,"userid":175,"name":"SiKe_342","avatar":"https://avatars.steamstatic.com/1fd7929be85d31c2215352cf1dd62fe4f50f6539_full.jpg"},"point":0}]}