{"fmd":[{"user":{"uid":13,"userid":10,"name":"Ghostie_24","avatar":"https://cdn.discordapp.com/avatars/858378711458775040/44e6daa139754e9be9bd3bb2df8a7647.png"},"point":1971},{"user":{"uid":6,"userid":3,"name":"basher0002","avatar":"https://cdn.discordapp.com/avatars/1109248097177059359/3cdcc8abc46dbb2b4f81d5414bfacda6.png"},"point":970}],"fma":[{"user":{"uid":13,"userid":10,"name":"Ghostie_24","avatar":"https://cdn.discordapp.com/avatars/858378711458775040/44e6daa139754e9be9bd3bb2df8a7647.png"},"point":2018},{"user":{"uid":6,"userid":3,"name":"basher0002","avatar":"https://cdn.discordapp.com/avatars/1109248097177059359/3cdcc8abc46dbb2b4f81d5414bfacda6.png"},"point":997}]}