{"fmd":[{"user":{"uid":12,"userid":15,"name":"hαllєlujαh","avatar":"https://cdn.discordapp.com/avatars/489787824397352970/31db3cd9b4e9374d6965e0cbe8f2ebe9.png"},"point":2646},{"user":{"uid":48,"userid":46,"name":"TommyNL","avatar":"https://avatars.steamstatic.com/566ece5c0f63be2634d91a038b57b1e369f28983_full.jpg"},"point":2631},{"user":{"uid":87,"userid":85,"name":"ExtaZzZ","avatar":"https://cdn.discordapp.com/avatars/433657630364532737/4688c5a60be8b1e1af4c3e966dc2da7b.png"},"point":2499},{"user":{"uid":30,"userid":24,"name":"ԼƛMƠ[ƝԼ]","avatar":"https://static.truckersmp.com/avatarsN/2636041.1713489251.png"},"point":2281},{"user":{"uid":28,"userid":27,"name":"reissverschlussverfahren","avatar":"https://avatars.steamstatic.com/7b74c751b8e0bb519b02aa069a2d74d24c2356ae_full.jpg"},"point":1578},{"user":{"uid":64,"userid":63,"name":"Legacy","avatar":"https://cdn.discordapp.com/avatars/306808975620440064/0522be58e18dbdf6b47398dddf828943.png"},"point":1152},{"user":{"uid":41,"userid":45,"name":"Lukas","avatar":"https://cdn.discordapp.com/avatars/936740740518776873/9cc8fe6180dfdd124a773b4483c298b5.png"},"point":1073},{"user":{"uid":24,"userid":23,"name":"Gnurken","avatar":"https://static.truckersmp.com/avatarsN/1166949.1704562524.png"},"point":1049},{"user":{"uid":86,"userid":84,"name":"мσρρу_тмρ","avatar":"https://static.truckersmp.com/avatarsN/3916396.1690030869.png"},"point":832},{"user":{"uid":53,"userid":62,"name":"Black_Dragon33","avatar":"https://avatars.steamstatic.com/7a98d429d9fb61bb6065773f2005fce7257463a8_full.jpg"},"point":555},{"user":{"uid":20,"userid":18,"name":"qqzl","avatar":"https://avatars.steamstatic.com/ffa40ac5080173f294017f44285ec73fdd67054e_full.jpg"},"point":523},{"user":{"uid":14,"userid":11,"name":"L O R E N Z","avatar":"https://static.truckersmp.com/avatarsN/4486749.1691828789.png"},"point":492},{"user":{"uid":23,"userid":22,"name":"Martijn","avatar":"https://cdn.discordapp.com/avatars/153514855280803840/a_55db952b0b6b1ab551cc2fe7fe823cec.gif"},"point":362},{"user":{"uid":16,"userid":13,"name":"chad vectron","avatar":"https://cdn.discordapp.com/avatars/657613617906057247/81f8851d92f3ac1f80da82575197921f.png"},"point":240},{"user":{"uid":75,"userid":73,"name":"Banks’","avatar":"https://cdn.discordapp.com/avatars/932033227873480744/434d27d9bc5505df6a7edd0779591282.png"},"point":1},{"user":{"uid":15,"userid":12,"name":"Lorenzo br","avatar":"https://cdn.discordapp.com/avatars/635968015371862082/8ca41d930d87fb4266f4c1666828d3f3.png"},"point":0},{"user":{"uid":52,"userid":50,"name":"spanchikus","avatar":"https://cdn.discordapp.com/avatars/693884881419108432/2e5d58f8fe552e4d7cd49f3f1350966e.png"},"point":0},{"user":{"uid":71,"userid":70,"name":"-imag3","avatar":"https://avatars.steamstatic.com/f7218ab2ca998d360f7c89cb32587a99f729344b_full.jpg"},"point":0}],"fma":[{"user":{"uid":12,"userid":15,"name":"hαllєlujαh","avatar":"https://cdn.discordapp.com/avatars/489787824397352970/31db3cd9b4e9374d6965e0cbe8f2ebe9.png"},"point":2646},{"user":{"uid":48,"userid":46,"name":"TommyNL","avatar":"https://avatars.steamstatic.com/566ece5c0f63be2634d91a038b57b1e369f28983_full.jpg"},"point":2631},{"user":{"uid":87,"userid":85,"name":"ExtaZzZ","avatar":"https://cdn.discordapp.com/avatars/433657630364532737/4688c5a60be8b1e1af4c3e966dc2da7b.png"},"point":2499},{"user":{"uid":30,"userid":24,"name":"ԼƛMƠ[ƝԼ]","avatar":"https://static.truckersmp.com/avatarsN/2636041.1713489251.png"},"point":2281},{"user":{"uid":28,"userid":27,"name":"reissverschlussverfahren","avatar":"https://avatars.steamstatic.com/7b74c751b8e0bb519b02aa069a2d74d24c2356ae_full.jpg"},"point":1578},{"user":{"uid":64,"userid":63,"name":"Legacy","avatar":"https://cdn.discordapp.com/avatars/306808975620440064/0522be58e18dbdf6b47398dddf828943.png"},"point":1152},{"user":{"uid":41,"userid":45,"name":"Lukas","avatar":"https://cdn.discordapp.com/avatars/936740740518776873/9cc8fe6180dfdd124a773b4483c298b5.png"},"point":1073},{"user":{"uid":24,"userid":23,"name":"Gnurken","avatar":"https://static.truckersmp.com/avatarsN/1166949.1704562524.png"},"point":1049},{"user":{"uid":86,"userid":84,"name":"мσρρу_тмρ","avatar":"https://static.truckersmp.com/avatarsN/3916396.1690030869.png"},"point":832},{"user":{"uid":53,"userid":62,"name":"Black_Dragon33","avatar":"https://avatars.steamstatic.com/7a98d429d9fb61bb6065773f2005fce7257463a8_full.jpg"},"point":555},{"user":{"uid":20,"userid":18,"name":"qqzl","avatar":"https://avatars.steamstatic.com/ffa40ac5080173f294017f44285ec73fdd67054e_full.jpg"},"point":523},{"user":{"uid":14,"userid":11,"name":"L O R E N Z","avatar":"https://static.truckersmp.com/avatarsN/4486749.1691828789.png"},"point":492},{"user":{"uid":23,"userid":22,"name":"Martijn","avatar":"https://cdn.discordapp.com/avatars/153514855280803840/a_55db952b0b6b1ab551cc2fe7fe823cec.gif"},"point":362},{"user":{"uid":16,"userid":13,"name":"chad vectron","avatar":"https://cdn.discordapp.com/avatars/657613617906057247/81f8851d92f3ac1f80da82575197921f.png"},"point":240},{"user":{"uid":75,"userid":73,"name":"Banks’","avatar":"https://cdn.discordapp.com/avatars/932033227873480744/434d27d9bc5505df6a7edd0779591282.png"},"point":1},{"user":{"uid":15,"userid":12,"name":"Lorenzo br","avatar":"https://cdn.discordapp.com/avatars/635968015371862082/8ca41d930d87fb4266f4c1666828d3f3.png"},"point":0},{"user":{"uid":52,"userid":50,"name":"spanchikus","avatar":"https://cdn.discordapp.com/avatars/693884881419108432/2e5d58f8fe552e4d7cd49f3f1350966e.png"},"point":0},{"user":{"uid":71,"userid":70,"name":"-imag3","avatar":"https://avatars.steamstatic.com/f7218ab2ca998d360f7c89cb32587a99f729344b_full.jpg"},"point":0}]}