{"fmd":[{"user":{"uid":28,"userid":24,"name":"WH | Dziada","avatar":"https://cdn.discordapp.com/avatars/202464597158920192/5a7655808568a1fe03d208c6eddf2d72.png"},"point":4572},{"user":{"uid":56,"userid":45,"name":"WH | jbica","avatar":"https://cdn.discordapp.com/avatars/394272398930739212/488d03490a2359e57a3622544f8bbba2.png"},"point":1596},{"user":{"uid":9,"userid":7,"name":"WH | TACOMAN","avatar":"https://cdn.discordapp.com/avatars/935175174700040252/2d6dbed1ba891f242274b7e80e50a9ae.png"},"point":978},{"user":{"uid":8,"userid":6,"name":"WH | Murdernova256","avatar":"https://cdn.discordapp.com/avatars/549931745584349185/9647aabac5de7bc6ca63f26696871246.png"},"point":875},{"user":{"uid":1,"userid":1,"name":"WH | Chappy1225","avatar":"https://cdn.discordapp.com/avatars/480244047311667201/b51db2fc9e7e314933519021bee4ae3e.png"},"point":423}],"fma":[{"user":{"uid":28,"userid":24,"name":"WH | Dziada","avatar":"https://cdn.discordapp.com/avatars/202464597158920192/5a7655808568a1fe03d208c6eddf2d72.png"},"point":4572},{"user":{"uid":56,"userid":45,"name":"WH | jbica","avatar":"https://cdn.discordapp.com/avatars/394272398930739212/488d03490a2359e57a3622544f8bbba2.png"},"point":1846},{"user":{"uid":7,"userid":5,"name":"WH | Jacket","avatar":"https://cdn.discordapp.com/avatars/111638504500408320/880678f246665808c2165f5f693b72cd.png"},"point":1073},{"user":{"uid":9,"userid":7,"name":"WH | TACOMAN","avatar":"https://cdn.discordapp.com/avatars/935175174700040252/2d6dbed1ba891f242274b7e80e50a9ae.png"},"point":978},{"user":{"uid":8,"userid":6,"name":"WH | Murdernova256","avatar":"https://cdn.discordapp.com/avatars/549931745584349185/9647aabac5de7bc6ca63f26696871246.png"},"point":875},{"user":{"uid":1,"userid":1,"name":"WH | Chappy1225","avatar":"https://cdn.discordapp.com/avatars/480244047311667201/b51db2fc9e7e314933519021bee4ae3e.png"},"point":423}]}