{"fmd": [{"user": {"uid": 1061, "userid": 656, "name": "Thy Night Owl", "avatar": "https://cdn.discordapp.com/avatars/678366200312496154/7e3c44efb2393e0a9a4b593cb42f936d.png"}, "point": 182899}, {"user": {"uid": 1382, "userid": 847, "name": "Aeroplane", "avatar": "https://cdn.discordapp.com/avatars/919580354736705617/cd8c60e397730ab82e685faaf72d3c77.png"}, "point": 138125}, {"user": {"uid": 1316, "userid": 807, "name": "Gota", "avatar": "https://cdn.discordapp.com/avatars/167291299693723648/beb31f691ab4478e3268181a76f3a451.png"}, "point": 80161}, {"user": {"uid": 1411, "userid": 867, "name": "Coolengineer", "avatar": "https://cdn.discordapp.com/avatars/247159248272752640/59e18cf589e2aaee61edb8d0a62b6b48.png"}, "point": 49873}, {"user": {"uid": 1271, "userid": 780, "name": "brazvo (Bruno)", "avatar": "https://cdn.discordapp.com/avatars/823826275964682251/c28159cbabe58874bd1244a97d68d24b.png"}, "point": 45342}, {"user": {"uid": 1187, "userid": 726, "name": "afrikandionysus", "avatar": "https://cdn.discordapp.com/avatars/759714918177177670/661f5840a2c808aa6c88959f5a379f8d.png"}, "point": 44454}, {"user": {"uid": 619, "userid": 418, "name": "NumberHunter91", "avatar": "https://cdn.discordapp.com/avatars/276407067223392256/c656134c8d2a712de1b2dbaf3856e995.png"}, "point": 40254}, {"user": {"uid": 1039, "userid": 637, "name": "Dutchman6149", "avatar": "https://cdn.discordapp.com/avatars/1089970918169776317/518899061d0c7aa71638cf2a46dfa547.png"}, "point": 34675}, {"user": {"uid": 1419, "userid": 880, "name": "Mister E", "avatar": "https://cdn.discordapp.com/avatars/519617154782461991/4a0616a32ffc7f7ee6eeeeab8c9952e5.png"}, "point": 33330}, {"user": {"uid": 1378, "userid": 843, "name": "dandelion", "avatar": "https://cdn.discordapp.com/avatars/924070723952209941/6d40e5aa69459181ef2bc03107156cc0.png"}, "point": 32664}, {"user": {"uid": 1160, "userid": 699, "name": "jodycc", "avatar": "https://cdn.discordapp.com/avatars/623249122761375760/adc25e15fe96d56656319e2a159d9458.png"}, "point": 29389}, {"user": {"uid": 717, "userid": 477, "name": "Turnt", "avatar": "https://cdn.discordapp.com/avatars/417130736848470039/a_af2f73ff3f0bf8c460edc1b1f02192f9.gif"}, "point": 29024}, {"user": {"uid": 866, "userid": 550, "name": "RoudeL\u00e9iw", "avatar": "https://cdn.discordapp.com/avatars/497412687257534464/53a76d2cc11ce4a0171c5d1f84df139a.png"}, "point": 28051}, {"user": {"uid": 1448, "userid": 894, "name": "jason", "avatar": "https://cdn.discordapp.com/avatars/853206258512298024/0fef9b881357560e340b10568c517402.png"}, "point": 26473}, {"user": {"uid": 924, "userid": 576, "name": "\ud83c\udf08Hearty_Laces\ud83c\udf08They/Them", "avatar": "https://cdn.discordapp.com/avatars/461978281906929675/9128b3d5991d797b2e4060e71c4c5f41.png"}, "point": 25833}, {"user": {"uid": 1105, "userid": 675, "name": "Jack3D60", "avatar": "https://cdn.discordapp.com/avatars/805496381754048572/bcf10ae824b274e1c532971dcb857977.png"}, "point": 25127}, {"user": {"uid": 1434, "userid": 889, "name": "DanLeader", "avatar": "https://cdn.discordapp.com/avatars/1125798416811819060/4e864e198ba64b49207426ae3b69df4a.png"}, "point": 24252}, {"user": {"uid": 1253, "userid": 769, "name": "Sunny", "avatar": "https://cdn.discordapp.com/avatars/335148756653572098/00a5292662c6be574ce781717de8bfeb.png"}, "point": 21237}, {"user": {"uid": 1310, "userid": 803, "name": "[IMP] Rimuru Tempest", "avatar": "https://cdn.discordapp.com/avatars/263721765879021569/64abe2f8ab98f8c779a0ad329591b73a.png"}, "point": 20770}, {"user": {"uid": 1034, "userid": 635, "name": "fox_bot", "avatar": "https://cdn.discordapp.com/avatars/673289306424475659/6760c43d2e087fd99eeef160473251a3.png"}, "point": 19516}, {"user": {"uid": 1457, "userid": 898, "name": "Evil Fuzion", "avatar": "https://cdn.discordapp.com/avatars/190097876972470273/2540bb21830ff6d4b38cb2d91e42f064.png"}, "point": 17731}, {"user": {"uid": 1414, "userid": 870, "name": "Azure Phantom", "avatar": "https://avatars.steamstatic.com/8a78a24d3ae3031caf2695bc4dede2d6eb7af7cf_full.jpg"}, "point": 17682}, {"user": {"uid": 1325, "userid": 816, "name": "Kian UK", "avatar": "https://avatars.steamstatic.com/fef49e7fa7e1997310d705b2a6158ff8dc1cdfeb_full.jpg"}, "point": 16763}, {"user": {"uid": 87, "userid": 203, "name": "pvfcmatt1", "avatar": "https://cdn.discordapp.com/avatars/668822602806198278/eb4c4684efc13d2a58ddeae555edc5a7.png"}, "point": 16025}, {"user": {"uid": 1456, "userid": 899, "name": "Fean", "avatar": "https://cdn.discordapp.com/avatars/508717226690478081/e7645881dc32e71c57dc44ac1c2c3d6d.png"}, "point": 16020}, {"user": {"uid": 1412, "userid": 868, "name": "K1ngSteven", "avatar": "https://cdn.discordapp.com/avatars/520314388855652353/f1179b1232edc33997e0f982aec10dba.png"}, "point": 15722}, {"user": {"uid": 1007, "userid": 622, "name": "Clover", "avatar": "https://cdn.discordapp.com/avatars/524737419292049415/98da32a1bb151e51f366faeefc90a9dd.png"}, "point": 15286}, {"user": {"uid": 1291, "userid": 792, "name": "Zachey", "avatar": "https://cdn.discordapp.com/avatars/612403127517315072/893927ce746b4f8b330c12123026fec5.png"}, "point": 14659}, {"user": {"uid": 1433, "userid": 888, "name": "Max Nightly", "avatar": "https://cdn.discordapp.com/avatars/210135075516448769/b2bb70de46df75ef8c5464cd9653539b.png"}, "point": 14129}, {"user": {"uid": 3, "userid": 2, "name": "Delta", "avatar": "https://cdn.discordapp.com/avatars/710535657650651157/e21a44412b740e2e3bba4f4cc015a9e8.png"}, "point": 13411}, {"user": {"uid": 1423, "userid": 883, "name": "rbower25", "avatar": "https://cdn.discordapp.com/avatars/119545423437365252/9f83d5973beb7d13a82d2869bf0a6747.png"}, "point": 13411}, {"user": {"uid": 716, "userid": 476, "name": "mwe2187", "avatar": "https://cdn.discordapp.com/avatars/628250855899922448/93721c72d6dba299ffc43f2a9a13483b.png"}, "point": 13042}, {"user": {"uid": 112, "userid": 657, "name": "zatrisss", "avatar": "https://cdn.discordapp.com/avatars/270114281280765956/4dc89eaaac37811ab06058499942981b.png"}, "point": 11974}, {"user": {"uid": 1327, "userid": 814, "name": "Sefo", "avatar": "https://cdn.discordapp.com/avatars/421826472916025365/e7c7ddc5a9a13949243444d591320bea.png"}, "point": 11725}, {"user": {"uid": 971, "userid": 604, "name": "patriotic clone trooper", "avatar": "https://cdn.discordapp.com/avatars/577748827470168075/3f3c57f906d80e80dff8ed6e54c70d25.png"}, "point": 11361}, {"user": {"uid": 811, "userid": 524, "name": "GroMan", "avatar": "https://cdn.discordapp.com/avatars/765968204350095370/f4920ff9d510740ba6007f9a278e1002.png"}, "point": 10842}, {"user": {"uid": 1438, "userid": 890, "name": "DonDrix", "avatar": "https://cdn.discordapp.com/avatars/334372720789815308/fd5ba77e32c2f1e611be6342843fa544.png"}, "point": 10343}, {"user": {"uid": 1385, "userid": 885, "name": "Canapreo", "avatar": "https://cdn.discordapp.com/avatars/201822324868120576/34e1affa3798545f29fbbbb3537f254b.png"}, "point": 10135}, {"user": {"uid": 793, "userid": 516, "name": "Yeltta", "avatar": "https://cdn.discordapp.com/avatars/1091420988115259442/e754a9767deffcf8b01f23c55dd3da46.png"}, "point": 9842}, {"user": {"uid": 1097, "userid": 670, "name": "Ramin Tanuwong [TH]", "avatar": "https://static.truckersmp.com/avatarsN/3757199.1645214262.jpg"}, "point": 8948}, {"user": {"uid": 1322, "userid": 812, "name": "judb", "avatar": "https://cdn.discordapp.com/avatars/814059715137896528/9f070d3ba80b06227e3502c26771faa3.png"}, "point": 8661}, {"user": {"uid": 1245, "userid": 764, "name": "Eiffel Tower Owner", "avatar": "https://cdn.discordapp.com/avatars/909015760347734036/c8847952f95c26f402e44d41e997c8cd.png"}, "point": 8566}, {"user": {"uid": 1458, "userid": 900, "name": "Beedog743", "avatar": "https://cdn.discordapp.com/avatars/220336049082073088/ff94f0776f1b99318f32d0a961b942d7.png"}, "point": 8488}, {"user": {"uid": 1232, "userid": 755, "name": "Glitchy", "avatar": "https://cdn.discordapp.com/avatars/692068158487396362/48cd166e4f54fec6e419b1d0b1672a1a.png"}, "point": 8485}, {"user": {"uid": 119, "userid": 258, "name": "LordLegend", "avatar": "https://cdn.discordapp.com/avatars/507573290995417108/294e2517c647c3c8703945fbc200afcd.png"}, "point": 8455}, {"user": {"uid": 892, "userid": 567, "name": "KuroSerpent", "avatar": "https://cdn.discordapp.com/avatars/249645812726890497/a_21c0489bbb0c99be7db8bbbfb1ed5e85.gif"}, "point": 8032}, {"user": {"uid": 671, "userid": 448, "name": "Rocky", "avatar": "https://cdn.discordapp.com/avatars/508226509744635904/6696b0bd9167804479c233924b375fa1.png"}, "point": 7846}, {"user": {"uid": 6, "userid": 11, "name": "Jack", "avatar": "https://cdn.discordapp.com/avatars/755814132338524212/03d8a3a23fa895e40b96cdd564d1f351.png"}, "point": 7556}, {"user": {"uid": 41, "userid": 820, "name": "Jack", "avatar": "https://cdn.discordapp.com/avatars/555074609544822795/d3665ab7e4604312949fcceb877b56b0.png"}, "point": 7204}, {"user": {"uid": 1401, "userid": 863, "name": "Chris A", "avatar": "https://cdn.discordapp.com/avatars/415560774283427860/4f7b8d964bad29469a9d70cddb9cfadc.png"}, "point": 6716}, {"user": {"uid": 1305, "userid": 799, "name": "MinoRoss", "avatar": "https://cdn.discordapp.com/avatars/707509306517487626/54229c31f2d6e957fb24f0faad0a7adb.png"}, "point": 6688}, {"user": {"uid": 561, "userid": 386, "name": "richhscm", "avatar": ""}, "point": 6606}, {"user": {"uid": 1430, "userid": 886, "name": "Maddypat", "avatar": "https://cdn.discordapp.com/avatars/685159646977327231/4e57d31d0a98f9d98d1cd070848451e3.png"}, "point": 6415}, {"user": {"uid": 851, "userid": 765, "name": "A_Bold_One", "avatar": "https://cdn.discordapp.com/avatars/724063574565322762/96cc2952ae7b5b1f5e6dfe520b727adc.png"}, "point": 6263}, {"user": {"uid": 1266, "userid": 775, "name": "Khan_X1", "avatar": "https://static.truckersmp.com/avatarsN/5358897.1705606399.png"}, "point": 6091}, {"user": {"uid": 156, "userid": 308, "name": "Finley Fennacs", "avatar": "https://cdn.discordapp.com/avatars/177493036031410176/3f47a89be0eb84e8ad989ba76e78b620.png"}, "point": 6079}, {"user": {"uid": 1112, "userid": 681, "name": "DUSLOGEMEISTER", "avatar": "https://cdn.discordapp.com/avatars/449720478148460555/38e8e5e249b96cde228bf55a460ae999.png"}, "point": 5668}, {"user": {"uid": 1192, "userid": 724, "name": "Koskee", "avatar": "https://cdn.discordapp.com/avatars/836575095664410654/34bd5b395ebc17c4ca0d51b982cb0a7b.png"}, "point": 5515}, {"user": {"uid": 169, "userid": 327, "name": "Carlos King", "avatar": "https://cdn.discordapp.com/avatars/506487248217309184/bd6c4d705e13abd33b3b26c5bdcd897d.png"}, "point": 5495}, {"user": {"uid": 1381, "userid": 846, "name": "Cav.D", "avatar": "https://cdn.discordapp.com/avatars/513622217083322371/55c850f612137f10d1f4a7800b567371.png"}, "point": 5396}, {"user": {"uid": 1398, "userid": 862, "name": "2222Y", "avatar": "https://cdn.discordapp.com/avatars/702624334036074646/1b14cc6963653ea32a778ea6e4f23a4d.png"}, "point": 5115}, {"user": {"uid": 1386, "userid": 850, "name": "Stringsly", "avatar": "https://cdn.discordapp.com/avatars/524701453533708300/a_65c66e1b375c3a059df4d4d834ecddf1.gif"}, "point": 5074}, {"user": {"uid": 18, "userid": 718, "name": "Kanasteri", "avatar": "https://cdn.discordapp.com/avatars/388688028056551425/cadea68055c984a8900142da586bf9e5.png"}, "point": 5045}, {"user": {"uid": 1015, "userid": 626, "name": "HaulmilesLtd", "avatar": "https://cdn.discordapp.com/avatars/1025467595983421540/f25df107191c753884caee95fe8ebacc.png"}, "point": 4893}, {"user": {"uid": 178, "userid": 337, "name": "Demon", "avatar": "https://cdn.discordapp.com/avatars/263904733196976128/db03ee2fc81e10a028fb58e95e3d4bca.png"}, "point": 4880}, {"user": {"uid": 1461, "userid": 901, "name": "OSSIPEDIA", "avatar": "https://cdn.discordapp.com/avatars/507338888671395860/5be81c1884195f5051cb12326bfbb8f9.png"}, "point": 4879}, {"user": {"uid": 1284, "userid": 787, "name": "T.Mckenzie", "avatar": "https://cdn.discordapp.com/avatars/478766743930667038/b5df8290803a59cd8771bd94ed013644.png"}, "point": 4558}, {"user": {"uid": 191, "userid": 352, "name": "kia_nokia", "avatar": "https://cdn.discordapp.com/avatars/946038819118022666/9613cd97518544022b55252d1952e174.png"}, "point": 4441}, {"user": {"uid": 494, "userid": 361, "name": "Alpha", "avatar": "https://cdn.discordapp.com/avatars/1063397515149455423/371d081952e74ccdc6f23925074dd094.png"}, "point": 4038}, {"user": {"uid": 2, "userid": 1, "name": "Shadows", "avatar": "https://cdn.discordapp.com/avatars/763197983797149726/0b354643c3176f343b4337cda14d8820.png"}, "point": 4010}, {"user": {"uid": 172, "userid": 330, "name": "Nickert_0492", "avatar": "https://cdn.discordapp.com/avatars/421426903975591956/88768c64736c6d3f8d8938c03da9ee79.png"}, "point": 3888}, {"user": {"uid": 974, "userid": 606, "name": "Carter", "avatar": "https://cdn.discordapp.com/avatars/848761810915950663/2672a25e8c40de13efa3d49626d8dde5.png"}, "point": 3833}, {"user": {"uid": 106, "userid": 239, "name": "\"Big Merc\" Mercodious", "avatar": "https://cdn.discordapp.com/avatars/168552876375801857/a_a20387d95da36973b684aca7de2dd26d.gif"}, "point": 3781}, {"user": {"uid": 159, "userid": 312, "name": "SugarFr33", "avatar": "https://cdn.discordapp.com/avatars/201772157087383553/f9067034f4df1893aef1e1bf739998d1.png"}, "point": 3716}, {"user": {"uid": 1244, "userid": 767, "name": "cutiehrts #ATM3Y", "avatar": "https://cdn.discordapp.com/avatars/1170949991548858411/fb8331fe2f18503ffc00edb998ec7738.png"}, "point": 3692}, {"user": {"uid": 1464, "userid": 903, "name": "nebula_726", "avatar": "https://cdn.discordapp.com/avatars/820356139527045130/8a3523f9facc1c892fe905dbbd1738ad.png"}, "point": 3414}, {"user": {"uid": 863, "userid": 854, "name": "jelledude", "avatar": "https://cdn.discordapp.com/avatars/503143884080021514/5647b53045a177f1d215d6dbcf415d10.png"}, "point": 3030}, {"user": {"uid": 1348, "userid": 827, "name": "Eco_Aviation", "avatar": "https://cdn.discordapp.com/avatars/647421178301906964/7c849b7cf97a6182f9cedfef6697160f.png"}, "point": 2934}, {"user": {"uid": 980, "userid": 609, "name": "DdoubleE", "avatar": "https://cdn.discordapp.com/avatars/673140683619434496/56c1bbc887f399c378567f7dbab5bbe0.png"}, "point": 2854}, {"user": {"uid": 1455, "userid": 897, "name": "pootis01", "avatar": "https://cdn.discordapp.com/avatars/423002528184139790/a_522e0cdb269dcc2fe4d05d6a549b31df.gif"}, "point": 2842}, {"user": {"uid": 124, "userid": 264, "name": "Ges\u00f9 Cristo", "avatar": "https://cdn.discordapp.com/avatars/792045358133018624/b25576f9e8599c3647090c14ba8d0267.png"}, "point": 2825}, {"user": {"uid": 125, "userid": 265, "name": "Issac", "avatar": "https://cdn.discordapp.com/avatars/343167874006777857/e97cad9459740cf160980c2165b7acb3.png"}, "point": 2771}, {"user": {"uid": 32, "userid": 87, "name": "MartinWolf", "avatar": "https://cdn.discordapp.com/avatars/693618494071373824/0b22a83d6bc13d4db0c60b60aba7fef7.png"}, "point": 2704}, {"user": {"uid": 1400, "userid": 861, "name": "Taylor", "avatar": "https://cdn.discordapp.com/avatars/999381297527013479/a_a030d91a47780d0e3e5e20ac62137aed.gif"}, "point": 2587}, {"user": {"uid": 1131, "userid": 688, "name": "Siv5122", "avatar": "https://cdn.discordapp.com/avatars/312794710714482699/8855d8b2bdbd112249cd2fa0d113108e.png"}, "point": 2482}, {"user": {"uid": 171, "userid": 858, "name": "Jean #1 Renault Trucks fan", "avatar": "https://cdn.discordapp.com/avatars/729830742418260028/532c688a0a373a5f36342f13030652be.png"}, "point": 2464}, {"user": {"uid": 872, "userid": 555, "name": "LOA | Chris", "avatar": "https://cdn.discordapp.com/avatars/741351957083717673/6f29d9d878b4b6e616e47fb64d9fc2e4.png"}, "point": 2421}, {"user": {"uid": 759, "userid": 501, "name": "TheSkiller", "avatar": "https://cdn.discordapp.com/avatars/665158641355325450/da6b6d4e62038b3f92dd42b7b34f7ec9.png"}, "point": 2400}, {"user": {"uid": 1227, "userid": 751, "name": "Arctee", "avatar": "https://avatars.steamstatic.com/1c420d178f66d4691b32a82a49ec20a7825e74d9_full.jpg"}, "point": 2389}, {"user": {"uid": 1226, "userid": 749, "name": "That_Slayer87", "avatar": "https://cdn.discordapp.com/avatars/850248504878432287/9484069a71c25b62ac273f0daae0f0c2.png"}, "point": 2376}, {"user": {"uid": 652, "userid": 434, "name": "Niftte", "avatar": "https://cdn.discordapp.com/avatars/270025583801532416/27aa281cc801fa5c9a22e30502eb6233.png"}, "point": 2312}, {"user": {"uid": 1444, "userid": 893, "name": "\u0411\u0473\u0446\u043fc\u0451\u044f", "avatar": "https://cdn.discordapp.com/avatars/439872956739354625/a582fc3e498c341cd8e8309f4aea73b6.png"}, "point": 2257}, {"user": {"uid": 29, "userid": 79, "name": "Andrew B.", "avatar": "https://cdn.discordapp.com/avatars/224307743073239040/820d5fa00cb1d416d2b00ca8c296d7bf.png"}, "point": 2161}, {"user": {"uid": 596, "userid": 403, "name": "x3menzi_", "avatar": "https://cdn.discordapp.com/avatars/1028633597445423154/22bddd650b8215e87d17f076de904893.png"}, "point": 2140}, {"user": {"uid": 146, "userid": 293, "name": "Will", "avatar": "https://cdn.discordapp.com/avatars/218785391853961216/de02848ad7494d0e4f99c194e74aac1f.png"}, "point": 2126}, {"user": {"uid": 184, "userid": 345, "name": "NFLD", "avatar": "https://cdn.discordapp.com/avatars/538772758461677578/5f1d024574ed37a8cbaf69c186d93cb1.png"}, "point": 2111}, {"user": {"uid": 276, "userid": 417, "name": "Tyler", "avatar": "https://cdn.discordapp.com/avatars/413462464022446084/90568c0e691e6dbe6786b29dc9ad98be.png"}, "point": 1978}, {"user": {"uid": 1343, "userid": 824, "name": "Crazy69", "avatar": "https://static.truckersmp.com/avatarsN/811063.1557990099.jpg"}, "point": 1837}, {"user": {"uid": 1181, "userid": 713, "name": "Kurusmaster", "avatar": "https://cdn.discordapp.com/avatars/605417170150752257/b37ff01a6177bbde8c2c67f7b651056d.png"}, "point": 1677}, {"user": {"uid": 1200, "userid": 729, "name": "velocite", "avatar": "https://cdn.discordapp.com/avatars/424825875377422346/660f7fac8fbd0f885aa4175f63fa6748.png"}, "point": 1624}, {"user": {"uid": 1147, "userid": 695, "name": "Kirito21", "avatar": "https://cdn.discordapp.com/avatars/925803382680215572/f01e1941088675bf780245f15eb81bc4.png"}, "point": 1605}, {"user": {"uid": 948, "userid": 591, "name": "AidanTheSergal", "avatar": "https://cdn.discordapp.com/avatars/608713452420333589/05b5738d3be88e0cc579b801d879288b.png"}, "point": 1463}, {"user": {"uid": 140, "userid": 284, "name": "maku78", "avatar": "https://cdn.discordapp.com/avatars/671428232628666388/a6a54bc09fd502351f42b3290808c9cd.png"}, "point": 1450}, {"user": {"uid": 1416, "userid": 878, "name": "Soap", "avatar": "https://cdn.discordapp.com/avatars/407875411150635019/a77ed545d4c7e7846ead68215bdbb3ee.png"}, "point": 1426}, {"user": {"uid": 845, "userid": 542, "name": "_Orli", "avatar": "https://cdn.discordapp.com/avatars/490473509219467284/3e9781d57cb7e4ec01ba07091b5024b9.png"}, "point": 1423}, {"user": {"uid": 820, "userid": 529, "name": "[Explosive] Matthias", "avatar": "https://cdn.discordapp.com/avatars/711889366204678187/2d658ac77f2c1ec40e866459df380e16.png"}, "point": 1411}, {"user": {"uid": 1373, "userid": 841, "name": "gille9216", "avatar": ""}, "point": 1398}, {"user": {"uid": 870, "userid": 553, "name": "evilzocken", "avatar": "https://cdn.discordapp.com/avatars/665665436678881280/25d7fd2d1432b799ac4b37a8d7592c6a.png"}, "point": 1397}, {"user": {"uid": 1390, "userid": 856, "name": "LJFundzz", "avatar": "https://cdn.discordapp.com/avatars/1164197661897937026/a96645fb3e8cb223bba5d871e140e917.png"}, "point": 1388}, {"user": {"uid": 1230, "userid": 754, "name": "jaronimo", "avatar": "https://cdn.discordapp.com/avatars/454663931223605248/0fe4234ec2208932ebfde6d7dea8ee92.png"}, "point": 1270}, {"user": {"uid": 1415, "userid": 872, "name": "cozma23", "avatar": "https://cdn.discordapp.com/avatars/640205229886799943/011e2951f856b4e2440fce96f8721e3a.png"}, "point": 1241}, {"user": {"uid": 761, "userid": 502, "name": "Stkedy", "avatar": "https://cdn.discordapp.com/avatars/238351864507269122/a_b13dea0894a3cdec216f56a426c559e8.gif"}, "point": 1182}, {"user": {"uid": 968, "userid": 602, "name": "Svampen Bob", "avatar": "https://cdn.discordapp.com/avatars/323528455209877505/bd28ff6f721d0a3c44f06e7301bb8ff4.png"}, "point": 1132}, {"user": {"uid": 912, "userid": 575, "name": "chy", "avatar": "https://cdn.discordapp.com/avatars/414182799684403200/643c14958d91bd0f582d55aa7e9ffd49.png"}, "point": 1099}, {"user": {"uid": 1406, "userid": 864, "name": "Markus", "avatar": "https://cdn.discordapp.com/avatars/1188513541355999252/a1d171868a2196bc991a271310737723.png"}, "point": 1052}, {"user": {"uid": 1359, "userid": 832, "name": "emjehashi", "avatar": "https://cdn.discordapp.com/avatars/455000360646344704/3aad729d4034fe05884ae055f6c8e5c7.png"}, "point": 1023}, {"user": {"uid": 993, "userid": 866, "name": "Dicer", "avatar": "https://cdn.discordapp.com/avatars/879283393731383368/a_790ec0f49b53ffea0370d9fce664e884.gif"}, "point": 1018}, {"user": {"uid": 519, "userid": 869, "name": "Schmidy", "avatar": "https://cdn.discordapp.com/avatars/667170689572274187/e4bb38aea1638e76f6c537d190da07f6.png"}, "point": 1002}, {"user": {"uid": 1399, "userid": 860, "name": "TEA_K1NG", "avatar": "https://cdn.discordapp.com/avatars/945052168287826030/0f81cfdddfab62c5e3ef470e08faf360.png"}, "point": 1002}, {"user": {"uid": 858, "userid": 547, "name": "scotty", "avatar": "https://cdn.discordapp.com/avatars/857726076495331329/985c6b1bd38c5f93bc7b16f515502202.png"}, "point": 879}, {"user": {"uid": 1342, "userid": 828, "name": "Daniel", "avatar": "https://cdn.discordapp.com/avatars/541172246207791114/600374feb5b9287f0b354b1ff11870d1.png"}, "point": 829}, {"user": {"uid": 1313, "userid": 806, "name": "Kizule", "avatar": "https://cdn.discordapp.com/avatars/897576249466167377/4b225f923b6e3e5347b9a87db5e6876e.png"}, "point": 824}, {"user": {"uid": 1442, "userid": 891, "name": "bhs", "avatar": "https://cdn.discordapp.com/avatars/805466630875250698/b0f443de677c171732a4bd4f1e5e0445.png"}, "point": 809}, {"user": {"uid": 1213, "userid": 742, "name": "\u2671 Spark DeLuca \u2671", "avatar": "https://cdn.discordapp.com/avatars/807678339514236989/283fb606004de5371e5b3e63ded107f8.png"}, "point": 773}, {"user": {"uid": 813, "userid": 704, "name": "vJust_Josh", "avatar": "https://cdn.discordapp.com/avatars/922265598837276732/8550d243f88aac839192a1be56335b93.png"}, "point": 739}, {"user": {"uid": 1452, "userid": 896, "name": "DarkWolfe", "avatar": "https://cdn.discordapp.com/avatars/864684539808579605/821883aac3772ddbee5d9da835bbda84.png"}, "point": 739}, {"user": {"uid": 932, "userid": 586, "name": "Zee", "avatar": "https://avatars.steamstatic.com/fb4448ad7e5eeabc48ab2f881b6ae91e39818195_full.jpg"}, "point": 664}, {"user": {"uid": 1210, "userid": 738, "name": "DadsArmyfps.TTV", "avatar": "https://cdn.discordapp.com/avatars/837108806902480907/c17d1ff3eb599e3f822fed34842ae3aa.png"}, "point": 607}, {"user": {"uid": 1408, "userid": 865, "name": "R4", "avatar": "https://cdn.discordapp.com/avatars/229936554896916481/bc055d1db5245677b5e67e2a0f3df2af.png"}, "point": 585}, {"user": {"uid": 1299, "userid": 798, "name": "Landigrip", "avatar": "https://static.truckersmp.com/avatarsN/3298284.1706983297.jpg"}, "point": 575}, {"user": {"uid": 1462, "userid": 902, "name": "RedxBeard", "avatar": ""}, "point": 564}, {"user": {"uid": 1441, "userid": 892, "name": "Ryan", "avatar": "https://cdn.discordapp.com/avatars/951736940573630494/c2590486f4d529b99aabbf15c42d4229.png"}, "point": 531}, {"user": {"uid": 1274, "userid": 781, "name": "Damon L.", "avatar": "https://cdn.discordapp.com/avatars/232115847756382208/05d4ae0cc6e2512f699421321283352c.png"}, "point": 473}, {"user": {"uid": 1142, "userid": 717, "name": "ford", "avatar": "https://cdn.discordapp.com/avatars/946876965313445939/595deac53bba26b48e850b49a65052fd.png"}, "point": 467}, {"user": {"uid": 37, "userid": 98, "name": "Edu4Games", "avatar": "https://cdn.discordapp.com/avatars/526809060205527050/798388098a92b4ad0cd386258d31a77e.png"}, "point": 447}, {"user": {"uid": 803, "userid": 521, "name": "AK47_GARCHA", "avatar": "https://cdn.discordapp.com/avatars/718236348217032774/b952eb6e0574a2f51a6458ddb48120fb.png"}, "point": 427}, {"user": {"uid": 1315, "userid": 808, "name": "Delano", "avatar": "https://cdn.discordapp.com/avatars/218811857027203073/eaa17fdc12cff48e87681a43767a8a37.png"}, "point": 425}, {"user": {"uid": 155, "userid": 305, "name": "HighNinja52117", "avatar": ""}, "point": 420}, {"user": {"uid": 1043, "userid": 882, "name": "Road_Riders_TMP", "avatar": "https://cdn.discordapp.com/avatars/1082828793447718952/9b669c2db8e406d5ef9cd445e1fdc927.png"}, "point": 323}, {"user": {"uid": 1235, "userid": 756, "name": "Aiden ATM Driver.", "avatar": "https://cdn.discordapp.com/avatars/396374859204132875/7e86bc5a6263bee025ae2b46abff3d2f.png"}, "point": 274}, {"user": {"uid": 999, "userid": 616, "name": "Beegrit", "avatar": "https://cdn.discordapp.com/avatars/292420244629094401/1d32a1a50108693129ae812d6d445b1d.png"}, "point": 175}, {"user": {"uid": 1237, "userid": 761, "name": "grimm", "avatar": "https://cdn.discordapp.com/avatars/791031198930698323/14be72ec618550c83f502f828c66bd13.png"}, "point": 144}, {"user": {"uid": 1009, "userid": 623, "name": "Hexx", "avatar": "https://cdn.discordapp.com/avatars/304988513479426049/c2548221c78c83f54855cb03edd6f6d0.png"}, "point": 36}, {"user": {"uid": 1287, "userid": 791, "name": "#ChansiriOut | SWFCOwls", "avatar": "https://cdn.discordapp.com/avatars/663075204121100290/9d48211708d09004febab6e0af6fc665.png"}, "point": 4}, {"user": {"uid": 1191, "userid": 722, "name": "Tedo \ud83d\ude80", "avatar": "https://cdn.discordapp.com/avatars/736941608167276555/845c97e52edbb176f8380c20c0b347ae.png"}, "point": 3}, {"user": {"uid": 901, "userid": 571, "name": "haymamaas", "avatar": "https://cdn.discordapp.com/avatars/743510232537235488/45ac1623a6090863654257f179b5dd00.png"}, "point": 0}, {"user": {"uid": 1104, "userid": 674, "name": "(CH/GR) vtech2", "avatar": "https://static.truckersmp.com/avatarsN/4856514.1699890049.png"}, "point": 0}, {"user": {"uid": 1128, "userid": 685, "name": "CrispyNuggetsTheTwigMan", "avatar": "https://cdn.discordapp.com/avatars/876979403106709554/bc84558bfe5fb459bae76ffe875b2852.png"}, "point": 0}, {"user": {"uid": 1171, "userid": 706, "name": "Lofi", "avatar": "https://cdn.discordapp.com/avatars/801871805694345227/3aeeea83561c1d40e73eddc7f79dd3b5.png"}, "point": 0}, {"user": {"uid": 1197, "userid": 727, "name": "B Y T E", "avatar": "https://cdn.discordapp.com/avatars/170836301266812929/891295394827df1e1720a0c3637a77b9.png"}, "point": 0}, {"user": {"uid": 1421, "userid": 881, "name": "sag2605", "avatar": "https://cdn.discordapp.com/avatars/499908315082391567/3de17bb94db960d41daeaa2ec0c705c5.png"}, "point": 0}], "fma": [{"user": {"uid": 1382, "userid": 847, "name": "Aeroplane", "avatar": "https://cdn.discordapp.com/avatars/919580354736705617/cd8c60e397730ab82e685faaf72d3c77.png"}, "point": 567547}, {"user": {"uid": 1316, "userid": 807, "name": "Gota", "avatar": "https://cdn.discordapp.com/avatars/167291299693723648/beb31f691ab4478e3268181a76f3a451.png"}, "point": 447679}, {"user": {"uid": 1061, "userid": 656, "name": "Thy Night Owl", "avatar": "https://cdn.discordapp.com/avatars/678366200312496154/7e3c44efb2393e0a9a4b593cb42f936d.png"}, "point": 445263}, {"user": {"uid": 119, "userid": 258, "name": "LordLegend", "avatar": "https://cdn.discordapp.com/avatars/507573290995417108/294e2517c647c3c8703945fbc200afcd.png"}, "point": 338169}, {"user": {"uid": 1401, "userid": 863, "name": "Chris A", "avatar": "https://cdn.discordapp.com/avatars/415560774283427860/4f7b8d964bad29469a9d70cddb9cfadc.png"}, "point": 291082}, {"user": {"uid": 1271, "userid": 780, "name": "brazvo (Bruno)", "avatar": "https://cdn.discordapp.com/avatars/823826275964682251/c28159cbabe58874bd1244a97d68d24b.png"}, "point": 208410}, {"user": {"uid": 1253, "userid": 769, "name": "Sunny", "avatar": "https://cdn.discordapp.com/avatars/335148756653572098/00a5292662c6be574ce781717de8bfeb.png"}, "point": 207165}, {"user": {"uid": 619, "userid": 418, "name": "NumberHunter91", "avatar": "https://cdn.discordapp.com/avatars/276407067223392256/c656134c8d2a712de1b2dbaf3856e995.png"}, "point": 205313}, {"user": {"uid": 1411, "userid": 867, "name": "Coolengineer", "avatar": "https://cdn.discordapp.com/avatars/247159248272752640/59e18cf589e2aaee61edb8d0a62b6b48.png"}, "point": 193792}, {"user": {"uid": 863, "userid": 854, "name": "jelledude", "avatar": "https://cdn.discordapp.com/avatars/503143884080021514/5647b53045a177f1d215d6dbcf415d10.png"}, "point": 185736}, {"user": {"uid": 1034, "userid": 635, "name": "fox_bot", "avatar": "https://cdn.discordapp.com/avatars/673289306424475659/6760c43d2e087fd99eeef160473251a3.png"}, "point": 177394}, {"user": {"uid": 2, "userid": 1, "name": "Shadows", "avatar": "https://cdn.discordapp.com/avatars/763197983797149726/0b354643c3176f343b4337cda14d8820.png"}, "point": 169510}, {"user": {"uid": 3, "userid": 2, "name": "Delta", "avatar": "https://cdn.discordapp.com/avatars/710535657650651157/e21a44412b740e2e3bba4f4cc015a9e8.png"}, "point": 131220}, {"user": {"uid": 1105, "userid": 675, "name": "Jack3D60", "avatar": "https://cdn.discordapp.com/avatars/805496381754048572/bcf10ae824b274e1c532971dcb857977.png"}, "point": 125960}, {"user": {"uid": 924, "userid": 576, "name": "\ud83c\udf08Hearty_Laces\ud83c\udf08They/Them", "avatar": "https://cdn.discordapp.com/avatars/461978281906929675/a_8a1b92c021299d4453d7c81805b7a9d5.gif"}, "point": 123692}, {"user": {"uid": 112, "userid": 657, "name": "zatrisss", "avatar": "https://cdn.discordapp.com/avatars/270114281280765956/4dc89eaaac37811ab06058499942981b.png"}, "point": 123098}, {"user": {"uid": 276, "userid": 417, "name": "Tyler", "avatar": "https://cdn.discordapp.com/avatars/413462464022446084/90568c0e691e6dbe6786b29dc9ad98be.png"}, "point": 103576}, {"user": {"uid": 519, "userid": 869, "name": "Schmidy", "avatar": "https://cdn.discordapp.com/avatars/667170689572274187/e4bb38aea1638e76f6c537d190da07f6.png"}, "point": 101352}, {"user": {"uid": 1378, "userid": 843, "name": "dandelion", "avatar": "https://cdn.discordapp.com/avatars/924070723952209941/6d40e5aa69459181ef2bc03107156cc0.png"}, "point": 91667}, {"user": {"uid": 1305, "userid": 799, "name": "MinoRoss", "avatar": "https://cdn.discordapp.com/avatars/707509306517487626/54229c31f2d6e957fb24f0faad0a7adb.png"}, "point": 68692}, {"user": {"uid": 1187, "userid": 726, "name": "afrikandionysus", "avatar": "https://cdn.discordapp.com/avatars/759714918177177670/661f5840a2c808aa6c88959f5a379f8d.png"}, "point": 56494}, {"user": {"uid": 1310, "userid": 803, "name": "[IMP] Rimuru Tempest", "avatar": "https://cdn.discordapp.com/avatars/263721765879021569/64abe2f8ab98f8c779a0ad329591b73a.png"}, "point": 55119}, {"user": {"uid": 1291, "userid": 792, "name": "Zachey", "avatar": "https://cdn.discordapp.com/avatars/612403127517315072/893927ce746b4f8b330c12123026fec5.png"}, "point": 50144}, {"user": {"uid": 1419, "userid": 880, "name": "Mister E", "avatar": "https://cdn.discordapp.com/avatars/519617154782461991/4a0616a32ffc7f7ee6eeeeab8c9952e5.png"}, "point": 49721}, {"user": {"uid": 1455, "userid": 897, "name": "pootis01", "avatar": "https://cdn.discordapp.com/avatars/423002528184139790/a_522e0cdb269dcc2fe4d05d6a549b31df.gif"}, "point": 48086}, {"user": {"uid": 87, "userid": 203, "name": "pvfcmatt1", "avatar": "https://cdn.discordapp.com/avatars/668822602806198278/eb4c4684efc13d2a58ddeae555edc5a7.png"}, "point": 47082}, {"user": {"uid": 1327, "userid": 814, "name": "Sefo", "avatar": "https://cdn.discordapp.com/avatars/421826472916025365/e7c7ddc5a9a13949243444d591320bea.png"}, "point": 43827}, {"user": {"uid": 1007, "userid": 622, "name": "Clover", "avatar": "https://cdn.discordapp.com/avatars/524737419292049415/98da32a1bb151e51f366faeefc90a9dd.png"}, "point": 42781}, {"user": {"uid": 11, "userid": 22, "name": "\ufe3d\u30b7TheDriver\u30b7\ufe3d", "avatar": "https://cdn.discordapp.com/avatars/741777050557350040/598e669db2e68b0c49e30de0c8cf1664.png"}, "point": 40000}, {"user": {"uid": 1097, "userid": 670, "name": "Ramin Tanuwong [TH]", "avatar": "https://static.truckersmp.com/avatarsN/3757199.1645214262.jpg"}, "point": 38880}, {"user": {"uid": 1039, "userid": 637, "name": "Dutchman6149", "avatar": "https://cdn.discordapp.com/avatars/1089970918169776317/518899061d0c7aa71638cf2a46dfa547.png"}, "point": 38635}, {"user": {"uid": 1457, "userid": 898, "name": "Evil Fuzion", "avatar": "https://cdn.discordapp.com/avatars/190097876972470273/2540bb21830ff6d4b38cb2d91e42f064.png"}, "point": 37746}, {"user": {"uid": 1160, "userid": 699, "name": "jodycc", "avatar": "https://cdn.discordapp.com/avatars/623249122761375760/adc25e15fe96d56656319e2a159d9458.png"}, "point": 35573}, {"user": {"uid": 1434, "userid": 889, "name": "DanLeader", "avatar": "https://cdn.discordapp.com/avatars/1125798416811819060/4e864e198ba64b49207426ae3b69df4a.png"}, "point": 33136}, {"user": {"uid": 866, "userid": 550, "name": "RoudeL\u00e9iw", "avatar": "https://cdn.discordapp.com/avatars/497412687257534464/53a76d2cc11ce4a0171c5d1f84df139a.png"}, "point": 33035}, {"user": {"uid": 1399, "userid": 860, "name": "TEA_K1NG", "avatar": "https://cdn.discordapp.com/avatars/945052168287826030/0f81cfdddfab62c5e3ef470e08faf360.png"}, "point": 32139}, {"user": {"uid": 717, "userid": 477, "name": "Turnt", "avatar": "https://cdn.discordapp.com/avatars/417130736848470039/a_af2f73ff3f0bf8c460edc1b1f02192f9.gif"}, "point": 31849}, {"user": {"uid": 1416, "userid": 878, "name": "Soap", "avatar": "https://cdn.discordapp.com/avatars/407875411150635019/a77ed545d4c7e7846ead68215bdbb3ee.png"}, "point": 31576}, {"user": {"uid": 1448, "userid": 894, "name": "jason", "avatar": "https://cdn.discordapp.com/avatars/853206258512298024/0fef9b881357560e340b10568c517402.png"}, "point": 27861}, {"user": {"uid": 1325, "userid": 816, "name": "Kian UK", "avatar": "https://avatars.steamstatic.com/fef49e7fa7e1997310d705b2a6158ff8dc1cdfeb_full.jpg"}, "point": 27091}, {"user": {"uid": 1414, "userid": 870, "name": "Azure Phantom", "avatar": "https://avatars.steamstatic.com/8a78a24d3ae3031caf2695bc4dede2d6eb7af7cf_full.jpg"}, "point": 18152}, {"user": {"uid": 1412, "userid": 868, "name": "K1ngSteven", "avatar": "https://cdn.discordapp.com/avatars/520314388855652353/f1179b1232edc33997e0f982aec10dba.png"}, "point": 17357}, {"user": {"uid": 1456, "userid": 899, "name": "Fean", "avatar": "https://cdn.discordapp.com/avatars/508717226690478081/e7645881dc32e71c57dc44ac1c2c3d6d.png"}, "point": 16487}, {"user": {"uid": 1423, "userid": 883, "name": "rbower25", "avatar": "https://cdn.discordapp.com/avatars/119545423437365252/9f83d5973beb7d13a82d2869bf0a6747.png"}, "point": 16296}, {"user": {"uid": 1433, "userid": 888, "name": "Max Nightly", "avatar": "https://cdn.discordapp.com/avatars/210135075516448769/b2bb70de46df75ef8c5464cd9653539b.png"}, "point": 14997}, {"user": {"uid": 671, "userid": 448, "name": "Rocky", "avatar": "https://cdn.discordapp.com/avatars/508226509744635904/6696b0bd9167804479c233924b375fa1.png"}, "point": 14210}, {"user": {"uid": 716, "userid": 476, "name": "mwe2187", "avatar": "https://cdn.discordapp.com/avatars/628250855899922448/93721c72d6dba299ffc43f2a9a13483b.png"}, "point": 13805}, {"user": {"uid": 124, "userid": 264, "name": "Ges\u00f9 Cristo", "avatar": "https://cdn.discordapp.com/avatars/792045358133018624/b25576f9e8599c3647090c14ba8d0267.png"}, "point": 13443}, {"user": {"uid": 811, "userid": 524, "name": "GroMan", "avatar": "https://cdn.discordapp.com/avatars/765968204350095370/f4920ff9d510740ba6007f9a278e1002.png"}, "point": 13334}, {"user": {"uid": 1348, "userid": 827, "name": "Eco_Aviation", "avatar": "https://cdn.discordapp.com/avatars/647421178301906964/7c849b7cf97a6182f9cedfef6697160f.png"}, "point": 13118}, {"user": {"uid": 494, "userid": 361, "name": "Alpha", "avatar": "https://cdn.discordapp.com/avatars/1063397515149455423/371d081952e74ccdc6f23925074dd094.png"}, "point": 12619}, {"user": {"uid": 971, "userid": 604, "name": "patriotic clone trooper", "avatar": "https://cdn.discordapp.com/avatars/577748827470168075/3f3c57f906d80e80dff8ed6e54c70d25.png"}, "point": 12113}, {"user": {"uid": 1244, "userid": 767, "name": "cutiehrts #ATM3Y", "avatar": "https://cdn.discordapp.com/avatars/1170949991548858411/fb8331fe2f18503ffc00edb998ec7738.png"}, "point": 11884}, {"user": {"uid": 1438, "userid": 890, "name": "DonDrix", "avatar": "https://cdn.discordapp.com/avatars/334372720789815308/fd5ba77e32c2f1e611be6342843fa544.png"}, "point": 10487}, {"user": {"uid": 1385, "userid": 885, "name": "Canapreo", "avatar": "https://cdn.discordapp.com/avatars/201822324868120576/34e1affa3798545f29fbbbb3537f254b.png"}, "point": 10480}, {"user": {"uid": 793, "userid": 516, "name": "Yeltta", "avatar": "https://cdn.discordapp.com/avatars/1091420988115259442/e754a9767deffcf8b01f23c55dd3da46.png"}, "point": 10357}, {"user": {"uid": 41, "userid": 820, "name": "Jack", "avatar": "https://cdn.discordapp.com/avatars/555074609544822795/d3665ab7e4604312949fcceb877b56b0.png"}, "point": 10305}, {"user": {"uid": 870, "userid": 553, "name": "evilzocken", "avatar": "https://cdn.discordapp.com/avatars/665665436678881280/25d7fd2d1432b799ac4b37a8d7592c6a.png"}, "point": 10215}, {"user": {"uid": 1421, "userid": 881, "name": "sag2605", "avatar": "https://cdn.discordapp.com/avatars/499908315082391567/3de17bb94db960d41daeaa2ec0c705c5.png"}, "point": 10000}, {"user": {"uid": 1322, "userid": 812, "name": "judb", "avatar": "https://cdn.discordapp.com/avatars/814059715137896528/9f070d3ba80b06227e3502c26771faa3.png"}, "point": 9589}, {"user": {"uid": 892, "userid": 567, "name": "KuroSerpent", "avatar": "https://cdn.discordapp.com/avatars/249645812726890497/a_21c0489bbb0c99be7db8bbbfb1ed5e85.gif"}, "point": 8947}, {"user": {"uid": 1245, "userid": 764, "name": "Eiffel Tower Owner", "avatar": "https://cdn.discordapp.com/avatars/909015760347734036/c8847952f95c26f402e44d41e997c8cd.png"}, "point": 8925}, {"user": {"uid": 1232, "userid": 755, "name": "Glitchy", "avatar": "https://cdn.discordapp.com/avatars/692068158487396362/48cd166e4f54fec6e419b1d0b1672a1a.png"}, "point": 8907}, {"user": {"uid": 1458, "userid": 900, "name": "Beedog743", "avatar": "https://cdn.discordapp.com/avatars/220336049082073088/ff94f0776f1b99318f32d0a961b942d7.png"}, "point": 8738}, {"user": {"uid": 1391, "userid": 855, "name": "Den_Bruce_", "avatar": "https://cdn.discordapp.com/avatars/760190579010830337/6ab1f6c6baee22e03ce68c6ca83f8c91.png"}, "point": 8000}, {"user": {"uid": 6, "userid": 11, "name": "Jack", "avatar": "https://cdn.discordapp.com/avatars/755814132338524212/03d8a3a23fa895e40b96cdd564d1f351.png"}, "point": 7812}, {"user": {"uid": 1430, "userid": 886, "name": "Maddypat", "avatar": "https://cdn.discordapp.com/avatars/685159646977327231/4e57d31d0a98f9d98d1cd070848451e3.png"}, "point": 7365}, {"user": {"uid": 1386, "userid": 850, "name": "Stringsly", "avatar": "https://cdn.discordapp.com/avatars/524701453533708300/a_65c66e1b375c3a059df4d4d834ecddf1.gif"}, "point": 7337}, {"user": {"uid": 561, "userid": 386, "name": "richhscm", "avatar": ""}, "point": 6909}, {"user": {"uid": 18, "userid": 718, "name": "Kanasteri", "avatar": "https://cdn.discordapp.com/avatars/388688028056551425/cadea68055c984a8900142da586bf9e5.png"}, "point": 6651}, {"user": {"uid": 156, "userid": 308, "name": "Finley Fennacs", "avatar": "https://cdn.discordapp.com/avatars/177493036031410176/3f47a89be0eb84e8ad989ba76e78b620.png"}, "point": 6539}, {"user": {"uid": 851, "userid": 765, "name": "A_Bold_One", "avatar": "https://cdn.discordapp.com/avatars/724063574565322762/96cc2952ae7b5b1f5e6dfe520b727adc.png"}, "point": 6512}, {"user": {"uid": 1266, "userid": 775, "name": "Khan_X1", "avatar": "https://static.truckersmp.com/avatarsN/5358897.1705606399.png"}, "point": 6451}, {"user": {"uid": 125, "userid": 265, "name": "Issac", "avatar": "https://cdn.discordapp.com/avatars/343167874006777857/e97cad9459740cf160980c2165b7acb3.png"}, "point": 6271}, {"user": {"uid": 1200, "userid": 729, "name": "velocite", "avatar": "https://cdn.discordapp.com/avatars/424825875377422346/660f7fac8fbd0f885aa4175f63fa6748.png"}, "point": 6124}, {"user": {"uid": 1112, "userid": 681, "name": "DUSLOGEMEISTER", "avatar": "https://cdn.discordapp.com/avatars/449720478148460555/38e8e5e249b96cde228bf55a460ae999.png"}, "point": 5911}, {"user": {"uid": 1192, "userid": 724, "name": "Koskee", "avatar": "https://cdn.discordapp.com/avatars/836575095664410654/34bd5b395ebc17c4ca0d51b982cb0a7b.png"}, "point": 5897}, {"user": {"uid": 32, "userid": 87, "name": "MartinWolf", "avatar": "https://cdn.discordapp.com/avatars/693618494071373824/0b22a83d6bc13d4db0c60b60aba7fef7.png"}, "point": 5807}, {"user": {"uid": 1381, "userid": 846, "name": "Cav.D", "avatar": "https://cdn.discordapp.com/avatars/513622217083322371/55c850f612137f10d1f4a7800b567371.png"}, "point": 5636}, {"user": {"uid": 1015, "userid": 626, "name": "HaulmilesLtd", "avatar": "https://cdn.discordapp.com/avatars/1025467595983421540/f25df107191c753884caee95fe8ebacc.png"}, "point": 5620}, {"user": {"uid": 1398, "userid": 862, "name": "2222Y", "avatar": "https://cdn.discordapp.com/avatars/702624334036074646/1b14cc6963653ea32a778ea6e4f23a4d.png"}, "point": 5549}, {"user": {"uid": 169, "userid": 327, "name": "Carlos King", "avatar": "https://cdn.discordapp.com/avatars/506487248217309184/bd6c4d705e13abd33b3b26c5bdcd897d.png"}, "point": 5495}, {"user": {"uid": 178, "userid": 337, "name": "Demon", "avatar": "https://cdn.discordapp.com/avatars/263904733196976128/db03ee2fc81e10a028fb58e95e3d4bca.png"}, "point": 5400}, {"user": {"uid": 1227, "userid": 751, "name": "Arctee", "avatar": "https://avatars.steamstatic.com/1c420d178f66d4691b32a82a49ec20a7825e74d9_full.jpg"}, "point": 5073}, {"user": {"uid": 171, "userid": 858, "name": "Jean #1 Renault Trucks fan", "avatar": "https://cdn.discordapp.com/avatars/729830742418260028/532c688a0a373a5f36342f13030652be.png"}, "point": 5027}, {"user": {"uid": 1461, "userid": 901, "name": "OSSIPEDIA", "avatar": "https://cdn.discordapp.com/avatars/507338888671395860/5be81c1884195f5051cb12326bfbb8f9.png"}, "point": 5017}, {"user": {"uid": 652, "userid": 434, "name": "Niftte", "avatar": "https://cdn.discordapp.com/avatars/270025583801532416/27aa281cc801fa5c9a22e30502eb6233.png"}, "point": 5005}, {"user": {"uid": 1147, "userid": 695, "name": "Kirito21", "avatar": "https://cdn.discordapp.com/avatars/925803382680215572/f01e1941088675bf780245f15eb81bc4.png"}, "point": 4755}, {"user": {"uid": 1284, "userid": 787, "name": "T.Mckenzie", "avatar": "https://cdn.discordapp.com/avatars/478766743930667038/b5df8290803a59cd8771bd94ed013644.png"}, "point": 4701}, {"user": {"uid": 191, "userid": 352, "name": "kia_nokia", "avatar": "https://cdn.discordapp.com/avatars/946038819118022666/9613cd97518544022b55252d1952e174.png"}, "point": 4617}, {"user": {"uid": 974, "userid": 606, "name": "Carter", "avatar": "https://cdn.discordapp.com/avatars/848761810915950663/2672a25e8c40de13efa3d49626d8dde5.png"}, "point": 4521}, {"user": {"uid": 912, "userid": 575, "name": "chy", "avatar": "https://cdn.discordapp.com/avatars/414182799684403200/643c14958d91bd0f582d55aa7e9ffd49.png"}, "point": 4174}, {"user": {"uid": 872, "userid": 555, "name": "LOA | Chris", "avatar": "https://cdn.discordapp.com/avatars/741351957083717673/6f29d9d878b4b6e616e47fb64d9fc2e4.png"}, "point": 4138}, {"user": {"uid": 172, "userid": 330, "name": "Nickert_0492", "avatar": "https://cdn.discordapp.com/avatars/421426903975591956/88768c64736c6d3f8d8938c03da9ee79.png"}, "point": 4061}, {"user": {"uid": 159, "userid": 312, "name": "SugarFr33", "avatar": "https://cdn.discordapp.com/avatars/201772157087383553/f9067034f4df1893aef1e1bf739998d1.png"}, "point": 3987}, {"user": {"uid": 106, "userid": 239, "name": "\"Big Merc\" Mercodious", "avatar": "https://cdn.discordapp.com/avatars/168552876375801857/a_a20387d95da36973b684aca7de2dd26d.gif"}, "point": 3902}, {"user": {"uid": 1464, "userid": 903, "name": "nebula_726", "avatar": "https://cdn.discordapp.com/avatars/820356139527045130/8a3523f9facc1c892fe905dbbd1738ad.png"}, "point": 3473}, {"user": {"uid": 980, "userid": 609, "name": "DdoubleE", "avatar": "https://cdn.discordapp.com/avatars/673140683619434496/56c1bbc887f399c378567f7dbab5bbe0.png"}, "point": 2885}, {"user": {"uid": 820, "userid": 529, "name": "[Explosive] Matthias", "avatar": "https://cdn.discordapp.com/avatars/711889366204678187/2d658ac77f2c1ec40e866459df380e16.png"}, "point": 2686}, {"user": {"uid": 1400, "userid": 861, "name": "Taylor", "avatar": "https://cdn.discordapp.com/avatars/999381297527013479/a_a030d91a47780d0e3e5e20ac62137aed.gif"}, "point": 2652}, {"user": {"uid": 1131, "userid": 688, "name": "Siv5122", "avatar": "https://cdn.discordapp.com/avatars/312794710714482699/8855d8b2bdbd112249cd2fa0d113108e.png"}, "point": 2580}, {"user": {"uid": 1444, "userid": 893, "name": "\u0411\u0473\u0446\u043fc\u0451\u044f", "avatar": "https://cdn.discordapp.com/avatars/439872956739354625/a582fc3e498c341cd8e8309f4aea73b6.png"}, "point": 2537}, {"user": {"uid": 759, "userid": 501, "name": "TheSkiller", "avatar": "https://cdn.discordapp.com/avatars/665158641355325450/da6b6d4e62038b3f92dd42b7b34f7ec9.png"}, "point": 2468}, {"user": {"uid": 1226, "userid": 749, "name": "That_Slayer87", "avatar": "https://cdn.discordapp.com/avatars/850248504878432287/9484069a71c25b62ac273f0daae0f0c2.png"}, "point": 2452}, {"user": {"uid": 29, "userid": 79, "name": "Andrew B.", "avatar": "https://cdn.discordapp.com/avatars/224307743073239040/820d5fa00cb1d416d2b00ca8c296d7bf.png"}, "point": 2387}, {"user": {"uid": 858, "userid": 547, "name": "scotty", "avatar": "https://cdn.discordapp.com/avatars/857726076495331329/985c6b1bd38c5f93bc7b16f515502202.png"}, "point": 2379}, {"user": {"uid": 1230, "userid": 754, "name": "jaronimo", "avatar": "https://cdn.discordapp.com/avatars/454663931223605248/0fe4234ec2208932ebfde6d7dea8ee92.png"}, "point": 2344}, {"user": {"uid": 146, "userid": 293, "name": "Will", "avatar": "https://cdn.discordapp.com/avatars/218785391853961216/de02848ad7494d0e4f99c194e74aac1f.png"}, "point": 2284}, {"user": {"uid": 184, "userid": 345, "name": "NFLD", "avatar": "https://cdn.discordapp.com/avatars/538772758461677578/5f1d024574ed37a8cbaf69c186d93cb1.png"}, "point": 2225}, {"user": {"uid": 596, "userid": 403, "name": "x3menzi_", "avatar": "https://cdn.discordapp.com/avatars/1028633597445423154/22bddd650b8215e87d17f076de904893.png"}, "point": 2202}, {"user": {"uid": 1343, "userid": 824, "name": "Crazy69", "avatar": "https://static.truckersmp.com/avatarsN/811063.1557990099.jpg"}, "point": 1858}, {"user": {"uid": 1181, "userid": 713, "name": "Kurusmaster", "avatar": "https://cdn.discordapp.com/avatars/605417170150752257/b37ff01a6177bbde8c2c67f7b651056d.png"}, "point": 1769}, {"user": {"uid": 140, "userid": 284, "name": "maku78", "avatar": "https://cdn.discordapp.com/avatars/671428232628666388/a6a54bc09fd502351f42b3290808c9cd.png"}, "point": 1631}, {"user": {"uid": 948, "userid": 591, "name": "AidanTheSergal", "avatar": "https://cdn.discordapp.com/avatars/608713452420333589/05b5738d3be88e0cc579b801d879288b.png"}, "point": 1575}, {"user": {"uid": 1390, "userid": 856, "name": "LJFundzz", "avatar": "https://cdn.discordapp.com/avatars/1164197661897937026/a96645fb3e8cb223bba5d871e140e917.png"}, "point": 1538}, {"user": {"uid": 1373, "userid": 841, "name": "gille9216", "avatar": ""}, "point": 1426}, {"user": {"uid": 845, "userid": 542, "name": "_Orli", "avatar": "https://cdn.discordapp.com/avatars/490473509219467284/3e9781d57cb7e4ec01ba07091b5024b9.png"}, "point": 1423}, {"user": {"uid": 1415, "userid": 872, "name": "cozma23", "avatar": "https://cdn.discordapp.com/avatars/640205229886799943/011e2951f856b4e2440fce96f8721e3a.png"}, "point": 1267}, {"user": {"uid": 761, "userid": 502, "name": "Stkedy", "avatar": "https://cdn.discordapp.com/avatars/238351864507269122/a_b13dea0894a3cdec216f56a426c559e8.gif"}, "point": 1247}, {"user": {"uid": 968, "userid": 602, "name": "Svampen Bob", "avatar": "https://cdn.discordapp.com/avatars/323528455209877505/bd28ff6f721d0a3c44f06e7301bb8ff4.png"}, "point": 1132}, {"user": {"uid": 993, "userid": 866, "name": "Dicer", "avatar": "https://cdn.discordapp.com/avatars/879283393731383368/a_790ec0f49b53ffea0370d9fce664e884.gif"}, "point": 1105}, {"user": {"uid": 1406, "userid": 864, "name": "Markus", "avatar": "https://cdn.discordapp.com/avatars/1188513541355999252/a1d171868a2196bc991a271310737723.png"}, "point": 1066}, {"user": {"uid": 1359, "userid": 832, "name": "emjehashi", "avatar": "https://cdn.discordapp.com/avatars/455000360646344704/3aad729d4034fe05884ae055f6c8e5c7.png"}, "point": 1049}, {"user": {"uid": 1441, "userid": 892, "name": "Ryan", "avatar": "https://cdn.discordapp.com/avatars/951736940573630494/c2590486f4d529b99aabbf15c42d4229.png"}, "point": 931}, {"user": {"uid": 1342, "userid": 828, "name": "Daniel", "avatar": "https://cdn.discordapp.com/avatars/541172246207791114/600374feb5b9287f0b354b1ff11870d1.png"}, "point": 829}, {"user": {"uid": 1313, "userid": 806, "name": "Kizule", "avatar": "https://cdn.discordapp.com/avatars/897576249466167377/4b225f923b6e3e5347b9a87db5e6876e.png"}, "point": 824}, {"user": {"uid": 1442, "userid": 891, "name": "bhs", "avatar": "https://cdn.discordapp.com/avatars/805466630875250698/b0f443de677c171732a4bd4f1e5e0445.png"}, "point": 822}, {"user": {"uid": 1213, "userid": 742, "name": "\u2671 Spark DeLuca \u2671", "avatar": "https://cdn.discordapp.com/avatars/807678339514236989/283fb606004de5371e5b3e63ded107f8.png"}, "point": 800}, {"user": {"uid": 813, "userid": 704, "name": "vJust_Josh", "avatar": "https://cdn.discordapp.com/avatars/922265598837276732/8550d243f88aac839192a1be56335b93.png"}, "point": 739}, {"user": {"uid": 1452, "userid": 896, "name": "DarkWolfe", "avatar": "https://cdn.discordapp.com/avatars/864684539808579605/821883aac3772ddbee5d9da835bbda84.png"}, "point": 739}, {"user": {"uid": 932, "userid": 586, "name": "Zee", "avatar": "https://avatars.steamstatic.com/fb4448ad7e5eeabc48ab2f881b6ae91e39818195_full.jpg"}, "point": 664}, {"user": {"uid": 1210, "userid": 738, "name": "DadsArmyfps.TTV", "avatar": "https://cdn.discordapp.com/avatars/837108806902480907/c17d1ff3eb599e3f822fed34842ae3aa.png"}, "point": 628}, {"user": {"uid": 1408, "userid": 865, "name": "R4", "avatar": "https://cdn.discordapp.com/avatars/229936554896916481/bc055d1db5245677b5e67e2a0f3df2af.png"}, "point": 585}, {"user": {"uid": 1462, "userid": 902, "name": "RedxBeard", "avatar": ""}, "point": 578}, {"user": {"uid": 1299, "userid": 798, "name": "Landigrip", "avatar": "https://static.truckersmp.com/avatarsN/3298284.1706983297.jpg"}, "point": 575}, {"user": {"uid": 1274, "userid": 781, "name": "Damon L.", "avatar": "https://cdn.discordapp.com/avatars/232115847756382208/05d4ae0cc6e2512f699421321283352c.png"}, "point": 473}, {"user": {"uid": 1142, "userid": 717, "name": "ford", "avatar": "https://cdn.discordapp.com/avatars/946876965313445939/595deac53bba26b48e850b49a65052fd.png"}, "point": 467}, {"user": {"uid": 37, "userid": 98, "name": "Edu4Games", "avatar": "https://cdn.discordapp.com/avatars/526809060205527050/798388098a92b4ad0cd386258d31a77e.png"}, "point": 447}, {"user": {"uid": 803, "userid": 521, "name": "AK47_GARCHA", "avatar": "https://cdn.discordapp.com/avatars/718236348217032774/b952eb6e0574a2f51a6458ddb48120fb.png"}, "point": 427}, {"user": {"uid": 1315, "userid": 808, "name": "Delano", "avatar": "https://cdn.discordapp.com/avatars/218811857027203073/eaa17fdc12cff48e87681a43767a8a37.png"}, "point": 425}, {"user": {"uid": 155, "userid": 305, "name": "HighNinja52117", "avatar": ""}, "point": 420}, {"user": {"uid": 1043, "userid": 882, "name": "Road_Riders_TMP", "avatar": "https://cdn.discordapp.com/avatars/1082828793447718952/9b669c2db8e406d5ef9cd445e1fdc927.png"}, "point": 323}, {"user": {"uid": 1235, "userid": 756, "name": "Aiden ATM Driver.", "avatar": "https://cdn.discordapp.com/avatars/396374859204132875/7e86bc5a6263bee025ae2b46abff3d2f.png"}, "point": 274}, {"user": {"uid": 701, "userid": 469, "name": "[Lurking] WillWasHere", "avatar": "https://cdn.discordapp.com/avatars/845472376997412864/83a19af9dc91ea4deaf28cd9059c06e4.png"}, "point": 200}, {"user": {"uid": 999, "userid": 616, "name": "Beegrit", "avatar": "https://cdn.discordapp.com/avatars/292420244629094401/1d32a1a50108693129ae812d6d445b1d.png"}, "point": 175}, {"user": {"uid": 1237, "userid": 761, "name": "grimm", "avatar": "https://cdn.discordapp.com/avatars/791031198930698323/14be72ec618550c83f502f828c66bd13.png"}, "point": 144}, {"user": {"uid": 1009, "userid": 623, "name": "Hexx", "avatar": "https://cdn.discordapp.com/avatars/304988513479426049/c2548221c78c83f54855cb03edd6f6d0.png"}, "point": 36}, {"user": {"uid": 1287, "userid": 791, "name": "#ChansiriOut | SWFCOwls", "avatar": "https://cdn.discordapp.com/avatars/663075204121100290/9d48211708d09004febab6e0af6fc665.png"}, "point": 4}, {"user": {"uid": 1191, "userid": 722, "name": "Tedo \ud83d\ude80", "avatar": "https://cdn.discordapp.com/avatars/736941608167276555/845c97e52edbb176f8380c20c0b347ae.png"}, "point": 3}, {"user": {"uid": 901, "userid": 571, "name": "haymamaas", "avatar": "https://cdn.discordapp.com/avatars/743510232537235488/45ac1623a6090863654257f179b5dd00.png"}, "point": 0}, {"user": {"uid": 1104, "userid": 674, "name": "(CH/GR) vtech2", "avatar": "https://static.truckersmp.com/avatarsN/4856514.1699890049.png"}, "point": 0}, {"user": {"uid": 1128, "userid": 685, "name": "CrispyNuggetsTheTwigMan", "avatar": "https://cdn.discordapp.com/avatars/876979403106709554/bc84558bfe5fb459bae76ffe875b2852.png"}, "point": 0}, {"user": {"uid": 1171, "userid": 706, "name": "Lofi", "avatar": "https://cdn.discordapp.com/avatars/801871805694345227/3aeeea83561c1d40e73eddc7f79dd3b5.png"}, "point": 0}, {"user": {"uid": 1197, "userid": 727, "name": "B Y T E", "avatar": "https://cdn.discordapp.com/avatars/170836301266812929/891295394827df1e1720a0c3637a77b9.png"}, "point": 0}]}