[{"abbr": "mgl", "uid": 203, "reward": "fms1-first"}, {"abbr": "mgl", "uid": 203, "reward": "fms1-top0.01"}, {"abbr": "mgl", "uid": 203, "reward": "fms1-top0.1"}, {"abbr": "mgl", "uid": 203, "reward": "fms1-top0.99"}, {"abbr": "rsl", "uid": 136, "reward": "fms1-top0.01"}, {"abbr": "rsl", "uid": 136, "reward": "fms1-top0.1"}, {"abbr": "rsl", "uid": 136, "reward": "fms1-top0.99"}, {"abbr": "atm", "uid": 1061, "reward": "fms1-top0.01"}, {"abbr": "atm", "uid": 1061, "reward": "fms1-top0.1"}, {"abbr": "atm", "uid": 1061, "reward": "fms1-top0.99"}, {"abbr": "atm", "uid": 1382, "reward": "fms1-top0.01"}, {"abbr": "atm", "uid": 1382, "reward": "fms1-top0.1"}, {"abbr": "atm", "uid": 1382, "reward": "fms1-top0.99"}, {"abbr": "flg", "uid": 36, "reward": "fms1-top0.01"}, {"abbr": "flg", "uid": 36, "reward": "fms1-top0.1"}, {"abbr": "flg", "uid": 36, "reward": "fms1-top0.99"}, {"abbr": "ets2mcg", "uid": 96, "reward": "fms1-top0.01"}, {"abbr": "ets2mcg", "uid": 96, "reward": "fms1-top0.1"}, {"abbr": "ets2mcg", "uid": 96, "reward": "fms1-top0.99"}, {"abbr": "rsl", "uid": 147, "reward": "fms1-top0.01"}, {"abbr": "rsl", "uid": 147, "reward": "fms1-top0.1"}, {"abbr": "rsl", "uid": 147, "reward": "fms1-top0.99"}, {"abbr": "flg", "uid": 43, "reward": "fms1-top0.1"}, {"abbr": "flg", "uid": 43, "reward": "fms1-top0.99"}, {"abbr": "ets2mcg", "uid": 178, "reward": "fms1-top0.1"}, {"abbr": "ets2mcg", "uid": 178, "reward": "fms1-top0.99"}, {"abbr": "flg", "uid": 71, "reward": "fms1-top0.1"}, {"abbr": "flg", "uid": 71, "reward": "fms1-top0.99"}, {"abbr": "flg", "uid": 152, "reward": "fms1-top0.1"}, {"abbr": "flg", "uid": 152, "reward": "fms1-top0.99"}, {"abbr": "rsl", "uid": 165, "reward": "fms1-top0.1"}, {"abbr": "rsl", "uid": 165, "reward": "fms1-top0.99"}, {"abbr": "flg", "uid": 85, "reward": "fms1-top0.1"}, {"abbr": "flg", "uid": 85, "reward": "fms1-top0.99"}, {"abbr": "rsl", "uid": 104, "reward": "fms1-top0.1"}, {"abbr": "rsl", "uid": 104, "reward": "fms1-top0.99"}, {"abbr": "atm", "uid": 1316, "reward": "fms1-top0.1"}, {"abbr": "atm", "uid": 1316, "reward": "fms1-top0.99"}, {"abbr": "pll", "uid": 1, "reward": "fms1-top0.1"}, {"abbr": "pll", "uid": 1, "reward": "fms1-top0.99"}, {"abbr": "rsl", "uid": 31, "reward": "fms1-top0.1"}, {"abbr": "rsl", "uid": 31, "reward": "fms1-top0.99"}, {"abbr": "lightning", "uid": 551, "reward": "fms1-top0.1"}, {"abbr": "lightning", "uid": 551, "reward": "fms1-top0.99"}, {"abbr": "lightning", "uid": 636, "reward": "fms1-top0.1"}, {"abbr": "lightning", "uid": 636, "reward": "fms1-top0.99"}, {"abbr": "flg", "uid": 46, "reward": "fms1-top0.1"}, {"abbr": "flg", "uid": 46, "reward": "fms1-top0.99"}, {"abbr": "mgl", "uid": 212, "reward": "fms1-top0.1"}, {"abbr": "mgl", "uid": 212, "reward": "fms1-top0.99"}, {"abbr": "rsl", "uid": 222, "reward": "fms1-top0.1"}, {"abbr": "rsl", "uid": 222, "reward": "fms1-top0.99"}, {"abbr": "flg", "uid": 148, "reward": "fms1-top0.1"}, {"abbr": "flg", "uid": 148, "reward": "fms1-top0.99"}, {"abbr": "ets2mcg", "uid": 479, "reward": "fms1-top0.1"}, {"abbr": "ets2mcg", "uid": 479, "reward": "fms1-top0.99"}, {"abbr": "flg", "uid": 61, "reward": "fms1-top0.1"}, {"abbr": "flg", "uid": 61, "reward": "fms1-top0.99"}, {"abbr": "flg", "uid": 342, "reward": "fms1-top0.1"}, {"abbr": "flg", "uid": 342, "reward": "fms1-top0.99"}, {"abbr": "wht", "uid": 46, "reward": "fms1-top0.1"}, {"abbr": "wht", "uid": 46, "reward": "fms1-top0.99"}, {"abbr": "atm", "uid": 1411, "reward": "fms1-top0.1"}, {"abbr": "atm", "uid": 1411, "reward": "fms1-top0.99"}, {"abbr": "rsl", "uid": 192, "reward": "fms1-top0.1"}, {"abbr": "rsl", "uid": 192, "reward": "fms1-top0.99"}, {"abbr": "mgl", "uid": 210, "reward": "fms1-top0.1"}, {"abbr": "mgl", "uid": 210, "reward": "fms1-top0.99"}, {"abbr": "truck", "uid": 30, "reward": "fms1-top0.1"}, {"abbr": "truck", "uid": 30, "reward": "fms1-top0.99"}, {"abbr": "wht", "uid": 69, "reward": "fms1-top0.1"}, {"abbr": "wht", "uid": 69, "reward": "fms1-top0.99"}, {"abbr": "flg", "uid": 12, "reward": "fms1-top0.1"}, {"abbr": "flg", "uid": 12, "reward": "fms1-top0.99"}, {"abbr": "ltl", "uid": 1, "reward": "fms1-top0.1"}, {"abbr": "ltl", "uid": 1, "reward": "fms1-top0.99"}, {"abbr": "atm", "uid": 1271, "reward": "fms1-top0.1"}, {"abbr": "atm", "uid": 1271, "reward": "fms1-top0.99"}, {"abbr": "flg", "uid": 18, "reward": "fms1-top0.1"}, {"abbr": "flg", "uid": 18, "reward": "fms1-top0.99"}, {"abbr": "atm", "uid": 1187, "reward": "fms1-top0.1"}, {"abbr": "atm", "uid": 1187, "reward": "fms1-top0.99"}, {"abbr": "flg", "uid": 325, "reward": "fms1-top0.1"}, {"abbr": "flg", "uid": 325, "reward": "fms1-top0.99"}, {"abbr": "truck", "uid": 48, "reward": "fms1-top0.1"}, {"abbr": "truck", "uid": 48, "reward": "fms1-top0.99"}, {"abbr": "rsl", "uid": 50, "reward": "fms1-top0.1"}, {"abbr": "rsl", "uid": 50, "reward": "fms1-top0.99"}, {"abbr": "truck", "uid": 62, "reward": "fms1-top0.1"}, {"abbr": "truck", "uid": 62, "reward": "fms1-top0.99"}, {"abbr": "flg", "uid": 79, "reward": "fms1-top0.1"}, {"abbr": "flg", "uid": 79, "reward": "fms1-top0.99"}, {"abbr": "flg", "uid": 272, "reward": "fms1-top0.1"}, {"abbr": "flg", "uid": 272, "reward": "fms1-top0.99"}, {"abbr": "pll", "uid": 8, "reward": "fms1-top0.1"}, {"abbr": "pll", "uid": 8, "reward": "fms1-top0.99"}, {"abbr": "vangardvtc", "uid": 6, "reward": "fms1-top0.1"}, {"abbr": "vangardvtc", "uid": 6, "reward": "fms1-top0.99"}, {"abbr": "flg", "uid": 295, "reward": "fms1-top0.1"}, {"abbr": "flg", "uid": 295, "reward": "fms1-top0.99"}, {"abbr": "wht", "uid": 56, "reward": "fms1-top0.1"}, {"abbr": "wht", "uid": 56, "reward": "fms1-top0.99"}, {"abbr": "pll", "uid": 173, "reward": "fms1-top0.1"}, {"abbr": "pll", "uid": 173, "reward": "fms1-top0.99"}, {"abbr": "atm", "uid": 619, "reward": "fms1-top0.1"}, {"abbr": "atm", "uid": 619, "reward": "fms1-top0.99"}, {"abbr": "flg", "uid": 59, "reward": "fms1-top0.1"}, {"abbr": "flg", "uid": 59, "reward": "fms1-top0.99"}, {"abbr": "rsl", "uid": 176, "reward": "fms1-top0.1"}, {"abbr": "rsl", "uid": 176, "reward": "fms1-top0.99"}, {"abbr": "truck", "uid": 75, "reward": "fms1-top0.1"}, {"abbr": "truck", "uid": 75, "reward": "fms1-top0.99"}, {"abbr": "flg", "uid": 68, "reward": "fms1-top0.1"}, {"abbr": "flg", "uid": 68, "reward": "fms1-top0.99"}, {"abbr": "lightning", "uid": 648, "reward": "fms1-top0.1"}, {"abbr": "lightning", "uid": 648, "reward": "fms1-top0.99"}, {"abbr": "flg", "uid": 60, "reward": "fms1-top0.1"}, {"abbr": "flg", "uid": 60, "reward": "fms1-top0.99"}, {"abbr": "wht", "uid": 8, "reward": "fms1-top0.1"}, {"abbr": "wht", "uid": 8, "reward": "fms1-top0.99"}, {"abbr": "truck", "uid": 14, "reward": "fms1-top0.1"}, {"abbr": "truck", "uid": 14, "reward": "fms1-top0.99"}, {"abbr": "atm", "uid": 1039, "reward": "fms1-top0.1"}, {"abbr": "atm", "uid": 1039, "reward": "fms1-top0.99"}, {"abbr": "pll", "uid": 194, "reward": "fms1-top0.1"}, {"abbr": "pll", "uid": 194, "reward": "fms1-top0.99"}, {"abbr": "mgl", "uid": 6, "reward": "fms1-top0.1"}, {"abbr": "mgl", "uid": 6, "reward": "fms1-top0.99"}, {"abbr": "flg", "uid": 341, "reward": "fms1-top0.1"}, {"abbr": "flg", "uid": 341, "reward": "fms1-top0.99"}, {"abbr": "nebula", "uid": 8, "reward": "fms1-top0.1"}, {"abbr": "nebula", "uid": 8, "reward": "fms1-top0.99"}, {"abbr": "mgl", "uid": 171, "reward": "fms1-top0.1"}, {"abbr": "mgl", "uid": 171, "reward": "fms1-top0.99"}, {"abbr": "atm", "uid": 1419, "reward": "fms1-top0.1"}, {"abbr": "atm", "uid": 1419, "reward": "fms1-top0.99"}, {"abbr": "movezen", "uid": 367, "reward": "fms1-top0.1"}, {"abbr": "movezen", "uid": 367, "reward": "fms1-top0.99"}, {"abbr": "flg", "uid": 326, "reward": "fms1-top0.1"}, {"abbr": "flg", "uid": 326, "reward": "fms1-top0.99"}, {"abbr": "truck", "uid": 52, "reward": "fms1-top0.1"}, {"abbr": "truck", "uid": 52, "reward": "fms1-top0.99"}, {"abbr": "atm", "uid": 1378, "reward": "fms1-top0.1"}, {"abbr": "atm", "uid": 1378, "reward": "fms1-top0.99"}, {"abbr": "flg", "uid": 73, "reward": "fms1-top0.1"}, {"abbr": "flg", "uid": 73, "reward": "fms1-top0.99"}, {"abbr": "rsl", "uid": 223, "reward": "fms1-top0.1"}, {"abbr": "rsl", "uid": 223, "reward": "fms1-top0.99"}, {"abbr": "ltl", "uid": 14, "reward": "fms1-top0.1"}, {"abbr": "ltl", "uid": 14, "reward": "fms1-top0.99"}, {"abbr": "truck", "uid": 34, "reward": "fms1-top0.1"}, {"abbr": "truck", "uid": 34, "reward": "fms1-top0.99"}, {"abbr": "ets2mcg", "uid": 82, "reward": "fms1-top0.1"}, {"abbr": "ets2mcg", "uid": 82, "reward": "fms1-top0.99"}, {"abbr": "lightning", "uid": 609, "reward": "fms1-top0.1"}, {"abbr": "lightning", "uid": 609, "reward": "fms1-top0.99"}, {"abbr": "flg", "uid": 92, "reward": "fms1-top0.1"}, {"abbr": "flg", "uid": 92, "reward": "fms1-top0.99"}, {"abbr": "ets2mcg", "uid": 376, "reward": "fms1-top0.1"}, {"abbr": "ets2mcg", "uid": 376, "reward": "fms1-top0.99"}, {"abbr": "atm", "uid": 1160, "reward": "fms1-top0.1"}, {"abbr": "atm", "uid": 1160, "reward": "fms1-top0.99"}, {"abbr": "atm", "uid": 1160, "reward": "fms1-rank77"}, {"abbr": "mgl", "uid": 1, "reward": "fms1-top0.1"}, {"abbr": "mgl", "uid": 1, "reward": "fms1-top0.99"}, {"abbr": "atm", "uid": 717, "reward": "fms1-top0.1"}, {"abbr": "atm", "uid": 717, "reward": "fms1-top0.99"}, {"abbr": "lightning", "uid": 25, "reward": "fms1-top0.99"}, {"abbr": "rsl", "uid": 153, "reward": "fms1-top0.99"}, {"abbr": "rsl", "uid": 220, "reward": "fms1-top0.99"}, {"abbr": "wht", "uid": 73, "reward": "fms1-top0.99"}, {"abbr": "truck", "uid": 38, "reward": "fms1-top0.99"}, {"abbr": "atm", "uid": 866, "reward": "fms1-top0.99"}, {"abbr": "flg", "uid": 331, "reward": "fms1-top0.99"}, {"abbr": "ets2mcg", "uid": 300, "reward": "fms1-top0.99"}, {"abbr": "wht", "uid": 42, "reward": "fms1-top0.99"}, {"abbr": "truck", "uid": 28, "reward": "fms1-top0.99"}, {"abbr": "truck", "uid": 53, "reward": "fms1-top0.99"}, {"abbr": "ltl", "uid": 3, "reward": "fms1-top0.99"}, {"abbr": "pll", "uid": 76, "reward": "fms1-top0.99"}, {"abbr": "flg", "uid": 329, "reward": "fms1-top0.99"}, {"abbr": "flg", "uid": 205, "reward": "fms1-top0.99"}, {"abbr": "atm", "uid": 1448, "reward": "fms1-top0.99"}, {"abbr": "flg", "uid": 47, "reward": "fms1-top0.99"}, {"abbr": "vangardvtc", "uid": 1, "reward": "fms1-top0.99"}, {"abbr": "mgl", "uid": 202, "reward": "fms1-top0.99"}, {"abbr": "mgl", "uid": 192, "reward": "fms1-top0.99"}, {"abbr": "wht", "uid": 1, "reward": "fms1-top0.99"}, {"abbr": "atm", "uid": 924, "reward": "fms1-top0.99"}, {"abbr": "rsl", "uid": 1, "reward": "fms1-top0.99"}, {"abbr": "flg", "uid": 39, "reward": "fms1-top0.99"}, {"abbr": "atm", "uid": 1105, "reward": "fms1-top0.99"}, {"abbr": "lightning", "uid": 651, "reward": "fms1-top0.99"}, {"abbr": "sta", "uid": 13, "reward": "fms1-top0.99"}, {"abbr": "flg", "uid": 333, "reward": "fms1-top0.99"}, {"abbr": "rsl", "uid": 71, "reward": "fms1-top0.99"}, {"abbr": "flg", "uid": 93, "reward": "fms1-top0.99"}, {"abbr": "pll", "uid": 15, "reward": "fms1-top0.99"}, {"abbr": "flg", "uid": 213, "reward": "fms1-top0.99"}, {"abbr": "atm", "uid": 1434, "reward": "fms1-top0.99"}, {"abbr": "truck", "uid": 37, "reward": "fms1-top0.99"}, {"abbr": "flg", "uid": 269, "reward": "fms1-top0.99"}, {"abbr": "rsl", "uid": 28, "reward": "fms1-top0.99"}, {"abbr": "flg", "uid": 318, "reward": "fms1-top0.99"}, {"abbr": "flg", "uid": 194, "reward": "fms1-top0.99"}, {"abbr": "mgl", "uid": 28, "reward": "fms1-top0.99"}, {"abbr": "pll", "uid": 100, "reward": "fms1-top0.99"}, {"abbr": "rsl", "uid": 17, "reward": "fms1-top0.99"}, {"abbr": "wht", "uid": 76, "reward": "fms1-top0.99"}, {"abbr": "pll", "uid": 140, "reward": "fms1-top0.99"}, {"abbr": "truck", "uid": 24, "reward": "fms1-top0.99"}, {"abbr": "flg", "uid": 324, "reward": "fms1-top0.99"}, {"abbr": "ets2mcg", "uid": 460, "reward": "fms1-top0.99"}, {"abbr": "flg", "uid": 322, "reward": "fms1-top0.99"}, {"abbr": "atm", "uid": 1253, "reward": "fms1-top0.99"}, {"abbr": "ets2mcg", "uid": 19, "reward": "fms1-top0.99"}, {"abbr": "movezen", "uid": 360, "reward": "fms1-top0.99"}, {"abbr": "atm", "uid": 1310, "reward": "fms1-top0.99"}, {"abbr": "rsl", "uid": 130, "reward": "fms1-top0.99"}, {"abbr": "ltl", "uid": 8, "reward": "fms1-top0.99"}, {"abbr": "flg", "uid": 9, "reward": "fms1-top0.99"}, {"abbr": "wht", "uid": 9, "reward": "fms1-top0.99"}, {"abbr": "pll", "uid": 180, "reward": "fms1-top0.99"}, {"abbr": "mgl", "uid": 13, "reward": "fms1-top0.99"}, {"abbr": "flg", "uid": 309, "reward": "fms1-top0.99"}, {"abbr": "rsl", "uid": 72, "reward": "fms1-top0.99"}, {"abbr": "flg", "uid": 357, "reward": "fms1-top0.99"}, {"abbr": "flg", "uid": 119, "reward": "fms1-top0.99"}, {"abbr": "atm", "uid": 1034, "reward": "fms1-top0.99"}, {"abbr": "flg", "uid": 117, "reward": "fms1-top0.99"}, {"abbr": "movezen", "uid": 366, "reward": "fms1-top0.99"}, {"abbr": "mgl", "uid": 205, "reward": "fms1-top0.99"}, {"abbr": "rsl", "uid": 135, "reward": "fms1-top0.99"}, {"abbr": "rsl", "uid": 27, "reward": "fms1-top0.99"}, {"abbr": "truck", "uid": 12, "reward": "fms1-top0.99"}, {"abbr": "rsl", "uid": 190, "reward": "fms1-top0.99"}, {"abbr": "lightning", "uid": 427, "reward": "fms1-top0.99"}, {"abbr": "truck", "uid": 43, "reward": "fms1-top0.99"}, {"abbr": "truck", "uid": 19, "reward": "fms1-top0.99"}, {"abbr": "rsl", "uid": 41, "reward": "fms1-top0.99"}, {"abbr": "wht", "uid": 6, "reward": "fms1-top0.99"}, {"abbr": "lightning", "uid": 402, "reward": "fms1-top0.99"}, {"abbr": "truck", "uid": 3, "reward": "fms1-top0.99"}, {"abbr": "atm", "uid": 1457, "reward": "fms1-top0.99"}, {"abbr": "lightning", "uid": 664, "reward": "fms1-top0.99"}, {"abbr": "atm", "uid": 1414, "reward": "fms1-top0.99"}, {"abbr": "ets2mcg", "uid": 259, "reward": "fms1-top0.99"}, {"abbr": "flg", "uid": 56, "reward": "fms1-top0.99"}, {"abbr": "rsl", "uid": 181, "reward": "fms1-top0.99"}, {"abbr": "truck", "uid": 23, "reward": "fms1-top0.99"}, {"abbr": "flg", "uid": 118, "reward": "fms1-top0.99"}, {"abbr": "truck", "uid": 104, "reward": "fms1-top0.99"}, {"abbr": "flg", "uid": 51, "reward": "fms1-top0.99"}, {"abbr": "rsl", "uid": 3, "reward": "fms1-top0.99"}, {"abbr": "movezen", "uid": 1, "reward": "fms1-top0.99"}, {"abbr": "mgl", "uid": 128, "reward": "fms1-top0.99"}, {"abbr": "truck", "uid": 54, "reward": "fms1-top0.99"}, {"abbr": "atm", "uid": 1325, "reward": "fms1-top0.99"}, {"abbr": "lightning", "uid": 595, "reward": "fms1-top0.99"}, {"abbr": "pll", "uid": 204, "reward": "fms1-top0.99"}, {"abbr": "rsl", "uid": 118, "reward": "fms1-top0.99"}, {"abbr": "ets2mcg", "uid": 100, "reward": "fms1-top0.99"}, {"abbr": "pll", "uid": 43, "reward": "fms1-top0.99"}, {"abbr": "atm", "uid": 87, "reward": "fms1-top0.99"}, {"abbr": "atm", "uid": 1456, "reward": "fms1-top0.99"}, {"abbr": "atm", "uid": 1412, "reward": "fms1-top0.99"}, {"abbr": "flg", "uid": 310, "reward": "fms1-top0.99"}, {"abbr": "rsl", "uid": 144, "reward": "fms1-top0.99"}, {"abbr": "gokboru", "uid": 3, "reward": "fms1-top0.99"}, {"abbr": "atm", "uid": 1007, "reward": "fms1-top0.99"}, {"abbr": "truck", "uid": 106, "reward": "fms1-top0.99"}, {"abbr": "wht", "uid": 77, "reward": "fms1-top0.99"}, {"abbr": "lightning", "uid": 678, "reward": "fms1-top0.99"}, {"abbr": "lightning", "uid": 642, "reward": "fms1-top0.99"}, {"abbr": "mgl", "uid": 209, "reward": "fms1-top0.99"}, {"abbr": "flg", "uid": 266, "reward": "fms1-top0.99"}, {"abbr": "lightning", "uid": 578, "reward": "fms1-top0.99"}, {"abbr": "atm", "uid": 1291, "reward": "fms1-top0.99"}, {"abbr": "movezen", "uid": 12, "reward": "fms1-top0.99"}, {"abbr": "ets2mcg", "uid": 219, "reward": "fms1-top0.99"}, {"abbr": "flg", "uid": 13, "reward": "fms1-top0.99"}, {"abbr": "nebula", "uid": 3, "reward": "fms1-top0.99"}, {"abbr": "flg", "uid": 347, "reward": "fms1-top0.99"}, {"abbr": "flg", "uid": 348, "reward": "fms1-top0.99"}, {"abbr": "truck", "uid": 86, "reward": "fms1-top0.99"}, {"abbr": "truck", "uid": 94, "reward": "fms1-top0.99"}, {"abbr": "rsl", "uid": 75, "reward": "fms1-top0.99"}, {"abbr": "rsl", "uid": 174, "reward": "fms1-top0.99"}, {"abbr": "ets2mcg", "uid": 16, "reward": "fms1-top0.99"}, {"abbr": "atm", "uid": 1433, "reward": "fms1-top0.99"}, {"abbr": "pll", "uid": 306, "reward": "fms1-top0.99"}, {"abbr": "truck", "uid": 97, "reward": "fms1-top0.99"}, {"abbr": "rsl", "uid": 212, "reward": "fms1-top0.99"}, {"abbr": "pll", "uid": 213, "reward": "fms1-top0.99"}, {"abbr": "flg", "uid": 327, "reward": "fms1-top0.99"}, {"abbr": "atm", "uid": 1423, "reward": "fms1-top0.99"}, {"abbr": "atm", "uid": 3, "reward": "fms1-top0.99"}, {"abbr": "ltl", "uid": 17, "reward": "fms1-top0.99"}, {"abbr": "truck", "uid": 47, "reward": "fms1-top0.99"}, {"abbr": "rsl", "uid": 198, "reward": "fms1-top0.99"}, {"abbr": "lightning", "uid": 675, "reward": "fms1-top0.99"}, {"abbr": "atm", "uid": 716, "reward": "fms1-top0.99"}, {"abbr": "flg", "uid": 78, "reward": "fms1-top0.99"}, {"abbr": "rsl", "uid": 145, "reward": "fms1-top0.99"}, {"abbr": "rsl", "uid": 12, "reward": "fms1-top0.99"}, {"abbr": "truck", "uid": 87, "reward": "fms1-top0.99"}, {"abbr": "ets2mcg", "uid": 211, "reward": "fms1-top0.99"}, {"abbr": "truck", "uid": 16, "reward": "fms1-top0.99"}, {"abbr": "truck", "uid": 39, "reward": "fms1-top0.99"}, {"abbr": "lightning", "uid": 652, "reward": "fms1-top0.99"}, {"abbr": "ets2mcg", "uid": 15, "reward": "fms1-top0.99"}, {"abbr": "lightning", "uid": 396, "reward": "fms1-top0.99"}, {"abbr": "flg", "uid": 294, "reward": "fms1-top0.99"}, {"abbr": "pll", "uid": 134, "reward": "fms1-top0.99"}, {"abbr": "twitch", "uid": 21, "reward": "fms1-top0.99"}, {"abbr": "flg", "uid": 139, "reward": "fms1-top0.99"}, {"abbr": "flg", "uid": 242, "reward": "fms1-top0.99"}, {"abbr": "lightning", "uid": 516, "reward": "fms1-top0.99"}, {"abbr": "rsl", "uid": 231, "reward": "fms1-top0.99"}, {"abbr": "atm", "uid": 112, "reward": "fms1-top0.99"}, {"abbr": "lightning", "uid": 643, "reward": "fms1-top0.99"}, {"abbr": "wht", "uid": 38, "reward": "fms1-top0.99"}, {"abbr": "truck", "uid": 70, "reward": "fms1-top0.99"}, {"abbr": "flg", "uid": 276, "reward": "fms1-top0.99"}, {"abbr": "truck", "uid": 15, "reward": "fms1-top0.99"}, {"abbr": "rsl", "uid": 95, "reward": "fms1-top0.99"}, {"abbr": "atm", "uid": 1327, "reward": "fms1-top0.99"}, {"abbr": "truck", "uid": 102, "reward": "fms1-top0.99"}, {"abbr": "flg", "uid": 130, "reward": "fms1-top0.99"}, {"abbr": "atm", "uid": 971, "reward": "fms1-top0.99"}, {"abbr": "wht", "uid": 57, "reward": "fms1-top0.99"}, {"abbr": "truck", "uid": 50, "reward": "fms1-top0.99"}, {"abbr": "wht", "uid": 24, "reward": "fms1-top0.99"}, {"abbr": "truck", "uid": 74, "reward": "fms1-top0.99"}, {"abbr": "atm", "uid": 811, "reward": "fms1-top0.99"}, {"abbr": "flg", "uid": 19, "reward": "fms1-top0.99"}, {"abbr": "flg", "uid": 328, "reward": "fms1-top0.99"}, {"abbr": "wht", "uid": 7, "reward": "fms1-top0.99"}, {"abbr": "flg", "uid": 10, "reward": "fms1-top0.99"}, {"abbr": "lightning", "uid": 480, "reward": "fms1-top0.99"}, {"abbr": "atm", "uid": 1438, "reward": "fms1-top0.99"}, {"abbr": "lightning", "uid": 663, "reward": "fms1-top0.99"}, {"abbr": "pll", "uid": 234, "reward": "fms1-top0.99"}, {"abbr": "mgl", "uid": 180, "reward": "fms1-top0.99"}, {"abbr": "truck", "uid": 98, "reward": "fms1-top0.99"}, {"abbr": "flg", "uid": 91, "reward": "fms1-top0.99"}, {"abbr": "atm", "uid": 1385, "reward": "fms1-top0.99"}, {"abbr": "flg", "uid": 21, "reward": "fms1-top0.99"}, {"abbr": "rsl", "uid": 6, "reward": "fms1-top0.99"}, {"abbr": "ltl", "uid": 12, "reward": "fms1-top0.99"}, {"abbr": "truck", "uid": 64, "reward": "fms1-top0.99"}, {"abbr": "nebula", "uid": 19, "reward": "fms1-top0.99"}, {"abbr": "truck", "uid": 113, "reward": "fms1-top0.99"}, {"abbr": "atm", "uid": 793, "reward": "fms1-top0.99"}, {"abbr": "movezen", "uid": 351, "reward": "fms1-top0.99"}, {"abbr": "flg", "uid": 284, "reward": "fms1-top0.99"}, {"abbr": "lightning", "uid": 579, "reward": "fms1-top0.99"}, {"abbr": "rsl", "uid": 5, "reward": "fms1-top0.99"}, {"abbr": "ets2mcg", "uid": 400, "reward": "fms1-top0.99"}, {"abbr": "flg", "uid": 278, "reward": "fms1-top0.99"}, {"abbr": "rsl", "uid": 169, "reward": "fms1-top0.99"}, {"abbr": "ets2mcg", "uid": 14, "reward": "fms1-top0.99"}, {"abbr": "truck", "uid": 93, "reward": "fms1-top0.99"}, {"abbr": "lightning", "uid": 468, "reward": "fms1-top0.99"}, {"abbr": "pll", "uid": 148, "reward": "fms1-top0.99"}, {"abbr": "rsl", "uid": 227, "reward": "fms1-top0.99"}, {"abbr": "ets2mcg", "uid": 364, "reward": "fms1-top0.99"}, {"abbr": "ltl", "uid": 5, "reward": "fms1-top0.99"}, {"abbr": "atm", "uid": 1097, "reward": "fms1-top0.99"}, {"abbr": "pll", "uid": 260, "reward": "fms1-top0.99"}, {"abbr": "pll", "uid": 273, "reward": "fms1-top0.99"}, {"abbr": "atm", "uid": 1322, "reward": "fms1-top0.99"}, {"abbr": "flg", "uid": 337, "reward": "fms1-top0.99"}, {"abbr": "flg", "uid": 275, "reward": "fms1-top0.99"}, {"abbr": "flg", "uid": 38, "reward": "fms1-top0.99"}, {"abbr": "atm", "uid": 1245, "reward": "fms1-top0.99"}, {"abbr": "vxl", "uid": 1, "reward": "fms1-top0.99"}, {"abbr": "truck", "uid": 1, "reward": "fms1-top0.99"}, {"abbr": "flg", "uid": 70, "reward": "fms1-top0.99"}, {"abbr": "atm", "uid": 1458, "reward": "fms1-top0.99"}, {"abbr": "atm", "uid": 1232, "reward": "fms1-top0.99"}, {"abbr": "atm", "uid": 119, "reward": "fms1-top0.99"}, {"abbr": "wht", "uid": 4, "reward": "fms1-top0.99"}, {"abbr": "wht", "uid": 28, "reward": "fms1-top0.99"}, {"abbr": "lightning", "uid": 658, "reward": "fms1-top0.99"}, {"abbr": "flg", "uid": 157, "reward": "fms1-top0.99"}, {"abbr": "ets2mcg", "uid": 75, "reward": "fms1-top0.99"}, {"abbr": "wht", "uid": 5, "reward": "fms1-top0.99"}, {"abbr": "pll", "uid": 5, "reward": "fms1-top0.99"}, {"abbr": "magicpl", "uid": 5, "reward": "fms1-top0.99"}, {"abbr": "rsl", "uid": 91, "reward": "fms1-top0.99"}, {"abbr": "rsl", "uid": 225, "reward": "fms1-top0.99"}, {"abbr": "atm", "uid": 892, "reward": "fms1-top0.99"}, {"abbr": "flg", "uid": 196, "reward": "fms1-top0.99"}, {"abbr": "rsl", "uid": 218, "reward": "fms1-top0.99"}, {"abbr": "rsl", "uid": 166, "reward": "fms1-top0.99"}, {"abbr": "movezen", "uid": 356, "reward": "fms1-top0.99"}, {"abbr": "pll", "uid": 160, "reward": "fms1-top0.99"}, {"abbr": "wht", "uid": 11, "reward": "fms1-top0.99"}, {"abbr": "movezen", "uid": 369, "reward": "fms1-top0.99"}, {"abbr": "truck", "uid": 72, "reward": "fms1-top0.99"}, {"abbr": "atm", "uid": 671, "reward": "fms1-top0.99"}, {"abbr": "lightning", "uid": 667, "reward": "fms1-top0.99"}, {"abbr": "rsl", "uid": 64, "reward": "fms1-top0.99"}, {"abbr": "rsl", "uid": 55, "reward": "fms1-top0.99"}, {"abbr": "mgl", "uid": 211, "reward": "fms1-top0.99"}, {"abbr": "lightning", "uid": 212, "reward": "fms1-top0.99"}, {"abbr": "pll", "uid": 176, "reward": "fms1-top0.99"}, {"abbr": "lightning", "uid": 657, "reward": "fms1-top0.99"}, {"abbr": "atm", "uid": 6, "reward": "fms1-top0.99"}, {"abbr": "flg", "uid": 124, "reward": "fms1-top0.99"}, {"abbr": "pll", "uid": 32, "reward": "fms1-top0.99"}, {"abbr": "mgl", "uid": 173, "reward": "fms1-top0.99"}, {"abbr": "flg", "uid": 105, "reward": "fms1-top0.99"}, {"abbr": "flg", "uid": 359, "reward": "fms1-top0.99"}, {"abbr": "flg", "uid": 90, "reward": "fms1-top0.99"}, {"abbr": "atm", "uid": 41, "reward": "fms1-top0.99"}, {"abbr": "flg", "uid": 344, "reward": "fms1-top0.99"}, {"abbr": "pll", "uid": 281, "reward": "fms1-top0.99"}, {"abbr": "lightning", "uid": 660, "reward": "fms1-top0.99"}, {"abbr": "rsl", "uid": 143, "reward": "fms1-top0.99"}, {"abbr": "mgl", "uid": 147, "reward": "fms1-top0.99"}, {"abbr": "ets2mcg", "uid": 470, "reward": "fms1-top0.99"}, {"abbr": "truck", "uid": 13, "reward": "fms1-top0.99"}, {"abbr": "rsl", "uid": 76, "reward": "fms1-top0.99"}, {"abbr": "movezen", "uid": 358, "reward": "fms1-top0.99"}, {"abbr": "flg", "uid": 360, "reward": "fms1-top0.99"}, {"abbr": "movezen", "uid": 352, "reward": "fms1-top0.99"}, {"abbr": "truck", "uid": 55, "reward": "fms1-top0.99"}, {"abbr": "rsl", "uid": 7, "reward": "fms1-top0.99"}, {"abbr": "rsl", "uid": 57, "reward": "fms1-top0.99"}, {"abbr": "flg", "uid": 141, "reward": "fms1-top0.99"}, {"abbr": "atm", "uid": 1401, "reward": "fms1-top0.99"}, {"abbr": "atm", "uid": 1305, "reward": "fms1-top0.99"}, {"abbr": "wht", "uid": 68, "reward": "fms1-top0.99"}, {"abbr": "atm", "uid": 561, "reward": "fms1-top0.99"}, {"abbr": "wht", "uid": 18, "reward": "fms1-top0.99"}, {"abbr": "truck", "uid": 81, "reward": "fms1-top0.99"}, {"abbr": "flg", "uid": 361, "reward": "fms1-top0.99"}, {"abbr": "pll", "uid": 144, "reward": "fms1-top0.99"}, {"abbr": "atm", "uid": 1430, "reward": "fms1-top0.99"}, {"abbr": "flg", "uid": 316, "reward": "fms1-top0.99"}, {"abbr": "lightning", "uid": 458, "reward": "fms1-top0.99"}, {"abbr": "pll", "uid": 307, "reward": "fms1-top0.99"}, {"abbr": "rsl", "uid": 171, "reward": "fms1-top0.99"}, {"abbr": "atm", "uid": 851, "reward": "fms1-top0.99"}, {"abbr": "pll", "uid": 54, "reward": "fms1-top0.99"}, {"abbr": "flg", "uid": 133, "reward": "fms1-top0.99"}, {"abbr": "mgl", "uid": 163, "reward": "fms1-top0.99"}, {"abbr": "truck", "uid": 68, "reward": "fms1-top0.99"}, {"abbr": "pll", "uid": 259, "reward": "fms1-top0.99"}, {"abbr": "truck", "uid": 92, "reward": "fms1-top0.99"}, {"abbr": "truck", "uid": 49, "reward": "fms1-top0.99"}, {"abbr": "atm", "uid": 1266, "reward": "fms1-top0.99"}, {"abbr": "atm", "uid": 156, "reward": "fms1-top0.99"}, {"abbr": "lightning", "uid": 620, "reward": "fms1-top0.99"}, {"abbr": "flg", "uid": 306, "reward": "fms1-top0.99"}, {"abbr": "flg", "uid": 282, "reward": "fms1-top0.99"}, {"abbr": "truck", "uid": 71, "reward": "fms1-top0.99"}, {"abbr": "lightning", "uid": 504, "reward": "fms1-top0.99"}, {"abbr": "flg", "uid": 27, "reward": "fms1-top0.99"}, {"abbr": "flg", "uid": 172, "reward": "fms1-top0.99"}, {"abbr": "pll", "uid": 28, "reward": "fms1-top0.99"}, {"abbr": "truck", "uid": 59, "reward": "fms1-top0.99"}, {"abbr": "flg", "uid": 121, "reward": "fms1-top0.99"}, {"abbr": "atm", "uid": 1112, "reward": "fms1-top0.99"}, {"abbr": "lightning", "uid": 654, "reward": "fms1-top0.99"}, {"abbr": "flg", "uid": 1, "reward": "fms1-top0.99"}, {"abbr": "atm", "uid": 1192, "reward": "fms1-top0.99"}, {"abbr": "lightning", "uid": 608, "reward": "fms1-top0.99"}, {"abbr": "atm", "uid": 169, "reward": "fms1-top0.99"}, {"abbr": "pll", "uid": 316, "reward": "fms1-top0.99"}, {"abbr": "movezen", "uid": 287, "reward": "fms1-top0.99"}, {"abbr": "rsl", "uid": 131, "reward": "fms1-top0.99"}, {"abbr": "atm", "uid": 1381, "reward": "fms1-top0.99"}, {"abbr": "truck", "uid": 85, "reward": "fms1-top0.99"}, {"abbr": "flg", "uid": 143, "reward": "fms1-top0.99"}, {"abbr": "rsl", "uid": 141, "reward": "fms1-top0.99"}, {"abbr": "rsl", "uid": 114, "reward": "fms1-top0.99"}, {"abbr": "nebula", "uid": 5, "reward": "fms1-top0.99"}, {"abbr": "ets2mcg", "uid": 202, "reward": "fms1-top0.99"}, {"abbr": "ets2mcg", "uid": 499, "reward": "fms1-top0.99"}, {"abbr": "atm", "uid": 1398, "reward": "fms1-top0.99"}, {"abbr": "gokboru", "uid": 2, "reward": "fms1-top0.99"}, {"abbr": "lightning", "uid": 631, "reward": "fms1-top0.99"}, {"abbr": "atm", "uid": 1386, "reward": "fms1-top0.99"}, {"abbr": "atm", "uid": 18, "reward": "fms1-top0.99"}, {"abbr": "lightning", "uid": 672, "reward": "fms1-top0.99"}, {"abbr": "flg", "uid": 346, "reward": "fms1-top0.99"}, {"abbr": "gokboru", "uid": 97, "reward": "fms1-top0.99"}, {"abbr": "ets2mcg", "uid": 25, "reward": "fms1-top0.99"}, {"abbr": "truck", "uid": 56, "reward": "fms1-top0.99"}, {"abbr": "pll", "uid": 112, "reward": "fms1-top0.99"}, {"abbr": "atm", "uid": 1015, "reward": "fms1-top0.99"}, {"abbr": "atm", "uid": 178, "reward": "fms1-top0.99"}, {"abbr": "atm", "uid": 1461, "reward": "fms1-top0.99"}, {"abbr": "rsl", "uid": 98, "reward": "fms1-top0.99"}, {"abbr": "ets2mcg", "uid": 409, "reward": "fms1-top0.99"}, {"abbr": "flg", "uid": 198, "reward": "fms1-top0.99"}, {"abbr": "pll", "uid": 127, "reward": "fms1-top0.99"}, {"abbr": "flg", "uid": 26, "reward": "fms1-top0.99"}, {"abbr": "atm", "uid": 1284, "reward": "fms1-top0.99"}, {"abbr": "rsl", "uid": 99, "reward": "fms1-top0.99"}, {"abbr": "atm", "uid": 191, "reward": "fms1-top0.99"}, {"abbr": "truck", "uid": 103, "reward": "fms1-top0.99"}, {"abbr": "lightning", "uid": 577, "reward": "fms1-top0.99"}, {"abbr": "flg", "uid": 345, "reward": "fms1-top0.99"}, {"abbr": "ets2mcg", "uid": 469, "reward": "fms1-top0.99"}, {"abbr": "truck", "uid": 41, "reward": "fms1-top0.99"}, {"abbr": "flg", "uid": 176, "reward": "fms1-top0.99"}, {"abbr": "lightning", "uid": 501, "reward": "fms1-top0.99"}, {"abbr": "lightning", "uid": 539, "reward": "fms1-top0.99"}, {"abbr": "lightning", "uid": 454, "reward": "fms1-top0.99"}, {"abbr": "flg", "uid": 288, "reward": "fms1-top0.99"}, {"abbr": "pll", "uid": 108, "reward": "fms1-top0.99"}, {"abbr": "flg", "uid": 138, "reward": "fms1-top0.99"}, {"abbr": "flg", "uid": 323, "reward": "fms1-top0.99"}, {"abbr": "ets2mcg", "uid": 113, "reward": "fms1-top0.99"}, {"abbr": "flg", "uid": 50, "reward": "fms1-top0.99"}, {"abbr": "sta", "uid": 6, "reward": "fms1-top0.99"}, {"abbr": "flg", "uid": 179, "reward": "fms1-top0.99"}, {"abbr": "atm", "uid": 494, "reward": "fms1-top0.99"}, {"abbr": "rsl", "uid": 29, "reward": "fms1-top0.99"}, {"abbr": "flg", "uid": 84, "reward": "fms1-top0.99"}, {"abbr": "truck", "uid": 84, "reward": "fms1-top0.99"}, {"abbr": "pll", "uid": 289, "reward": "fms1-top0.99"}, {"abbr": "atm", "uid": 2, "reward": "fms1-top0.99"}, {"abbr": "wht", "uid": 70, "reward": "fms1-top0.99"}, {"abbr": "flg", "uid": 218, "reward": "fms1-top0.99"}, {"abbr": "truck", "uid": 61, "reward": "fms1-top0.99"}, {"abbr": "sta", "uid": 3, "reward": "fms1-top0.99"}, {"abbr": "rsl", "uid": 139, "reward": "fms1-top0.99"}, {"abbr": "atm", "uid": 172, "reward": "fms1-top0.99"}, {"abbr": "atm", "uid": 974, "reward": "fms1-top0.99"}, {"abbr": "lightning", "uid": 68, "reward": "fms1-top0.99"}, {"abbr": "atm", "uid": 106, "reward": "fms1-top0.99"}, {"abbr": "rsl", "uid": 119, "reward": "fms1-top0.99"}, {"abbr": "flg", "uid": 44, "reward": "fms1-top0.99"}, {"abbr": "truck", "uid": 66, "reward": "fms1-top0.99"}, {"abbr": "atm", "uid": 159, "reward": "fms1-top0.99"}, {"abbr": "atm", "uid": 1244, "reward": "fms1-top0.99"}, {"abbr": "flg", "uid": 83, "reward": "fms1-top0.99"}, {"abbr": "flg", "uid": 24, "reward": "fms1-top0.99"}, {"abbr": "wht", "uid": 78, "reward": "fms1-top0.99"}, {"abbr": "mgl", "uid": 206, "reward": "fms1-top0.99"}, {"abbr": "nebula", "uid": 13, "reward": "fms1-top0.99"}, {"abbr": "pll", "uid": 261, "reward": "fms1-top0.99"}, {"abbr": "wht", "uid": 32, "reward": "fms1-top0.99"}, {"abbr": "lightning", "uid": 260, "reward": "fms1-top0.99"}, {"abbr": "flg", "uid": 150, "reward": "fms1-top0.99"}, {"abbr": "flg", "uid": 52, "reward": "fms1-top0.99"}, {"abbr": "flg", "uid": 54, "reward": "fms1-top0.99"}, {"abbr": "rsl", "uid": 205, "reward": "fms1-top0.99"}, {"abbr": "truck", "uid": 45, "reward": "fms1-top0.99"}, {"abbr": "flg", "uid": 336, "reward": "fms1-top0.99"}, {"abbr": "atm", "uid": 1464, "reward": "fms1-top0.99"}, {"abbr": "flg", "uid": 74, "reward": "fms1-top0.99"}, {"abbr": "nebula", "uid": 10, "reward": "fms1-top0.99"}, {"abbr": "lightning", "uid": 622, "reward": "fms1-top0.99"}, {"abbr": "movezen", "uid": 370, "reward": "fms1-top0.99"}, {"abbr": "lightning", "uid": 50, "reward": "fms1-top0.99"}, {"abbr": "mgl", "uid": 199, "reward": "fms1-top0.99"}, {"abbr": "ets2mcg", "uid": 114, "reward": "fms1-top0.99"}, {"abbr": "flg", "uid": 363, "reward": "fms1-top0.99"}, {"abbr": "rsl", "uid": 191, "reward": "fms1-top0.99"}, {"abbr": "pll", "uid": 62, "reward": "fms1-top0.99"}, {"abbr": "ets2mcg", "uid": 275, "reward": "fms1-top0.99"}, {"abbr": "pll", "uid": 205, "reward": "fms1-top0.99"}, {"abbr": "truck", "uid": 111, "reward": "fms1-top0.99"}, {"abbr": "gokboru", "uid": 13, "reward": "fms1-top0.99"}, {"abbr": "atm", "uid": 863, "reward": "fms1-top0.99"}, {"abbr": "pll", "uid": 291, "reward": "fms1-top0.99"}, {"abbr": "lightning", "uid": 203, "reward": "fms1-top0.99"}, {"abbr": "ets2mcg", "uid": 286, "reward": "fms1-top0.99"}, {"abbr": "lightning", "uid": 676, "reward": "fms1-top0.99"}, {"abbr": "pll", "uid": 283, "reward": "fms1-top0.99"}, {"abbr": "rsl", "uid": 194, "reward": "fms1-top0.99"}, {"abbr": "flg", "uid": 287, "reward": "fms1-top0.99"}, {"abbr": "atm", "uid": 1348, "reward": "fms1-top0.99"}, {"abbr": "rsl", "uid": 236, "reward": "fms1-top0.99"}, {"abbr": "mgl", "uid": 79, "reward": "fms1-top0.99"}, {"abbr": "atm", "uid": 980, "reward": "fms1-top0.99"}, {"abbr": "truck", "uid": 115, "reward": "fms1-top0.99"}, {"abbr": "mgl", "uid": 132, "reward": "fms1-top0.99"}, {"abbr": "atm", "uid": 1455, "reward": "fms1-top0.99"}, {"abbr": "atm", "uid": 124, "reward": "fms1-top0.99"}, {"abbr": "mgl", "uid": 5, "reward": "fms1-top0.99"}, {"abbr": "movezen", "uid": 218, "reward": "fms1-top0.99"}, {"abbr": "flg", "uid": 140, "reward": "fms1-top0.99"}, {"abbr": "flg", "uid": 123, "reward": "fms1-top0.99"}, {"abbr": "rsl", "uid": 183, "reward": "fms1-top0.99"}, {"abbr": "truck", "uid": 63, "reward": "fms1-top0.99"}, {"abbr": "flg", "uid": 55, "reward": "fms1-top0.99"}, {"abbr": "atm", "uid": 125, "reward": "fms1-top0.99"}, {"abbr": "truck", "uid": 8, "reward": "fms1-top0.99"}, {"abbr": "flg", "uid": 31, "reward": "fms1-top0.99"}, {"abbr": "twitch", "uid": 8, "reward": "fms1-top0.99"}, {"abbr": "ltl", "uid": 10, "reward": "fms1-top0.99"}, {"abbr": "flg", "uid": 173, "reward": "fms1-top0.99"}, {"abbr": "movezen", "uid": 373, "reward": "fms1-top0.99"}, {"abbr": "ets2mcg", "uid": 104, "reward": "fms1-top0.99"}, {"abbr": "lightning", "uid": 482, "reward": "fms1-top0.99"}, {"abbr": "movezen", "uid": 363, "reward": "fms1-top0.99"}, {"abbr": "lightning", "uid": 424, "reward": "fms1-top0.99"}, {"abbr": "atm", "uid": 32, "reward": "fms1-top0.99"}, {"abbr": "lightning", "uid": 4, "reward": "fms1-top0.99"}, {"abbr": "lightning", "uid": 463, "reward": "fms1-top0.99"}, {"abbr": "ets2mcg", "uid": 406, "reward": "fms1-top0.99"}, {"abbr": "mgl", "uid": 207, "reward": "fms1-top0.99"}, {"abbr": "flg", "uid": 49, "reward": "fms1-top0.99"}, {"abbr": "truck", "uid": 31, "reward": "fms1-top0.99"}, {"abbr": "flg", "uid": 330, "reward": "fms1-top0.99"}, {"abbr": "pll", "uid": 285, "reward": "fms1-top0.99"}, {"abbr": "pll", "uid": 146, "reward": "fms1-top0.99"}, {"abbr": "atm", "uid": 1400, "reward": "fms1-top0.99"}, {"abbr": "lightning", "uid": 649, "reward": "fms1-top0.99"}, {"abbr": "rsl", "uid": 14, "reward": "fms1-top0.99"}, {"abbr": "wht", "uid": 63, "reward": "fms1-top0.99"}, {"abbr": "rsl", "uid": 70, "reward": "fms1-top0.99"}, {"abbr": "atm", "uid": 1131, "reward": "fms1-top0.99"}, {"abbr": "mgl", "uid": 144, "reward": "fms1-top0.99"}, {"abbr": "atm", "uid": 171, "reward": "fms1-top0.99"}, {"abbr": "pll", "uid": 301, "reward": "fms1-top0.99"}, {"abbr": "atm", "uid": 872, "reward": "fms1-top0.99"}, {"abbr": "flg", "uid": 367, "reward": "fms1-top0.99"}, {"abbr": "atm", "uid": 759, "reward": "fms1-top0.99"}, {"abbr": "atm", "uid": 1227, "reward": "fms1-top0.99"}, {"abbr": "atm", "uid": 1226, "reward": "fms1-top0.99"}, {"abbr": "flg", "uid": 239, "reward": "fms1-top0.99"}, {"abbr": "ets2mcg", "uid": 480, "reward": "fms1-top0.99"}, {"abbr": "ets2mcg", "uid": 12, "reward": "fms1-top0.99"}, {"abbr": "atm", "uid": 652, "reward": "fms1-top0.99"}, {"abbr": "flg", "uid": 366, "reward": "fms1-top0.99"}, {"abbr": "flg", "uid": 338, "reward": "fms1-top0.99"}, {"abbr": "atm", "uid": 1444, "reward": "fms1-top0.99"}, {"abbr": "pll", "uid": 156, "reward": "fms1-top0.99"}, {"abbr": "rsl", "uid": 32, "reward": "fms1-top0.99"}, {"abbr": "ets2mcg", "uid": 30, "reward": "fms1-top0.99"}, {"abbr": "rsl", "uid": 234, "reward": "fms1-top0.99"}, {"abbr": "flg", "uid": 165, "reward": "fms1-top0.99"}, {"abbr": "rsl", "uid": 226, "reward": "fms1-top0.99"}, {"abbr": "rsl", "uid": 25, "reward": "fms1-top0.99"}, {"abbr": "flg", "uid": 271, "reward": "fms1-top0.99"}, {"abbr": "atm", "uid": 29, "reward": "fms1-top0.99"}, {"abbr": "mgl", "uid": 159, "reward": "fms1-top0.99"}, {"abbr": "flg", "uid": 106, "reward": "fms1-top0.99"}, {"abbr": "rsl", "uid": 127, "reward": "fms1-top0.99"}, {"abbr": "lightning", "uid": 561, "reward": "fms1-top0.99"}, {"abbr": "atm", "uid": 596, "reward": "fms1-top0.99"}, {"abbr": "atm", "uid": 146, "reward": "fms1-top0.99"}, {"abbr": "atm", "uid": 184, "reward": "fms1-top0.99"}, {"abbr": "ets2mcg", "uid": 425, "reward": "fms1-top0.99"}, {"abbr": "truck", "uid": 58, "reward": "fms1-top0.99"}, {"abbr": "flg", "uid": 307, "reward": "fms1-top0.99"}, {"abbr": "lightning", "uid": 1, "reward": "fms1-top0.99"}, {"abbr": "flg", "uid": 17, "reward": "fms1-top0.99"}, {"abbr": "atm", "uid": 276, "reward": "fms1-top0.99"}, {"abbr": "pll", "uid": 253, "reward": "fms1-top0.99"}, {"abbr": "flg", "uid": 122, "reward": "fms1-top0.99"}, {"abbr": "rsl", "uid": 77, "reward": "fms1-top0.99"}, {"abbr": "truck", "uid": 110, "reward": "fms1-top0.99"}, {"abbr": "lightning", "uid": 610, "reward": "fms1-top0.99"}, {"abbr": "lightning", "uid": 646, "reward": "fms1-top0.99"}, {"abbr": "ets2mcg", "uid": 417, "reward": "fms1-top0.99"}, {"abbr": "lightning", "uid": 400, "reward": "fms1-top0.99"}, {"abbr": "pll", "uid": 308, "reward": "fms1-top0.99"}, {"abbr": "ets2mcg", "uid": 204, "reward": "fms1-top0.99"}, {"abbr": "lightning", "uid": 680, "reward": "fms1-top0.99"}, {"abbr": "lightning", "uid": 603, "reward": "fms1-top0.99"}, {"abbr": "rsl", "uid": 49, "reward": "fms1-top0.99"}, {"abbr": "atm", "uid": 1343, "reward": "fms1-top0.99"}, {"abbr": "flg", "uid": 58, "reward": "fms1-top0.99"}, {"abbr": "movezen", "uid": 107, "reward": "fms1-top0.99"}, {"abbr": "rsl", "uid": 233, "reward": "fms1-top0.99"}, {"abbr": "flg", "uid": 87, "reward": "fms1-top0.99"}, {"abbr": "flg", "uid": 350, "reward": "fms1-top0.99"}, {"abbr": "flg", "uid": 171, "reward": "fms1-top0.99"}, {"abbr": "flg", "uid": 252, "reward": "fms1-top0.99"}, {"abbr": "truck", "uid": 101, "reward": "fms1-top0.99"}, {"abbr": "ets2mcg", "uid": 10, "reward": "fms1-top0.99"}, {"abbr": "ets2mcg", "uid": 291, "reward": "fms1-top0.99"}, {"abbr": "pll", "uid": 109, "reward": "fms1-top0.99"}, {"abbr": "atm", "uid": 1181, "reward": "fms1-top0.99"}, {"abbr": "lightning", "uid": 408, "reward": "fms1-top0.99"}, {"abbr": "lightning", "uid": 600, "reward": "fms1-top0.99"}, {"abbr": "rsl", "uid": 84, "reward": "fms1-top0.99"}, {"abbr": "lightning", "uid": 619, "reward": "fms1-top0.99"}, {"abbr": "rsl", "uid": 235, "reward": "fms1-top0.99"}, {"abbr": "flg", "uid": 265, "reward": "fms1-top0.99"}, {"abbr": "atm", "uid": 1200, "reward": "fms1-top0.99"}, {"abbr": "lightning", "uid": 679, "reward": "fms1-top0.99"}, {"abbr": "atm", "uid": 1147, "reward": "fms1-top0.99"}, {"abbr": "pll", "uid": 29, "reward": "fms1-top0.99"}, {"abbr": "flg", "uid": 203, "reward": "fms1-top0.99"}, {"abbr": "mgl", "uid": 214, "reward": "fms1-top0.99"}, {"abbr": "rsl", "uid": 207, "reward": "fms1-top0.99"}, {"abbr": "rsl", "uid": 232, "reward": "fms1-top0.99"}, {"abbr": "lightning", "uid": 17, "reward": "fms1-top0.99"}, {"abbr": "lightning", "uid": 599, "reward": "fms1-top0.99"}, {"abbr": "rsl", "uid": 115, "reward": "fms1-top0.99"}, {"abbr": "mgl", "uid": 137, "reward": "fms1-top0.99"}, {"abbr": "truck", "uid": 51, "reward": "fms1-top0.99"}, {"abbr": "rsl", "uid": 45, "reward": "fms1-top0.99"}, {"abbr": "lightning", "uid": 629, "reward": "fms1-top0.99"}, {"abbr": "flg", "uid": 75, "reward": "fms1-top0.99"}, {"abbr": "atm", "uid": 948, "reward": "fms1-top0.99"}, {"abbr": "atm", "uid": 140, "reward": "fms1-top0.99"}, {"abbr": "flg", "uid": 77, "reward": "fms1-top0.99"}, {"abbr": "movezen", "uid": 312, "reward": "fms1-top0.99"}, {"abbr": "atm", "uid": 1416, "reward": "fms1-top0.99"}, {"abbr": "ets2mcg", "uid": 418, "reward": "fms1-top0.99"}, {"abbr": "atm", "uid": 845, "reward": "fms1-top0.99"}, {"abbr": "atm", "uid": 820, "reward": "fms1-top0.99"}, {"abbr": "atm", "uid": 1373, "reward": "fms1-top0.99"}, {"abbr": "atm", "uid": 870, "reward": "fms1-top0.99"}, {"abbr": "rsl", "uid": 213, "reward": "fms1-top0.99"}, {"abbr": "djtltd", "uid": 1, "reward": "fms1-top0.99"}, {"abbr": "atm", "uid": 1390, "reward": "fms1-top0.99"}, {"abbr": "sta", "uid": 10, "reward": "fms1-top0.99"}, {"abbr": "flg", "uid": 354, "reward": "fms1-top0.99"}, {"abbr": "movezen", "uid": 350, "reward": "fms1-top0.99"}, {"abbr": "lightning", "uid": 538, "reward": "fms1-top0.99"}, {"abbr": "flg", "uid": 317, "reward": "fms1-top0.99"}, {"abbr": "flg", "uid": 53, "reward": "fms1-top0.99"}, {"abbr": "rsl", "uid": 117, "reward": "fms1-top0.99"}, {"abbr": "atm", "uid": 1230, "reward": "fms1-top0.99"}, {"abbr": "flg", "uid": 365, "reward": "fms1-top0.99"}, {"abbr": "ltl", "uid": 9, "reward": "fms1-top0.99"}, {"abbr": "atm", "uid": 1415, "reward": "fms1-top0.99"}, {"abbr": "ets2mcg", "uid": 8, "reward": "fms1-top0.99"}, {"abbr": "atm", "uid": 761, "reward": "fms1-top0.99"}, {"abbr": "pll", "uid": 269, "reward": "fms1-top0.99"}, {"abbr": "flg", "uid": 230, "reward": "fms1-top0.99"}, {"abbr": "lightning", "uid": 681, "reward": "fms1-top0.99"}, {"abbr": "mgl", "uid": 63, "reward": "fms1-top0.99"}, {"abbr": "pll", "uid": 65, "reward": "fms1-top0.99"}, {"abbr": "rsl", "uid": 42, "reward": "fms1-top0.99"}, {"abbr": "flg", "uid": 197, "reward": "fms1-top0.99"}, {"abbr": "ets2mcg", "uid": 423, "reward": "fms1-top0.99"}, {"abbr": "lightning", "uid": 341, "reward": "fms1-top0.99"}, {"abbr": "atm", "uid": 968, "reward": "fms1-top0.99"}, {"abbr": "flg", "uid": 137, "reward": "fms1-top0.99"}, {"abbr": "flg", "uid": 125, "reward": "fms1-top0.99"}, {"abbr": "flg", "uid": 4, "reward": "fms1-top0.99"}, {"abbr": "atm", "uid": 912, "reward": "fms1-top0.99"}, {"abbr": "lightning", "uid": 49, "reward": "fms1-top0.99"}, {"abbr": "rsl", "uid": 137, "reward": "fms1-top0.99"}, {"abbr": "rsl", "uid": 30, "reward": "fms1-top0.99"}, {"abbr": "lightning", "uid": 668, "reward": "fms1-top0.99"}, {"abbr": "rsl", "uid": 23, "reward": "fms1-top0.99"}, {"abbr": "pll", "uid": 124, "reward": "fms1-top0.99"}, {"abbr": "truck", "uid": 20, "reward": "fms1-top0.99"}, {"abbr": "atm", "uid": 1406, "reward": "fms1-top0.99"}, {"abbr": "wot", "uid": 23, "reward": "fms1-top0.99"}, {"abbr": "rsl", "uid": 175, "reward": "fms1-top0.99"}, {"abbr": "rsl", "uid": 96, "reward": "fms1-top0.99"}, {"abbr": "lightning", "uid": 618, "reward": "fms1-top0.99"}, {"abbr": "atm", "uid": 1359, "reward": "fms1-top0.99"}, {"abbr": "atm", "uid": 993, "reward": "fms1-top0.99"}, {"abbr": "lightning", "uid": 588, "reward": "fms1-top0.99"}, {"abbr": "atm", "uid": 1399, "reward": "fms1-top0.99"}, {"abbr": "atm", "uid": 519, "reward": "fms1-top0.99"}, {"abbr": "ets2mcg", "uid": 452, "reward": "fms1-top0.99"}, {"abbr": "flg", "uid": 168, "reward": "fms1-top0.99"}, {"abbr": "truck", "uid": 57, "reward": "fms1-top0.99"}, {"abbr": "wht", "uid": 12, "reward": "fms1-top0.99"}, {"abbr": "rsl", "uid": 230, "reward": "fms1-top0.99"}, {"abbr": "flg", "uid": 156, "reward": "fms1-top0.99"}, {"abbr": "flg", "uid": 114, "reward": "fms1-top0.99"}, {"abbr": "rsl", "uid": 4, "reward": "fms1-top0.99"}, {"abbr": "flg", "uid": 65, "reward": "fms1-top0.99"}, {"abbr": "mgl", "uid": 213, "reward": "fms1-top0.99"}, {"abbr": "dgi", "uid": 1, "reward": "fms1-top0.99"}, {"abbr": "rsl", "uid": 221, "reward": "fms1-top0.99"}, {"abbr": "rsl", "uid": 112, "reward": "fms1-top0.99"}, {"abbr": "gokboru", "uid": 6, "reward": "fms1-top0.99"}, {"abbr": "pll", "uid": 163, "reward": "fms1-top0.99"}, {"abbr": "ltl", "uid": 15, "reward": "fms1-top0.99"}, {"abbr": "atm", "uid": 858, "reward": "fms1-top0.99"}, {"abbr": "pll", "uid": 214, "reward": "fms1-top0.99"}, {"abbr": "wht", "uid": 67, "reward": "fms1-top0.99"}, {"abbr": "ets2mcg", "uid": 440, "reward": "fms1-top0.99"}, {"abbr": "flg", "uid": 110, "reward": "fms1-top0.99"}, {"abbr": "flg", "uid": 57, "reward": "fms1-top0.99"}, {"abbr": "flg", "uid": 147, "reward": "fms1-top0.99"}, {"abbr": "flg", "uid": 185, "reward": "fms1-top0.99"}, {"abbr": "atm", "uid": 1342, "reward": "fms1-top0.99"}, {"abbr": "lightning", "uid": 637, "reward": "fms1-top0.99"}, {"abbr": "atm", "uid": 1313, "reward": "fms1-top0.99"}, {"abbr": "movezen", "uid": 153, "reward": "fms1-top0.99"}, {"abbr": "nebula", "uid": 11, "reward": "fms1-top0.99"}, {"abbr": "atm", "uid": 1442, "reward": "fms1-top0.99"}, {"abbr": "flg", "uid": 67, "reward": "fms1-top0.99"}, {"abbr": "mgl", "uid": 112, "reward": "fms1-top0.99"}, {"abbr": "ets2mcg", "uid": 489, "reward": "fms1-top0.99"}, {"abbr": "flg", "uid": 206, "reward": "fms1-top0.99"}, {"abbr": "rsl", "uid": 48, "reward": "fms1-top0.99"}, {"abbr": "atm", "uid": 1213, "reward": "fms1-top0.99"}, {"abbr": "flg", "uid": 286, "reward": "fms1-top0.99"}, {"abbr": "flg", "uid": 69, "reward": "fms1-top0.99"}, {"abbr": "flg", "uid": 80, "reward": "fms1-top0.99"}, {"abbr": "lightning", "uid": 385, "reward": "fms1-top0.99"}, {"abbr": "twitch", "uid": 4, "reward": "fms1-top0.99"}, {"abbr": "ets2mcg", "uid": 321, "reward": "fms1-top0.99"}, {"abbr": "movezen", "uid": 162, "reward": "fms1-top0.99"}, {"abbr": "mgl", "uid": 183, "reward": "fms1-top0.99"}, {"abbr": "atm", "uid": 1452, "reward": "fms1-top0.99"}, {"abbr": "atm", "uid": 813, "reward": "fms1-top0.99"}, {"abbr": "lightning", "uid": 557, "reward": "fms1-top0.99"}, {"abbr": "truck", "uid": 109, "reward": "fms1-top0.99"}, {"abbr": "truck", "uid": 83, "reward": "fms1-top0.99"}, {"abbr": "flg", "uid": 364, "reward": "fms1-top0.99"}, {"abbr": "vangardvtc", "uid": 4, "reward": "fms1-top0.99"}, {"abbr": "rsl", "uid": 111, "reward": "fms1-top0.99"}, {"abbr": "flg", "uid": 132, "reward": "fms1-top0.99"}, {"abbr": "atm", "uid": 932, "reward": "fms1-top0.99"}, {"abbr": "rsl", "uid": 128, "reward": "fms1-top0.99"}, {"abbr": "rsl", "uid": 116, "reward": "fms1-top0.99"}, {"abbr": "ets2mcg", "uid": 278, "reward": "fms1-top0.99"}, {"abbr": "atm", "uid": 1210, "reward": "fms1-top0.99"}, {"abbr": "wht", "uid": 31, "reward": "fms1-top0.99"}, {"abbr": "movezen", "uid": 365, "reward": "fms1-top0.99"}, {"abbr": "atm", "uid": 1408, "reward": "fms1-top0.99"}, {"abbr": "flg", "uid": 267, "reward": "fms1-top0.99"}, {"abbr": "rsl", "uid": 154, "reward": "fms1-top0.99"}, {"abbr": "atm", "uid": 1299, "reward": "fms1-top0.99"}, {"abbr": "rsl", "uid": 46, "reward": "fms1-top0.99"}, {"abbr": "rsl", "uid": 2, "reward": "fms1-top0.99"}, {"abbr": "lightning", "uid": 607, "reward": "fms1-top0.99"}, {"abbr": "mgl", "uid": 30, "reward": "fms1-top0.99"}, {"abbr": "atm", "uid": 1462, "reward": "fms1-top0.99"}, {"abbr": "flg", "uid": 169, "reward": "fms1-top0.99"}, {"abbr": "lightning", "uid": 438, "reward": "fms1-top0.99"}, {"abbr": "rsl", "uid": 217, "reward": "fms1-top0.99"}, {"abbr": "rsl", "uid": 160, "reward": "fms1-top0.99"}, {"abbr": "ets2mcg", "uid": 433, "reward": "fms1-top0.99"}, {"abbr": "flg", "uid": 238, "reward": "fms1-top0.99"}, {"abbr": "lightning", "uid": 231, "reward": "fms1-top0.99"}, {"abbr": "flg", "uid": 199, "reward": "fms1-top0.99"}, {"abbr": "atm", "uid": 1441, "reward": "fms1-top0.99"}, {"abbr": "flg", "uid": 142, "reward": "fms1-top0.99"}, {"abbr": "pll", "uid": 14, "reward": "fms1-top0.99"}, {"abbr": "ets2mcg", "uid": 463, "reward": "fms1-top0.99"}, {"abbr": "ets2mcg", "uid": 360, "reward": "fms1-top0.99"}, {"abbr": "twitch", "uid": 29, "reward": "fms1-top0.99"}, {"abbr": "ets2mcg", "uid": 183, "reward": "fms1-top0.99"}, {"abbr": "ets2mcg", "uid": 24, "reward": "fms1-top0.99"}, {"abbr": "atm", "uid": 1274, "reward": "fms1-top0.99"}, {"abbr": "atm", "uid": 1142, "reward": "fms1-top0.99"}, {"abbr": "pll", "uid": 136, "reward": "fms1-top0.99"}, {"abbr": "flg", "uid": 211, "reward": "fms1-top0.99"}, {"abbr": "atm", "uid": 37, "reward": "fms1-top0.99"}, {"abbr": "rsl", "uid": 26, "reward": "fms1-top0.99"}, {"abbr": "atm", "uid": 803, "reward": "fms1-top0.99"}, {"abbr": "atm", "uid": 1315, "reward": "fms1-top0.99"}, {"abbr": "atm", "uid": 155, "reward": "fms1-top0.99"}, {"abbr": "lightning", "uid": 671, "reward": "fms1-top0.99"}, {"abbr": "gokboru", "uid": 105, "reward": "fms1-top0.99"}, {"abbr": "nebula", "uid": 4, "reward": "fms1-top0.99"}, {"abbr": "ets2mcg", "uid": 399, "reward": "fms1-top0.99"}, {"abbr": "lightning", "uid": 666, "reward": "fms1-top0.99"}, {"abbr": "flg", "uid": 186, "reward": "fms1-top0.99"}, {"abbr": "flg", "uid": 234, "reward": "fms1-top0.99"}, {"abbr": "lightning", "uid": 617, "reward": "fms1-top0.99"}, {"abbr": "lightning", "uid": 669, "reward": "fms1-top0.99"}, {"abbr": "wht", "uid": 79, "reward": "fms1-top0.99"}, {"abbr": "flg", "uid": 108, "reward": "fms1-top0.99"}, {"abbr": "rsl", "uid": 237, "reward": "fms1-top0.99"}, {"abbr": "rsl", "uid": 61, "reward": "fms1-top0.99"}, {"abbr": "lightning", "uid": 428, "reward": "fms1-top0.99"}, {"abbr": "atm", "uid": 1043, "reward": "fms1-top0.99"}, {"abbr": "pll", "uid": 278, "reward": "fms1-top0.99"}, {"abbr": "truck", "uid": 9, "reward": "fms1-top0.99"}, {"abbr": "rsl", "uid": 199, "reward": "fms1-top0.99"}, {"abbr": "rsl", "uid": 134, "reward": "fms1-top0.99"}, {"abbr": "flg", "uid": 42, "reward": "fms1-top0.99"}, {"abbr": "pll", "uid": 185, "reward": "fms1-top0.99"}, {"abbr": "flg", "uid": 210, "reward": "fms1-top0.99"}, {"abbr": "atm", "uid": 1235, "reward": "fms1-top0.99"}, {"abbr": "flg", "uid": 25, "reward": "fms1-top0.99"}, {"abbr": "pll", "uid": 311, "reward": "fms1-top0.99"}, {"abbr": "truck", "uid": 18, "reward": "fms1-top0.99"}, {"abbr": "mgl", "uid": 208, "reward": "fms1-top0.99"}, {"abbr": "rsl", "uid": 132, "reward": "fms1-top0.99"}, {"abbr": "mgl", "uid": 148, "reward": "fms1-top0.99"}, {"abbr": "lightning", "uid": 585, "reward": "fms1-top0.99"}, {"abbr": "flg", "uid": 163, "reward": "fms1-top0.99"}, {"abbr": "lightning", "uid": 456, "reward": "fms1-top0.99"}, {"abbr": "truck", "uid": 95, "reward": "fms1-top0.99"}, {"abbr": "flg", "uid": 102, "reward": "fms1-top0.99"}, {"abbr": "lightning", "uid": 621, "reward": "fms1-top0.99"}, {"abbr": "atm", "uid": 999, "reward": "fms1-top0.99"}, {"abbr": "rsl", "uid": 62, "reward": "fms1-top0.99"}, {"abbr": "flg", "uid": 8, "reward": "fms1-top0.99"}, {"abbr": "lightning", "uid": 655, "reward": "fms1-top0.99"}, {"abbr": "flg", "uid": 291, "reward": "fms1-top0.99"}, {"abbr": "rsl", "uid": 83, "reward": "fms1-top0.99"}, {"abbr": "atm", "uid": 1237, "reward": "fms1-top0.99"}, {"abbr": "rsl", "uid": 81, "reward": "fms1-top0.99"}, {"abbr": "rsl", "uid": 36, "reward": "fms1-top0.99"}, {"abbr": "twitch", "uid": 18, "reward": "fms1-top0.99"}, {"abbr": "pll", "uid": 16, "reward": "fms1-top0.99"}, {"abbr": "lightning", "uid": 483, "reward": "fms1-top0.99"}, {"abbr": "rsl", "uid": 151, "reward": "fms1-top0.99"}, {"abbr": "gokboru", "uid": 17, "reward": "fms1-top0.99"}]