[{"abbr": "rsl", "uid": 136, "reward": "fms0-first"}, {"abbr": "rsl", "uid": 136, "reward": "fms0-top10"}, {"abbr": "rsl", "uid": 136, "reward": "fms0-top0.1"}, {"abbr": "rsl", "uid": 136, "reward": "fms0-top0.99"}, {"abbr": "pll", "uid": 8, "reward": "fms0-top10"}, {"abbr": "pll", "uid": 8, "reward": "fms0-top0.1"}, {"abbr": "pll", "uid": 8, "reward": "fms0-top0.99"}, {"abbr": "flg", "uid": 36, "reward": "fms0-top10"}, {"abbr": "flg", "uid": 36, "reward": "fms0-top0.1"}, {"abbr": "flg", "uid": 36, "reward": "fms0-top0.99"}, {"abbr": "rsl", "uid": 104, "reward": "fms0-top10"}, {"abbr": "rsl", "uid": 104, "reward": "fms0-top0.1"}, {"abbr": "rsl", "uid": 104, "reward": "fms0-top0.99"}, {"abbr": "ets2mcg", "uid": 96, "reward": "fms0-top10"}, {"abbr": "ets2mcg", "uid": 96, "reward": "fms0-top0.1"}, {"abbr": "ets2mcg", "uid": 96, "reward": "fms0-top0.99"}, {"abbr": "wht", "uid": 5, "reward": "fms0-top10"}, {"abbr": "wht", "uid": 5, "reward": "fms0-top0.1"}, {"abbr": "wht", "uid": 5, "reward": "fms0-top0.99"}, {"abbr": "flg", "uid": 85, "reward": "fms0-top10"}, {"abbr": "flg", "uid": 85, "reward": "fms0-top0.1"}, {"abbr": "flg", "uid": 85, "reward": "fms0-top0.99"}, {"abbr": "flg", "uid": 194, "reward": "fms0-top10"}, {"abbr": "flg", "uid": 194, "reward": "fms0-top0.1"}, {"abbr": "flg", "uid": 194, "reward": "fms0-top0.99"}, {"abbr": "pll", "uid": 1, "reward": "fms0-top10"}, {"abbr": "pll", "uid": 1, "reward": "fms0-top0.99"}, {"abbr": "atm", "uid": 1097, "reward": "fms0-top10"}, {"abbr": "atm", "uid": 1097, "reward": "fms0-top0.99"}, {"abbr": "ets2mcg", "uid": 178, "reward": "fms0-top0.99"}, {"abbr": "wht", "uid": 56, "reward": "fms0-top0.99"}, {"abbr": "flg", "uid": 152, "reward": "fms0-top0.99"}, {"abbr": "atm", "uid": 1382, "reward": "fms0-top0.99"}, {"abbr": "wht", "uid": 6, "reward": "fms0-top0.99"}, {"abbr": "atm", "uid": 1316, "reward": "fms0-top0.99"}, {"abbr": "nebula", "uid": 3, "reward": "fms0-top0.99"}, {"abbr": "pll", "uid": 241, "reward": "fms0-top0.99"}, {"abbr": "flg", "uid": 18, "reward": "fms0-top0.99"}, {"abbr": "rsl", "uid": 180, "reward": "fms0-top0.99"}, {"abbr": "rsl", "uid": 171, "reward": "fms0-top0.99"}, {"abbr": "atm", "uid": 1271, "reward": "fms0-top0.99"}, {"abbr": "rsl", "uid": 28, "reward": "fms0-top0.99"}, {"abbr": "wht", "uid": 4, "reward": "fms0-top0.99"}, {"abbr": "flg", "uid": 272, "reward": "fms0-top0.99"}, {"abbr": "pll", "uid": 194, "reward": "fms0-top0.99"}, {"abbr": "flg", "uid": 68, "reward": "fms0-top0.99"}, {"abbr": "lightning", "uid": 551, "reward": "fms0-top0.99"}, {"abbr": "flg", "uid": 148, "reward": "fms0-top0.99"}, {"abbr": "pll", "uid": 259, "reward": "fms0-top0.99"}, {"abbr": "wht", "uid": 1, "reward": "fms0-top0.99"}, {"abbr": "pll", "uid": 234, "reward": "fms0-top0.99"}, {"abbr": "rsl", "uid": 31, "reward": "fms0-top0.99"}, {"abbr": "mgl", "uid": 118, "reward": "fms0-top0.99"}, {"abbr": "rsl", "uid": 147, "reward": "fms0-top0.99"}, {"abbr": "wht", "uid": 46, "reward": "fms0-top0.99"}, {"abbr": "vangardvtc", "uid": 6, "reward": "fms0-top0.99"}, {"abbr": "lightning", "uid": 636, "reward": "fms0-top0.99"}, {"abbr": "pll", "uid": 76, "reward": "fms0-top0.99"}, {"abbr": "movezen", "uid": 1, "reward": "fms0-top0.99"}, {"abbr": "fate", "uid": 20, "reward": "fms0-top0.99"}, {"abbr": "flg", "uid": 43, "reward": "fms0-top0.99"}, {"abbr": "mgl", "uid": 175, "reward": "fms0-top0.99"}, {"abbr": "mgl", "uid": 55, "reward": "fms0-top0.99"}, {"abbr": "nebula", "uid": 8, "reward": "fms0-top0.99"}, {"abbr": "mgl", "uid": 28, "reward": "fms0-top0.99"}, {"abbr": "rsl", "uid": 151, "reward": "fms0-top0.99"}, {"abbr": "lightning", "uid": 427, "reward": "fms0-top0.99"}, {"abbr": "rsl", "uid": 176, "reward": "fms0-top0.99"}, {"abbr": "flg", "uid": 79, "reward": "fms0-top0.99"}, {"abbr": "magicpl", "uid": 5, "reward": "fms0-top0.99"}, {"abbr": "atm", "uid": 1357, "reward": "fms0-top0.99"}, {"abbr": "lightning", "uid": 25, "reward": "fms0-top0.99"}, {"abbr": "lightning", "uid": 596, "reward": "fms0-top0.99"}, {"abbr": "flg", "uid": 50, "reward": "fms0-top0.99"}, {"abbr": "ets2mcg", "uid": 300, "reward": "fms0-top0.99"}, {"abbr": "pll", "uid": 176, "reward": "fms0-top0.99"}, {"abbr": "pll", "uid": 28, "reward": "fms0-top0.99"}, {"abbr": "flg", "uid": 71, "reward": "fms0-top0.99"}, {"abbr": "lightning", "uid": 608, "reward": "fms0-top0.99"}, {"abbr": "atm", "uid": 1105, "reward": "fms0-top0.99"}, {"abbr": "lightning", "uid": 578, "reward": "fms0-top0.99"}, {"abbr": "movezen", "uid": 351, "reward": "fms0-top0.99"}, {"abbr": "lightning", "uid": 212, "reward": "fms0-top0.99"}, {"abbr": "wht", "uid": 8, "reward": "fms0-top0.99"}, {"abbr": "mgl", "uid": 1, "reward": "fms0-top0.99"}, {"abbr": "atm", "uid": 1378, "reward": "fms0-top0.99"}, {"abbr": "flg", "uid": 274, "reward": "fms0-top0.99"}, {"abbr": "mgl", "uid": 161, "reward": "fms0-top0.99"}, {"abbr": "rsl", "uid": 165, "reward": "fms0-top0.99"}, {"abbr": "flg", "uid": 175, "reward": "fms0-top0.99"}, {"abbr": "gokboru", "uid": 3, "reward": "fms0-top0.99"}, {"abbr": "wht", "uid": 62, "reward": "fms0-top0.99"}, {"abbr": "rsl", "uid": 143, "reward": "fms0-top0.99"}, {"abbr": "twitch", "uid": 3, "reward": "fms0-top0.99"}, {"abbr": "flg", "uid": 291, "reward": "fms0-top0.99"}, {"abbr": "lightning", "uid": 595, "reward": "fms0-top0.99"}, {"abbr": "flg", "uid": 192, "reward": "fms0-top0.99"}, {"abbr": "mgl", "uid": 178, "reward": "fms0-top0.99"}, {"abbr": "ets2mcg", "uid": 364, "reward": "fms0-top0.99"}, {"abbr": "atm", "uid": 1327, "reward": "fms0-top0.99"}, {"abbr": "mgl", "uid": 183, "reward": "fms0-top0.99"}, {"abbr": "wht", "uid": 64, "reward": "fms0-top0.99"}, {"abbr": "pll", "uid": 140, "reward": "fms0-top0.99"}, {"abbr": "pll", "uid": 109, "reward": "fms0-top0.99"}, {"abbr": "flg", "uid": 61, "reward": "fms0-top0.99"}, {"abbr": "nebula", "uid": 10, "reward": "fms0-top0.99"}, {"abbr": "ets2mcg", "uid": 460, "reward": "fms0-top0.99"}, {"abbr": "ets2mcg", "uid": 337, "reward": "fms0-top0.99"}, {"abbr": "atm", "uid": 1253, "reward": "fms0-top0.99"}, {"abbr": "flg", "uid": 275, "reward": "fms0-top0.99"}, {"abbr": "flg", "uid": 12, "reward": "fms0-top0.99"}, {"abbr": "atm", "uid": 1347, "reward": "fms0-top0.99"}, {"abbr": "pll", "uid": 112, "reward": "fms0-top0.99"}, {"abbr": "ets2mcg", "uid": 409, "reward": "fms0-top0.99"}, {"abbr": "mgl", "uid": 157, "reward": "fms0-top0.99"}, {"abbr": "lightning", "uid": 609, "reward": "fms0-top0.99"}, {"abbr": "flg", "uid": 56, "reward": "fms0-top0.99"}, {"abbr": "twitch", "uid": 1, "reward": "fms0-top0.99"}, {"abbr": "fate", "uid": 18, "reward": "fms0-top0.99"}, {"abbr": "rsl", "uid": 10, "reward": "fms0-top0.99"}, {"abbr": "flg", "uid": 286, "reward": "fms0-top0.99"}, {"abbr": "mgl", "uid": 176, "reward": "fms0-top0.99"}, {"abbr": "wht", "uid": 58, "reward": "fms0-top0.99"}, {"abbr": "mgl", "uid": 192, "reward": "fms0-top0.99"}, {"abbr": "atm", "uid": 863, "reward": "fms0-top0.99"}, {"abbr": "flg", "uid": 59, "reward": "fms0-top0.99"}, {"abbr": "mgl", "uid": 6, "reward": "fms0-top0.99"}, {"abbr": "flg", "uid": 13, "reward": "fms0-top0.99"}, {"abbr": "rsl", "uid": 38, "reward": "fms0-top0.99"}, {"abbr": "rsl", "uid": 12, "reward": "fms0-top0.99"}, {"abbr": "ets2mcg", "uid": 82, "reward": "fms0-top0.99"}, {"abbr": "rsl", "uid": 177, "reward": "fms0-top0.99"}, {"abbr": "atm", "uid": 1192, "reward": "fms0-top0.99"}, {"abbr": "rsl", "uid": 6, "reward": "fms0-top0.99"}, {"abbr": "fate", "uid": 11, "reward": "fms0-top0.99"}, {"abbr": "wht", "uid": 9, "reward": "fms0-top0.99"}, {"abbr": "pll", "uid": 15, "reward": "fms0-top0.99"}, {"abbr": "rsl", "uid": 194, "reward": "fms0-top0.99"}, {"abbr": "twitch", "uid": 6, "reward": "fms0-top0.99"}, {"abbr": "wht", "uid": 42, "reward": "fms0-top0.99"}, {"abbr": "lightning", "uid": 634, "reward": "fms0-top0.99"}, {"abbr": "rsl", "uid": 1, "reward": "fms0-top0.99"}, {"abbr": "flg", "uid": 119, "reward": "fms0-top0.99"}, {"abbr": "atm", "uid": 1034, "reward": "fms0-top0.99"}, {"abbr": "wht", "uid": 11, "reward": "fms0-top0.99"}, {"abbr": "rsl", "uid": 27, "reward": "fms0-top0.99"}, {"abbr": "flg", "uid": 264, "reward": "fms0-top0.99"}, {"abbr": "atm", "uid": 1398, "reward": "fms0-top0.99"}, {"abbr": "wht", "uid": 18, "reward": "fms0-top0.99"}, {"abbr": "pll", "uid": 173, "reward": "fms0-top0.99"}, {"abbr": "lightning", "uid": 516, "reward": "fms0-top0.99"}, {"abbr": "flg", "uid": 157, "reward": "fms0-top0.99"}, {"abbr": "wht", "uid": 69, "reward": "fms0-top0.99"}, {"abbr": "ets2mcg", "uid": 19, "reward": "fms0-top0.99"}, {"abbr": "rsl", "uid": 32, "reward": "fms0-top0.99"}, {"abbr": "ets2mcg", "uid": 16, "reward": "fms0-top0.99"}, {"abbr": "atm", "uid": 1391, "reward": "fms0-top0.99"}, {"abbr": "rsl", "uid": 3, "reward": "fms0-top0.99"}, {"abbr": "rsl", "uid": 25, "reward": "fms0-top0.99"}, {"abbr": "atm", "uid": 1325, "reward": "fms0-top0.99"}, {"abbr": "flg", "uid": 73, "reward": "fms0-top0.99"}, {"abbr": "rsl", "uid": 190, "reward": "fms0-top0.99"}, {"abbr": "atm", "uid": 1061, "reward": "fms0-top0.99"}, {"abbr": "atm", "uid": 1399, "reward": "fms0-top0.99"}, {"abbr": "wht", "uid": 7, "reward": "fms0-top0.99"}, {"abbr": "flg", "uid": 9, "reward": "fms0-top0.99"}, {"abbr": "movezen", "uid": 352, "reward": "fms0-top0.99"}, {"abbr": "rsl", "uid": 184, "reward": "fms0-top0.99"}, {"abbr": "flg", "uid": 205, "reward": "fms0-top0.99"}, {"abbr": "fate", "uid": 33, "reward": "fms0-top0.99"}, {"abbr": "flg", "uid": 167, "reward": "fms0-top0.99"}, {"abbr": "rsl", "uid": 118, "reward": "fms0-top0.99"}, {"abbr": "ets2mcg", "uid": 15, "reward": "fms0-top0.99"}, {"abbr": "movezen", "uid": 350, "reward": "fms0-top0.99"}, {"abbr": "twitch", "uid": 29, "reward": "fms0-top0.99"}, {"abbr": "atm", "uid": 1270, "reward": "fms0-top0.99"}, {"abbr": "mgl", "uid": 162, "reward": "fms0-top0.99"}, {"abbr": "ets2mcg", "uid": 211, "reward": "fms0-top0.99"}, {"abbr": "fate", "uid": 29, "reward": "fms0-top0.99"}, {"abbr": "atm", "uid": 1380, "reward": "fms0-top0.99"}, {"abbr": "movezen", "uid": 312, "reward": "fms0-top0.99"}, {"abbr": "nebula", "uid": 5, "reward": "fms0-top0.99"}, {"abbr": "atm", "uid": 1386, "reward": "fms0-top0.99"}, {"abbr": "flg", "uid": 63, "reward": "fms0-top0.99"}, {"abbr": "wht", "uid": 27, "reward": "fms0-top0.99"}, {"abbr": "ets2mcg", "uid": 14, "reward": "fms0-top0.99"}, {"abbr": "magicpl", "uid": 7, "reward": "fms0-top0.99"}, {"abbr": "lightning", "uid": 618, "reward": "fms0-top0.99"}, {"abbr": "atm", "uid": 1160, "reward": "fms0-top0.99"}, {"abbr": "flg", "uid": 282, "reward": "fms0-top0.99"}, {"abbr": "wht", "uid": 12, "reward": "fms0-top0.99"}, {"abbr": "ets2mcg", "uid": 26, "reward": "fms0-top0.99"}, {"abbr": "mgl", "uid": 172, "reward": "fms0-top0.99"}, {"abbr": "ets2mcg", "uid": 100, "reward": "fms0-top0.99"}, {"abbr": "mgl", "uid": 181, "reward": "fms0-top0.99"}, {"abbr": "ets2mcg", "uid": 421, "reward": "fms0-top0.99"}, {"abbr": "cititrans", "uid": 3, "reward": "fms0-top0.99"}, {"abbr": "atm", "uid": 87, "reward": "fms0-top0.99"}, {"abbr": "lightning", "uid": 610, "reward": "fms0-top0.99"}, {"abbr": "pll", "uid": 108, "reward": "fms0-top0.99"}, {"abbr": "fate", "uid": 10, "reward": "fms0-top0.99"}, {"abbr": "lightning", "uid": 480, "reward": "fms0-top0.99"}, {"abbr": "pll", "uid": 222, "reward": "fms0-top0.99"}, {"abbr": "lightning", "uid": 579, "reward": "fms0-top0.99"}, {"abbr": "mgl", "uid": 184, "reward": "fms0-top0.99"}, {"abbr": "rsl", "uid": 202, "reward": "fms0-top0.99"}, {"abbr": "rsl", "uid": 196, "reward": "fms0-top0.99"}, {"abbr": "pll", "uid": 54, "reward": "fms0-top0.99"}, {"abbr": "pll", "uid": 174, "reward": "fms0-top0.99"}, {"abbr": "flg", "uid": 54, "reward": "fms0-top0.99"}, {"abbr": "flg", "uid": 84, "reward": "fms0-top0.99"}, {"abbr": "flg", "uid": 21, "reward": "fms0-top0.99"}, {"abbr": "lightning", "uid": 603, "reward": "fms0-top0.99"}, {"abbr": "pll", "uid": 213, "reward": "fms0-top0.99"}, {"abbr": "wht", "uid": 60, "reward": "fms0-top0.99"}, {"abbr": "rsl", "uid": 62, "reward": "fms0-top0.99"}, {"abbr": "flg", "uid": 203, "reward": "fms0-top0.99"}, {"abbr": "twitch", "uid": 21, "reward": "fms0-top0.99"}, {"abbr": "flg", "uid": 154, "reward": "fms0-top0.99"}, {"abbr": "rsl", "uid": 84, "reward": "fms0-top0.99"}, {"abbr": "atm", "uid": 171, "reward": "fms0-top0.99"}, {"abbr": "pll", "uid": 29, "reward": "fms0-top0.99"}, {"abbr": "magicpl", "uid": 1, "reward": "fms0-top0.99"}, {"abbr": "pll", "uid": 253, "reward": "fms0-top0.99"}, {"abbr": "lightning", "uid": 312, "reward": "fms0-top0.99"}, {"abbr": "lightning", "uid": 396, "reward": "fms0-top0.99"}, {"abbr": "flg", "uid": 244, "reward": "fms0-top0.99"}, {"abbr": "gokboru", "uid": 31, "reward": "fms0-top0.99"}, {"abbr": "flg", "uid": 289, "reward": "fms0-top0.99"}, {"abbr": "pll", "uid": 255, "reward": "fms0-top0.99"}, {"abbr": "lightning", "uid": 391, "reward": "fms0-top0.99"}, {"abbr": "flg", "uid": 75, "reward": "fms0-top0.99"}, {"abbr": "flg", "uid": 172, "reward": "fms0-top0.99"}, {"abbr": "ets2mcg", "uid": 360, "reward": "fms0-top0.99"}, {"abbr": "flg", "uid": 198, "reward": "fms0-top0.99"}, {"abbr": "rsl", "uid": 169, "reward": "fms0-top0.99"}, {"abbr": "atm", "uid": 717, "reward": "fms0-top0.99"}, {"abbr": "pll", "uid": 32, "reward": "fms0-top0.99"}, {"abbr": "pll", "uid": 277, "reward": "fms0-top0.99"}, {"abbr": "pll", "uid": 146, "reward": "fms0-top0.99"}, {"abbr": "flg", "uid": 269, "reward": "fms0-top0.99"}, {"abbr": "rsl", "uid": 72, "reward": "fms0-top0.99"}, {"abbr": "atm", "uid": 1200, "reward": "fms0-top0.99"}, {"abbr": "mgl", "uid": 166, "reward": "fms0-top0.99"}, {"abbr": "fate", "uid": 12, "reward": "fms0-top0.99"}, {"abbr": "atm", "uid": 1147, "reward": "fms0-top0.99"}, {"abbr": "rsl", "uid": 98, "reward": "fms0-top0.99"}, {"abbr": "vangardvtc", "uid": 1, "reward": "fms0-top0.99"}, {"abbr": "lightning", "uid": 402, "reward": "fms0-top0.99"}, {"abbr": "flg", "uid": 240, "reward": "fms0-top0.99"}, {"abbr": "flg", "uid": 47, "reward": "fms0-top0.99"}, {"abbr": "flg", "uid": 168, "reward": "fms0-top0.99"}, {"abbr": "pll", "uid": 230, "reward": "fms0-top0.99"}, {"abbr": "atm", "uid": 104, "reward": "fms0-top0.99"}, {"abbr": "flg", "uid": 285, "reward": "fms0-top0.99"}, {"abbr": "atm", "uid": 1007, "reward": "fms0-top0.99"}, {"abbr": "lightning", "uid": 576, "reward": "fms0-top0.99"}, {"abbr": "gokboru", "uid": 30, "reward": "fms0-top0.99"}, {"abbr": "rsl", "uid": 75, "reward": "fms0-top0.99"}, {"abbr": "flg", "uid": 1, "reward": "fms0-top0.99"}, {"abbr": "flg", "uid": 90, "reward": "fms0-top0.99"}, {"abbr": "lightning", "uid": 622, "reward": "fms0-top0.99"}, {"abbr": "cititrans", "uid": 2, "reward": "fms0-top0.99"}, {"abbr": "rsl", "uid": 157, "reward": "fms0-top0.99"}, {"abbr": "movezen", "uid": 218, "reward": "fms0-top0.99"}, {"abbr": "atm", "uid": 1026, "reward": "fms0-top0.99"}, {"abbr": "flg", "uid": 252, "reward": "fms0-top0.99"}, {"abbr": "rsl", "uid": 64, "reward": "fms0-top0.99"}, {"abbr": "nebula", "uid": 19, "reward": "fms0-top0.99"}, {"abbr": "rsl", "uid": 145, "reward": "fms0-top0.99"}, {"abbr": "atm", "uid": 1381, "reward": "fms0-top0.99"}, {"abbr": "fate", "uid": 45, "reward": "fms0-top0.99"}, {"abbr": "pll", "uid": 260, "reward": "fms0-top0.99"}, {"abbr": "rsl", "uid": 153, "reward": "fms0-top0.99"}, {"abbr": "lightning", "uid": 458, "reward": "fms0-top0.99"}, {"abbr": "mgl", "uid": 182, "reward": "fms0-top0.99"}, {"abbr": "rsl", "uid": 166, "reward": "fms0-top0.99"}, {"abbr": "atm", "uid": 1390, "reward": "fms0-top0.99"}, {"abbr": "fate", "uid": 25, "reward": "fms0-top0.99"}, {"abbr": "lightning", "uid": 435, "reward": "fms0-top0.99"}, {"abbr": "rsl", "uid": 29, "reward": "fms0-top0.99"}, {"abbr": "atm", "uid": 155, "reward": "fms0-top0.99"}, {"abbr": "mgl", "uid": 191, "reward": "fms0-top0.99"}, {"abbr": "atm", "uid": 29, "reward": "fms0-top0.99"}, {"abbr": "atm", "uid": 1300, "reward": "fms0-top0.99"}, {"abbr": "mgl", "uid": 180, "reward": "fms0-top0.99"}, {"abbr": "pll", "uid": 5, "reward": "fms0-top0.99"}, {"abbr": "wht", "uid": 65, "reward": "fms0-top0.99"}, {"abbr": "flg", "uid": 121, "reward": "fms0-top0.99"}, {"abbr": "rsl", "uid": 161, "reward": "fms0-top0.99"}, {"abbr": "flg", "uid": 161, "reward": "fms0-top0.99"}, {"abbr": "atm", "uid": 892, "reward": "fms0-top0.99"}, {"abbr": "atm", "uid": 1355, "reward": "fms0-top0.99"}, {"abbr": "atm", "uid": 1039, "reward": "fms0-top0.99"}, {"abbr": "lightning", "uid": 68, "reward": "fms0-top0.99"}, {"abbr": "wht", "uid": 57, "reward": "fms0-top0.99"}, {"abbr": "ets2mcg", "uid": 204, "reward": "fms0-top0.99"}, {"abbr": "rsl", "uid": 15, "reward": "fms0-top0.99"}, {"abbr": "ets2mcg", "uid": 244, "reward": "fms0-top0.99"}, {"abbr": "pll", "uid": 106, "reward": "fms0-top0.99"}, {"abbr": "pll", "uid": 295, "reward": "fms0-top0.99"}, {"abbr": "flg", "uid": 17, "reward": "fms0-top0.99"}, {"abbr": "flg", "uid": 91, "reward": "fms0-top0.99"}, {"abbr": "sta", "uid": 1, "reward": "fms0-top0.99"}, {"abbr": "rsl", "uid": 198, "reward": "fms0-top0.99"}, {"abbr": "lightning", "uid": 593, "reward": "fms0-top0.99"}, {"abbr": "mgl", "uid": 187, "reward": "fms0-top0.99"}, {"abbr": "flg", "uid": 294, "reward": "fms0-top0.99"}, {"abbr": "mgl", "uid": 173, "reward": "fms0-top0.99"}, {"abbr": "ltl", "uid": 1, "reward": "fms0-top0.99"}, {"abbr": "atm", "uid": 1230, "reward": "fms0-top0.99"}, {"abbr": "atm", "uid": 1227, "reward": "fms0-top0.99"}, {"abbr": "rsl", "uid": 69, "reward": "fms0-top0.99"}, {"abbr": "atm", "uid": 1245, "reward": "fms0-top0.99"}, {"abbr": "lightning", "uid": 630, "reward": "fms0-top0.99"}, {"abbr": "mgl", "uid": 170, "reward": "fms0-top0.99"}, {"abbr": "rsl", "uid": 186, "reward": "fms0-top0.99"}, {"abbr": "pll", "uid": 214, "reward": "fms0-top0.99"}, {"abbr": "sta", "uid": 3, "reward": "fms0-top0.99"}, {"abbr": "flg", "uid": 276, "reward": "fms0-top0.99"}, {"abbr": "atm", "uid": 1306, "reward": "fms0-top0.99"}, {"abbr": "atm", "uid": 1363, "reward": "fms0-top0.99"}, {"abbr": "rsl", "uid": 139, "reward": "fms0-top0.99"}, {"abbr": "flg", "uid": 51, "reward": "fms0-top0.99"}, {"abbr": "lightning", "uid": 642, "reward": "fms0-top0.99"}, {"abbr": "atm", "uid": 1274, "reward": "fms0-top0.99"}, {"abbr": "ets2mcg", "uid": 452, "reward": "fms0-top0.99"}, {"abbr": "lightning", "uid": 631, "reward": "fms0-top0.99"}, {"abbr": "flg", "uid": 156, "reward": "fms0-top0.99"}, {"abbr": "wht", "uid": 68, "reward": "fms0-top0.99"}, {"abbr": "pll", "uid": 148, "reward": "fms0-top0.99"}, {"abbr": "rsl", "uid": 154, "reward": "fms0-top0.99"}, {"abbr": "lightning", "uid": 627, "reward": "fms0-top0.99"}, {"abbr": "atm", "uid": 1015, "reward": "fms0-top0.99"}, {"abbr": "lightning", "uid": 589, "reward": "fms0-top0.99"}, {"abbr": "rsl", "uid": 77, "reward": "fms0-top0.99"}, {"abbr": "atm", "uid": 924, "reward": "fms0-top0.99"}, {"abbr": "lightning", "uid": 555, "reward": "fms0-top0.99"}, {"abbr": "rsl", "uid": 86, "reward": "fms0-top0.99"}, {"abbr": "flg", "uid": 189, "reward": "fms0-top0.99"}, {"abbr": "ets2mcg", "uid": 75, "reward": "fms0-top0.99"}, {"abbr": "movezen", "uid": 358, "reward": "fms0-top0.99"}, {"abbr": "sta", "uid": 7, "reward": "fms0-top0.99"}, {"abbr": "atm", "uid": 759, "reward": "fms0-top0.99"}, {"abbr": "flg", "uid": 284, "reward": "fms0-top0.99"}, {"abbr": "flg", "uid": 151, "reward": "fms0-top0.99"}, {"abbr": "flg", "uid": 4, "reward": "fms0-top0.99"}, {"abbr": "rsl", "uid": 7, "reward": "fms0-top0.99"}, {"abbr": "mgl", "uid": 79, "reward": "fms0-top0.99"}, {"abbr": "lightning", "uid": 635, "reward": "fms0-top0.99"}, {"abbr": "magicpl", "uid": 4, "reward": "fms0-top0.99"}, {"abbr": "ets2mcg", "uid": 478, "reward": "fms0-top0.99"}, {"abbr": "flg", "uid": 139, "reward": "fms0-top0.99"}, {"abbr": "lightning", "uid": 341, "reward": "fms0-top0.99"}, {"abbr": "atm", "uid": 3, "reward": "fms0-top0.99"}, {"abbr": "flg", "uid": 46, "reward": "fms0-top0.99"}, {"abbr": "mgl", "uid": 137, "reward": "fms0-top0.99"}, {"abbr": "ets2mcg", "uid": 323, "reward": "fms0-top0.99"}, {"abbr": "ets2mcg", "uid": 341, "reward": "fms0-top0.99"}, {"abbr": "flg", "uid": 31, "reward": "fms0-top0.99"}, {"abbr": "flg", "uid": 281, "reward": "fms0-top0.99"}, {"abbr": "atm", "uid": 1365, "reward": "fms0-top0.99"}, {"abbr": "atm", "uid": 1373, "reward": "fms0-top0.99"}, {"abbr": "truck", "uid": 3, "reward": "fms0-top0.99"}, {"abbr": "rsl", "uid": 148, "reward": "fms0-top0.99"}, {"abbr": "rsl", "uid": 73, "reward": "fms0-top0.99"}, {"abbr": "ets2mcg", "uid": 249, "reward": "fms0-top0.99"}, {"abbr": "flg", "uid": 38, "reward": "fms0-top0.99"}, {"abbr": "lightning", "uid": 586, "reward": "fms0-top0.99"}, {"abbr": "gokboru", "uid": 13, "reward": "fms0-top0.99"}, {"abbr": "gokboru", "uid": 16, "reward": "fms0-top0.99"}, {"abbr": "pll", "uid": 144, "reward": "fms0-top0.99"}, {"abbr": "rsl", "uid": 17, "reward": "fms0-top0.99"}, {"abbr": "rsl", "uid": 141, "reward": "fms0-top0.99"}, {"abbr": "pll", "uid": 102, "reward": "fms0-top0.99"}, {"abbr": "flg", "uid": 126, "reward": "fms0-top0.99"}, {"abbr": "lightning", "uid": 615, "reward": "fms0-top0.99"}, {"abbr": "nebula", "uid": 13, "reward": "fms0-top0.99"}, {"abbr": "mgl", "uid": 13, "reward": "fms0-top0.99"}, {"abbr": "lightning", "uid": 454, "reward": "fms0-top0.99"}, {"abbr": "atm", "uid": 827, "reward": "fms0-top0.99"}, {"abbr": "rsl", "uid": 183, "reward": "fms0-top0.99"}, {"abbr": "atm", "uid": 570, "reward": "fms0-top0.99"}, {"abbr": "flg", "uid": 27, "reward": "fms0-top0.99"}, {"abbr": "atm", "uid": 1137, "reward": "fms0-top0.99"}, {"abbr": "atm", "uid": 1124, "reward": "fms0-top0.99"}, {"abbr": "movezen", "uid": 341, "reward": "fms0-top0.99"}, {"abbr": "lightning", "uid": 633, "reward": "fms0-top0.99"}, {"abbr": "flg", "uid": 58, "reward": "fms0-top0.99"}, {"abbr": "atm", "uid": 1408, "reward": "fms0-top0.99"}, {"abbr": "lightning", "uid": 604, "reward": "fms0-top0.99"}, {"abbr": "wht", "uid": 55, "reward": "fms0-top0.99"}, {"abbr": "pll", "uid": 134, "reward": "fms0-top0.99"}, {"abbr": "flg", "uid": 287, "reward": "fms0-top0.99"}, {"abbr": "mgl", "uid": 158, "reward": "fms0-top0.99"}, {"abbr": "movezen", "uid": 132, "reward": "fms0-top0.99"}, {"abbr": "twitch", "uid": 23, "reward": "fms0-top0.99"}, {"abbr": "rsl", "uid": 192, "reward": "fms0-top0.99"}, {"abbr": "pll", "uid": 204, "reward": "fms0-top0.99"}, {"abbr": "flg", "uid": 10, "reward": "fms0-top0.99"}, {"abbr": "twitch", "uid": 8, "reward": "fms0-top0.99"}, {"abbr": "ets2mcg", "uid": 400, "reward": "fms0-top0.99"}, {"abbr": "flg", "uid": 93, "reward": "fms0-top0.99"}, {"abbr": "flg", "uid": 25, "reward": "fms0-top0.99"}, {"abbr": "atm", "uid": 1266, "reward": "fms0-top0.99"}, {"abbr": "flg", "uid": 133, "reward": "fms0-top0.99"}, {"abbr": "atm", "uid": 619, "reward": "fms0-top0.99"}, {"abbr": "atm", "uid": 716, "reward": "fms0-top0.99"}, {"abbr": "lightning", "uid": 629, "reward": "fms0-top0.99"}, {"abbr": "lightning", "uid": 619, "reward": "fms0-top0.99"}, {"abbr": "twitch", "uid": 16, "reward": "fms0-top0.99"}, {"abbr": "ets2mcg", "uid": 202, "reward": "fms0-top0.99"}, {"abbr": "mgl", "uid": 171, "reward": "fms0-top0.99"}, {"abbr": "rsl", "uid": 50, "reward": "fms0-top0.99"}, {"abbr": "movezen", "uid": 287, "reward": "fms0-top0.99"}, {"abbr": "atm", "uid": 1401, "reward": "fms0-top0.99"}, {"abbr": "movezen", "uid": 153, "reward": "fms0-top0.99"}, {"abbr": "ets2mcg", "uid": 448, "reward": "fms0-top0.99"}, {"abbr": "ets2mcg", "uid": 399, "reward": "fms0-top0.99"}, {"abbr": "rsl", "uid": 51, "reward": "fms0-top0.99"}, {"abbr": "pll", "uid": 299, "reward": "fms0-top0.99"}, {"abbr": "rsl", "uid": 55, "reward": "fms0-top0.99"}, {"abbr": "truck", "uid": 18, "reward": "fms0-top0.99"}, {"abbr": "rsl", "uid": 155, "reward": "fms0-top0.99"}, {"abbr": "rsl", "uid": 114, "reward": "fms0-top0.99"}, {"abbr": "gokboru", "uid": 18, "reward": "fms0-top0.99"}, {"abbr": "flg", "uid": 295, "reward": "fms0-top0.99"}, {"abbr": "flg", "uid": 102, "reward": "fms0-top0.99"}, {"abbr": "ets2mcg", "uid": 104, "reward": "fms0-top0.99"}, {"abbr": "rsl", "uid": 122, "reward": "fms0-top0.99"}, {"abbr": "fate", "uid": 48, "reward": "fms0-top0.99"}, {"abbr": "atm", "uid": 1244, "reward": "fms0-top0.99"}, {"abbr": "mgl", "uid": 196, "reward": "fms0-top0.99"}, {"abbr": "pll", "uid": 16, "reward": "fms0-top0.99"}, {"abbr": "atm", "uid": 184, "reward": "fms0-top0.99"}, {"abbr": "mgl", "uid": 80, "reward": "fms0-top0.99"}, {"abbr": "atm", "uid": 159, "reward": "fms0-top0.99"}, {"abbr": "movezen", "uid": 12, "reward": "fms0-top0.99"}, {"abbr": "cititrans", "uid": 4, "reward": "fms0-top0.99"}, {"abbr": "lightning", "uid": 456, "reward": "fms0-top0.99"}, {"abbr": "rsl", "uid": 63, "reward": "fms0-top0.99"}, {"abbr": "atm", "uid": 1383, "reward": "fms0-top0.99"}, {"abbr": "ets2mcg", "uid": 441, "reward": "fms0-top0.99"}, {"abbr": "rsl", "uid": 41, "reward": "fms0-top0.99"}, {"abbr": "mgl", "uid": 5, "reward": "fms0-top0.99"}, {"abbr": "pll", "uid": 289, "reward": "fms0-top0.99"}, {"abbr": "atm", "uid": 1171, "reward": "fms0-top0.99"}, {"abbr": "flg", "uid": 242, "reward": "fms0-top0.99"}, {"abbr": "rsl", "uid": 91, "reward": "fms0-top0.99"}, {"abbr": "atm", "uid": 1286, "reward": "fms0-top0.99"}, {"abbr": "ets2mcg", "uid": 328, "reward": "fms0-top0.99"}, {"abbr": "atm", "uid": 2, "reward": "fms0-top0.99"}, {"abbr": "rsl", "uid": 81, "reward": "fms0-top0.99"}, {"abbr": "ets2mcg", "uid": 433, "reward": "fms0-top0.99"}, {"abbr": "atm", "uid": 872, "reward": "fms0-top0.99"}, {"abbr": "atm", "uid": 561, "reward": "fms0-top0.99"}, {"abbr": "atm", "uid": 494, "reward": "fms0-top0.99"}, {"abbr": "pll", "uid": 271, "reward": "fms0-top0.99"}, {"abbr": "pll", "uid": 242, "reward": "fms0-top0.99"}, {"abbr": "flg", "uid": 138, "reward": "fms0-top0.99"}, {"abbr": "atm", "uid": 18, "reward": "fms0-top0.99"}, {"abbr": "twitch", "uid": 5, "reward": "fms0-top0.99"}, {"abbr": "vxl", "uid": 1, "reward": "fms0-top0.99"}, {"abbr": "lightning", "uid": 626, "reward": "fms0-top0.99"}, {"abbr": "fate", "uid": 49, "reward": "fms0-top0.99"}, {"abbr": "atm", "uid": 858, "reward": "fms0-top0.99"}, {"abbr": "atm", "uid": 1305, "reward": "fms0-top0.99"}, {"abbr": "atm", "uid": 178, "reward": "fms0-top0.99"}, {"abbr": "truck", "uid": 10, "reward": "fms0-top0.99"}, {"abbr": "wht", "uid": 63, "reward": "fms0-top0.99"}, {"abbr": "atm", "uid": 1162, "reward": "fms0-top0.99"}, {"abbr": "truck", "uid": 12, "reward": "fms0-top0.99"}, {"abbr": "atm", "uid": 1348, "reward": "fms0-top0.99"}, {"abbr": "fate", "uid": 32, "reward": "fms0-top0.99"}, {"abbr": "atm", "uid": 1362, "reward": "fms0-top0.99"}, {"abbr": "flg", "uid": 15, "reward": "fms0-top0.99"}, {"abbr": "atm", "uid": 959, "reward": "fms0-top0.99"}, {"abbr": "pll", "uid": 269, "reward": "fms0-top0.99"}, {"abbr": "mgl", "uid": 144, "reward": "fms0-top0.99"}, {"abbr": "gokboru", "uid": 2, "reward": "fms0-top0.99"}, {"abbr": "ets2mcg", "uid": 479, "reward": "fms0-top0.99"}, {"abbr": "flg", "uid": 197, "reward": "fms0-top0.99"}, {"abbr": "flg", "uid": 52, "reward": "fms0-top0.99"}, {"abbr": "rsl", "uid": 201, "reward": "fms0-top0.99"}, {"abbr": "flg", "uid": 288, "reward": "fms0-top0.99"}, {"abbr": "flg", "uid": 70, "reward": "fms0-top0.99"}, {"abbr": "ets2mcg", "uid": 58, "reward": "fms0-top0.99"}, {"abbr": "lightning", "uid": 644, "reward": "fms0-top0.99"}, {"abbr": "rsl", "uid": 132, "reward": "fms0-top0.99"}, {"abbr": "flg", "uid": 105, "reward": "fms0-top0.99"}, {"abbr": "truck", "uid": 15, "reward": "fms0-top0.99"}, {"abbr": "atm", "uid": 1291, "reward": "fms0-top0.99"}, {"abbr": "pll", "uid": 281, "reward": "fms0-top0.99"}, {"abbr": "ets2mcg", "uid": 423, "reward": "fms0-top0.99"}, {"abbr": "ets2mcg", "uid": 64, "reward": "fms0-top0.99"}, {"abbr": "rsl", "uid": 130, "reward": "fms0-top0.99"}, {"abbr": "wht", "uid": 67, "reward": "fms0-top0.99"}, {"abbr": "atm", "uid": 981, "reward": "fms0-top0.99"}, {"abbr": "lightning", "uid": 599, "reward": "fms0-top0.99"}, {"abbr": "flg", "uid": 140, "reward": "fms0-top0.99"}, {"abbr": "flg", "uid": 190, "reward": "fms0-top0.99"}, {"abbr": "flg", "uid": 159, "reward": "fms0-top0.99"}, {"abbr": "flg", "uid": 110, "reward": "fms0-top0.99"}, {"abbr": "pll", "uid": 58, "reward": "fms0-top0.99"}, {"abbr": "atm", "uid": 948, "reward": "fms0-top0.99"}, {"abbr": "twitch", "uid": 20, "reward": "fms0-top0.99"}, {"abbr": "rsl", "uid": 105, "reward": "fms0-top0.99"}, {"abbr": "rsl", "uid": 48, "reward": "fms0-top0.99"}, {"abbr": "flg", "uid": 60, "reward": "fms0-top0.99"}, {"abbr": "pll", "uid": 262, "reward": "fms0-top0.99"}, {"abbr": "sniperhaul", "uid": 2, "reward": "fms0-top0.99"}, {"abbr": "mgl", "uid": 159, "reward": "fms0-top0.99"}, {"abbr": "flg", "uid": 137, "reward": "fms0-top0.99"}, {"abbr": "rsl", "uid": 160, "reward": "fms0-top0.99"}, {"abbr": "twitch", "uid": 14, "reward": "fms0-top0.99"}, {"abbr": "lightning", "uid": 49, "reward": "fms0-top0.99"}, {"abbr": "flg", "uid": 280, "reward": "fms0-top0.99"}, {"abbr": "ets2mcg", "uid": 65, "reward": "fms0-top0.99"}, {"abbr": "flg", "uid": 49, "reward": "fms0-top0.99"}, {"abbr": "ets2mcg", "uid": 81, "reward": "fms0-top0.99"}, {"abbr": "lightning", "uid": 583, "reward": "fms0-top0.99"}, {"abbr": "atm", "uid": 146, "reward": "fms0-top0.99"}, {"abbr": "atm", "uid": 1211, "reward": "fms0-top0.99"}, {"abbr": "mgl", "uid": 167, "reward": "fms0-top0.99"}, {"abbr": "rsl", "uid": 164, "reward": "fms0-top0.99"}, {"abbr": "lightning", "uid": 597, "reward": "fms0-top0.99"}, {"abbr": "movezen", "uid": 240, "reward": "fms0-top0.99"}, {"abbr": "flg", "uid": 303, "reward": "fms0-top0.99"}, {"abbr": "atm", "uid": 788, "reward": "fms0-top0.99"}, {"abbr": "rsl", "uid": 112, "reward": "fms0-top0.99"}, {"abbr": "truck", "uid": 23, "reward": "fms0-top0.99"}, {"abbr": "atm", "uid": 912, "reward": "fms0-top0.99"}, {"abbr": "truck", "uid": 19, "reward": "fms0-top0.99"}, {"abbr": "vxl", "uid": 12, "reward": "fms0-top0.99"}, {"abbr": "flg", "uid": 271, "reward": "fms0-top0.99"}, {"abbr": "flg", "uid": 114, "reward": "fms0-top0.99"}, {"abbr": "lightning", "uid": 203, "reward": "fms0-top0.99"}, {"abbr": "lightning", "uid": 4, "reward": "fms0-top0.99"}, {"abbr": "flg", "uid": 19, "reward": "fms0-top0.99"}, {"abbr": "lightning", "uid": 624, "reward": "fms0-top0.99"}, {"abbr": "atm", "uid": 1384, "reward": "fms0-top0.99"}, {"abbr": "twitch", "uid": 18, "reward": "fms0-top0.99"}, {"abbr": "flg", "uid": 141, "reward": "fms0-top0.99"}, {"abbr": "pll", "uid": 248, "reward": "fms0-top0.99"}, {"abbr": "flg", "uid": 239, "reward": "fms0-top0.99"}, {"abbr": "mgl", "uid": 143, "reward": "fms0-top0.99"}, {"abbr": "flg", "uid": 265, "reward": "fms0-top0.99"}, {"abbr": "atm", "uid": 1342, "reward": "fms0-top0.99"}, {"abbr": "movezen", "uid": 294, "reward": "fms0-top0.99"}, {"abbr": "atm", "uid": 652, "reward": "fms0-top0.99"}, {"abbr": "lightning", "uid": 617, "reward": "fms0-top0.99"}, {"abbr": "fate", "uid": 38, "reward": "fms0-top0.99"}, {"abbr": "ets2mcg", "uid": 8, "reward": "fms0-top0.99"}, {"abbr": "ets2mcg", "uid": 418, "reward": "fms0-top0.99"}, {"abbr": "rsl", "uid": 167, "reward": "fms0-top0.99"}, {"abbr": "flg", "uid": 130, "reward": "fms0-top0.99"}, {"abbr": "rsl", "uid": 134, "reward": "fms0-top0.99"}, {"abbr": "wot", "uid": 19, "reward": "fms0-top0.99"}, {"abbr": "rsl", "uid": 191, "reward": "fms0-top0.99"}, {"abbr": "atm", "uid": 1284, "reward": "fms0-top0.99"}, {"abbr": "flg", "uid": 142, "reward": "fms0-top0.99"}, {"abbr": "flg", "uid": 214, "reward": "fms0-top0.99"}, {"abbr": "pll", "uid": 23, "reward": "fms0-top0.99"}, {"abbr": "atm", "uid": 1059, "reward": "fms0-top0.99"}, {"abbr": "truck", "uid": 8, "reward": "fms0-top0.99"}, {"abbr": "mgl", "uid": 152, "reward": "fms0-top0.99"}, {"abbr": "lightning", "uid": 607, "reward": "fms0-top0.99"}, {"abbr": "atm", "uid": 1394, "reward": "fms0-top0.99"}, {"abbr": "flg", "uid": 117, "reward": "fms0-top0.99"}, {"abbr": "pll", "uid": 48, "reward": "fms0-top0.99"}, {"abbr": "lightning", "uid": 582, "reward": "fms0-top0.99"}, {"abbr": "truck", "uid": 14, "reward": "fms0-top0.99"}, {"abbr": "mgl", "uid": 190, "reward": "fms0-top0.99"}, {"abbr": "atm", "uid": 6, "reward": "fms0-top0.99"}, {"abbr": "mgl", "uid": 95, "reward": "fms0-top0.99"}, {"abbr": "flg", "uid": 123, "reward": "fms0-top0.99"}, {"abbr": "mgl", "uid": 81, "reward": "fms0-top0.99"}, {"abbr": "rsl", "uid": 195, "reward": "fms0-top0.99"}, {"abbr": "dgi", "uid": 1, "reward": "fms0-top0.99"}, {"abbr": "lightning", "uid": 561, "reward": "fms0-top0.99"}, {"abbr": "twitch", "uid": 15, "reward": "fms0-top0.99"}, {"abbr": "ets2mcg", "uid": 103, "reward": "fms0-top0.99"}, {"abbr": "truck", "uid": 24, "reward": "fms0-top0.99"}, {"abbr": "flg", "uid": 258, "reward": "fms0-top0.99"}, {"abbr": "rsl", "uid": 49, "reward": "fms0-top0.99"}, {"abbr": "wht", "uid": 26, "reward": "fms0-top0.99"}, {"abbr": "ets2mcg", "uid": 406, "reward": "fms0-top0.99"}, {"abbr": "wht", "uid": 16, "reward": "fms0-top0.99"}, {"abbr": "pll", "uid": 163, "reward": "fms0-top0.99"}, {"abbr": "atm", "uid": 1226, "reward": "fms0-top0.99"}, {"abbr": "truck", "uid": 16, "reward": "fms0-top0.99"}, {"abbr": "lightning", "uid": 504, "reward": "fms0-top0.99"}, {"abbr": "ets2mcg", "uid": 286, "reward": "fms0-top0.99"}, {"abbr": "ets2mcg", "uid": 443, "reward": "fms0-top0.99"}, {"abbr": "pll", "uid": 273, "reward": "fms0-top0.99"}, {"abbr": "atm", "uid": 682, "reward": "fms0-top0.99"}, {"abbr": "lightning", "uid": 501, "reward": "fms0-top0.99"}, {"abbr": "rsl", "uid": 71, "reward": "fms0-top0.99"}, {"abbr": "atm", "uid": 1397, "reward": "fms0-top0.99"}, {"abbr": "truck", "uid": 13, "reward": "fms0-top0.99"}, {"abbr": "atm", "uid": 1016, "reward": "fms0-top0.99"}, {"abbr": "gokboru", "uid": 27, "reward": "fms0-top0.99"}, {"abbr": "atm", "uid": 1060, "reward": "fms0-top0.99"}, {"abbr": "atm", "uid": 1366, "reward": "fms0-top0.99"}, {"abbr": "flg", "uid": 118, "reward": "fms0-top0.99"}, {"abbr": "truck", "uid": 1, "reward": "fms0-top0.99"}, {"abbr": "sniperhaul", "uid": 3, "reward": "fms0-top0.99"}, {"abbr": "atm", "uid": 191, "reward": "fms0-top0.99"}, {"abbr": "pll", "uid": 266, "reward": "fms0-top0.99"}, {"abbr": "flg", "uid": 165, "reward": "fms0-top0.99"}, {"abbr": "lightning", "uid": 428, "reward": "fms0-top0.99"}, {"abbr": "pll", "uid": 291, "reward": "fms0-top0.99"}, {"abbr": "lightning", "uid": 240, "reward": "fms0-top0.99"}, {"abbr": "twitch", "uid": 27, "reward": "fms0-top0.99"}, {"abbr": "rsl", "uid": 26, "reward": "fms0-top0.99"}, {"abbr": "flg", "uid": 143, "reward": "fms0-top0.99"}, {"abbr": "sta", "uid": 8, "reward": "fms0-top0.99"}, {"abbr": "atm", "uid": 1359, "reward": "fms0-top0.99"}, {"abbr": "atm", "uid": 851, "reward": "fms0-top0.99"}, {"abbr": "flg", "uid": 176, "reward": "fms0-top0.99"}, {"abbr": "lightning", "uid": 549, "reward": "fms0-top0.99"}, {"abbr": "atm", "uid": 530, "reward": "fms0-top0.99"}, {"abbr": "ets2mcg", "uid": 474, "reward": "fms0-top0.99"}, {"abbr": "lightning", "uid": 605, "reward": "fms0-top0.99"}, {"abbr": "nebula", "uid": 9, "reward": "fms0-top0.99"}, {"abbr": "rsl", "uid": 57, "reward": "fms0-top0.99"}, {"abbr": "gokboru", "uid": 105, "reward": "fms0-top0.99"}, {"abbr": "rsl", "uid": 168, "reward": "fms0-top0.99"}, {"abbr": "rsl", "uid": 22, "reward": "fms0-top0.99"}, {"abbr": "gokboru", "uid": 97, "reward": "fms0-top0.99"}, {"abbr": "lightning", "uid": 50, "reward": "fms0-top0.99"}, {"abbr": "rsl", "uid": 113, "reward": "fms0-top0.99"}, {"abbr": "pll", "uid": 14, "reward": "fms0-top0.99"}, {"abbr": "ets2mcg", "uid": 469, "reward": "fms0-top0.99"}, {"abbr": "ets2mcg", "uid": 259, "reward": "fms0-top0.99"}, {"abbr": "rsl", "uid": 68, "reward": "fms0-top0.99"}, {"abbr": "atm", "uid": 1238, "reward": "fms0-top0.99"}, {"abbr": "lightning", "uid": 260, "reward": "fms0-top0.99"}, {"abbr": "pll", "uid": 244, "reward": "fms0-top0.99"}, {"abbr": "atm", "uid": 32, "reward": "fms0-top0.99"}, {"abbr": "mgl", "uid": 174, "reward": "fms0-top0.99"}, {"abbr": "mgl", "uid": 189, "reward": "fms0-top0.99"}, {"abbr": "pll", "uid": 296, "reward": "fms0-top0.99"}, {"abbr": "ets2mcg", "uid": 425, "reward": "fms0-top0.99"}, {"abbr": "atm", "uid": 968, "reward": "fms0-top0.99"}, {"abbr": "lightning", "uid": 625, "reward": "fms0-top0.99"}, {"abbr": "rsl", "uid": 185, "reward": "fms0-top0.99"}, {"abbr": "lightning", "uid": 379, "reward": "fms0-top0.99"}, {"abbr": "wot", "uid": 15, "reward": "fms0-top0.99"}, {"abbr": "atm", "uid": 1088, "reward": "fms0-top0.99"}, {"abbr": "flg", "uid": 74, "reward": "fms0-top0.99"}, {"abbr": "mgl", "uid": 199, "reward": "fms0-top0.99"}, {"abbr": "atm", "uid": 1400, "reward": "fms0-top0.99"}, {"abbr": "flg", "uid": 53, "reward": "fms0-top0.99"}, {"abbr": "rsl", "uid": 137, "reward": "fms0-top0.99"}, {"abbr": "truck", "uid": 47, "reward": "fms0-top0.99"}, {"abbr": "pll", "uid": 62, "reward": "fms0-top0.99"}, {"abbr": "wht", "uid": 20, "reward": "fms0-top0.99"}, {"abbr": "truck", "uid": 34, "reward": "fms0-top0.99"}, {"abbr": "ets2mcg", "uid": 12, "reward": "fms0-top0.99"}, {"abbr": "truck", "uid": 38, "reward": "fms0-top0.99"}, {"abbr": "ets2mcg", "uid": 222, "reward": "fms0-top0.99"}, {"abbr": "atm", "uid": 965, "reward": "fms0-top0.99"}, {"abbr": "flg", "uid": 199, "reward": "fms0-top0.99"}, {"abbr": "lightning", "uid": 539, "reward": "fms0-top0.99"}, {"abbr": "flg", "uid": 125, "reward": "fms0-top0.99"}, {"abbr": "lightning", "uid": 574, "reward": "fms0-top0.99"}, {"abbr": "truck", "uid": 28, "reward": "fms0-top0.99"}, {"abbr": "mgl", "uid": 42, "reward": "fms0-top0.99"}, {"abbr": "lightning", "uid": 542, "reward": "fms0-top0.99"}, {"abbr": "atm", "uid": 1361, "reward": "fms0-top0.99"}, {"abbr": "atm", "uid": 1411, "reward": "fms0-top0.99"}, {"abbr": "pll", "uid": 124, "reward": "fms0-top0.99"}, {"abbr": "rsl", "uid": 87, "reward": "fms0-top0.99"}, {"abbr": "movezen", "uid": 348, "reward": "fms0-top0.99"}, {"abbr": "wht", "uid": 13, "reward": "fms0-top0.99"}, {"abbr": "rsl", "uid": 204, "reward": "fms0-top0.99"}, {"abbr": "flg", "uid": 296, "reward": "fms0-top0.99"}, {"abbr": "pll", "uid": 254, "reward": "fms0-top0.99"}, {"abbr": "flg", "uid": 67, "reward": "fms0-top0.99"}, {"abbr": "lightning", "uid": 550, "reward": "fms0-top0.99"}, {"abbr": "lightning", "uid": 621, "reward": "fms0-top0.99"}, {"abbr": "rsl", "uid": 42, "reward": "fms0-top0.99"}, {"abbr": "movezen", "uid": 162, "reward": "fms0-top0.99"}, {"abbr": "rsl", "uid": 175, "reward": "fms0-top0.99"}, {"abbr": "flg", "uid": 231, "reward": "fms0-top0.99"}, {"abbr": "gokboru", "uid": 102, "reward": "fms0-top0.99"}, {"abbr": "atm", "uid": 1187, "reward": "fms0-top0.99"}, {"abbr": "lightning", "uid": 231, "reward": "fms0-top0.99"}, {"abbr": "flg", "uid": 218, "reward": "fms0-top0.99"}, {"abbr": "wht", "uid": 66, "reward": "fms0-top0.99"}, {"abbr": "lightning", "uid": 385, "reward": "fms0-top0.99"}, {"abbr": "flg", "uid": 147, "reward": "fms0-top0.99"}, {"abbr": "rsl", "uid": 129, "reward": "fms0-top0.99"}, {"abbr": "ets2mcg", "uid": 10, "reward": "fms0-top0.99"}, {"abbr": "wht", "uid": 41, "reward": "fms0-top0.99"}, {"abbr": "rsl", "uid": 138, "reward": "fms0-top0.99"}, {"abbr": "flg", "uid": 182, "reward": "fms0-top0.99"}, {"abbr": "pll", "uid": 177, "reward": "fms0-top0.99"}, {"abbr": "flg", "uid": 35, "reward": "fms0-top0.99"}, {"abbr": "atm", "uid": 991, "reward": "fms0-top0.99"}, {"abbr": "atm", "uid": 1299, "reward": "fms0-top0.99"}, {"abbr": "ets2mcg", "uid": 428, "reward": "fms0-top0.99"}, {"abbr": "flg", "uid": 261, "reward": "fms0-top0.99"}, {"abbr": "flg", "uid": 108, "reward": "fms0-top0.99"}, {"abbr": "fate", "uid": 31, "reward": "fms0-top0.99"}, {"abbr": "movezen", "uid": 363, "reward": "fms0-top0.99"}, {"abbr": "flg", "uid": 66, "reward": "fms0-top0.99"}, {"abbr": "rsl", "uid": 46, "reward": "fms0-top0.99"}, {"abbr": "flg", "uid": 185, "reward": "fms0-top0.99"}, {"abbr": "rsl", "uid": 119, "reward": "fms0-top0.99"}, {"abbr": "atm", "uid": 883, "reward": "fms0-top0.99"}, {"abbr": "lightning", "uid": 476, "reward": "fms0-top0.99"}, {"abbr": "atm", "uid": 650, "reward": "fms0-top0.99"}, {"abbr": "flg", "uid": 310, "reward": "fms0-top0.99"}, {"abbr": "gokboru", "uid": 26, "reward": "fms0-top0.99"}, {"abbr": "flg", "uid": 29, "reward": "fms0-top0.99"}, {"abbr": "atm", "uid": 752, "reward": "fms0-top0.99"}, {"abbr": "flg", "uid": 180, "reward": "fms0-top0.99"}, {"abbr": "atm", "uid": 68, "reward": "fms0-top0.99"}, {"abbr": "atm", "uid": 169, "reward": "fms0-top0.99"}, {"abbr": "atm", "uid": 993, "reward": "fms0-top0.99"}, {"abbr": "ets2mcg", "uid": 30, "reward": "fms0-top0.99"}, {"abbr": "pll", "uid": 75, "reward": "fms0-top0.99"}, {"abbr": "atm", "uid": 813, "reward": "fms0-top0.99"}, {"abbr": "mgl", "uid": 105, "reward": "fms0-top0.99"}, {"abbr": "atm", "uid": 1276, "reward": "fms0-top0.99"}, {"abbr": "pll", "uid": 211, "reward": "fms0-top0.99"}, {"abbr": "lightning", "uid": 569, "reward": "fms0-top0.99"}, {"abbr": "atm", "uid": 1313, "reward": "fms0-top0.99"}, {"abbr": "rsl", "uid": 116, "reward": "fms0-top0.99"}, {"abbr": "truck", "uid": 11, "reward": "fms0-top0.99"}, {"abbr": "sta", "uid": 9, "reward": "fms0-top0.99"}, {"abbr": "flg", "uid": 254, "reward": "fms0-top0.99"}, {"abbr": "pll", "uid": 45, "reward": "fms0-top0.99"}, {"abbr": "ets2mcg", "uid": 185, "reward": "fms0-top0.99"}, {"abbr": "flg", "uid": 266, "reward": "fms0-top0.99"}, {"abbr": "wht", "uid": 10, "reward": "fms0-top0.99"}, {"abbr": "rsl", "uid": 127, "reward": "fms0-top0.99"}, {"abbr": "gokboru", "uid": 17, "reward": "fms0-top0.99"}, {"abbr": "movezen", "uid": 284, "reward": "fms0-top0.99"}, {"abbr": "mgl", "uid": 147, "reward": "fms0-top0.99"}, {"abbr": "wht", "uid": 32, "reward": "fms0-top0.99"}, {"abbr": "lightning", "uid": 637, "reward": "fms0-top0.99"}, {"abbr": "atm", "uid": 1232, "reward": "fms0-top0.99"}, {"abbr": "rsl", "uid": 205, "reward": "fms0-top0.99"}, {"abbr": "pll", "uid": 231, "reward": "fms0-top0.99"}, {"abbr": "rsl", "uid": 117, "reward": "fms0-top0.99"}, {"abbr": "atm", "uid": 761, "reward": "fms0-top0.99"}, {"abbr": "rsl", "uid": 189, "reward": "fms0-top0.99"}, {"abbr": "flg", "uid": 183, "reward": "fms0-top0.99"}, {"abbr": "rsl", "uid": 159, "reward": "fms0-top0.99"}, {"abbr": "ets2mcg", "uid": 463, "reward": "fms0-top0.99"}, {"abbr": "atm", "uid": 140, "reward": "fms0-top0.99"}, {"abbr": "atm", "uid": 974, "reward": "fms0-top0.99"}, {"abbr": "flg", "uid": 92, "reward": "fms0-top0.99"}, {"abbr": "atm", "uid": 119, "reward": "fms0-top0.99"}, {"abbr": "atm", "uid": 1131, "reward": "fms0-top0.99"}, {"abbr": "pll", "uid": 37, "reward": "fms0-top0.99"}, {"abbr": "rsl", "uid": 88, "reward": "fms0-top0.99"}, {"abbr": "ets2mcg", "uid": 56, "reward": "fms0-top0.99"}, {"abbr": "rsl", "uid": 133, "reward": "fms0-top0.99"}, {"abbr": "mgl", "uid": 142, "reward": "fms0-top0.99"}, {"abbr": "atm", "uid": 20, "reward": "fms0-top0.99"}, {"abbr": "gokboru", "uid": 6, "reward": "fms0-top0.99"}, {"abbr": "movezen", "uid": 356, "reward": "fms0-top0.99"}, {"abbr": "flg", "uid": 238, "reward": "fms0-top0.99"}, {"abbr": "lightning", "uid": 408, "reward": "fms0-top0.99"}, {"abbr": "rsl", "uid": 14, "reward": "fms0-top0.99"}, {"abbr": "nebula", "uid": 14, "reward": "fms0-top0.99"}, {"abbr": "movezen", "uid": 347, "reward": "fms0-top0.99"}, {"abbr": "flg", "uid": 87, "reward": "fms0-top0.99"}, {"abbr": "ets2mcg", "uid": 470, "reward": "fms0-top0.99"}, {"abbr": "lightning", "uid": 483, "reward": "fms0-top0.99"}, {"abbr": "twitch", "uid": 2, "reward": "fms0-top0.99"}, {"abbr": "rsl", "uid": 70, "reward": "fms0-top0.99"}, {"abbr": "atm", "uid": 125, "reward": "fms0-top0.99"}, {"abbr": "lightning", "uid": 438, "reward": "fms0-top0.99"}, {"abbr": "rsl", "uid": 61, "reward": "fms0-top0.99"}, {"abbr": "rsl", "uid": 43, "reward": "fms0-top0.99"}, {"abbr": "rsl", "uid": 9, "reward": "fms0-top0.99"}, {"abbr": "atm", "uid": 1167, "reward": "fms0-top0.99"}, {"abbr": "atm", "uid": 1379, "reward": "fms0-top0.99"}, {"abbr": "atm", "uid": 1213, "reward": "fms0-top0.99"}, {"abbr": "flg", "uid": 150, "reward": "fms0-top0.99"}, {"abbr": "rsl", "uid": 131, "reward": "fms0-top0.99"}, {"abbr": "atm", "uid": 586, "reward": "fms0-top0.99"}, {"abbr": "flg", "uid": 55, "reward": "fms0-top0.99"}, {"abbr": "sta", "uid": 10, "reward": "fms0-top0.99"}, {"abbr": "flg", "uid": 255, "reward": "fms0-top0.99"}, {"abbr": "flg", "uid": 95, "reward": "fms0-top0.99"}, {"abbr": "ets2mcg", "uid": 39, "reward": "fms0-top0.99"}, {"abbr": "atm", "uid": 719, "reward": "fms0-top0.99"}, {"abbr": "pll", "uid": 205, "reward": "fms0-top0.99"}, {"abbr": "lightning", "uid": 620, "reward": "fms0-top0.99"}, {"abbr": "hsp", "uid": 5, "reward": "fms0-top0.99"}, {"abbr": "atm", "uid": 1042, "reward": "fms0-top0.99"}, {"abbr": "rsl", "uid": 187, "reward": "fms0-top0.99"}, {"abbr": "mgl", "uid": 168, "reward": "fms0-top0.99"}, {"abbr": "flg", "uid": 229, "reward": "fms0-top0.99"}, {"abbr": "lightning", "uid": 71, "reward": "fms0-top0.99"}, {"abbr": "flg", "uid": 173, "reward": "fms0-top0.99"}, {"abbr": "atm", "uid": 1285, "reward": "fms0-top0.99"}, {"abbr": "atm", "uid": 847, "reward": "fms0-top0.99"}, {"abbr": "rsl", "uid": 23, "reward": "fms0-top0.99"}, {"abbr": "rsl", "uid": 174, "reward": "fms0-top0.99"}, {"abbr": "atm", "uid": 870, "reward": "fms0-top0.99"}, {"abbr": "atm", "uid": 1317, "reward": "fms0-top0.99"}, {"abbr": "pll", "uid": 202, "reward": "fms0-top0.99"}, {"abbr": "flg", "uid": 80, "reward": "fms0-top0.99"}, {"abbr": "flg", "uid": 78, "reward": "fms0-top0.99"}, {"abbr": "mgl", "uid": 179, "reward": "fms0-top0.99"}, {"abbr": "pll", "uid": 154, "reward": "fms0-top0.99"}, {"abbr": "flg", "uid": 77, "reward": "fms0-top0.99"}, {"abbr": "pll", "uid": 267, "reward": "fms0-top0.99"}, {"abbr": "rsl", "uid": 52, "reward": "fms0-top0.99"}, {"abbr": "rsl", "uid": 24, "reward": "fms0-top0.99"}, {"abbr": "pll", "uid": 147, "reward": "fms0-top0.99"}, {"abbr": "rsl", "uid": 99, "reward": "fms0-top0.99"}, {"abbr": "rsl", "uid": 135, "reward": "fms0-top0.99"}, {"abbr": "lightning", "uid": 546, "reward": "fms0-top0.99"}, {"abbr": "flg", "uid": 132, "reward": "fms0-top0.99"}, {"abbr": "pll", "uid": 42, "reward": "fms0-top0.99"}, {"abbr": "flg", "uid": 171, "reward": "fms0-top0.99"}, {"abbr": "atm", "uid": 803, "reward": "fms0-top0.99"}, {"abbr": "fate", "uid": 30, "reward": "fms0-top0.99"}, {"abbr": "ets2mcg", "uid": 114, "reward": "fms0-top0.99"}, {"abbr": "atm", "uid": 671, "reward": "fms0-top0.99"}, {"abbr": "rsl", "uid": 47, "reward": "fms0-top0.99"}, {"abbr": "atm", "uid": 41, "reward": "fms0-top0.99"}, {"abbr": "pll", "uid": 250, "reward": "fms0-top0.99"}, {"abbr": "lightning", "uid": 592, "reward": "fms0-top0.99"}, {"abbr": "movezen", "uid": 364, "reward": "fms0-top0.99"}, {"abbr": "nebula", "uid": 6, "reward": "fms0-top0.99"}, {"abbr": "movezen", "uid": 361, "reward": "fms0-top0.99"}, {"abbr": "lightning", "uid": 545, "reward": "fms0-top0.99"}, {"abbr": "gokboru", "uid": 1, "reward": "fms0-top0.99"}, {"abbr": "flg", "uid": 163, "reward": "fms0-top0.99"}, {"abbr": "flg", "uid": 42, "reward": "fms0-top0.99"}, {"abbr": "rsl", "uid": 199, "reward": "fms0-top0.99"}, {"abbr": "atm", "uid": 7, "reward": "fms0-top0.99"}, {"abbr": "lightning", "uid": 640, "reward": "fms0-top0.99"}, {"abbr": "flg", "uid": 122, "reward": "fms0-top0.99"}, {"abbr": "flg", "uid": 106, "reward": "fms0-top0.99"}, {"abbr": "rsl", "uid": 45, "reward": "fms0-top0.99"}, {"abbr": "movezen", "uid": 365, "reward": "fms0-top0.99"}, {"abbr": "pll", "uid": 290, "reward": "fms0-top0.99"}, {"abbr": "atm", "uid": 112, "reward": "fms0-top0.99"}, {"abbr": "atm", "uid": 1406, "reward": "fms0-top0.99"}, {"abbr": "rsl", "uid": 2, "reward": "fms0-top0.99"}, {"abbr": "atm", "uid": 21, "reward": "fms0-top0.99"}, {"abbr": "flg", "uid": 41, "reward": "fms0-top0.99"}, {"abbr": "atm", "uid": 999, "reward": "fms0-top0.99"}, {"abbr": "lightning", "uid": 628, "reward": "fms0-top0.99"}, {"abbr": "pll", "uid": 197, "reward": "fms0-top0.99"}, {"abbr": "atm", "uid": 1308, "reward": "fms0-top0.99"}, {"abbr": "pll", "uid": 40, "reward": "fms0-top0.99"}, {"abbr": "flg", "uid": 22, "reward": "fms0-top0.99"}, {"abbr": "flg", "uid": 200, "reward": "fms0-top0.99"}, {"abbr": "atm", "uid": 1237, "reward": "fms0-top0.99"}, {"abbr": "rsl", "uid": 30, "reward": "fms0-top0.99"}, {"abbr": "rsl", "uid": 163, "reward": "fms0-top0.99"}, {"abbr": "mgl", "uid": 186, "reward": "fms0-top0.99"}, {"abbr": "atm", "uid": 866, "reward": "fms0-top0.99"}, {"abbr": "flg", "uid": 186, "reward": "fms0-top0.99"}, {"abbr": "sniperhaul", "uid": 8, "reward": "fms0-top0.99"}, {"abbr": "pll", "uid": 100, "reward": "fms0-top0.99"}, {"abbr": "flg", "uid": 300, "reward": "fms0-top0.99"}, {"abbr": "atm", "uid": 1340, "reward": "fms0-top0.99"}, {"abbr": "ets2mcg", "uid": 36, "reward": "fms0-top0.99"}, {"abbr": "flg", "uid": 247, "reward": "fms0-top0.99"}, {"abbr": "ets2mcg", "uid": 482, "reward": "fms0-top0.99"}, {"abbr": "ets2mcg", "uid": 376, "reward": "fms0-top0.99"}, {"abbr": "atm", "uid": 1343, "reward": "fms0-top0.99"}, {"abbr": "atm", "uid": 1389, "reward": "fms0-top0.99"}, {"abbr": "flg", "uid": 196, "reward": "fms0-top0.99"}, {"abbr": "atm", "uid": 971, "reward": "fms0-top0.99"}, {"abbr": "flg", "uid": 210, "reward": "fms0-top0.99"}, {"abbr": "atm", "uid": 96, "reward": "fms0-top0.99"}, {"abbr": "rsl", "uid": 100, "reward": "fms0-top0.99"}, {"abbr": "atm", "uid": 980, "reward": "fms0-top0.99"}, {"abbr": "atm", "uid": 701, "reward": "fms0-top0.99"}, {"abbr": "wht", "uid": 24, "reward": "fms0-top0.99"}, {"abbr": "pll", "uid": 229, "reward": "fms0-top0.99"}, {"abbr": "rsl", "uid": 54, "reward": "fms0-top0.99"}, {"abbr": "mgl", "uid": 200, "reward": "fms0-top0.99"}, {"abbr": "mgl", "uid": 68, "reward": "fms0-top0.99"}, {"abbr": "pll", "uid": 285, "reward": "fms0-top0.99"}, {"abbr": "rsl", "uid": 126, "reward": "fms0-top0.99"}, {"abbr": "atm", "uid": 514, "reward": "fms0-top0.99"}, {"abbr": "mgl", "uid": 185, "reward": "fms0-top0.99"}, {"abbr": "rsl", "uid": 19, "reward": "fms0-top0.99"}, {"abbr": "flg", "uid": 207, "reward": "fms0-top0.99"}, {"abbr": "atm", "uid": 1130, "reward": "fms0-top0.99"}, {"abbr": "flg", "uid": 145, "reward": "fms0-top0.99"}, {"abbr": "rsl", "uid": 121, "reward": "fms0-top0.99"}, {"abbr": "flg", "uid": 8, "reward": "fms0-top0.99"}, {"abbr": "pll", "uid": 278, "reward": "fms0-top0.99"}, {"abbr": "rsl", "uid": 181, "reward": "fms0-top0.99"}, {"abbr": "atm", "uid": 820, "reward": "fms0-top0.99"}]