{"fmd": [{"user": {"uid": 96, "userid": 120, "name": "Pattarapon", "avatar": "https://cdn.discordapp.com/avatars/687263407417720832/a_c8f593c66e5dce0aeea7d8e0dc04e0cc.gif"}, "point": 132638}, {"user": {"uid": 178, "userid": 142, "name": "Kai'Sa\u2606UnSyn Amagiri", "avatar": "https://cdn.discordapp.com/avatars/234026448229367809/3e769a6aef362f7e3f4ea09b2d3f5367.png"}, "point": 119568}, {"user": {"uid": 479, "userid": 252, "name": "ST1G", "avatar": "https://cdn.discordapp.com/avatars/515890400494616608/f4bac7aef316082f7bad4fcbb6b39570.png"}, "point": 57482}, {"user": {"uid": 82, "userid": 99, "name": "PepyNox \ud83e\udd16", "avatar": "https://cdn.discordapp.com/avatars/261473263752839168/a_32058670e7fcdb9136bb159147e62d09.gif"}, "point": 31485}, {"user": {"uid": 376, "userid": 217, "name": "im_tibo", "avatar": "https://cdn.discordapp.com/avatars/677523358773936159/4701cf2e052934cb803f95ac1f17c941.png"}, "point": 29494}, {"user": {"uid": 300, "userid": 197, "name": "zoop", "avatar": "https://cdn.discordapp.com/avatars/221167310986149888/834a0f2ed8b4aacbb621e04069eba462.png"}, "point": 27889}, {"user": {"uid": 460, "userid": 245, "name": "Malinois", "avatar": "https://cdn.discordapp.com/avatars/674758857154887710/9984f9f4d45a58816391042a4ec4d2da.png"}, "point": 21675}, {"user": {"uid": 19, "userid": 22, "name": "Garmy", "avatar": "https://cdn.discordapp.com/avatars/537294435617341451/513dcf25a48a7f737f1643ad3c103e65.png"}, "point": 20905}, {"user": {"uid": 259, "userid": 180, "name": "Tom Smith", "avatar": "https://cdn.discordapp.com/avatars/634875282087739402/d7f37b180267028c04a70bf39b51a974.png"}, "point": 17623}, {"user": {"uid": 100, "userid": 124, "name": "Nexusover", "avatar": "https://cdn.discordapp.com/avatars/531793623331635201/200acad6bb16f43fd5eda378ea422f0e.png"}, "point": 16176}, {"user": {"uid": 219, "userid": 162, "name": "Unlined", "avatar": "https://cdn.discordapp.com/avatars/805174902566682644/ebc23285318adf34b6840ae2d324a959.png"}, "point": 14574}, {"user": {"uid": 16, "userid": 19, "name": "Tom", "avatar": "https://cdn.discordapp.com/avatars/306758358092742657/3f6e08a50ffe39d2f24b54aff99cc3d2.png"}, "point": 14229}, {"user": {"uid": 211, "userid": 160, "name": "human", "avatar": "https://cdn.discordapp.com/avatars/698752151073194015/e626fce336d1295ab98959c084394e8b.png"}, "point": 12711}, {"user": {"uid": 15, "userid": 17, "name": "Aashraye", "avatar": "https://cdn.discordapp.com/avatars/514799622510739456/a_9fa635cb53a66b5da365a010bbced50e.gif"}, "point": 12304}, {"user": {"uid": 400, "userid": 222, "name": "prbkk", "avatar": "https://cdn.discordapp.com/avatars/882076408308989952/bd00d6503d087db05af20d86f3f6681e.png"}, "point": 9627}, {"user": {"uid": 14, "userid": 15, "name": "Cel", "avatar": "https://cdn.discordapp.com/avatars/388906563043065861/ea2e630b6ace3b5676e334f4f61e039f.png"}, "point": 9449}, {"user": {"uid": 364, "userid": 215, "name": "[MCG] Danish_v8", "avatar": "https://static.truckersmp.com/avatarsN/3882826.1651322428.jpg"}, "point": 9048}, {"user": {"uid": 75, "userid": 87, "name": "Divaice", "avatar": "https://cdn.discordapp.com/avatars/442566760277868546/036f730b9f21ac80ae369dbbaa692664.png"}, "point": 8230}, {"user": {"uid": 470, "userid": 253, "name": "[MCG] Lucasg4329 [FR]", "avatar": "https://static.truckersmp.com/avatarsN/defaultavatar.png"}, "point": 6990}, {"user": {"uid": 202, "userid": 154, "name": "i'm J clarkson", "avatar": "https://cdn.discordapp.com/avatars/690586123952586792/80cf82fd6950b61379dce9612d1f7034.png"}, "point": 5240}, {"user": {"uid": 499, "userid": 259, "name": "fluxity", "avatar": "https://cdn.discordapp.com/avatars/518809895198392345/eb0bed3b6b469eb7589bd6bb8e403d0d.png"}, "point": 5187}, {"user": {"uid": 25, "userid": 29, "name": "\ud835\ude4d\ud835\ude6e\ud835\ude64\ud835\ude69\ud835\ude56*", "avatar": "https://cdn.discordapp.com/avatars/759721776447750184/db6bbbae1d0ba3ceafe84310a2234bf0.png"}, "point": 4942}, {"user": {"uid": 409, "userid": 226, "name": "\ud835\ude7d\ud835\ude74\ud835\ude86\ud835\ude83\ud835\ude88\ud835\ude7f\ud835\ude74\ud835\ude82", "avatar": "https://cdn.discordapp.com/avatars/624501922531115019/720e6c9072e99985cd234df4183376af.png"}, "point": 4794}, {"user": {"uid": 469, "userid": 247, "name": "Ayl0o", "avatar": "https://cdn.discordapp.com/avatars/706856186712031233/926726bdacd19e3f7294b06bcf6f729b.png"}, "point": 4355}, {"user": {"uid": 113, "userid": 138, "name": "Valentin | \u262f", "avatar": "https://cdn.discordapp.com/avatars/541192182116253717/0350657a9bb4ace10c520a758fdea4b2.png"}, "point": 4112}, {"user": {"uid": 114, "userid": 139, "name": "PEPANEX", "avatar": "https://cdn.discordapp.com/avatars/496311588727291924/0eb71ed379c239d4539c1fcdb4049290.png"}, "point": 3264}, {"user": {"uid": 275, "userid": 187, "name": "TH3BR1T1SHON3", "avatar": "https://cdn.discordapp.com/avatars/670477855129337869/36ea5ee7ba36961649de048c79c7a40a.png"}, "point": 3196}, {"user": {"uid": 286, "userid": 190, "name": "[MCG] NarBREAD (SVK)", "avatar": "https://cdn.discordapp.com/attachments/1058844743582363859/1162360746752090153/SmartSelect_20231013-140626_Gallery.jpg?ex=653ba7cd&is=652932cd&hm=909f43b4b9783fd00a00fed9e0690b8a674b513d16c085eb132e237ea763d8ca&"}, "point": 2998}, {"user": {"uid": 104, "userid": 128, "name": "Jablko 47", "avatar": "https://cdn.discordapp.com/avatars/496659970696282112/c598da5e3493f03048d4831a1b806273.png"}, "point": 2724}, {"user": {"uid": 406, "userid": 225, "name": "Gaurav1272", "avatar": "https://avatars.steamstatic.com/fe5fe8d105d5d1617f755d6c1f9b09688bff585a_full.jpg"}, "point": 2651}, {"user": {"uid": 480, "userid": 256, "name": "[MCG]heyboy901gaming", "avatar": "https://cdn.discordapp.com/avatars/445526181878693900/d773dc42ae1d4412a834a0d715b76828.png"}, "point": 2327}, {"user": {"uid": 12, "userid": 13, "name": "fatzri", "avatar": "https://cdn.discordapp.com/avatars/689652100560453694/42e61d1e9a88c0302601fc9c99fbd691.png"}, "point": 2322}, {"user": {"uid": 30, "userid": 34, "name": "abechan JPN", "avatar": "https://avatars.steamstatic.com/bc878d45e30f82fb5a07e770016a340e206da593_full.jpg"}, "point": 2215}, {"user": {"uid": 425, "userid": 235, "name": "\ud835\udc11\ud835\udc1a\ud835\udc33\ud835\udc2f\ud835\udc1a\ud835\udc27\ud835\udc11\ud835\udc0e", "avatar": "https://cdn.discordapp.com/avatars/781186254976712794/2d6c733e78c760666fe6c9b332860609.png"}, "point": 2082}, {"user": {"uid": 417, "userid": 230, "name": "Burmee", "avatar": "https://cdn.discordapp.com/avatars/245282670794244096/88fa64077ce0e6f76e3910cf2deae031.png"}, "point": 1909}, {"user": {"uid": 204, "userid": 155, "name": "Xenon_25", "avatar": "https://avatars.steamstatic.com/8dfe278c7493b6984540e57ecd57b791df13841e_full.jpg"}, "point": 1877}, {"user": {"uid": 10, "userid": 11, "name": "Xavogad", "avatar": "https://cdn.discordapp.com/avatars/742325632691863564/8d806af82b9a597d6538e72fd8e9bdae.png"}, "point": 1688}, {"user": {"uid": 291, "userid": 193, "name": "mell_marshmellow", "avatar": "https://cdn.discordapp.com/avatars/423448885575548930/a3351f59d698763c9b1582bf93b81ffe.png"}, "point": 1688}, {"user": {"uid": 418, "userid": 231, "name": "Ra\u010fas", "avatar": "https://cdn.discordapp.com/avatars/797569994698260530/f477fc21e7339e15597635242b2e6702.png"}, "point": 1424}, {"user": {"uid": 8, "userid": 9, "name": "Fitri10", "avatar": "https://cdn.discordapp.com/avatars/537228046948892683/c88172513c19d6145de568e720da3b0a.png"}, "point": 1234}, {"user": {"uid": 423, "userid": 234, "name": "airilxx", "avatar": "https://cdn.discordapp.com/avatars/410461489011490817/d1d300ee9fe0a2746ef91643f057c9f4.png"}, "point": 1145}, {"user": {"uid": 452, "userid": 244, "name": "xiho\u30c5", "avatar": "https://cdn.discordapp.com/avatars/571002754877882369/9cd9d3d0a42510c5a2426a3e6f230b19.png"}, "point": 998}, {"user": {"uid": 440, "userid": 241, "name": "Grad", "avatar": "https://cdn.discordapp.com/avatars/442574869411135489/a_c1537d1c71b1422b6d8df3b6a2044020.gif"}, "point": 849}, {"user": {"uid": 489, "userid": 257, "name": "er_samuuuu10098", "avatar": "https://cdn.discordapp.com/avatars/697702509766246492/0b985e7780e6f5dcc49508d5b8c6e2db.png"}, "point": 779}, {"user": {"uid": 321, "userid": 204, "name": "TIRAWIT_FIRST", "avatar": "https://cdn.discordapp.com/avatars/899663022891626516/10450eb89b929eaa00a1073937d1ad4d.png"}, "point": 751}, {"user": {"uid": 278, "userid": 188, "name": "abatata.", "avatar": "https://cdn.discordapp.com/avatars/835078651853930507/76d4f002428f5c6559f6df82889f2ae5.png"}, "point": 615}, {"user": {"uid": 433, "userid": 239, "name": "Azite", "avatar": "https://cdn.discordapp.com/avatars/501695966315806720/fe76c9c80b39ba13953cd2defb6b451f.png"}, "point": 545}, {"user": {"uid": 463, "userid": 246, "name": "Ja0kY_", "avatar": "https://cdn.discordapp.com/avatars/634785871387688991/a_84c3faacbd047bc4daa9809868626210.gif"}, "point": 514}, {"user": {"uid": 360, "userid": 213, "name": "[MCG] KAYJAY [MY]", "avatar": "https://static.truckersmp.com/avatarsN/5131980.1702095350.png"}, "point": 495}, {"user": {"uid": 183, "userid": 147, "name": "[MCG] STEELS", "avatar": "https://static.truckersmp.com/avatarsN/defaultavatar.png"}, "point": 489}, {"user": {"uid": 24, "userid": 28, "name": "chib1t", "avatar": "https://cdn.discordapp.com/avatars/681442315012800524/580f7e42e964dd21f1f045bdd85e7eb2.png"}, "point": 487}, {"user": {"uid": 399, "userid": 223, "name": "kailum88866", "avatar": "https://cdn.discordapp.com/avatars/793857518538719253/ff32b32b881efbf3dce9751c3a55588f.png"}, "point": 400}], "fma": [{"user": {"uid": 96, "userid": 120, "name": "Pattarapon", "avatar": "https://cdn.discordapp.com/avatars/687263407417720832/a_c8f593c66e5dce0aeea7d8e0dc04e0cc.gif"}, "point": 132638}, {"user": {"uid": 178, "userid": 142, "name": "Kai'Sa\u2606UnSyn Amagiri", "avatar": "https://cdn.discordapp.com/avatars/234026448229367809/3e769a6aef362f7e3f4ea09b2d3f5367.png"}, "point": 119568}, {"user": {"uid": 479, "userid": 252, "name": "ST1G", "avatar": "https://cdn.discordapp.com/avatars/515890400494616608/f4bac7aef316082f7bad4fcbb6b39570.png"}, "point": 57482}, {"user": {"uid": 82, "userid": 99, "name": "PepyNox \ud83e\udd16", "avatar": "https://cdn.discordapp.com/avatars/261473263752839168/a_32058670e7fcdb9136bb159147e62d09.gif"}, "point": 31485}, {"user": {"uid": 376, "userid": 217, "name": "im_tibo", "avatar": "https://cdn.discordapp.com/avatars/677523358773936159/4701cf2e052934cb803f95ac1f17c941.png"}, "point": 29494}, {"user": {"uid": 300, "userid": 197, "name": "zoop", "avatar": "https://cdn.discordapp.com/avatars/221167310986149888/834a0f2ed8b4aacbb621e04069eba462.png"}, "point": 27889}, {"user": {"uid": 460, "userid": 245, "name": "Malinois", "avatar": "https://cdn.discordapp.com/avatars/674758857154887710/9984f9f4d45a58816391042a4ec4d2da.png"}, "point": 21675}, {"user": {"uid": 19, "userid": 22, "name": "Garmy", "avatar": "https://cdn.discordapp.com/avatars/537294435617341451/513dcf25a48a7f737f1643ad3c103e65.png"}, "point": 20905}, {"user": {"uid": 259, "userid": 180, "name": "Tom Smith", "avatar": "https://cdn.discordapp.com/avatars/634875282087739402/d7f37b180267028c04a70bf39b51a974.png"}, "point": 17623}, {"user": {"uid": 100, "userid": 124, "name": "Nexusover", "avatar": "https://cdn.discordapp.com/avatars/531793623331635201/200acad6bb16f43fd5eda378ea422f0e.png"}, "point": 16176}, {"user": {"uid": 219, "userid": 162, "name": "Unlined", "avatar": "https://cdn.discordapp.com/avatars/805174902566682644/ebc23285318adf34b6840ae2d324a959.png"}, "point": 14574}, {"user": {"uid": 16, "userid": 19, "name": "Tom", "avatar": "https://cdn.discordapp.com/avatars/306758358092742657/3f6e08a50ffe39d2f24b54aff99cc3d2.png"}, "point": 14229}, {"user": {"uid": 211, "userid": 160, "name": "human", "avatar": "https://cdn.discordapp.com/avatars/698752151073194015/e626fce336d1295ab98959c084394e8b.png"}, "point": 12711}, {"user": {"uid": 15, "userid": 17, "name": "Aashraye", "avatar": "https://cdn.discordapp.com/avatars/514799622510739456/a_9fa635cb53a66b5da365a010bbced50e.gif"}, "point": 12304}, {"user": {"uid": 400, "userid": 222, "name": "prbkk", "avatar": "https://cdn.discordapp.com/avatars/882076408308989952/bd00d6503d087db05af20d86f3f6681e.png"}, "point": 9627}, {"user": {"uid": 14, "userid": 15, "name": "Cel", "avatar": "https://cdn.discordapp.com/avatars/388906563043065861/ea2e630b6ace3b5676e334f4f61e039f.png"}, "point": 9449}, {"user": {"uid": 364, "userid": 215, "name": "[MCG] Danish_v8", "avatar": "https://static.truckersmp.com/avatarsN/3882826.1651322428.jpg"}, "point": 9048}, {"user": {"uid": 75, "userid": 87, "name": "Divaice", "avatar": "https://cdn.discordapp.com/avatars/442566760277868546/036f730b9f21ac80ae369dbbaa692664.png"}, "point": 8230}, {"user": {"uid": 470, "userid": 253, "name": "[MCG] Lucasg4329 [FR]", "avatar": "https://static.truckersmp.com/avatarsN/defaultavatar.png"}, "point": 6990}, {"user": {"uid": 202, "userid": 154, "name": "i'm J clarkson", "avatar": "https://cdn.discordapp.com/avatars/690586123952586792/80cf82fd6950b61379dce9612d1f7034.png"}, "point": 5240}, {"user": {"uid": 499, "userid": 259, "name": "fluxity", "avatar": "https://cdn.discordapp.com/avatars/518809895198392345/eb0bed3b6b469eb7589bd6bb8e403d0d.png"}, "point": 5187}, {"user": {"uid": 25, "userid": 29, "name": "\ud835\ude4d\ud835\ude6e\ud835\ude64\ud835\ude69\ud835\ude56*", "avatar": "https://cdn.discordapp.com/avatars/759721776447750184/db6bbbae1d0ba3ceafe84310a2234bf0.png"}, "point": 4942}, {"user": {"uid": 409, "userid": 226, "name": "\ud835\ude7d\ud835\ude74\ud835\ude86\ud835\ude83\ud835\ude88\ud835\ude7f\ud835\ude74\ud835\ude82", "avatar": "https://cdn.discordapp.com/avatars/624501922531115019/720e6c9072e99985cd234df4183376af.png"}, "point": 4794}, {"user": {"uid": 469, "userid": 247, "name": "Ayl0o", "avatar": "https://cdn.discordapp.com/avatars/706856186712031233/926726bdacd19e3f7294b06bcf6f729b.png"}, "point": 4355}, {"user": {"uid": 113, "userid": 138, "name": "Valentin | \u262f", "avatar": "https://cdn.discordapp.com/avatars/541192182116253717/0350657a9bb4ace10c520a758fdea4b2.png"}, "point": 4112}, {"user": {"uid": 114, "userid": 139, "name": "PEPANEX", "avatar": "https://cdn.discordapp.com/avatars/496311588727291924/0eb71ed379c239d4539c1fcdb4049290.png"}, "point": 3264}, {"user": {"uid": 275, "userid": 187, "name": "TH3BR1T1SHON3", "avatar": "https://cdn.discordapp.com/avatars/670477855129337869/36ea5ee7ba36961649de048c79c7a40a.png"}, "point": 3196}, {"user": {"uid": 286, "userid": 190, "name": "[MCG] NarBREAD (SVK)", "avatar": "https://cdn.discordapp.com/attachments/1058844743582363859/1162360746752090153/SmartSelect_20231013-140626_Gallery.jpg?ex=653ba7cd&is=652932cd&hm=909f43b4b9783fd00a00fed9e0690b8a674b513d16c085eb132e237ea763d8ca&"}, "point": 2998}, {"user": {"uid": 104, "userid": 128, "name": "Jablko 47", "avatar": "https://cdn.discordapp.com/avatars/496659970696282112/c598da5e3493f03048d4831a1b806273.png"}, "point": 2724}, {"user": {"uid": 406, "userid": 225, "name": "Gaurav1272", "avatar": "https://avatars.steamstatic.com/fe5fe8d105d5d1617f755d6c1f9b09688bff585a_full.jpg"}, "point": 2651}, {"user": {"uid": 480, "userid": 256, "name": "[MCG]heyboy901gaming", "avatar": "https://cdn.discordapp.com/avatars/445526181878693900/d773dc42ae1d4412a834a0d715b76828.png"}, "point": 2327}, {"user": {"uid": 12, "userid": 13, "name": "fatzri", "avatar": "https://cdn.discordapp.com/avatars/689652100560453694/42e61d1e9a88c0302601fc9c99fbd691.png"}, "point": 2322}, {"user": {"uid": 30, "userid": 34, "name": "abechan JPN", "avatar": "https://avatars.steamstatic.com/bc878d45e30f82fb5a07e770016a340e206da593_full.jpg"}, "point": 2215}, {"user": {"uid": 425, "userid": 235, "name": "\ud835\udc11\ud835\udc1a\ud835\udc33\ud835\udc2f\ud835\udc1a\ud835\udc27\ud835\udc11\ud835\udc0e", "avatar": "https://cdn.discordapp.com/avatars/781186254976712794/2d6c733e78c760666fe6c9b332860609.png"}, "point": 2082}, {"user": {"uid": 417, "userid": 230, "name": "Burmee", "avatar": "https://cdn.discordapp.com/avatars/245282670794244096/88fa64077ce0e6f76e3910cf2deae031.png"}, "point": 1909}, {"user": {"uid": 204, "userid": 155, "name": "Xenon_25", "avatar": "https://avatars.steamstatic.com/8dfe278c7493b6984540e57ecd57b791df13841e_full.jpg"}, "point": 1877}, {"user": {"uid": 10, "userid": 11, "name": "Xavogad", "avatar": "https://cdn.discordapp.com/avatars/742325632691863564/8d806af82b9a597d6538e72fd8e9bdae.png"}, "point": 1688}, {"user": {"uid": 291, "userid": 193, "name": "mell_marshmellow", "avatar": "https://cdn.discordapp.com/avatars/423448885575548930/a3351f59d698763c9b1582bf93b81ffe.png"}, "point": 1688}, {"user": {"uid": 418, "userid": 231, "name": "Ra\u010fas", "avatar": "https://cdn.discordapp.com/avatars/797569994698260530/f477fc21e7339e15597635242b2e6702.png"}, "point": 1424}, {"user": {"uid": 8, "userid": 9, "name": "Fitri10", "avatar": "https://cdn.discordapp.com/avatars/537228046948892683/c88172513c19d6145de568e720da3b0a.png"}, "point": 1234}, {"user": {"uid": 423, "userid": 234, "name": "airilxx", "avatar": "https://cdn.discordapp.com/avatars/410461489011490817/d1d300ee9fe0a2746ef91643f057c9f4.png"}, "point": 1145}, {"user": {"uid": 452, "userid": 244, "name": "xiho\u30c5", "avatar": "https://cdn.discordapp.com/avatars/571002754877882369/9cd9d3d0a42510c5a2426a3e6f230b19.png"}, "point": 998}, {"user": {"uid": 440, "userid": 241, "name": "Grad", "avatar": "https://cdn.discordapp.com/avatars/442574869411135489/a_c1537d1c71b1422b6d8df3b6a2044020.gif"}, "point": 849}, {"user": {"uid": 489, "userid": 257, "name": "er_samuuuu10098", "avatar": "https://cdn.discordapp.com/avatars/697702509766246492/0b985e7780e6f5dcc49508d5b8c6e2db.png"}, "point": 779}, {"user": {"uid": 321, "userid": 204, "name": "TIRAWIT_FIRST", "avatar": "https://cdn.discordapp.com/avatars/899663022891626516/10450eb89b929eaa00a1073937d1ad4d.png"}, "point": 751}, {"user": {"uid": 278, "userid": 188, "name": "abatata.", "avatar": "https://cdn.discordapp.com/avatars/835078651853930507/76d4f002428f5c6559f6df82889f2ae5.png"}, "point": 615}, {"user": {"uid": 433, "userid": 239, "name": "Azite", "avatar": "https://cdn.discordapp.com/avatars/501695966315806720/fe76c9c80b39ba13953cd2defb6b451f.png"}, "point": 545}, {"user": {"uid": 463, "userid": 246, "name": "Ja0kY_", "avatar": "https://cdn.discordapp.com/avatars/634785871387688991/a_84c3faacbd047bc4daa9809868626210.gif"}, "point": 514}, {"user": {"uid": 360, "userid": 213, "name": "[MCG] KAYJAY [MY]", "avatar": "https://static.truckersmp.com/avatarsN/5131980.1702095350.png"}, "point": 495}, {"user": {"uid": 183, "userid": 147, "name": "[MCG] STEELS", "avatar": "https://static.truckersmp.com/avatarsN/defaultavatar.png"}, "point": 489}, {"user": {"uid": 24, "userid": 28, "name": "chib1t", "avatar": "https://cdn.discordapp.com/avatars/681442315012800524/580f7e42e964dd21f1f045bdd85e7eb2.png"}, "point": 487}, {"user": {"uid": 399, "userid": 223, "name": "kailum88866", "avatar": "https://cdn.discordapp.com/avatars/793857518538719253/ff32b32b881efbf3dce9751c3a55588f.png"}, "point": 400}]}