{"fmd": [{"user": {"uid": 36, "userid": 82, "name": "SchakalGER", "avatar": "https://cdn.discordapp.com/avatars/328243784703803413/0815cbf6b00e890a8030cd7d0042d596.png"}, "point": 136908}, {"user": {"uid": 43, "userid": 31, "name": "[GER]Christian", "avatar": "https://static.truckersmp.com/avatarsN/196694.1705792859.png"}, "point": 124063}, {"user": {"uid": 71, "userid": 60, "name": "geronimo8815", "avatar": "https://static.truckersmp.com/avatarsN/5294261.1711913743.png"}, "point": 108932}, {"user": {"uid": 152, "userid": 135, "name": "manu7432", "avatar": "https://cdn.discordapp.com/avatars/1024735246249373777/2d7e240ada7e8d3f41e4150fb6b1d0aa.png"}, "point": 108313}, {"user": {"uid": 85, "userid": 76, "name": "BratPfanne", "avatar": "https://cdn.discordapp.com/avatars/280066593428340739/935c5dc2cac4ab6850284f71bacf7134.png"}, "point": 88549}, {"user": {"uid": 46, "userid": 44, "name": "Linus14_trucker", "avatar": "https://cdn.discordapp.com/avatars/973298563750719518/f8077addf056d9aaf51c748928a4a6d2.png"}, "point": 66865}, {"user": {"uid": 148, "userid": 145, "name": "weisserkreuzer", "avatar": "https://cdn.discordapp.com/avatars/303094283752308737/651be3b81b2b904cd1112f8501fd2e49.png"}, "point": 57831}, {"user": {"uid": 61, "userid": 75, "name": "\ud835\udd72\ud835\udd8d\ud835\udd94\ud835\udd98\ud835\udd99\ud835\udd95\ud835\udd86\ud835\udd9a\ud835\udd91\ud835\udd94\ud835\udd94", "avatar": "https://cdn.discordapp.com/avatars/964420212864741376/e8283a2f908472c913999fda7149c790.png"}, "point": 53360}, {"user": {"uid": 342, "userid": 279, "name": "Nadine97", "avatar": "https://static.truckersmp.com/avatarsN/5464335.1715126595.jpg"}, "point": 52273}, {"user": {"uid": 12, "userid": 10, "name": "Tchabalala/Axel", "avatar": "https://cdn.discordapp.com/avatars/336794680454938624/c949fc0ae2a0b67356a833b7f2dfb640.png"}, "point": 45954}, {"user": {"uid": 18, "userid": 16, "name": "teufelsfrucht", "avatar": "https://static.truckersmp.com/avatarsN/4047213.1699434878.png"}, "point": 44490}, {"user": {"uid": 325, "userid": 265, "name": "[GER] S\u00e4\u00e4m", "avatar": "https://static.truckersmp.com/avatarsN/2524791.1714481709.jpg"}, "point": 44264}, {"user": {"uid": 79, "userid": 68, "name": "kevinnartor", "avatar": "https://cdn.discordapp.com/avatars/332536235765530624/7dd1743f062994a98d58768e967065da.png"}, "point": 43109}, {"user": {"uid": 272, "userid": 227, "name": "Pfindus", "avatar": "https://static.truckersmp.com/avatarsN/4311053.1710660288.png"}, "point": 43021}, {"user": {"uid": 295, "userid": 246, "name": "Tiberius", "avatar": "https://cdn.discordapp.com/avatars/305385843428950026/6c00ebb9bf00d5c68028e29af849b1ad.png"}, "point": 40961}, {"user": {"uid": 59, "userid": 48, "name": "Patrick", "avatar": "https://cdn.discordapp.com/avatars/408688712223031306/0cfcbf6ba2fb06d7f4ef39a9d5f8f496.png"}, "point": 39605}, {"user": {"uid": 68, "userid": 57, "name": "Anthonyaski", "avatar": "https://cdn.discordapp.com/avatars/334780188703588362/4af94601e420a28c570fce2b038e0b23.png"}, "point": 36192}, {"user": {"uid": 60, "userid": 50, "name": "Thareon", "avatar": "https://cdn.discordapp.com/avatars/701445278825316373/3b16d405b932144cdf8675ff795731f9.png"}, "point": 35792}, {"user": {"uid": 341, "userid": 278, "name": "Joschi83", "avatar": "https://cdn.discordapp.com/avatars/251453206599696384/41d5c1e1d5fbbbff3de8808bdd3805d1.png"}, "point": 33585}, {"user": {"uid": 326, "userid": 266, "name": "Kristalikk", "avatar": "https://cdn.discordapp.com/avatars/1113511202132344872/cba86fba8505f5202edd60b53bcf00d0.png"}, "point": 32995}, {"user": {"uid": 73, "userid": 65, "name": "Ersque", "avatar": "https://cdn.discordapp.com/avatars/219183521711915008/d8224c427b6d0b5f9a2b151734d67e76.png"}, "point": 32367}, {"user": {"uid": 92, "userid": 84, "name": "Corosion", "avatar": "https://cdn.discordapp.com/avatars/233911033859670016/d066a4ff18b288553ae04a47a1c59ed8.png"}, "point": 29781}, {"user": {"uid": 331, "userid": 271, "name": "--------L3ONB2A--------", "avatar": "https://cdn.discordapp.com/avatars/845376504811880479/79f897fadff29f94f13c3a304b1ca7db.png"}, "point": 27975}, {"user": {"uid": 329, "userid": 269, "name": "Vandros", "avatar": "https://cdn.discordapp.com/avatars/159231251960561664/74a01b7ba2d7d5bb76d61807fa3c69b6.png"}, "point": 26621}, {"user": {"uid": 205, "userid": 207, "name": "Taro Kun", "avatar": "https://cdn.discordapp.com/avatars/690602863499673660/10ac8850e6c3c5362c1dc110ef01d051.png"}, "point": 26553}, {"user": {"uid": 47, "userid": 40, "name": "Nerikan", "avatar": "https://cdn.discordapp.com/avatars/501777572112367638/93b7d985e53cc4f12b14f7394dda3e82.png"}, "point": 26263}, {"user": {"uid": 39, "userid": 34, "name": "[GER] Chrissy1968", "avatar": "https://static.truckersmp.com/avatarsN/defaultavatar.png"}, "point": 25352}, {"user": {"uid": 333, "userid": 272, "name": "[GER] KevBro", "avatar": "https://cdn.discordapp.com/avatars/399288507555905537/e802a2d7141709117c6d11115e7d25d9.png"}, "point": 24637}, {"user": {"uid": 93, "userid": 79, "name": "Starvin Marvin", "avatar": "https://cdn.discordapp.com/avatars/616564166379044893/597930cdaf15fb1a0044037d135a7ceb.png"}, "point": 24396}, {"user": {"uid": 213, "userid": 178, "name": "Matthias", "avatar": "https://cdn.discordapp.com/avatars/986724450647048212/ef0b2ff6aa97e9db1171cbaa6a78805c.png"}, "point": 24314}, {"user": {"uid": 269, "userid": 225, "name": "Lord_Kevo22", "avatar": "https://cdn.discordapp.com/avatars/705330452508049408/61c39c05ae5ed99170b76303b795d9c0.png"}, "point": 24012}, {"user": {"uid": 318, "userid": 259, "name": "Theusios", "avatar": "https://cdn.discordapp.com/avatars/294602089739452426/74d1468f7e577c89f2a37dbe4a8ec0fc.png"}, "point": 23777}, {"user": {"uid": 194, "userid": 188, "name": "[FLG] derMicha", "avatar": "https://cdn.discordapp.com/avatars/951482086072660018/6f6fb9e5f328bec8c769d872bed5109a.png"}, "point": 23646}, {"user": {"uid": 324, "userid": 264, "name": "IceDomi/Dominik", "avatar": "https://cdn.discordapp.com/avatars/333342159023636481/704fa67745d5f6252fb774a013c664b0.png"}, "point": 21779}, {"user": {"uid": 322, "userid": 262, "name": "999stormzy", "avatar": "https://cdn.discordapp.com/avatars/664568473690832917/39ccd6df525244d4fcd503d128557fb8.png"}, "point": 21418}, {"user": {"uid": 9, "userid": 5, "name": "Fast-rider", "avatar": "https://static.truckersmp.com/avatarsN/4041389.1709222265.png"}, "point": 20093}, {"user": {"uid": 309, "userid": 255, "name": "Guny69", "avatar": "https://static.truckersmp.com/avatarsN/3695120.1713478510.jpg"}, "point": 19858}, {"user": {"uid": 357, "userid": 288, "name": "LeonMT1", "avatar": "https://cdn.discordapp.com/avatars/945027825096884276/4d15ff8a959b721114aa1b2c8c68dad7.png"}, "point": 19570}, {"user": {"uid": 119, "userid": 105, "name": "annoxz", "avatar": "https://cdn.discordapp.com/avatars/584497248767967263/dc4e3f991aba525ca4839013723063de.png"}, "point": 19521}, {"user": {"uid": 117, "userid": 109, "name": "DerDampfer78", "avatar": "https://cdn.discordapp.com/avatars/324522906505707520/2584364ff258ba22916b1c0c369b0893.png"}, "point": 19511}, {"user": {"uid": 56, "userid": 42, "name": "Glaceon", "avatar": "https://cdn.discordapp.com/avatars/348428309018705930/f1b68bf1b8a5121559e1b782c8941327.png"}, "point": 17612}, {"user": {"uid": 118, "userid": 112, "name": "KartoffelsackAUT", "avatar": "https://cdn.discordapp.com/avatars/356200668513697803/b25e3d4366d3df16b93d5b8b49a98c24.png"}, "point": 17147}, {"user": {"uid": 51, "userid": 71, "name": "Joerg45701", "avatar": "https://static.truckersmp.com/avatarsN/defaultavatar.png"}, "point": 17095}, {"user": {"uid": 310, "userid": 253, "name": "Pascal", "avatar": "https://cdn.discordapp.com/avatars/677543668973830215/e67068b6cf29eb6aaa8ea1cdec299abe.png"}, "point": 15538}, {"user": {"uid": 266, "userid": 221, "name": "Pliegenfilz_xX", "avatar": ""}, "point": 14738}, {"user": {"uid": 13, "userid": 11, "name": "Dignity.", "avatar": "https://static.truckersmp.com/avatarsN/4603971.1714464337.jpg"}, "point": 14561}, {"user": {"uid": 347, "userid": 283, "name": "adi.", "avatar": "https://cdn.discordapp.com/avatars/399012716326420480/266d16ffbd3b509117ac0e12fab7413d.png"}, "point": 14541}, {"user": {"uid": 348, "userid": 284, "name": "Domco", "avatar": "https://cdn.discordapp.com/avatars/142061877336342529/c82ea6a79feb7ca9092dbc85f3329fa7.png"}, "point": 14512}, {"user": {"uid": 327, "userid": 267, "name": "Katzenverkauf", "avatar": "https://cdn.discordapp.com/avatars/464431767412015105/a_30a4847ddcc8de0e016307f4ab15fb3e.gif"}, "point": 13624}, {"user": {"uid": 78, "userid": 67, "name": "amugosch", "avatar": "https://cdn.discordapp.com/avatars/518693794372124672/5949205b8e72fb2bbec984f551835583.png"}, "point": 13008}, {"user": {"uid": 294, "userid": 244, "name": "Sn0wy", "avatar": "https://cdn.discordapp.com/avatars/205361723039809536/366bbf61d33f0faa432763e30d988d21.png"}, "point": 12172}, {"user": {"uid": 139, "userid": 127, "name": "SturmNudelLP (PC)", "avatar": "https://cdn.discordapp.com/avatars/686996505550258225/9fdc874a2ccce42bee7c48ef3ab9c80a.png"}, "point": 12065}, {"user": {"uid": 242, "userid": 199, "name": "DerErdMensch", "avatar": "https://static.truckersmp.com/avatarsN/1471308.1699747343.png"}, "point": 12052}, {"user": {"uid": 276, "userid": 230, "name": "BVG Joker", "avatar": "https://cdn.discordapp.com/avatars/632654863821439016/4aa4e3726e3edc2c26b9288cd0b0e1c5.png"}, "point": 11783}, {"user": {"uid": 130, "userid": 187, "name": "Peter235", "avatar": "https://static.truckersmp.com/avatarsN/defaultavatar.png"}, "point": 11457}, {"user": {"uid": 19, "userid": 17, "name": "Tim13", "avatar": "https://cdn.discordapp.com/avatars/932250744386617376/dba03c47053a9fb2a07ede96971bc97a.png"}, "point": 10796}, {"user": {"uid": 328, "userid": 268, "name": "PhantomGhost702", "avatar": "https://static.truckersmp.com/avatarsN/defaultavatar.png"}, "point": 10785}, {"user": {"uid": 10, "userid": 7, "name": "Michi.", "avatar": "https://cdn.discordapp.com/avatars/450646550998286336/cecb7757e1697a4ebde655c679ae60d1.png"}, "point": 10441}, {"user": {"uid": 91, "userid": 85, "name": "Chris94", "avatar": "https://cdn.discordapp.com/avatars/618891974765838336/d2fa711dddd045b14969332972ba64b3.png"}, "point": 10233}, {"user": {"uid": 21, "userid": 18, "name": "Gregory", "avatar": "https://cdn.discordapp.com/avatars/650421299323338762/dae0258c1a7c95a73bdcbd75db3db5d4.png"}, "point": 10121}, {"user": {"uid": 284, "userid": 236, "name": "Jxn-_-R", "avatar": "https://cdn.discordapp.com/avatars/523139889143742465/3db04443daf44dfb7c3a3db7e8765d00.png"}, "point": 9805}, {"user": {"uid": 278, "userid": 231, "name": "Euroachi", "avatar": "https://cdn.discordapp.com/avatars/1054431223541399562/b2fb77788b7cb88d88699ed50b0e7bc6.png"}, "point": 9597}, {"user": {"uid": 337, "userid": 274, "name": "Salz", "avatar": "https://cdn.discordapp.com/avatars/1211696428683108392/7995a0911756663eb752054658c3962b.png"}, "point": 8652}, {"user": {"uid": 275, "userid": 229, "name": "ByEnderman_HD", "avatar": "https://cdn.discordapp.com/avatars/664529284043636767/6b9fb4edd1d2c073428b956ede3c7228.png"}, "point": 8599}, {"user": {"uid": 38, "userid": 33, "name": "[FLG] derDome", "avatar": "https://cdn.discordapp.com/avatars/847551771249344564/0ae2aee9871db467f88aa78addecffa6.png"}, "point": 8583}, {"user": {"uid": 70, "userid": 58, "name": "xXTessiXx", "avatar": "https://cdn.discordapp.com/avatars/463730546108006400/7b616d2dad0e5011ae25684dd50d1a91.png"}, "point": 8495}, {"user": {"uid": 157, "userid": 141, "name": "DerBackfisch", "avatar": "https://cdn.discordapp.com/avatars/838683261244407809/d68e387a0a32db692a5d95100b7bb919.png"}, "point": 8267}, {"user": {"uid": 196, "userid": 170, "name": "noah", "avatar": "https://cdn.discordapp.com/avatars/551872292221747204/6dc460b0d4fbe2a3dbbc6e5755fbb5e5.png"}, "point": 8017}, {"user": {"uid": 124, "userid": 113, "name": "Terrase", "avatar": "https://cdn.discordapp.com/avatars/625396497911119882/364fbbd9cf4c0c505f8784af01f4dc2e.png"}, "point": 7532}, {"user": {"uid": 105, "userid": 98, "name": "Naskart", "avatar": "https://cdn.discordapp.com/avatars/518544585589522441/cfb88cf936e974ac5475a7d8666ec4c2.png"}, "point": 7463}, {"user": {"uid": 359, "userid": 291, "name": "Bazillus", "avatar": "https://cdn.discordapp.com/avatars/996770901431418880/225f13a017023efcfa14e5ccebbfcc4b.png"}, "point": 7362}, {"user": {"uid": 90, "userid": 92, "name": "Truck Driver(GER)", "avatar": "https://cdn.discordapp.com/avatars/697753575450738759/7fd627982dc1053d0feca23ee052e524.png"}, "point": 7331}, {"user": {"uid": 344, "userid": 280, "name": "Jestful", "avatar": "https://cdn.discordapp.com/avatars/633121275430174762/1a5cd468e1dce02e330bcf3bc075a75e.png"}, "point": 7176}, {"user": {"uid": 360, "userid": 292, "name": "Mace1050HD", "avatar": "https://cdn.discordapp.com/avatars/682971554728247310/e8a62e512a31f5aa3517a8eb0bf1ba26.png"}, "point": 6857}, {"user": {"uid": 141, "userid": 196, "name": "MAX294", "avatar": "https://cdn.discordapp.com/avatars/488323894831349760/f0ffd3875b74459d0656375b17aa0e6d.png"}, "point": 6717}, {"user": {"uid": 361, "userid": 293, "name": "LastSolution", "avatar": "https://static.truckersmp.com/avatarsN/defaultavatar.png"}, "point": 6472}, {"user": {"uid": 316, "userid": 256, "name": "TheRedFox3D", "avatar": "https://cdn.discordapp.com/avatars/424908259397468161/a_a56e6550cf624d0dc25a91a73f9b8f16.gif"}, "point": 6402}, {"user": {"uid": 133, "userid": 121, "name": "FerdeAndy", "avatar": "https://static.truckersmp.com/avatarsN/defaultavatar.png"}, "point": 6211}, {"user": {"uid": 306, "userid": 250, "name": "leon_der_truckspotter", "avatar": "https://static.truckersmp.com/avatarsN/defaultavatar.png"}, "point": 6037}, {"user": {"uid": 282, "userid": 235, "name": "cyberstorm", "avatar": ""}, "point": 5893}, {"user": {"uid": 27, "userid": 24, "name": "theredmachine", "avatar": "https://static.truckersmp.com/avatarsN/3462295.1710611272.png"}, "point": 5811}, {"user": {"uid": 172, "userid": 151, "name": "Jack Hodgins", "avatar": "https://cdn.discordapp.com/avatars/826723576928272385/02b5821703017d0c5c78d23394e5af33.png"}, "point": 5803}, {"user": {"uid": 121, "userid": 108, "name": "Maxl931", "avatar": "https://cdn.discordapp.com/avatars/663414831239528468/319a0b0939774c10d6c0b6c9d711393c.png"}, "point": 5699}, {"user": {"uid": 1, "userid": 1, "name": "Feyfar", "avatar": "https://cdn.discordapp.com/avatars/513424125239230466/437606888512e6a7a2d19e1b5bea1a73.png"}, "point": 5579}, {"user": {"uid": 143, "userid": 128, "name": "SchnellerFuchs", "avatar": "https://static.truckersmp.com/avatarsN/1121622.1706114410.png"}, "point": 5331}, {"user": {"uid": 346, "userid": 282, "name": "GenghisKhan", "avatar": "https://cdn.discordapp.com/avatars/814193337380765816/7a1a966d9c8b8c381234c737a4043a61.png"}, "point": 4999}, {"user": {"uid": 198, "userid": 172, "name": "Just-in-Time", "avatar": "https://cdn.discordapp.com/avatars/305770257576886272/4fed1f17f230110efe229fd280e1045a.png"}, "point": 4794}, {"user": {"uid": 26, "userid": 23, "name": "sneakyypython", "avatar": "https://cdn.discordapp.com/avatars/358364284834545665/53da365e6ddc9f1b59064dc8035214e6.png"}, "point": 4634}, {"user": {"uid": 345, "userid": 281, "name": "SpeiRox_", "avatar": "https://cdn.discordapp.com/avatars/369461490245435413/53214599eee34fad85857ade045531b1.png"}, "point": 4372}, {"user": {"uid": 176, "userid": 157, "name": "Identity", "avatar": "https://cdn.discordapp.com/avatars/383724197744214016/092d4968871fb432b7129173b5c1dc78.png"}, "point": 4206}, {"user": {"uid": 288, "userid": 240, "name": "Dark_Leon184", "avatar": "https://cdn.discordapp.com/avatars/977581665675259955/facb6115d9fe87fca318e2a719ddf463.png"}, "point": 4147}, {"user": {"uid": 138, "userid": 126, "name": "Luide2023", "avatar": ""}, "point": 4120}, {"user": {"uid": 323, "userid": 263, "name": "Meijixx", "avatar": "https://static.truckersmp.com/avatarsN/defaultavatar.png"}, "point": 4119}, {"user": {"uid": 50, "userid": 41, "name": "Schnitzel.", "avatar": "https://cdn.discordapp.com/avatars/690570896557211658/ae7d3f32a78a923191f8d72c0cf40ce3.png"}, "point": 4108}, {"user": {"uid": 179, "userid": 162, "name": "Skyalaxie [FR]", "avatar": "https://cdn.discordapp.com/avatars/745338825294741504/ce9c592bd4bc20b42106fc4630b95e72.png"}, "point": 4076}, {"user": {"uid": 84, "userid": 77, "name": "mike", "avatar": "https://cdn.discordapp.com/avatars/1112276488386003034/88820a5194ff058d02d7951c6534b5c8.png"}, "point": 4022}, {"user": {"uid": 218, "userid": 182, "name": "Daniel.Heilfuchs", "avatar": "https://cdn.discordapp.com/avatars/428233861684527105/a_4225a1d0c6f8ed2ae9976eb386ca8770.gif"}, "point": 4006}, {"user": {"uid": 44, "userid": 37, "name": "Chaz", "avatar": "https://cdn.discordapp.com/avatars/195616243791691777/736984f2893effafb372b7ba85767067.png"}, "point": 3769}, {"user": {"uid": 83, "userid": 96, "name": "xXNadjaXx", "avatar": "https://static.truckersmp.com/avatarsN/defaultavatar.png"}, "point": 3688}, {"user": {"uid": 24, "userid": 21, "name": "Flows\u00a9", "avatar": "https://cdn.discordapp.com/avatars/267701831025688576/1e8d5e85c6b6bba0997e96ebb0a79f9d.png"}, "point": 3680}, {"user": {"uid": 150, "userid": 133, "name": "DerObtimist", "avatar": "https://cdn.discordapp.com/avatars/1141083458400161923/a1bd4e6ce2927f2a18372a3aebdf78cf.png"}, "point": 3555}, {"user": {"uid": 52, "userid": 83, "name": "einBulldog", "avatar": "https://cdn.discordapp.com/avatars/709137463179870340/93686299097cbd934e49af0c878dcb25.png"}, "point": 3553}, {"user": {"uid": 54, "userid": 52, "name": "Fleiing", "avatar": "https://cdn.discordapp.com/avatars/893916261011054612/18cfd8b3c9b3852ca32a9741050ab87c.png"}, "point": 3548}, {"user": {"uid": 336, "userid": 275, "name": "Spitzy", "avatar": "https://cdn.discordapp.com/avatars/1147502090843852990/06c37c46495547505740875f1d626fac.png"}, "point": 3438}, {"user": {"uid": 74, "userid": 66, "name": "Kucki122", "avatar": "https://cdn.discordapp.com/avatars/980522557365157938/bb19a21068e5e3d9d8c349e066d33d6e.png"}, "point": 3406}, {"user": {"uid": 363, "userid": 295, "name": "Xalesch | Markus", "avatar": "https://cdn.discordapp.com/avatars/377511634651840523/a_22f8ff0f0d4ebec56ad259f43f6721b5.gif"}, "point": 3257}, {"user": {"uid": 287, "userid": 239, "name": "@06.Jerome", "avatar": "https://cdn.discordapp.com/avatars/1141772672758452284/55b5167c43a78509ad94d007adb781e4.png"}, "point": 2936}, {"user": {"uid": 140, "userid": 129, "name": "Bechelor|Hallp", "avatar": "https://cdn.discordapp.com/avatars/692741281381875794/f63a5f2731b40367daf298b1bab2fe5f.png"}, "point": 2812}, {"user": {"uid": 123, "userid": 111, "name": "1806alex", "avatar": "https://cdn.discordapp.com/avatars/433634921274277923/fbfc635d097a9736d8f3ace25ed11857.png"}, "point": 2807}, {"user": {"uid": 55, "userid": 49, "name": "teufel-junior", "avatar": "https://static.truckersmp.com/avatarsN/4966286.1704737379.png"}, "point": 2774}, {"user": {"uid": 31, "userid": 36, "name": "Tedpli", "avatar": "https://cdn.discordapp.com/avatars/501065020088647690/37ac2db1efd93758a8680c6c9ce7abc8.png"}, "point": 2764}, {"user": {"uid": 173, "userid": 153, "name": "Pappfisch", "avatar": "https://cdn.discordapp.com/avatars/614095913098674207/76fe38dfc900216a2db47c0e4bb3afe6.png"}, "point": 2739}, {"user": {"uid": 49, "userid": 46, "name": "Franco", "avatar": "https://cdn.discordapp.com/avatars/750020969627648080/db9ed3f719bb8de3d0445103e7b45457.png"}, "point": 2639}, {"user": {"uid": 330, "userid": 270, "name": "StarLord_cb", "avatar": "https://cdn.discordapp.com/avatars/513421907123503105/c71420b1b0c2a5f4b723afc4918597fe.png"}, "point": 2621}, {"user": {"uid": 367, "userid": 301, "name": "DarkKryo", "avatar": "https://cdn.discordapp.com/avatars/508065925111742504/d0c7f5f54aecff802e63e225c8743919.png"}, "point": 2421}, {"user": {"uid": 239, "userid": 212, "name": "[FLG] Martin", "avatar": "https://cdn.discordapp.com/avatars/983797646219178004/eeb3d1c948b12e0140cc622748e0dc8a.png"}, "point": 2328}, {"user": {"uid": 366, "userid": 299, "name": "Kosmos", "avatar": "https://cdn.discordapp.com/avatars/383434886750404608/623fe0e8675f2b9f0cb314c5c84372dc.png"}, "point": 2270}, {"user": {"uid": 338, "userid": 277, "name": "Anzusz5", "avatar": "https://cdn.discordapp.com/avatars/1141070153874935870/4cccfc4553de4675b25ab253ce9c676c.png"}, "point": 2266}, {"user": {"uid": 165, "userid": 146, "name": "Felix", "avatar": "https://cdn.discordapp.com/avatars/1108807886932541571/None.png"}, "point": 2193}, {"user": {"uid": 271, "userid": 226, "name": "HUNDabc", "avatar": "https://cdn.discordapp.com/avatars/1217559937761415349/5cd1c0be937399ad7c92aad2cdf437ab.png"}, "point": 2165}, {"user": {"uid": 106, "userid": 106, "name": "Melvin", "avatar": "https://cdn.discordapp.com/avatars/228563858472697857/ba3b12c379a57943b2918174b352b8d3.png"}, "point": 2148}, {"user": {"uid": 307, "userid": 251, "name": "julex_07", "avatar": "https://cdn.discordapp.com/avatars/878671512801009684/b8b0cc1e4da62e31f9c17e52a1054f8b.png"}, "point": 2051}, {"user": {"uid": 17, "userid": 15, "name": "Henrix [GER/SWE]", "avatar": "https://cdn.discordapp.com/avatars/445963051842273290/bf82a52a3a101f2b795f8baa92feecbf.png"}, "point": 1989}, {"user": {"uid": 122, "userid": 110, "name": "[FLG] Eichelh\u00f6rnchen/Julian", "avatar": "https://cdn.discordapp.com/avatars/373870026651860992/43b57e30d35962bcf5006380a8ed554b.png"}, "point": 1975}, {"user": {"uid": 58, "userid": 45, "name": "Knirpsi", "avatar": "https://cdn.discordapp.com/avatars/680795972275666957/83cbd46025e4c642396e78b1fb4a60d0.png"}, "point": 1836}, {"user": {"uid": 87, "userid": 90, "name": "Carolus", "avatar": "https://cdn.discordapp.com/avatars/1018500971095142471/7020d4b60e743ddab1f546f20958df7e.png"}, "point": 1742}, {"user": {"uid": 350, "userid": 285, "name": "Domenic", "avatar": "https://cdn.discordapp.com/avatars/611485672917827606/8f02eb30ddc54822c837832cc21f94a4.png"}, "point": 1732}, {"user": {"uid": 171, "userid": 152, "name": "nooby__1337", "avatar": "https://cdn.discordapp.com/avatars/323131410154258432/2f118a9e44ee4e5c4745be5aefb3e9d5.png"}, "point": 1727}, {"user": {"uid": 252, "userid": 205, "name": "Wutan Fall", "avatar": "https://cdn.discordapp.com/avatars/204296481715388426/eb0c97b37333a5aef73f6cd7875bc750.png"}, "point": 1714}, {"user": {"uid": 265, "userid": 220, "name": "Rex9845", "avatar": "https://cdn.discordapp.com/avatars/1052645528032264233/42d06d5fedd4a543cf490ec80c26af36.png"}, "point": 1629}, {"user": {"uid": 203, "userid": 173, "name": "tobiii.", "avatar": "https://cdn.discordapp.com/avatars/231897760406831105/5c1d3b42de02d1acdfa3146a26e770f2.png"}, "point": 1586}, {"user": {"uid": 75, "userid": 59, "name": "Storm05_", "avatar": "https://cdn.discordapp.com/avatars/206094648236572672/8e00adf8bda4a32ef10eccef3d46830c.png"}, "point": 1469}, {"user": {"uid": 77, "userid": 64, "name": "ossikralle91", "avatar": "https://cdn.discordapp.com/avatars/174228229341577216/f6ce32d40a58b95cefa47ce3e939a8b4.png"}, "point": 1442}, {"user": {"uid": 354, "userid": 289, "name": "Feuertommi", "avatar": "https://cdn.discordapp.com/avatars/250027105562263553/c10fa9cf893060beb093bb51899d7a71.png"}, "point": 1347}, {"user": {"uid": 317, "userid": 257, "name": "TheSwissPlays", "avatar": "https://cdn.discordapp.com/avatars/797800749315784704/cdb29aa483d02c15c349960633677ad1.png"}, "point": 1298}, {"user": {"uid": 53, "userid": 47, "name": "SkyJumper08\u2020", "avatar": "https://cdn.discordapp.com/avatars/670916023657955328/a_b8f7c6f351315d7b6496cfe796af4b58.gif"}, "point": 1287}, {"user": {"uid": 365, "userid": 298, "name": "Dreimling", "avatar": "https://cdn.discordapp.com/avatars/417779260309372928/67d53e0094079910420be27159fe1747.png"}, "point": 1260}, {"user": {"uid": 230, "userid": 190, "name": "TheUnknown \u30c4", "avatar": "https://cdn.discordapp.com/avatars/582105777251024897/681532470693875d0b4cf668a28bb571.png"}, "point": 1181}, {"user": {"uid": 197, "userid": 169, "name": "Wassermelofant", "avatar": "https://cdn.discordapp.com/avatars/288753470234689538/8fb64a8e263aba5a05eda07214a453dc.png"}, "point": 1146}, {"user": {"uid": 137, "userid": 125, "name": "\u2133\ud835\udcb6\ud835\udccd", "avatar": "https://cdn.discordapp.com/avatars/1058224503685140540/a_247f78c2288264c1e3f5ddb462017cfc.gif"}, "point": 1128}, {"user": {"uid": 125, "userid": 114, "name": "Best_Offline", "avatar": "https://cdn.discordapp.com/avatars/427147191614963713/f4fd038e7c2d396fd8754d2b0bf2510e.png"}, "point": 1125}, {"user": {"uid": 4, "userid": 3, "name": "KamikazeFlo", "avatar": "https://static.truckersmp.com/avatarsN/1855094.1645649823.png"}, "point": 1122}, {"user": {"uid": 168, "userid": 148, "name": "lachs", "avatar": "https://cdn.discordapp.com/avatars/567677822085234688/d8f503f9cdfe5741ac4c46b50ebaf69a.png"}, "point": 997}, {"user": {"uid": 156, "userid": 138, "name": "Micha/Torkelino", "avatar": "https://cdn.discordapp.com/avatars/374493456862543874/428d0ad191b50ec1b174b4421fd2dcc2.png"}, "point": 957}, {"user": {"uid": 114, "userid": 101, "name": "Julius", "avatar": "https://cdn.discordapp.com/avatars/438789396045758474/16ce72bc46b0c2f154b7580792284d0d.png"}, "point": 950}, {"user": {"uid": 65, "userid": 234, "name": "MarkusLooft", "avatar": "https://cdn.discordapp.com/avatars/693807523031023678/39b531e683fa0fa0446204e783f00820.png"}, "point": 936}, {"user": {"uid": 110, "userid": 99, "name": "Bathorio", "avatar": "https://cdn.discordapp.com/avatars/679475997816651860/4d6f1d77443ed5aab2fb64e01b4ff7f6.png"}, "point": 844}, {"user": {"uid": 57, "userid": 43, "name": "supriMx", "avatar": "https://cdn.discordapp.com/avatars/751470193699455056/98cd545e0af002cc3108d6fa276083ab.png"}, "point": 835}, {"user": {"uid": 147, "userid": 132, "name": "MisterMaster", "avatar": "https://cdn.discordapp.com/avatars/1059889752918216834/172c1da2f0cee42be94d6977a70786a6.png"}, "point": 834}, {"user": {"uid": 185, "userid": 159, "name": "Dr.Schrotty", "avatar": "https://cdn.discordapp.com/avatars/230695604274069504/7eda972dc3c3dd4bdcfa4d76e9b0ca2e.png"}, "point": 832}, {"user": {"uid": 67, "userid": 62, "name": "[GER] Flozockt", "avatar": "https://cdn.discordapp.com/avatars/293430302498357248/98f01680a69d817ba90d47a82e8bba5f.png"}, "point": 806}, {"user": {"uid": 206, "userid": 175, "name": "Kurtchen", "avatar": "https://cdn.discordapp.com/avatars/239461951170674690/7025368faf4c870bb0a3a76f63f0874f.png"}, "point": 779}, {"user": {"uid": 286, "userid": 238, "name": "Cortain", "avatar": "https://cdn.discordapp.com/avatars/264756755932774400/b92bddec4543c8b93a6922a31c7f40e4.png"}, "point": 773}, {"user": {"uid": 69, "userid": 63, "name": "M4rk4yy", "avatar": "https://static.truckersmp.com/avatarsN/1878609.1697918343.png"}, "point": 768}, {"user": {"uid": 80, "userid": 73, "name": "yasinabi1_", "avatar": ""}, "point": 768}, {"user": {"uid": 364, "userid": 296, "name": "NxT_LvL2", "avatar": "https://cdn.discordapp.com/avatars/656217741119717406/cafc237b9b4d434338695acab1b0e945.png"}, "point": 720}, {"user": {"uid": 132, "userid": 120, "name": "Lagarto [GER]", "avatar": "https://cdn.discordapp.com/avatars/450047218272174090/a_bcc9b68f947fa72a038fbdd4acf09dfa.gif"}, "point": 681}, {"user": {"uid": 267, "userid": 224, "name": "\u300c\u2aa8\u0374\u0374\u073c\u203d\u2503\ud835\udc16\u0665\u209a\u209a\u2148\ud835\udfe6\ud835\udfe6\u2503\u203d\u073c\u0374\u0374\u2aa9\u300d", "avatar": "https://cdn.discordapp.com/avatars/990678789241569320/be4347918ce95d99d14a5448430f55d1.png"}, "point": 580}, {"user": {"uid": 169, "userid": 216, "name": "Homer", "avatar": "https://cdn.discordapp.com/avatars/1002149450724159489/d0ab50d2c567f1f0bf2bf1b466ddd521.png"}, "point": 562}, {"user": {"uid": 238, "userid": 194, "name": "Tomsa", "avatar": "https://cdn.discordapp.com/avatars/626488024850628691/fc01298a60d20a9e244093488294bea5.png"}, "point": 543}, {"user": {"uid": 199, "userid": 185, "name": "Silica Karun", "avatar": "https://cdn.discordapp.com/avatars/1007238293844414485/079f1c62caf0da0b3896a4cdf474c896.png"}, "point": 533}, {"user": {"uid": 142, "userid": 130, "name": "PixelXplorer", "avatar": "https://cdn.discordapp.com/avatars/337590936781455360/b26cac88eda174a820df9ff1be3ca36d.png"}, "point": 522}, {"user": {"uid": 211, "userid": 177, "name": "BlackJack | Maxi", "avatar": "https://cdn.discordapp.com/avatars/530031383007985665/7b116a150f08efd387c2608c8230ada7.png"}, "point": 449}, {"user": {"uid": 186, "userid": 161, "name": "Paul", "avatar": "https://cdn.discordapp.com/avatars/346709628056371202/def57e8d45cac1f14a107ae78171315e.png"}, "point": 377}, {"user": {"uid": 234, "userid": 193, "name": "Florian", "avatar": "https://cdn.discordapp.com/avatars/261565331913441282/79e76ce3bca3ef15651a0fc226772d93.png"}, "point": 377}, {"user": {"uid": 108, "userid": 107, "name": "DarkDemon", "avatar": "https://cdn.discordapp.com/avatars/634094411499962368/17960d661c0077d8756fa6d59cbd8a35.png"}, "point": 344}, {"user": {"uid": 42, "userid": 35, "name": "realMadDog", "avatar": "https://cdn.discordapp.com/avatars/622527094588571649/ebb9db177207c71efcfa48bb92f364a9.png"}, "point": 288}, {"user": {"uid": 210, "userid": 181, "name": "OmsiFlorian", "avatar": "https://cdn.discordapp.com/avatars/960602310919225366/bee7df8447fc144bedd7cd8f60937f64.png"}, "point": 282}, {"user": {"uid": 25, "userid": 22, "name": "IceTea2603", "avatar": "https://cdn.discordapp.com/avatars/776556329963749449/0148bf32bf7371c32ef11a991bb45ddd.png"}, "point": 272}, {"user": {"uid": 163, "userid": 144, "name": "Greifswalder [DE]", "avatar": "https://static.truckersmp.com/avatarsN/302455.1544957087.gif"}, "point": 226}, {"user": {"uid": 102, "userid": 94, "name": "FivederBayer", "avatar": "https://cdn.discordapp.com/avatars/739478235623981097/082efe8aa4fb97c375017d07867fe8c9.png"}, "point": 192}, {"user": {"uid": 8, "userid": 6, "name": "Kluner123", "avatar": "https://cdn.discordapp.com/avatars/342304860450062337/a29e6a6c3365a87119c10bb7d4a075c8.png"}, "point": 162}, {"user": {"uid": 291, "userid": 243, "name": "Javeex", "avatar": "https://cdn.discordapp.com/avatars/449671195273723904/427071cca810a0126f3f0331a5c7db1e.png"}, "point": 154}, {"user": {"uid": 159, "userid": 142, "name": "FlorianMeixner", "avatar": "https://static.truckersmp.com/avatarsN/2384998.1706452577.png"}, "point": 17}, {"user": {"uid": 154, "userid": 137, "name": "gamezocker300", "avatar": "https://cdn.discordapp.com/avatars/571059962831437860/3e7f16a5afefd61b70d4bf5711255b89.png"}, "point": 2}], "fma": [{"user": {"uid": 36, "userid": 82, "name": "SchakalGER", "avatar": "https://cdn.discordapp.com/avatars/328243784703803413/0815cbf6b00e890a8030cd7d0042d596.png"}, "point": 136908}, {"user": {"uid": 71, "userid": 60, "name": "geronimo8815", "avatar": "https://static.truckersmp.com/avatarsN/5294261.1711913743.png"}, "point": 131204}, {"user": {"uid": 43, "userid": 31, "name": "[GER]Christian", "avatar": "https://static.truckersmp.com/avatarsN/196694.1705792859.png"}, "point": 130614}, {"user": {"uid": 152, "userid": 135, "name": "manu7432", "avatar": "https://cdn.discordapp.com/avatars/1024735246249373777/2d7e240ada7e8d3f41e4150fb6b1d0aa.png"}, "point": 130419}, {"user": {"uid": 85, "userid": 76, "name": "BratPfanne", "avatar": "https://cdn.discordapp.com/avatars/280066593428340739/935c5dc2cac4ab6850284f71bacf7134.png"}, "point": 94215}, {"user": {"uid": 46, "userid": 44, "name": "Linus14_trucker", "avatar": "https://cdn.discordapp.com/avatars/973298563750719518/f8077addf056d9aaf51c748928a4a6d2.png"}, "point": 88173}, {"user": {"uid": 61, "userid": 75, "name": "\ud835\udd72\ud835\udd8d\ud835\udd94\ud835\udd98\ud835\udd99\ud835\udd95\ud835\udd86\ud835\udd9a\ud835\udd91\ud835\udd94\ud835\udd94", "avatar": "https://cdn.discordapp.com/avatars/964420212864741376/e8283a2f908472c913999fda7149c790.png"}, "point": 77271}, {"user": {"uid": 18, "userid": 16, "name": "teufelsfrucht", "avatar": "https://static.truckersmp.com/avatarsN/4047213.1699434878.png"}, "point": 73599}, {"user": {"uid": 59, "userid": 48, "name": "Patrick", "avatar": "https://cdn.discordapp.com/avatars/408688712223031306/0cfcbf6ba2fb06d7f4ef39a9d5f8f496.png"}, "point": 65680}, {"user": {"uid": 12, "userid": 10, "name": "Tchabalala/Axel", "avatar": "https://cdn.discordapp.com/avatars/336794680454938624/c949fc0ae2a0b67356a833b7f2dfb640.png"}, "point": 59734}, {"user": {"uid": 272, "userid": 227, "name": "Pfindus", "avatar": "https://static.truckersmp.com/avatarsN/4311053.1710660288.png"}, "point": 59240}, {"user": {"uid": 148, "userid": 145, "name": "weisserkreuzer", "avatar": "https://cdn.discordapp.com/avatars/303094283752308737/651be3b81b2b904cd1112f8501fd2e49.png"}, "point": 57831}, {"user": {"uid": 47, "userid": 40, "name": "Nerikan", "avatar": "https://cdn.discordapp.com/avatars/501777572112367638/93b7d985e53cc4f12b14f7394dda3e82.png"}, "point": 55155}, {"user": {"uid": 325, "userid": 265, "name": "[GER] S\u00e4\u00e4m", "avatar": "https://static.truckersmp.com/avatarsN/2524791.1714481709.jpg"}, "point": 53726}, {"user": {"uid": 342, "userid": 279, "name": "Nadine97", "avatar": "https://static.truckersmp.com/avatarsN/5464335.1715126595.jpg"}, "point": 52273}, {"user": {"uid": 295, "userid": 246, "name": "Tiberius", "avatar": "https://cdn.discordapp.com/avatars/305385843428950026/6c00ebb9bf00d5c68028e29af849b1ad.png"}, "point": 51841}, {"user": {"uid": 79, "userid": 68, "name": "kevinnartor", "avatar": "https://cdn.discordapp.com/avatars/332536235765530624/7dd1743f062994a98d58768e967065da.png"}, "point": 43109}, {"user": {"uid": 68, "userid": 57, "name": "Anthonyaski", "avatar": "https://cdn.discordapp.com/avatars/334780188703588362/4af94601e420a28c570fce2b038e0b23.png"}, "point": 39740}, {"user": {"uid": 326, "userid": 266, "name": "Kristalikk", "avatar": "https://cdn.discordapp.com/avatars/1113511202132344872/cba86fba8505f5202edd60b53bcf00d0.png"}, "point": 39221}, {"user": {"uid": 60, "userid": 50, "name": "Thareon", "avatar": "https://cdn.discordapp.com/avatars/701445278825316373/3b16d405b932144cdf8675ff795731f9.png"}, "point": 36899}, {"user": {"uid": 341, "userid": 278, "name": "Joschi83", "avatar": "https://cdn.discordapp.com/avatars/251453206599696384/41d5c1e1d5fbbbff3de8808bdd3805d1.png"}, "point": 33585}, {"user": {"uid": 73, "userid": 65, "name": "Ersque", "avatar": "https://cdn.discordapp.com/avatars/219183521711915008/d8224c427b6d0b5f9a2b151734d67e76.png"}, "point": 32367}, {"user": {"uid": 333, "userid": 272, "name": "[GER] KevBro", "avatar": "https://cdn.discordapp.com/avatars/399288507555905537/e802a2d7141709117c6d11115e7d25d9.png"}, "point": 30217}, {"user": {"uid": 92, "userid": 84, "name": "Corosion", "avatar": "https://cdn.discordapp.com/avatars/233911033859670016/d066a4ff18b288553ae04a47a1c59ed8.png"}, "point": 29781}, {"user": {"uid": 194, "userid": 188, "name": "[FLG] derMicha", "avatar": "https://cdn.discordapp.com/avatars/951482086072660018/6f6fb9e5f328bec8c769d872bed5109a.png"}, "point": 28285}, {"user": {"uid": 331, "userid": 271, "name": "--------L3ONB2A--------", "avatar": "https://cdn.discordapp.com/avatars/845376504811880479/79f897fadff29f94f13c3a304b1ca7db.png"}, "point": 27975}, {"user": {"uid": 329, "userid": 269, "name": "Vandros", "avatar": "https://cdn.discordapp.com/avatars/159231251960561664/74a01b7ba2d7d5bb76d61807fa3c69b6.png"}, "point": 26621}, {"user": {"uid": 205, "userid": 207, "name": "Taro Kun", "avatar": "https://cdn.discordapp.com/avatars/690602863499673660/10ac8850e6c3c5362c1dc110ef01d051.png"}, "point": 26553}, {"user": {"uid": 269, "userid": 225, "name": "Lord_Kevo22", "avatar": "https://cdn.discordapp.com/avatars/705330452508049408/61c39c05ae5ed99170b76303b795d9c0.png"}, "point": 26155}, {"user": {"uid": 39, "userid": 34, "name": "[GER] Chrissy1968", "avatar": "https://static.truckersmp.com/avatarsN/defaultavatar.png"}, "point": 26055}, {"user": {"uid": 93, "userid": 79, "name": "Starvin Marvin", "avatar": "https://cdn.discordapp.com/avatars/616564166379044893/597930cdaf15fb1a0044037d135a7ceb.png"}, "point": 24396}, {"user": {"uid": 213, "userid": 178, "name": "Matthias", "avatar": "https://cdn.discordapp.com/avatars/986724450647048212/ef0b2ff6aa97e9db1171cbaa6a78805c.png"}, "point": 24314}, {"user": {"uid": 324, "userid": 264, "name": "IceDomi/Dominik", "avatar": "https://cdn.discordapp.com/avatars/333342159023636481/704fa67745d5f6252fb774a013c664b0.png"}, "point": 23859}, {"user": {"uid": 318, "userid": 259, "name": "Theusios", "avatar": "https://cdn.discordapp.com/avatars/294602089739452426/74d1468f7e577c89f2a37dbe4a8ec0fc.png"}, "point": 23777}, {"user": {"uid": 56, "userid": 42, "name": "Glaceon", "avatar": "https://cdn.discordapp.com/avatars/348428309018705930/f1b68bf1b8a5121559e1b782c8941327.png"}, "point": 22058}, {"user": {"uid": 322, "userid": 262, "name": "999stormzy", "avatar": "https://cdn.discordapp.com/avatars/664568473690832917/39ccd6df525244d4fcd503d128557fb8.png"}, "point": 21418}, {"user": {"uid": 13, "userid": 11, "name": "Dignity.", "avatar": "https://static.truckersmp.com/avatarsN/4603971.1714464337.jpg"}, "point": 21134}, {"user": {"uid": 9, "userid": 5, "name": "Fast-rider", "avatar": "https://static.truckersmp.com/avatarsN/4041389.1709222265.png"}, "point": 20093}, {"user": {"uid": 309, "userid": 255, "name": "Guny69", "avatar": "https://static.truckersmp.com/avatarsN/3695120.1713478510.jpg"}, "point": 19858}, {"user": {"uid": 357, "userid": 288, "name": "LeonMT1", "avatar": "https://cdn.discordapp.com/avatars/945027825096884276/4d15ff8a959b721114aa1b2c8c68dad7.png"}, "point": 19570}, {"user": {"uid": 119, "userid": 105, "name": "annoxz", "avatar": "https://cdn.discordapp.com/avatars/584497248767967263/dc4e3f991aba525ca4839013723063de.png"}, "point": 19521}, {"user": {"uid": 117, "userid": 109, "name": "DerDampfer78", "avatar": "https://cdn.discordapp.com/avatars/324522906505707520/2584364ff258ba22916b1c0c369b0893.png"}, "point": 19511}, {"user": {"uid": 310, "userid": 253, "name": "Pascal", "avatar": "https://cdn.discordapp.com/avatars/677543668973830215/e67068b6cf29eb6aaa8ea1cdec299abe.png"}, "point": 19304}, {"user": {"uid": 21, "userid": 18, "name": "Gregory", "avatar": "https://cdn.discordapp.com/avatars/650421299323338762/dae0258c1a7c95a73bdcbd75db3db5d4.png"}, "point": 17194}, {"user": {"uid": 118, "userid": 112, "name": "KartoffelsackAUT", "avatar": "https://cdn.discordapp.com/avatars/356200668513697803/b25e3d4366d3df16b93d5b8b49a98c24.png"}, "point": 17147}, {"user": {"uid": 51, "userid": 71, "name": "Joerg45701", "avatar": "https://static.truckersmp.com/avatarsN/defaultavatar.png"}, "point": 17095}, {"user": {"uid": 266, "userid": 221, "name": "Pliegenfilz_xX", "avatar": ""}, "point": 15113}, {"user": {"uid": 347, "userid": 283, "name": "adi.", "avatar": "https://cdn.discordapp.com/avatars/399012716326420480/266d16ffbd3b509117ac0e12fab7413d.png"}, "point": 14541}, {"user": {"uid": 348, "userid": 284, "name": "Domco", "avatar": "https://cdn.discordapp.com/avatars/142061877336342529/c82ea6a79feb7ca9092dbc85f3329fa7.png"}, "point": 14512}, {"user": {"uid": 139, "userid": 127, "name": "SturmNudelLP (PC)", "avatar": "https://cdn.discordapp.com/avatars/686996505550258225/9fdc874a2ccce42bee7c48ef3ab9c80a.png"}, "point": 14145}, {"user": {"uid": 294, "userid": 244, "name": "Sn0wy", "avatar": "https://cdn.discordapp.com/avatars/205361723039809536/366bbf61d33f0faa432763e30d988d21.png"}, "point": 13964}, {"user": {"uid": 327, "userid": 267, "name": "Katzenverkauf", "avatar": "https://cdn.discordapp.com/avatars/464431767412015105/a_30a4847ddcc8de0e016307f4ab15fb3e.gif"}, "point": 13624}, {"user": {"uid": 78, "userid": 67, "name": "amugosch", "avatar": "https://cdn.discordapp.com/avatars/518693794372124672/5949205b8e72fb2bbec984f551835583.png"}, "point": 13008}, {"user": {"uid": 242, "userid": 199, "name": "DerErdMensch", "avatar": "https://static.truckersmp.com/avatarsN/1471308.1699747343.png"}, "point": 12052}, {"user": {"uid": 316, "userid": 256, "name": "TheRedFox3D", "avatar": "https://cdn.discordapp.com/avatars/424908259397468161/a_a56e6550cf624d0dc25a91a73f9b8f16.gif"}, "point": 11910}, {"user": {"uid": 276, "userid": 230, "name": "BVG Joker", "avatar": "https://cdn.discordapp.com/avatars/632654863821439016/4aa4e3726e3edc2c26b9288cd0b0e1c5.png"}, "point": 11783}, {"user": {"uid": 130, "userid": 187, "name": "Peter235", "avatar": "https://static.truckersmp.com/avatarsN/defaultavatar.png"}, "point": 11457}, {"user": {"uid": 1, "userid": 1, "name": "Feyfar", "avatar": "https://cdn.discordapp.com/avatars/513424125239230466/437606888512e6a7a2d19e1b5bea1a73.png"}, "point": 11330}, {"user": {"uid": 10, "userid": 7, "name": "Michi.", "avatar": "https://cdn.discordapp.com/avatars/450646550998286336/cecb7757e1697a4ebde655c679ae60d1.png"}, "point": 10901}, {"user": {"uid": 19, "userid": 17, "name": "Tim13", "avatar": "https://cdn.discordapp.com/avatars/932250744386617376/dba03c47053a9fb2a07ede96971bc97a.png"}, "point": 10796}, {"user": {"uid": 328, "userid": 268, "name": "PhantomGhost702", "avatar": "https://static.truckersmp.com/avatarsN/defaultavatar.png"}, "point": 10785}, {"user": {"uid": 91, "userid": 85, "name": "Chris94", "avatar": "https://cdn.discordapp.com/avatars/618891974765838336/d2fa711dddd045b14969332972ba64b3.png"}, "point": 10233}, {"user": {"uid": 284, "userid": 236, "name": "Jxn-_-R", "avatar": "https://cdn.discordapp.com/avatars/523139889143742465/3db04443daf44dfb7c3a3db7e8765d00.png"}, "point": 9805}, {"user": {"uid": 278, "userid": 231, "name": "Euroachi", "avatar": "https://cdn.discordapp.com/avatars/1054431223541399562/b2fb77788b7cb88d88699ed50b0e7bc6.png"}, "point": 9597}, {"user": {"uid": 337, "userid": 274, "name": "Salz", "avatar": "https://cdn.discordapp.com/avatars/1211696428683108392/7995a0911756663eb752054658c3962b.png"}, "point": 8652}, {"user": {"uid": 275, "userid": 229, "name": "ByEnderman_HD", "avatar": "https://cdn.discordapp.com/avatars/664529284043636767/6b9fb4edd1d2c073428b956ede3c7228.png"}, "point": 8599}, {"user": {"uid": 38, "userid": 33, "name": "[FLG] derDome", "avatar": "https://cdn.discordapp.com/avatars/847551771249344564/0ae2aee9871db467f88aa78addecffa6.png"}, "point": 8583}, {"user": {"uid": 70, "userid": 58, "name": "xXTessiXx", "avatar": "https://cdn.discordapp.com/avatars/463730546108006400/7b616d2dad0e5011ae25684dd50d1a91.png"}, "point": 8495}, {"user": {"uid": 157, "userid": 141, "name": "DerBackfisch", "avatar": "https://cdn.discordapp.com/avatars/838683261244407809/d68e387a0a32db692a5d95100b7bb919.png"}, "point": 8267}, {"user": {"uid": 4, "userid": 3, "name": "KamikazeFlo", "avatar": "https://static.truckersmp.com/avatarsN/1855094.1645649823.png"}, "point": 8178}, {"user": {"uid": 344, "userid": 280, "name": "Jestful", "avatar": "https://cdn.discordapp.com/avatars/633121275430174762/1a5cd468e1dce02e330bcf3bc075a75e.png"}, "point": 8096}, {"user": {"uid": 196, "userid": 170, "name": "noah", "avatar": "https://cdn.discordapp.com/avatars/551872292221747204/6dc460b0d4fbe2a3dbbc6e5755fbb5e5.png"}, "point": 8017}, {"user": {"uid": 306, "userid": 250, "name": "leon_der_truckspotter", "avatar": "https://static.truckersmp.com/avatarsN/defaultavatar.png"}, "point": 7765}, {"user": {"uid": 124, "userid": 113, "name": "Terrase", "avatar": "https://cdn.discordapp.com/avatars/625396497911119882/364fbbd9cf4c0c505f8784af01f4dc2e.png"}, "point": 7532}, {"user": {"uid": 105, "userid": 98, "name": "Naskart", "avatar": "https://cdn.discordapp.com/avatars/518544585589522441/cfb88cf936e974ac5475a7d8666ec4c2.png"}, "point": 7463}, {"user": {"uid": 359, "userid": 291, "name": "Bazillus", "avatar": "https://cdn.discordapp.com/avatars/996770901431418880/225f13a017023efcfa14e5ccebbfcc4b.png"}, "point": 7362}, {"user": {"uid": 90, "userid": 92, "name": "Truck Driver(GER)", "avatar": "https://cdn.discordapp.com/avatars/697753575450738759/7fd627982dc1053d0feca23ee052e524.png"}, "point": 7331}, {"user": {"uid": 360, "userid": 292, "name": "Mace1050HD", "avatar": "https://cdn.discordapp.com/avatars/682971554728247310/e8a62e512a31f5aa3517a8eb0bf1ba26.png"}, "point": 6857}, {"user": {"uid": 26, "userid": 23, "name": "sneakyypython", "avatar": "https://cdn.discordapp.com/avatars/358364284834545665/53da365e6ddc9f1b59064dc8035214e6.png"}, "point": 6800}, {"user": {"uid": 141, "userid": 196, "name": "MAX294", "avatar": "https://cdn.discordapp.com/avatars/488323894831349760/f0ffd3875b74459d0656375b17aa0e6d.png"}, "point": 6717}, {"user": {"uid": 361, "userid": 293, "name": "LastSolution", "avatar": "https://static.truckersmp.com/avatarsN/defaultavatar.png"}, "point": 6472}, {"user": {"uid": 133, "userid": 121, "name": "FerdeAndy", "avatar": "https://static.truckersmp.com/avatarsN/defaultavatar.png"}, "point": 6211}, {"user": {"uid": 282, "userid": 235, "name": "cyberstorm", "avatar": ""}, "point": 5893}, {"user": {"uid": 27, "userid": 24, "name": "theredmachine", "avatar": "https://static.truckersmp.com/avatarsN/3462295.1710611272.png"}, "point": 5811}, {"user": {"uid": 172, "userid": 151, "name": "Jack Hodgins", "avatar": "https://cdn.discordapp.com/avatars/826723576928272385/02b5821703017d0c5c78d23394e5af33.png"}, "point": 5803}, {"user": {"uid": 121, "userid": 108, "name": "Maxl931", "avatar": "https://cdn.discordapp.com/avatars/663414831239528468/319a0b0939774c10d6c0b6c9d711393c.png"}, "point": 5699}, {"user": {"uid": 143, "userid": 128, "name": "SchnellerFuchs", "avatar": "https://static.truckersmp.com/avatarsN/1121622.1706114410.png"}, "point": 5331}, {"user": {"uid": 346, "userid": 282, "name": "GenghisKhan", "avatar": "https://cdn.discordapp.com/avatars/814193337380765816/7a1a966d9c8b8c381234c737a4043a61.png"}, "point": 4999}, {"user": {"uid": 198, "userid": 172, "name": "Just-in-Time", "avatar": "https://cdn.discordapp.com/avatars/305770257576886272/4fed1f17f230110efe229fd280e1045a.png"}, "point": 4794}, {"user": {"uid": 330, "userid": 270, "name": "StarLord_cb", "avatar": "https://cdn.discordapp.com/avatars/513421907123503105/c71420b1b0c2a5f4b723afc4918597fe.png"}, "point": 4413}, {"user": {"uid": 345, "userid": 281, "name": "SpeiRox_", "avatar": "https://cdn.discordapp.com/avatars/369461490245435413/53214599eee34fad85857ade045531b1.png"}, "point": 4372}, {"user": {"uid": 176, "userid": 157, "name": "Identity", "avatar": "https://cdn.discordapp.com/avatars/383724197744214016/092d4968871fb432b7129173b5c1dc78.png"}, "point": 4206}, {"user": {"uid": 288, "userid": 240, "name": "Dark_Leon184", "avatar": "https://cdn.discordapp.com/avatars/977581665675259955/facb6115d9fe87fca318e2a719ddf463.png"}, "point": 4147}, {"user": {"uid": 138, "userid": 126, "name": "Luide2023", "avatar": ""}, "point": 4120}, {"user": {"uid": 323, "userid": 263, "name": "Meijixx", "avatar": "https://static.truckersmp.com/avatarsN/defaultavatar.png"}, "point": 4119}, {"user": {"uid": 50, "userid": 41, "name": "Schnitzel.", "avatar": "https://cdn.discordapp.com/avatars/690570896557211658/ae7d3f32a78a923191f8d72c0cf40ce3.png"}, "point": 4108}, {"user": {"uid": 179, "userid": 162, "name": "Skyalaxie [FR]", "avatar": "https://cdn.discordapp.com/avatars/745338825294741504/ce9c592bd4bc20b42106fc4630b95e72.png"}, "point": 4076}, {"user": {"uid": 84, "userid": 77, "name": "mike", "avatar": "https://cdn.discordapp.com/avatars/1112276488386003034/88820a5194ff058d02d7951c6534b5c8.png"}, "point": 4022}, {"user": {"uid": 218, "userid": 182, "name": "Daniel.Heilfuchs", "avatar": "https://cdn.discordapp.com/avatars/428233861684527105/a_4225a1d0c6f8ed2ae9976eb386ca8770.gif"}, "point": 4006}, {"user": {"uid": 44, "userid": 37, "name": "Chaz", "avatar": "https://cdn.discordapp.com/avatars/195616243791691777/736984f2893effafb372b7ba85767067.png"}, "point": 3769}, {"user": {"uid": 83, "userid": 96, "name": "xXNadjaXx", "avatar": "https://static.truckersmp.com/avatarsN/defaultavatar.png"}, "point": 3688}, {"user": {"uid": 24, "userid": 21, "name": "Flows\u00a9", "avatar": "https://cdn.discordapp.com/avatars/267701831025688576/1e8d5e85c6b6bba0997e96ebb0a79f9d.png"}, "point": 3680}, {"user": {"uid": 150, "userid": 133, "name": "DerObtimist", "avatar": "https://cdn.discordapp.com/avatars/1141083458400161923/a1bd4e6ce2927f2a18372a3aebdf78cf.png"}, "point": 3555}, {"user": {"uid": 52, "userid": 83, "name": "einBulldog", "avatar": "https://cdn.discordapp.com/avatars/709137463179870340/93686299097cbd934e49af0c878dcb25.png"}, "point": 3553}, {"user": {"uid": 54, "userid": 52, "name": "Fleiing", "avatar": "https://cdn.discordapp.com/avatars/893916261011054612/18cfd8b3c9b3852ca32a9741050ab87c.png"}, "point": 3548}, {"user": {"uid": 336, "userid": 275, "name": "Spitzy", "avatar": "https://cdn.discordapp.com/avatars/1147502090843852990/06c37c46495547505740875f1d626fac.png"}, "point": 3438}, {"user": {"uid": 74, "userid": 66, "name": "Kucki122", "avatar": "https://cdn.discordapp.com/avatars/980522557365157938/bb19a21068e5e3d9d8c349e066d33d6e.png"}, "point": 3406}, {"user": {"uid": 363, "userid": 295, "name": "Xalesch | Markus", "avatar": "https://cdn.discordapp.com/avatars/377511634651840523/a_22f8ff0f0d4ebec56ad259f43f6721b5.gif"}, "point": 3257}, {"user": {"uid": 67, "userid": 62, "name": "[GER] Flozockt", "avatar": "https://cdn.discordapp.com/avatars/293430302498357248/98f01680a69d817ba90d47a82e8bba5f.png"}, "point": 2972}, {"user": {"uid": 287, "userid": 239, "name": "@06.Jerome", "avatar": "https://cdn.discordapp.com/avatars/1141772672758452284/55b5167c43a78509ad94d007adb781e4.png"}, "point": 2936}, {"user": {"uid": 140, "userid": 129, "name": "Bechelor|Hallp", "avatar": "https://cdn.discordapp.com/avatars/692741281381875794/f63a5f2731b40367daf298b1bab2fe5f.png"}, "point": 2812}, {"user": {"uid": 123, "userid": 111, "name": "1806alex", "avatar": "https://cdn.discordapp.com/avatars/433634921274277923/fbfc635d097a9736d8f3ace25ed11857.png"}, "point": 2807}, {"user": {"uid": 55, "userid": 49, "name": "teufel-junior", "avatar": "https://static.truckersmp.com/avatarsN/4966286.1704737379.png"}, "point": 2774}, {"user": {"uid": 31, "userid": 36, "name": "Tedpli", "avatar": "https://cdn.discordapp.com/avatars/501065020088647690/37ac2db1efd93758a8680c6c9ce7abc8.png"}, "point": 2764}, {"user": {"uid": 173, "userid": 153, "name": "Pappfisch", "avatar": "https://cdn.discordapp.com/avatars/614095913098674207/76fe38dfc900216a2db47c0e4bb3afe6.png"}, "point": 2739}, {"user": {"uid": 49, "userid": 46, "name": "Franco", "avatar": "https://cdn.discordapp.com/avatars/750020969627648080/db9ed3f719bb8de3d0445103e7b45457.png"}, "point": 2639}, {"user": {"uid": 367, "userid": 301, "name": "DarkKryo", "avatar": "https://cdn.discordapp.com/avatars/508065925111742504/d0c7f5f54aecff802e63e225c8743919.png"}, "point": 2421}, {"user": {"uid": 239, "userid": 212, "name": "[FLG] Martin", "avatar": "https://cdn.discordapp.com/avatars/983797646219178004/eeb3d1c948b12e0140cc622748e0dc8a.png"}, "point": 2328}, {"user": {"uid": 366, "userid": 299, "name": "Kosmos", "avatar": "https://cdn.discordapp.com/avatars/383434886750404608/623fe0e8675f2b9f0cb314c5c84372dc.png"}, "point": 2270}, {"user": {"uid": 338, "userid": 277, "name": "Anzusz5", "avatar": "https://cdn.discordapp.com/avatars/1141070153874935870/4cccfc4553de4675b25ab253ce9c676c.png"}, "point": 2266}, {"user": {"uid": 165, "userid": 146, "name": "Felix", "avatar": "https://cdn.discordapp.com/avatars/1108807886932541571/None.png"}, "point": 2193}, {"user": {"uid": 271, "userid": 226, "name": "HUNDabc", "avatar": "https://cdn.discordapp.com/avatars/1217559937761415349/5cd1c0be937399ad7c92aad2cdf437ab.png"}, "point": 2165}, {"user": {"uid": 106, "userid": 106, "name": "Melvin", "avatar": "https://cdn.discordapp.com/avatars/228563858472697857/ba3b12c379a57943b2918174b352b8d3.png"}, "point": 2148}, {"user": {"uid": 307, "userid": 251, "name": "julex_07", "avatar": "https://cdn.discordapp.com/avatars/878671512801009684/b8b0cc1e4da62e31f9c17e52a1054f8b.png"}, "point": 2051}, {"user": {"uid": 17, "userid": 15, "name": "Henrix [GER/SWE]", "avatar": "https://cdn.discordapp.com/avatars/445963051842273290/bf82a52a3a101f2b795f8baa92feecbf.png"}, "point": 1989}, {"user": {"uid": 122, "userid": 110, "name": "[FLG] Eichelh\u00f6rnchen/Julian", "avatar": "https://cdn.discordapp.com/avatars/373870026651860992/43b57e30d35962bcf5006380a8ed554b.png"}, "point": 1975}, {"user": {"uid": 58, "userid": 45, "name": "Knirpsi", "avatar": "https://cdn.discordapp.com/avatars/680795972275666957/83cbd46025e4c642396e78b1fb4a60d0.png"}, "point": 1836}, {"user": {"uid": 87, "userid": 90, "name": "Carolus", "avatar": "https://cdn.discordapp.com/avatars/1018500971095142471/7020d4b60e743ddab1f546f20958df7e.png"}, "point": 1742}, {"user": {"uid": 350, "userid": 285, "name": "Domenic", "avatar": "https://cdn.discordapp.com/avatars/611485672917827606/8f02eb30ddc54822c837832cc21f94a4.png"}, "point": 1732}, {"user": {"uid": 171, "userid": 152, "name": "nooby__1337", "avatar": "https://cdn.discordapp.com/avatars/323131410154258432/2f118a9e44ee4e5c4745be5aefb3e9d5.png"}, "point": 1727}, {"user": {"uid": 252, "userid": 205, "name": "Wutan Fall", "avatar": "https://cdn.discordapp.com/avatars/204296481715388426/eb0c97b37333a5aef73f6cd7875bc750.png"}, "point": 1714}, {"user": {"uid": 125, "userid": 114, "name": "Best_Offline", "avatar": "https://cdn.discordapp.com/avatars/427147191614963713/f4fd038e7c2d396fd8754d2b0bf2510e.png"}, "point": 1646}, {"user": {"uid": 265, "userid": 220, "name": "Rex9845", "avatar": "https://cdn.discordapp.com/avatars/1052645528032264233/42d06d5fedd4a543cf490ec80c26af36.png"}, "point": 1629}, {"user": {"uid": 203, "userid": 173, "name": "tobiii.", "avatar": "https://cdn.discordapp.com/avatars/231897760406831105/5c1d3b42de02d1acdfa3146a26e770f2.png"}, "point": 1586}, {"user": {"uid": 75, "userid": 59, "name": "Storm05_", "avatar": "https://cdn.discordapp.com/avatars/206094648236572672/8e00adf8bda4a32ef10eccef3d46830c.png"}, "point": 1469}, {"user": {"uid": 77, "userid": 64, "name": "ossikralle91", "avatar": "https://cdn.discordapp.com/avatars/174228229341577216/f6ce32d40a58b95cefa47ce3e939a8b4.png"}, "point": 1442}, {"user": {"uid": 354, "userid": 289, "name": "Feuertommi", "avatar": "https://cdn.discordapp.com/avatars/250027105562263553/c10fa9cf893060beb093bb51899d7a71.png"}, "point": 1347}, {"user": {"uid": 317, "userid": 257, "name": "TheSwissPlays", "avatar": "https://cdn.discordapp.com/avatars/797800749315784704/cdb29aa483d02c15c349960633677ad1.png"}, "point": 1298}, {"user": {"uid": 53, "userid": 47, "name": "SkyJumper08\u2020", "avatar": "https://cdn.discordapp.com/avatars/670916023657955328/a_b8f7c6f351315d7b6496cfe796af4b58.gif"}, "point": 1287}, {"user": {"uid": 365, "userid": 298, "name": "Dreimling", "avatar": "https://cdn.discordapp.com/avatars/417779260309372928/67d53e0094079910420be27159fe1747.png"}, "point": 1260}, {"user": {"uid": 230, "userid": 190, "name": "TheUnknown \u30c4", "avatar": "https://cdn.discordapp.com/avatars/582105777251024897/681532470693875d0b4cf668a28bb571.png"}, "point": 1181}, {"user": {"uid": 197, "userid": 169, "name": "Wassermelofant", "avatar": "https://cdn.discordapp.com/avatars/288753470234689538/8fb64a8e263aba5a05eda07214a453dc.png"}, "point": 1146}, {"user": {"uid": 137, "userid": 125, "name": "\u2133\ud835\udcb6\ud835\udccd", "avatar": "https://cdn.discordapp.com/avatars/1058224503685140540/a_247f78c2288264c1e3f5ddb462017cfc.gif"}, "point": 1128}, {"user": {"uid": 168, "userid": 148, "name": "lachs", "avatar": "https://cdn.discordapp.com/avatars/567677822085234688/d8f503f9cdfe5741ac4c46b50ebaf69a.png"}, "point": 997}, {"user": {"uid": 156, "userid": 138, "name": "Micha/Torkelino", "avatar": "https://cdn.discordapp.com/avatars/374493456862543874/428d0ad191b50ec1b174b4421fd2dcc2.png"}, "point": 957}, {"user": {"uid": 114, "userid": 101, "name": "Julius", "avatar": "https://cdn.discordapp.com/avatars/438789396045758474/16ce72bc46b0c2f154b7580792284d0d.png"}, "point": 950}, {"user": {"uid": 65, "userid": 234, "name": "MarkusLooft", "avatar": "https://cdn.discordapp.com/avatars/693807523031023678/39b531e683fa0fa0446204e783f00820.png"}, "point": 936}, {"user": {"uid": 110, "userid": 99, "name": "Bathorio", "avatar": "https://cdn.discordapp.com/avatars/679475997816651860/4d6f1d77443ed5aab2fb64e01b4ff7f6.png"}, "point": 844}, {"user": {"uid": 57, "userid": 43, "name": "supriMx", "avatar": "https://cdn.discordapp.com/avatars/751470193699455056/98cd545e0af002cc3108d6fa276083ab.png"}, "point": 835}, {"user": {"uid": 147, "userid": 132, "name": "MisterMaster", "avatar": "https://cdn.discordapp.com/avatars/1059889752918216834/172c1da2f0cee42be94d6977a70786a6.png"}, "point": 834}, {"user": {"uid": 185, "userid": 159, "name": "Dr.Schrotty", "avatar": "https://cdn.discordapp.com/avatars/230695604274069504/7eda972dc3c3dd4bdcfa4d76e9b0ca2e.png"}, "point": 832}, {"user": {"uid": 206, "userid": 175, "name": "Kurtchen", "avatar": "https://cdn.discordapp.com/avatars/239461951170674690/7025368faf4c870bb0a3a76f63f0874f.png"}, "point": 779}, {"user": {"uid": 286, "userid": 238, "name": "Cortain", "avatar": "https://cdn.discordapp.com/avatars/264756755932774400/b92bddec4543c8b93a6922a31c7f40e4.png"}, "point": 773}, {"user": {"uid": 69, "userid": 63, "name": "M4rk4yy", "avatar": "https://static.truckersmp.com/avatarsN/1878609.1697918343.png"}, "point": 768}, {"user": {"uid": 80, "userid": 73, "name": "yasinabi1_", "avatar": ""}, "point": 768}, {"user": {"uid": 364, "userid": 296, "name": "NxT_LvL2", "avatar": "https://cdn.discordapp.com/avatars/656217741119717406/cafc237b9b4d434338695acab1b0e945.png"}, "point": 720}, {"user": {"uid": 132, "userid": 120, "name": "Lagarto [GER]", "avatar": "https://cdn.discordapp.com/avatars/450047218272174090/a_bcc9b68f947fa72a038fbdd4acf09dfa.gif"}, "point": 681}, {"user": {"uid": 267, "userid": 224, "name": "\u300c\u2aa8\u0374\u0374\u073c\u203d\u2503\ud835\udc16\u0665\u209a\u209a\u2148\ud835\udfe6\ud835\udfe6\u2503\u203d\u073c\u0374\u0374\u2aa9\u300d", "avatar": "https://cdn.discordapp.com/avatars/990678789241569320/be4347918ce95d99d14a5448430f55d1.png"}, "point": 580}, {"user": {"uid": 169, "userid": 216, "name": "Homer", "avatar": "https://cdn.discordapp.com/avatars/1002149450724159489/d0ab50d2c567f1f0bf2bf1b466ddd521.png"}, "point": 562}, {"user": {"uid": 238, "userid": 194, "name": "Tomsa", "avatar": "https://cdn.discordapp.com/avatars/626488024850628691/fc01298a60d20a9e244093488294bea5.png"}, "point": 543}, {"user": {"uid": 199, "userid": 185, "name": "Silica Karun", "avatar": "https://cdn.discordapp.com/avatars/1007238293844414485/079f1c62caf0da0b3896a4cdf474c896.png"}, "point": 533}, {"user": {"uid": 142, "userid": 130, "name": "PixelXplorer", "avatar": "https://cdn.discordapp.com/avatars/337590936781455360/b26cac88eda174a820df9ff1be3ca36d.png"}, "point": 522}, {"user": {"uid": 211, "userid": 177, "name": "BlackJack | Maxi", "avatar": "https://cdn.discordapp.com/avatars/530031383007985665/7b116a150f08efd387c2608c8230ada7.png"}, "point": 449}, {"user": {"uid": 186, "userid": 161, "name": "Paul", "avatar": "https://cdn.discordapp.com/avatars/346709628056371202/def57e8d45cac1f14a107ae78171315e.png"}, "point": 377}, {"user": {"uid": 234, "userid": 193, "name": "Florian", "avatar": "https://cdn.discordapp.com/avatars/261565331913441282/79e76ce3bca3ef15651a0fc226772d93.png"}, "point": 377}, {"user": {"uid": 108, "userid": 107, "name": "DarkDemon", "avatar": "https://cdn.discordapp.com/avatars/634094411499962368/17960d661c0077d8756fa6d59cbd8a35.png"}, "point": 344}, {"user": {"uid": 42, "userid": 35, "name": "realMadDog", "avatar": "https://cdn.discordapp.com/avatars/622527094588571649/ebb9db177207c71efcfa48bb92f364a9.png"}, "point": 288}, {"user": {"uid": 210, "userid": 181, "name": "OmsiFlorian", "avatar": "https://cdn.discordapp.com/avatars/960602310919225366/bee7df8447fc144bedd7cd8f60937f64.png"}, "point": 282}, {"user": {"uid": 25, "userid": 22, "name": "IceTea2603", "avatar": "https://cdn.discordapp.com/avatars/776556329963749449/0148bf32bf7371c32ef11a991bb45ddd.png"}, "point": 272}, {"user": {"uid": 163, "userid": 144, "name": "Greifswalder [DE]", "avatar": "https://static.truckersmp.com/avatarsN/302455.1544957087.gif"}, "point": 226}, {"user": {"uid": 102, "userid": 94, "name": "FivederBayer", "avatar": "https://cdn.discordapp.com/avatars/739478235623981097/082efe8aa4fb97c375017d07867fe8c9.png"}, "point": 192}, {"user": {"uid": 8, "userid": 6, "name": "Kluner123", "avatar": "https://cdn.discordapp.com/avatars/342304860450062337/a29e6a6c3365a87119c10bb7d4a075c8.png"}, "point": 162}, {"user": {"uid": 291, "userid": 243, "name": "Javeex", "avatar": "https://cdn.discordapp.com/avatars/449671195273723904/427071cca810a0126f3f0331a5c7db1e.png"}, "point": 154}, {"user": {"uid": 159, "userid": 142, "name": "FlorianMeixner", "avatar": "https://static.truckersmp.com/avatarsN/2384998.1706452577.png"}, "point": 17}, {"user": {"uid": 154, "userid": 137, "name": "gamezocker300", "avatar": "https://cdn.discordapp.com/avatars/571059962831437860/3e7f16a5afefd61b70d4bf5711255b89.png"}, "point": 2}, {"user": {"uid": 15, "userid": 13, "name": "garry", "avatar": "https://cdn.discordapp.com/avatars/211197631114903562/01398155d0c7274a8a5924059231f00c.png"}, "point": 0}, {"user": {"uid": 22, "userid": 19, "name": "Tater", "avatar": "https://cdn.discordapp.com/avatars/686943270273679401/7293647ea38988bf70abf67901cd4a5e.png"}, "point": 0}, {"user": {"uid": 28, "userid": 25, "name": "Timtastic", "avatar": "https://cdn.discordapp.com/avatars/695353745680367626/cbbb2f05017a0324ab4dd834e1d2f042.png"}, "point": 0}, {"user": {"uid": 29, "userid": 26, "name": "Flexhit07", "avatar": "https://cdn.discordapp.com/avatars/839444644404527104/940b469b61cff5bc7ef1ae0f0ac4a8c7.png"}, "point": 0}, {"user": {"uid": 34, "userid": 29, "name": "Loop20", "avatar": "https://cdn.discordapp.com/avatars/786687237886443540/0b33f786203c732cce9a67dc0822bd1b.png"}, "point": 0}, {"user": {"uid": 41, "userid": 38, "name": "leDome [Ger]", "avatar": "https://static.truckersmp.com/avatarsN/1199931.1660483158.png"}, "point": 0}, {"user": {"uid": 66, "userid": 54, "name": "Valtra130", "avatar": "https://cdn.discordapp.com/avatars/555051812265263114/5d81abc9b63b652047489bfb6f236f59.png"}, "point": 0}, {"user": {"uid": 95, "userid": 195, "name": "CptSNASA", "avatar": "https://cdn.discordapp.com/avatars/294121947170734082/6e3ce4491dff4e05075983f63d051eaa.png"}, "point": 0}, {"user": {"uid": 109, "userid": 102, "name": "Tschillgrot", "avatar": "https://cdn.discordapp.com/avatars/715915034143883434/7273182112b6daac76c1755df1be7bf0.png"}, "point": 0}, {"user": {"uid": 120, "userid": 118, "name": "Phlip (ping me)", "avatar": "https://cdn.discordapp.com/avatars/547856031229935694/8c6604b031db98f969df9e6d0c8bdac8.png"}, "point": 0}, {"user": {"uid": 151, "userid": 134, "name": "Fl!x", "avatar": "https://static.truckersmp.com/avatarsN/defaultavatar.png"}, "point": 0}, {"user": {"uid": 161, "userid": 143, "name": "Mikazu", "avatar": "https://cdn.discordapp.com/avatars/705875203997302805/f4c1333cc4ccef01fedcb199ed314627.png"}, "point": 0}, {"user": {"uid": 175, "userid": 155, "name": "Desomazu", "avatar": "https://cdn.discordapp.com/avatars/920735509251248139/72b5adb5b663ffeedbb767832a878772.png"}, "point": 0}, {"user": {"uid": 180, "userid": 160, "name": "EisWolf_Gaming", "avatar": "https://cdn.discordapp.com/avatars/314130584006033408/b9e10cee940ec115c2cbab159dc10c40.png"}, "point": 0}, {"user": {"uid": 183, "userid": 198, "name": "Flor3ll3", "avatar": "https://cdn.discordapp.com/avatars/988474900006174741/fc77f012bd8bd8277bac2e07a75c1ec2.png"}, "point": 0}, {"user": {"uid": 190, "userid": 165, "name": "Trike", "avatar": "https://cdn.discordapp.com/avatars/445943553177288704/9c2d13d61cb7fdd2f732e28f979cfd3d.png"}, "point": 0}, {"user": {"uid": 191, "userid": 166, "name": "White Tip13", "avatar": "https://cdn.discordapp.com/avatars/774261906558287892/80b09ce366636073c5ccec9a3d36bb64.png"}, "point": 0}, {"user": {"uid": 192, "userid": 218, "name": "Pepe7530", "avatar": "https://cdn.discordapp.com/avatars/264676607032033280/162a9ff3830854a226bbd190e2ad07ff.png"}, "point": 0}, {"user": {"uid": 195, "userid": 167, "name": "St0rmGam3r", "avatar": "https://static.truckersmp.com/avatarsN/5086159.1691784889.jpg"}, "point": 0}, {"user": {"uid": 200, "userid": 171, "name": "Alex Fox I of Fox Island", "avatar": "https://cdn.discordapp.com/avatars/810804798244782090/ab72b31d900b254f10155005b868a8d6.png"}, "point": 0}, {"user": {"uid": 207, "userid": 176, "name": "Kerem6455", "avatar": "https://cdn.discordapp.com/avatars/461142458655571979/385a249f1f7f04dcf08a40e07925c860.png"}, "point": 0}, {"user": {"uid": 229, "userid": 189, "name": "Jojo2007", "avatar": "https://cdn.discordapp.com/avatars/534402304028311552/077d386b1190d39301f5ed59945250b2.png"}, "point": 0}, {"user": {"uid": 231, "userid": 191, "name": "Necron", "avatar": "https://cdn.discordapp.com/avatars/843141543095566396/d23f34fea4d2c4689e3259ee4c898cd4.png"}, "point": 0}, {"user": {"uid": 240, "userid": 197, "name": "Ch0nkStar", "avatar": "https://cdn.discordapp.com/avatars/212670507818942466/753c344b19dc0a3deb263d03c3e3c92a.png"}, "point": 0}, {"user": {"uid": 244, "userid": 200, "name": "Mike_Sniedi", "avatar": ""}, "point": 0}, {"user": {"uid": 248, "userid": 206, "name": "wolf_6412", "avatar": ""}, "point": 0}, {"user": {"uid": 258, "userid": 210, "name": "Mr_Wassermelone", "avatar": "https://cdn.discordapp.com/avatars/660115165819437097/62f2b0a155b5fb9b62b9d65db6690d46.png"}, "point": 0}, {"user": {"uid": 264, "userid": 219, "name": "muc_gamingTV", "avatar": "https://cdn.discordapp.com/avatars/1144727814604591235/50ab7e6ec3243b4bebaef4b184502e77.png"}, "point": 0}, {"user": {"uid": 285, "userid": 237, "name": "\ud83c\udf41\u14aa\u1458\u15bd\u14f0\u163f\u163f\ud83c\udf41", "avatar": "https://cdn.discordapp.com/avatars/928165214036295710/a_285655aa499263c1588029f5597d829e.gif"}, "point": 0}, {"user": {"uid": 289, "userid": 241, "name": "Kurzgesagt", "avatar": "https://cdn.discordapp.com/avatars/934509069555867758/0ead5ce9eb98586b14dcc50c0efb224c.png"}, "point": 0}, {"user": {"uid": 300, "userid": 249, "name": "EinfachLukas\u00ae\u00a9", "avatar": "https://cdn.discordapp.com/avatars/588335286296248330/08cd535940f062cabfc2a866e76f5929.png"}, "point": 0}]}