{"fmd": [{"user": {"uid": 3, "userid": 2, "name": "GB |     M.Faruk {21}", "avatar": "https://cdn.discordapp.com/avatars/284769507271245825/f4d7f890b3d45b4fcc2acc412335e13a.png"}, "point": 15364}, {"user": {"uid": 2, "userid": 1, "name": "GB  |     Berk {21}", "avatar": "https://cdn.discordapp.com/avatars/330696848287334403/8d3c616cf75dae71fec381be7f32d1ca.png"}, "point": 5109}, {"user": {"uid": 97, "userid": 85, "name": "[G\u00f6kB\u00f6r\u00fc] Berke \u00c7etin", "avatar": "https://static.truckersmp.com/avatarsN/3362720.1696796999.png"}, "point": 4964}, {"user": {"uid": 13, "userid": 13, "name": "LOA | Caner [40]", "avatar": "https://cdn.discordapp.com/avatars/644261578392469534/fbb3347356714ef7d3ab0443c54c3929.png"}, "point": 3099}, {"user": {"uid": 6, "userid": 6, "name": "[G\u00f6kB\u00f6r\u00fc] Bat\u0131n", "avatar": "https://static.truckersmp.com/avatarsN/4072312.1654349778.png"}, "point": 904}, {"user": {"uid": 105, "userid": 93, "name": "GB | Berat [16]", "avatar": "https://cdn.discordapp.com/avatars/720876302931984398/9dd44f77af219b29ce50a4f2fb1da276.png"}, "point": 413}, {"user": {"uid": 17, "userid": 18, "name": "GB | H\u00fcsamettin [36]", "avatar": "https://cdn.discordapp.com/avatars/694988470321545256/d22313bc7a569320ff482c6b36346136.png"}, "point": 70}], "fma": [{"user": {"uid": 3, "userid": 2, "name": "GB |     M.Faruk {21}", "avatar": "https://cdn.discordapp.com/avatars/284769507271245825/f4d7f890b3d45b4fcc2acc412335e13a.png"}, "point": 18208}, {"user": {"uid": 2, "userid": 1, "name": "GB  |     Berk {21}", "avatar": "https://cdn.discordapp.com/avatars/330696848287334403/8d3c616cf75dae71fec381be7f32d1ca.png"}, "point": 5924}, {"user": {"uid": 97, "userid": 85, "name": "[G\u00f6kB\u00f6r\u00fc] Berke \u00c7etin", "avatar": "https://static.truckersmp.com/avatarsN/3362720.1696796999.png"}, "point": 5081}, {"user": {"uid": 13, "userid": 13, "name": "LOA | Caner [40]", "avatar": "https://cdn.discordapp.com/avatars/644261578392469534/fbb3347356714ef7d3ab0443c54c3929.png"}, "point": 3456}, {"user": {"uid": 6, "userid": 6, "name": "[G\u00f6kB\u00f6r\u00fc] Bat\u0131n", "avatar": "https://static.truckersmp.com/avatarsN/4072312.1654349778.png"}, "point": 1029}, {"user": {"uid": 105, "userid": 93, "name": "GB | Berat [16]", "avatar": "https://cdn.discordapp.com/avatars/720876302931984398/9dd44f77af219b29ce50a4f2fb1da276.png"}, "point": 563}, {"user": {"uid": 11, "userid": 11, "name": "GB |  Sefacan {21}", "avatar": "https://cdn.discordapp.com/avatars/334618818867494914/8cb0900a7e34cf5426345615ef4f0478.png"}, "point": 450}, {"user": {"uid": 17, "userid": 18, "name": "GB | H\u00fcsamettin [36]", "avatar": "https://cdn.discordapp.com/avatars/694988470321545256/d22313bc7a569320ff482c6b36346136.png"}, "point": 70}]}