{"fmd": [{"user": {"uid": 551, "userid": 448, "name": "Capt_Tom", "avatar": "https://cdn.discordapp.com/avatars/1189926623739400235/76a1784b7640fe89bfca945587db07e3.png"}, "point": 69512}, {"user": {"uid": 636, "userid": 513, "name": "MementoMori", "avatar": "https://cdn.discordapp.com/avatars/978142750681731182/884e73c1f41e29c7cc3518441545a1f8.png"}, "point": 68272}, {"user": {"uid": 648, "userid": 521, "name": "Sandro", "avatar": "https://cdn.discordapp.com/avatars/221992990275534848/5502ab9ba51414716bca672635e36ccc.png"}, "point": 36035}, {"user": {"uid": 609, "userid": 490, "name": "ralkinvx", "avatar": "https://cdn.discordapp.com/avatars/626276063609225221/cdf27d657698337dc22e9a4ba4736900.png"}, "point": 30759}, {"user": {"uid": 25, "userid": 96, "name": "[G-T-R]GrayWolf", "avatar": "https://cdn.discordapp.com/avatars/463049453067173888/93e0f855de1c1bcdf6924d45b1789338.png"}, "point": 28939}, {"user": {"uid": 651, "userid": 523, "name": "Elfik", "avatar": "https://cdn.discordapp.com/avatars/648958483185795083/8f18b7e6f4570233b30ed904712c00da.png"}, "point": 25048}, {"user": {"uid": 427, "userid": 353, "name": "Versthappening", "avatar": "https://cdn.discordapp.com/avatars/851032564801077258/b6762130b06d88078b10d519887e731b.png"}, "point": 18482}, {"user": {"uid": 402, "userid": 337, "name": "viriusek", "avatar": "https://cdn.discordapp.com/avatars/814466964918370305/78f995b4dea90ade36a4984506d67d5b.png"}, "point": 17800}, {"user": {"uid": 664, "userid": 533, "name": "Oscar", "avatar": "https://cdn.discordapp.com/avatars/753279277679640647/469bd493af1db8a90fc0fe5b999147a1.png"}, "point": 17698}, {"user": {"uid": 595, "userid": 479, "name": "Championrub", "avatar": "https://cdn.discordapp.com/avatars/811982277474123786/57632d6c13f4de8235b03acd0aba016e.png"}, "point": 16676}, {"user": {"uid": 678, "userid": 543, "name": "Poco", "avatar": "https://cdn.discordapp.com/avatars/396291126002188298/26e461e154bf9db4d6fc492c395aaa65.png"}, "point": 14825}, {"user": {"uid": 642, "userid": 516, "name": "Aljaz Miklic", "avatar": "https://cdn.discordapp.com/avatars/771794563680436234/1d775092d4983d2143b8a4f98b6b0979.png"}, "point": 14770}, {"user": {"uid": 578, "userid": 465, "name": "indowes", "avatar": "https://cdn.discordapp.com/avatars/556782581626961920/4f21483bc72236511d1bd929721efbdc.png"}, "point": 14666}, {"user": {"uid": 675, "userid": 539, "name": "gamer2dk", "avatar": "https://cdn.discordapp.com/avatars/888475573284925461/02a35533764a55b05b0d49a7155adad3.png"}, "point": 13084}, {"user": {"uid": 652, "userid": 524, "name": "[026] Aurelio Russo", "avatar": ""}, "point": 12349}, {"user": {"uid": 396, "userid": 331, "name": "Lucas", "avatar": "https://cdn.discordapp.com/avatars/1004644388888117258/ea826f4f3083b8b805c29d765c52e04f.png"}, "point": 12292}, {"user": {"uid": 516, "userid": 417, "name": "Ravsh1k", "avatar": "https://cdn.discordapp.com/avatars/901846074740858890/d8ce555a273409259cad27c86b082469.png"}, "point": 12004}, {"user": {"uid": 643, "userid": 518, "name": "modunga fodunga", "avatar": "https://cdn.discordapp.com/avatars/975800453986136114/4b29d690fbcaea1ab4410acbcc0ba316.png"}, "point": 11933}, {"user": {"uid": 480, "userid": 395, "name": "Sh0tBlow", "avatar": "https://cdn.discordapp.com/avatars/462991116279611392/87bf1e3b76d220025f3fb4b0029427f8.png"}, "point": 10441}, {"user": {"uid": 663, "userid": 532, "name": "Cardigaso", "avatar": "https://cdn.discordapp.com/avatars/1125047721863163974/cc9a8c66b569f73b2dd8c694988747df.png"}, "point": 10334}, {"user": {"uid": 579, "userid": 466, "name": "pieter.64", "avatar": "https://cdn.discordapp.com/avatars/324877891852828683/00632119b31752fcb8171bbb4279d1f8.png"}, "point": 9762}, {"user": {"uid": 468, "userid": 384, "name": "AshleyHavier", "avatar": "https://cdn.discordapp.com/avatars/1171865337839505420/fd6b7f6f8d383b9102aa6b0ff7f837c2.png"}, "point": 9365}, {"user": {"uid": 658, "userid": 528, "name": "SINIST3R", "avatar": "https://cdn.discordapp.com/avatars/269558565180538882/61dd08030cb3986506544afe22066c8a.png"}, "point": 8305}, {"user": {"uid": 667, "userid": 535, "name": "cxramic", "avatar": "https://cdn.discordapp.com/avatars/1157288014599426050/54f13430863655d4235702c6473518e0.png"}, "point": 7738}, {"user": {"uid": 212, "userid": 201, "name": "nasht7", "avatar": "https://cdn.discordapp.com/avatars/478817763172024322/a947cf0bc4d7f21695c683d13a485521.png"}, "point": 7592}, {"user": {"uid": 657, "userid": 529, "name": "DavidDML21", "avatar": "https://cdn.discordapp.com/avatars/245959053501661195/285aeded16e2461bd44c8a63d91008d6.png"}, "point": 7571}, {"user": {"uid": 660, "userid": 530, "name": "Rauel", "avatar": "https://cdn.discordapp.com/avatars/313128032317472768/031312c709f076e11fb4af16bd03dc0b.png"}, "point": 7054}, {"user": {"uid": 458, "userid": 377, "name": "LordCancer420", "avatar": "https://cdn.discordapp.com/avatars/412529924805492756/38365841d4eaa1db7d73bc11bc478124.png"}, "point": 6387}, {"user": {"uid": 620, "userid": 498, "name": "Antoine", "avatar": "https://cdn.discordapp.com/avatars/1204501042063081514/79ee349b6511e2000af8a32fb8a6974e.png"}, "point": 6055}, {"user": {"uid": 504, "userid": 411, "name": "ArgotheWolf", "avatar": "https://static.truckersmp.com/avatarsN/1940165.1712798979.png"}, "point": 5812}, {"user": {"uid": 654, "userid": 526, "name": "FIREHEX931", "avatar": "https://static.truckersmp.com/avatarsN/5253451.1714940479.jpg"}, "point": 5586}, {"user": {"uid": 608, "userid": 489, "name": "Dylan aka Scott", "avatar": "https://cdn.discordapp.com/avatars/287978186732732416/269da0519b0fb3b455df1752ceec3171.png"}, "point": 5497}, {"user": {"uid": 631, "userid": 508, "name": "A$h1Ma$h1", "avatar": "https://cdn.discordapp.com/avatars/801452708547657739/bf3266b67299389596b4b5ecd7c627ce.png"}, "point": 5087}, {"user": {"uid": 672, "userid": 540, "name": "Gatinhos Fofinhos", "avatar": "https://avatars.akamai.steamstatic.com/4fb3eaefab4a3aee5c631b7a44b3617946734423_full.jpg"}, "point": 5009}, {"user": {"uid": 577, "userid": 464, "name": "\ud835\ude59\ud835\ude6e\ud835\ude61...", "avatar": "https://cdn.discordapp.com/avatars/784825526279864341/0b76ddbf318e758e0fda0f3d130589a8.png"}, "point": 4398}, {"user": {"uid": 501, "userid": 408, "name": "StrongHunter", "avatar": "https://static.truckersmp.com/avatarsN/5291373.1701634237.jpg"}, "point": 4196}, {"user": {"uid": 539, "userid": 436, "name": "Pyrozen", "avatar": "https://cdn.discordapp.com/avatars/161364596987265024/a_5fb233aca7be875c38d65789539f1b87.gif"}, "point": 4192}, {"user": {"uid": 454, "userid": 375, "name": "\ud83c\udf79Adam\ud83c\udf79", "avatar": "https://cdn.discordapp.com/avatars/1050839535904362506/5a8db3156b6bcb1056659951e1189380.png"}, "point": 4173}, {"user": {"uid": 68, "userid": 176, "name": "Ammaar", "avatar": "https://cdn.discordapp.com/avatars/611183396210737167/83c6d8f59f35509744d9eb2b420625ee.png"}, "point": 3788}, {"user": {"uid": 260, "userid": 221, "name": "NotPika", "avatar": "https://cdn.discordapp.com/avatars/1067827165556650024/47c9f5f730ebb99916f6373cf7ec75ef.png"}, "point": 3563}, {"user": {"uid": 622, "userid": 500, "name": "Yinmei", "avatar": "https://cdn.discordapp.com/avatars/1152484045549211749/3487bb42c54b1cae8115bbba55ab7617.png"}, "point": 3352}, {"user": {"uid": 50, "userid": 156, "name": "Marshallvet", "avatar": "https://cdn.discordapp.com/avatars/365295813187862568/2dc1aabcc7382486a66d1dc8f514dd2e.png"}, "point": 3280}, {"user": {"uid": 203, "userid": 194, "name": "Sajen", "avatar": "https://cdn.discordapp.com/avatars/461624630143352832/a_c84fcd98ea86e5f707a383530a5bb0ef.gif"}, "point": 3011}, {"user": {"uid": 676, "userid": 541, "name": "Scythe", "avatar": "https://cdn.discordapp.com/avatars/881824302868090941/31b234d0315d5e93f2a840a780a82ffe.png"}, "point": 2974}, {"user": {"uid": 482, "userid": 392, "name": "Wet Noodle", "avatar": "https://cdn.discordapp.com/avatars/824403778845147176/682f6dbf68952ce1dcdb8a34833920cf.png"}, "point": 2724}, {"user": {"uid": 424, "userid": 351, "name": "\u0f3a\u10e6 Chloe-Rose \u10e6\u0f3b", "avatar": "https://cdn.discordapp.com/avatars/222093180248653825/6bcdb53ab795ecc1dcce216045e8b3ac.png"}, "point": 2711}, {"user": {"uid": 4, "userid": 7, "name": "Sang0kas", "avatar": "https://cdn.discordapp.com/avatars/327061419818352641/f17a95aa48e93697f0853d91d0dd2a5f.png"}, "point": 2695}, {"user": {"uid": 463, "userid": 380, "name": "nightwolf64", "avatar": "https://cdn.discordapp.com/avatars/869142578514259979/45017b37b3e500d5861ec6491b471cf3.png"}, "point": 2693}, {"user": {"uid": 649, "userid": 522, "name": "Limo44", "avatar": "https://cdn.discordapp.com/avatars/494500573777756162/3fe6c014b1aa1e89b2564684c9e2dc91.png"}, "point": 2544}, {"user": {"uid": 561, "userid": 453, "name": "phevos", "avatar": "https://cdn.discordapp.com/avatars/622325492716011561/7de674db261521ac520b656f5089d908.png"}, "point": 2143}, {"user": {"uid": 1, "userid": 1, "name": "RevolutionUK", "avatar": "https://cdn.discordapp.com/avatars/506979177472327680/6ba1974043d1839cecb20764e66535aa.png"}, "point": 2048}, {"user": {"uid": 610, "userid": 491, "name": "zaytoven", "avatar": "https://cdn.discordapp.com/avatars/386555958685335563/fbeb103a96e2b3811c54d70f59a6ea9d.png"}, "point": 1939}, {"user": {"uid": 646, "userid": 520, "name": "nelegoman", "avatar": "https://cdn.discordapp.com/avatars/762269796842602507/2d44d8da43f4f7b6fc9783d891ca92d7.png"}, "point": 1912}, {"user": {"uid": 400, "userid": 335, "name": "LikeANoa\u30c4", "avatar": "https://cdn.discordapp.com/avatars/903619655153909770/057ea607b8b8408fe695376aabaa366a.png"}, "point": 1899}, {"user": {"uid": 680, "userid": 545, "name": "Chloee <3", "avatar": "https://cdn.discordapp.com/avatars/942134177728458839/7fdb30ffe59ce3f1b4fc3c3d88eeeae1.png"}, "point": 1874}, {"user": {"uid": 603, "userid": 484, "name": "VJvijey", "avatar": "https://cdn.discordapp.com/avatars/501001074782502912/8b10c0e8d0270629095b68200a220d3f.png"}, "point": 1870}, {"user": {"uid": 408, "userid": 341, "name": "mcomplex", "avatar": "https://cdn.discordapp.com/avatars/437616213145812992/9fb536e5f0080630e86228776cb7f85d.png"}, "point": 1664}, {"user": {"uid": 600, "userid": 483, "name": "SirKing2221", "avatar": "https://cdn.discordapp.com/avatars/1072263247031443568/17ffb0428c63d24db11d728b8f795865.png"}, "point": 1660}, {"user": {"uid": 619, "userid": 497, "name": "DonkeyBoss7688", "avatar": "https://cdn.discordapp.com/avatars/700804702748672110/2601bee8eb4ae6bf017bf9c8e88021d9.png"}, "point": 1636}, {"user": {"uid": 679, "userid": 544, "name": "Beau\u2026", "avatar": "https://cdn.discordapp.com/avatars/1029512908549394503/ba01ba3bd03dd82326a7395e5b12c88d.png"}, "point": 1624}, {"user": {"uid": 17, "userid": 357, "name": "Marshy", "avatar": "https://cdn.discordapp.com/avatars/330387231594250240/a4e910d7c6623f216898eff220e69abf.png"}, "point": 1542}, {"user": {"uid": 599, "userid": 482, "name": "dood51", "avatar": "https://cdn.discordapp.com/avatars/1215977765778489364/e2e4afccd7e82bb48dc1b4e183cb9feb.png"}, "point": 1523}, {"user": {"uid": 629, "userid": 506, "name": "Bin_Tyler", "avatar": "https://cdn.discordapp.com/avatars/778660332570804325/c854253e1f12ab7a70384535a84fae7d.png"}, "point": 1472}, {"user": {"uid": 538, "userid": 542, "name": "Mesiacik32", "avatar": "https://cdn.discordapp.com/avatars/1037005200151547934/2f9bf8ec8ef0881f633a5be6113eecf4.png"}, "point": 1340}, {"user": {"uid": 681, "userid": 547, "name": "Lushy", "avatar": "https://cdn.discordapp.com/avatars/902937161983217745/164bbb443b8acd6ca6024deab437f646.png"}, "point": 1180}, {"user": {"uid": 341, "userid": 285, "name": "Bestpadawan", "avatar": "https://cdn.discordapp.com/avatars/116954631346716680/7d9007d6c735cb957ef368c03280281f.png"}, "point": 1142}, {"user": {"uid": 49, "userid": 155, "name": "\ud835\udd43\ud835\udd56\ud835\udd5d\ud835\udd56", "avatar": "https://cdn.discordapp.com/avatars/757581408763117579/7fa86769562bcd479575f7ce3ad6003e.png"}, "point": 1093}, {"user": {"uid": 668, "userid": 536, "name": "JamesTheMan", "avatar": "https://cdn.discordapp.com/avatars/534641786845659139/7dd0b9cc8d411b324d503bafdf91ad22.png"}, "point": 1056}, {"user": {"uid": 618, "userid": 496, "name": "Lorenzo (lftt205)", "avatar": "https://cdn.discordapp.com/avatars/254870559257657344/e6795e10c6356b41ae0dde62b8555d22.png"}, "point": 1034}, {"user": {"uid": 588, "userid": 473, "name": "foxz", "avatar": "https://cdn.discordapp.com/avatars/463330571305877505/d5460cb0082e918aac262497cf11a769.png"}, "point": 1003}, {"user": {"uid": 637, "userid": 514, "name": "superprogamer147", "avatar": "https://cdn.discordapp.com/avatars/541531402731126806/e3c7841e49b35b7b6025cef486b99ef6.png"}, "point": 829}, {"user": {"uid": 385, "userid": 325, "name": "ladbur2000xx", "avatar": "https://cdn.discordapp.com/avatars/971245090267881474/b9b9c6d735bc88afabe74203e5481492.png"}, "point": 756}, {"user": {"uid": 557, "userid": 452, "name": "Your Local Joker", "avatar": "https://cdn.discordapp.com/avatars/473771834022690817/0531f330ab848524faf2fb1e44dd4aa9.png"}, "point": 735}, {"user": {"uid": 607, "userid": 488, "name": "Alfie W.", "avatar": "https://cdn.discordapp.com/avatars/1211337860096196668/caad57f8ef0c2bca1497699fb3e21b8c.png"}, "point": 572}, {"user": {"uid": 438, "userid": 363, "name": "\u0280\u1d00s\u1d0f\u1d21\u028f \u1d0b\u1d0f\u029f\u1d07\u0262\u1d00", "avatar": "https://cdn.discordapp.com/avatars/1164444779623489562/17cd2d0d8bfbe9effc22e858b0303661.png"}, "point": 561}, {"user": {"uid": 231, "userid": 208, "name": "flo555", "avatar": "https://cdn.discordapp.com/avatars/736237365235941466/40914e01983cef1afed53aaa4a530b49.png"}, "point": 534}, {"user": {"uid": 671, "userid": 538, "name": "Nom", "avatar": "https://cdn.discordapp.com/avatars/675210278228721694/ac7a89a7b91a9e332b3af3e2b6e64a8e.png"}, "point": 417}, {"user": {"uid": 666, "userid": 534, "name": "Muzammil Ali", "avatar": "https://cdn.discordapp.com/avatars/1083771090351968286/96cc9c798e4cb00176b4bd4efa59fa3f.png"}, "point": 393}, {"user": {"uid": 617, "userid": 494, "name": "wivson", "avatar": "https://cdn.discordapp.com/avatars/952247435185496164/fbd4b45d1f0c777e36db54cf256dafba.png"}, "point": 373}, {"user": {"uid": 669, "userid": 537, "name": "toast", "avatar": "https://cdn.discordapp.com/avatars/504369205454307332/5b5bd5a16f5d7eeaf6de4b5ae2851c76.png"}, "point": 356}, {"user": {"uid": 428, "userid": 355, "name": "Mesterlol", "avatar": "https://cdn.discordapp.com/avatars/670641506033467409/a_2f14343df687335c63f7e07780fcddaf.gif"}, "point": 337}, {"user": {"uid": 585, "userid": 469, "name": "Yannis", "avatar": "https://cdn.discordapp.com/avatars/958692090550845520/df39a249414d1cf57d44a196b8dc2b91.png"}, "point": 232}, {"user": {"uid": 456, "userid": 374, "name": "Jaroslavan1", "avatar": "https://static.truckersmp.com/avatarsN/defaultavatar.png"}, "point": 221}, {"user": {"uid": 621, "userid": 499, "name": "apw", "avatar": "https://cdn.discordapp.com/avatars/721204983646912513/04f78bbe5f7084650bd2845c38210d13.png"}, "point": 184}, {"user": {"uid": 655, "userid": 527, "name": "J. Scism", "avatar": "https://cdn.discordapp.com/avatars/854550986496540692/507110adf9bc6324fe36a059f5b2a728.png"}, "point": 155}, {"user": {"uid": 483, "userid": 394, "name": "Xikxzy", "avatar": "https://cdn.discordapp.com/avatars/960949402191683595/1270700e622dfb0e702498378ecf1317.png"}, "point": 98}, {"user": {"uid": 574, "userid": 462, "name": "\ua7a8\u0243\u0393-\ua7a6\u039e\u16d7\ua7a8", "avatar": "https://cdn.discordapp.com/avatars/986563915544682527/a475b428e0bc1c5ee47efbdbefbfe03a.png"}, "point": 0}], "fma": [{"user": {"uid": 636, "userid": 513, "name": "MementoMori", "avatar": "https://cdn.discordapp.com/avatars/978142750681731182/884e73c1f41e29c7cc3518441545a1f8.png"}, "point": 83317}, {"user": {"uid": 551, "userid": 448, "name": "Capt_Tom", "avatar": "https://cdn.discordapp.com/avatars/1189926623739400235/76a1784b7640fe89bfca945587db07e3.png"}, "point": 78542}, {"user": {"uid": 25, "userid": 96, "name": "[G-T-R]GrayWolf", "avatar": "https://cdn.discordapp.com/avatars/463049453067173888/93e0f855de1c1bcdf6924d45b1789338.png"}, "point": 45443}, {"user": {"uid": 609, "userid": 490, "name": "ralkinvx", "avatar": "https://cdn.discordapp.com/avatars/626276063609225221/cdf27d657698337dc22e9a4ba4736900.png"}, "point": 37649}, {"user": {"uid": 648, "userid": 521, "name": "Sandro", "avatar": "https://cdn.discordapp.com/avatars/221992990275534848/5502ab9ba51414716bca672635e36ccc.png"}, "point": 36435}, {"user": {"uid": 651, "userid": 523, "name": "Elfik", "avatar": "https://cdn.discordapp.com/avatars/648958483185795083/8f18b7e6f4570233b30ed904712c00da.png"}, "point": 25881}, {"user": {"uid": 427, "userid": 353, "name": "Versthappening", "avatar": "https://cdn.discordapp.com/avatars/851032564801077258/b6762130b06d88078b10d519887e731b.png"}, "point": 20672}, {"user": {"uid": 402, "userid": 337, "name": "viriusek", "avatar": "https://cdn.discordapp.com/avatars/814466964918370305/78f995b4dea90ade36a4984506d67d5b.png"}, "point": 20077}, {"user": {"uid": 396, "userid": 331, "name": "Lucas", "avatar": "https://cdn.discordapp.com/avatars/1004644388888117258/ea826f4f3083b8b805c29d765c52e04f.png"}, "point": 18312}, {"user": {"uid": 664, "userid": 533, "name": "Oscar", "avatar": "https://cdn.discordapp.com/avatars/753279277679640647/469bd493af1db8a90fc0fe5b999147a1.png"}, "point": 17698}, {"user": {"uid": 516, "userid": 417, "name": "Ravsh1k", "avatar": "https://cdn.discordapp.com/avatars/901846074740858890/d8ce555a273409259cad27c86b082469.png"}, "point": 16816}, {"user": {"uid": 595, "userid": 479, "name": "Championrub", "avatar": "https://cdn.discordapp.com/avatars/811982277474123786/57632d6c13f4de8235b03acd0aba016e.png"}, "point": 16676}, {"user": {"uid": 578, "userid": 465, "name": "indowes", "avatar": "https://cdn.discordapp.com/avatars/556782581626961920/4f21483bc72236511d1bd929721efbdc.png"}, "point": 16536}, {"user": {"uid": 480, "userid": 395, "name": "Sh0tBlow", "avatar": "https://cdn.discordapp.com/avatars/462991116279611392/87bf1e3b76d220025f3fb4b0029427f8.png"}, "point": 16273}, {"user": {"uid": 678, "userid": 543, "name": "Poco", "avatar": "https://cdn.discordapp.com/avatars/396291126002188298/26e461e154bf9db4d6fc492c395aaa65.png"}, "point": 14825}, {"user": {"uid": 642, "userid": 516, "name": "Aljaz Miklic", "avatar": "https://cdn.discordapp.com/avatars/771794563680436234/1d775092d4983d2143b8a4f98b6b0979.png"}, "point": 14770}, {"user": {"uid": 675, "userid": 539, "name": "gamer2dk", "avatar": "https://cdn.discordapp.com/avatars/888475573284925461/02a35533764a55b05b0d49a7155adad3.png"}, "point": 13084}, {"user": {"uid": 652, "userid": 524, "name": "[026] Aurelio Russo", "avatar": ""}, "point": 12349}, {"user": {"uid": 643, "userid": 518, "name": "modunga fodunga", "avatar": "https://cdn.discordapp.com/avatars/975800453986136114/4b29d690fbcaea1ab4410acbcc0ba316.png"}, "point": 11933}, {"user": {"uid": 579, "userid": 466, "name": "pieter.64", "avatar": "https://cdn.discordapp.com/avatars/324877891852828683/00632119b31752fcb8171bbb4279d1f8.png"}, "point": 11722}, {"user": {"uid": 663, "userid": 532, "name": "Cardigaso", "avatar": "https://cdn.discordapp.com/avatars/1125047721863163974/cc9a8c66b569f73b2dd8c694988747df.png"}, "point": 10334}, {"user": {"uid": 468, "userid": 384, "name": "AshleyHavier", "avatar": "https://cdn.discordapp.com/avatars/1171865337839505420/fd6b7f6f8d383b9102aa6b0ff7f837c2.png"}, "point": 9465}, {"user": {"uid": 658, "userid": 528, "name": "SINIST3R", "avatar": "https://cdn.discordapp.com/avatars/269558565180538882/61dd08030cb3986506544afe22066c8a.png"}, "point": 8305}, {"user": {"uid": 667, "userid": 535, "name": "cxramic", "avatar": "https://cdn.discordapp.com/avatars/1157288014599426050/54f13430863655d4235702c6473518e0.png"}, "point": 8216}, {"user": {"uid": 212, "userid": 201, "name": "nasht7", "avatar": "https://cdn.discordapp.com/avatars/478817763172024322/a947cf0bc4d7f21695c683d13a485521.png"}, "point": 8082}, {"user": {"uid": 657, "userid": 529, "name": "DavidDML21", "avatar": "https://cdn.discordapp.com/avatars/245959053501661195/285aeded16e2461bd44c8a63d91008d6.png"}, "point": 7571}, {"user": {"uid": 660, "userid": 530, "name": "Rauel", "avatar": "https://cdn.discordapp.com/avatars/313128032317472768/031312c709f076e11fb4af16bd03dc0b.png"}, "point": 7054}, {"user": {"uid": 458, "userid": 377, "name": "LordCancer420", "avatar": "https://cdn.discordapp.com/avatars/412529924805492756/38365841d4eaa1db7d73bc11bc478124.png"}, "point": 6787}, {"user": {"uid": 620, "userid": 498, "name": "Antoine", "avatar": "https://cdn.discordapp.com/avatars/1204501042063081514/79ee349b6511e2000af8a32fb8a6974e.png"}, "point": 6055}, {"user": {"uid": 504, "userid": 411, "name": "ArgotheWolf", "avatar": "https://static.truckersmp.com/avatarsN/1940165.1712798979.png"}, "point": 5812}, {"user": {"uid": 654, "userid": 526, "name": "FIREHEX931", "avatar": "https://static.truckersmp.com/avatarsN/5253451.1714940479.jpg"}, "point": 5586}, {"user": {"uid": 608, "userid": 489, "name": "Dylan aka Scott", "avatar": "https://cdn.discordapp.com/avatars/287978186732732416/269da0519b0fb3b455df1752ceec3171.png"}, "point": 5497}, {"user": {"uid": 501, "userid": 408, "name": "StrongHunter", "avatar": "https://static.truckersmp.com/avatarsN/5291373.1701634237.jpg"}, "point": 5386}, {"user": {"uid": 260, "userid": 221, "name": "NotPika", "avatar": "https://cdn.discordapp.com/avatars/1067827165556650024/47c9f5f730ebb99916f6373cf7ec75ef.png"}, "point": 5115}, {"user": {"uid": 631, "userid": 508, "name": "A$h1Ma$h1", "avatar": "https://cdn.discordapp.com/avatars/801452708547657739/bf3266b67299389596b4b5ecd7c627ce.png"}, "point": 5087}, {"user": {"uid": 672, "userid": 540, "name": "Gatinhos Fofinhos", "avatar": "https://avatars.akamai.steamstatic.com/4fb3eaefab4a3aee5c631b7a44b3617946734423_full.jpg"}, "point": 5009}, {"user": {"uid": 454, "userid": 375, "name": "\ud83c\udf79Adam\ud83c\udf79", "avatar": "https://cdn.discordapp.com/avatars/1050839535904362506/5a8db3156b6bcb1056659951e1189380.png"}, "point": 4973}, {"user": {"uid": 577, "userid": 464, "name": "\ud835\ude59\ud835\ude6e\ud835\ude61...", "avatar": "https://cdn.discordapp.com/avatars/784825526279864341/0b76ddbf318e758e0fda0f3d130589a8.png"}, "point": 4398}, {"user": {"uid": 203, "userid": 194, "name": "Sajen", "avatar": "https://cdn.discordapp.com/avatars/461624630143352832/a_c84fcd98ea86e5f707a383530a5bb0ef.gif"}, "point": 4311}, {"user": {"uid": 539, "userid": 436, "name": "Pyrozen", "avatar": "https://cdn.discordapp.com/avatars/161364596987265024/a_5fb233aca7be875c38d65789539f1b87.gif"}, "point": 4192}, {"user": {"uid": 68, "userid": 176, "name": "Ammaar", "avatar": "https://cdn.discordapp.com/avatars/611183396210737167/83c6d8f59f35509744d9eb2b420625ee.png"}, "point": 3788}, {"user": {"uid": 622, "userid": 500, "name": "Yinmei", "avatar": "https://cdn.discordapp.com/avatars/1152484045549211749/3487bb42c54b1cae8115bbba55ab7617.png"}, "point": 3352}, {"user": {"uid": 50, "userid": 156, "name": "Marshallvet", "avatar": "https://cdn.discordapp.com/avatars/365295813187862568/2dc1aabcc7382486a66d1dc8f514dd2e.png"}, "point": 3280}, {"user": {"uid": 424, "userid": 351, "name": "\u0f3a\u10e6 Chloe-Rose \u10e6\u0f3b", "avatar": "https://cdn.discordapp.com/avatars/222093180248653825/6bcdb53ab795ecc1dcce216045e8b3ac.png"}, "point": 3111}, {"user": {"uid": 676, "userid": 541, "name": "Scythe", "avatar": "https://cdn.discordapp.com/avatars/881824302868090941/31b234d0315d5e93f2a840a780a82ffe.png"}, "point": 2974}, {"user": {"uid": 603, "userid": 484, "name": "VJvijey", "avatar": "https://cdn.discordapp.com/avatars/501001074782502912/8b10c0e8d0270629095b68200a220d3f.png"}, "point": 2850}, {"user": {"uid": 610, "userid": 491, "name": "zaytoven", "avatar": "https://cdn.discordapp.com/avatars/386555958685335563/fbeb103a96e2b3811c54d70f59a6ea9d.png"}, "point": 2829}, {"user": {"uid": 482, "userid": 392, "name": "Wet Noodle", "avatar": "https://cdn.discordapp.com/avatars/824403778845147176/682f6dbf68952ce1dcdb8a34833920cf.png"}, "point": 2724}, {"user": {"uid": 4, "userid": 7, "name": "Sang0kas", "avatar": "https://cdn.discordapp.com/avatars/327061419818352641/f17a95aa48e93697f0853d91d0dd2a5f.png"}, "point": 2695}, {"user": {"uid": 463, "userid": 380, "name": "nightwolf64", "avatar": "https://cdn.discordapp.com/avatars/869142578514259979/45017b37b3e500d5861ec6491b471cf3.png"}, "point": 2693}, {"user": {"uid": 649, "userid": 522, "name": "Limo44", "avatar": "https://cdn.discordapp.com/avatars/494500573777756162/3fe6c014b1aa1e89b2564684c9e2dc91.png"}, "point": 2544}, {"user": {"uid": 561, "userid": 453, "name": "phevos", "avatar": "https://cdn.discordapp.com/avatars/622325492716011561/7de674db261521ac520b656f5089d908.png"}, "point": 2143}, {"user": {"uid": 1, "userid": 1, "name": "RevolutionUK", "avatar": "https://cdn.discordapp.com/avatars/506979177472327680/6ba1974043d1839cecb20764e66535aa.png"}, "point": 2048}, {"user": {"uid": 619, "userid": 497, "name": "DonkeyBoss7688", "avatar": "https://cdn.discordapp.com/avatars/700804702748672110/2601bee8eb4ae6bf017bf9c8e88021d9.png"}, "point": 2036}, {"user": {"uid": 646, "userid": 520, "name": "nelegoman", "avatar": "https://cdn.discordapp.com/avatars/762269796842602507/2d44d8da43f4f7b6fc9783d891ca92d7.png"}, "point": 1912}, {"user": {"uid": 400, "userid": 335, "name": "LikeANoa\u30c4", "avatar": "https://cdn.discordapp.com/avatars/903619655153909770/057ea607b8b8408fe695376aabaa366a.png"}, "point": 1899}, {"user": {"uid": 680, "userid": 545, "name": "Chloee <3", "avatar": "https://cdn.discordapp.com/avatars/942134177728458839/7fdb30ffe59ce3f1b4fc3c3d88eeeae1.png"}, "point": 1874}, {"user": {"uid": 408, "userid": 341, "name": "mcomplex", "avatar": "https://cdn.discordapp.com/avatars/437616213145812992/9fb536e5f0080630e86228776cb7f85d.png"}, "point": 1664}, {"user": {"uid": 600, "userid": 483, "name": "SirKing2221", "avatar": "https://cdn.discordapp.com/avatars/1072263247031443568/17ffb0428c63d24db11d728b8f795865.png"}, "point": 1660}, {"user": {"uid": 679, "userid": 544, "name": "Beau\u2026", "avatar": "https://cdn.discordapp.com/avatars/1029512908549394503/ba01ba3bd03dd82326a7395e5b12c88d.png"}, "point": 1624}, {"user": {"uid": 17, "userid": 357, "name": "Marshy", "avatar": "https://cdn.discordapp.com/avatars/330387231594250240/a4e910d7c6623f216898eff220e69abf.png"}, "point": 1542}, {"user": {"uid": 599, "userid": 482, "name": "dood51", "avatar": "https://cdn.discordapp.com/avatars/1215977765778489364/e2e4afccd7e82bb48dc1b4e183cb9feb.png"}, "point": 1523}, {"user": {"uid": 629, "userid": 506, "name": "Bin_Tyler", "avatar": "https://cdn.discordapp.com/avatars/778660332570804325/c854253e1f12ab7a70384535a84fae7d.png"}, "point": 1472}, {"user": {"uid": 668, "userid": 536, "name": "JamesTheMan", "avatar": "https://cdn.discordapp.com/avatars/534641786845659139/7dd0b9cc8d411b324d503bafdf91ad22.png"}, "point": 1456}, {"user": {"uid": 618, "userid": 496, "name": "Lorenzo (lftt205)", "avatar": "https://cdn.discordapp.com/avatars/254870559257657344/e6795e10c6356b41ae0dde62b8555d22.png"}, "point": 1434}, {"user": {"uid": 538, "userid": 542, "name": "Mesiacik32", "avatar": "https://cdn.discordapp.com/avatars/1037005200151547934/2f9bf8ec8ef0881f633a5be6113eecf4.png"}, "point": 1340}, {"user": {"uid": 49, "userid": 155, "name": "\ud835\udd43\ud835\udd56\ud835\udd5d\ud835\udd56", "avatar": "https://cdn.discordapp.com/avatars/757581408763117579/7fa86769562bcd479575f7ce3ad6003e.png"}, "point": 1193}, {"user": {"uid": 681, "userid": 547, "name": "Lushy", "avatar": "https://cdn.discordapp.com/avatars/902937161983217745/164bbb443b8acd6ca6024deab437f646.png"}, "point": 1180}, {"user": {"uid": 341, "userid": 285, "name": "Bestpadawan", "avatar": "https://cdn.discordapp.com/avatars/116954631346716680/7d9007d6c735cb957ef368c03280281f.png"}, "point": 1142}, {"user": {"uid": 588, "userid": 473, "name": "foxz", "avatar": "https://cdn.discordapp.com/avatars/463330571305877505/d5460cb0082e918aac262497cf11a769.png"}, "point": 1003}, {"user": {"uid": 637, "userid": 514, "name": "superprogamer147", "avatar": "https://cdn.discordapp.com/avatars/541531402731126806/e3c7841e49b35b7b6025cef486b99ef6.png"}, "point": 829}, {"user": {"uid": 385, "userid": 325, "name": "ladbur2000xx", "avatar": "https://cdn.discordapp.com/avatars/971245090267881474/b9b9c6d735bc88afabe74203e5481492.png"}, "point": 756}, {"user": {"uid": 557, "userid": 452, "name": "Your Local Joker", "avatar": "https://cdn.discordapp.com/avatars/473771834022690817/0531f330ab848524faf2fb1e44dd4aa9.png"}, "point": 735}, {"user": {"uid": 607, "userid": 488, "name": "Alfie W.", "avatar": "https://cdn.discordapp.com/avatars/1211337860096196668/caad57f8ef0c2bca1497699fb3e21b8c.png"}, "point": 572}, {"user": {"uid": 438, "userid": 363, "name": "\u0280\u1d00s\u1d0f\u1d21\u028f \u1d0b\u1d0f\u029f\u1d07\u0262\u1d00", "avatar": "https://cdn.discordapp.com/avatars/1164444779623489562/17cd2d0d8bfbe9effc22e858b0303661.png"}, "point": 561}, {"user": {"uid": 231, "userid": 208, "name": "flo555", "avatar": "https://cdn.discordapp.com/avatars/736237365235941466/40914e01983cef1afed53aaa4a530b49.png"}, "point": 534}, {"user": {"uid": 671, "userid": 538, "name": "Nom", "avatar": "https://cdn.discordapp.com/avatars/675210278228721694/ac7a89a7b91a9e332b3af3e2b6e64a8e.png"}, "point": 417}, {"user": {"uid": 574, "userid": 462, "name": "\ua7a8\u0243\u0393-\ua7a6\u039e\u16d7\ua7a8", "avatar": "https://cdn.discordapp.com/avatars/986563915544682527/a475b428e0bc1c5ee47efbdbefbfe03a.png"}, "point": 400}, {"user": {"uid": 666, "userid": 534, "name": "Muzammil Ali", "avatar": "https://cdn.discordapp.com/avatars/1083771090351968286/96cc9c798e4cb00176b4bd4efa59fa3f.png"}, "point": 393}, {"user": {"uid": 617, "userid": 494, "name": "wivson", "avatar": "https://cdn.discordapp.com/avatars/952247435185496164/fbd4b45d1f0c777e36db54cf256dafba.png"}, "point": 373}, {"user": {"uid": 669, "userid": 537, "name": "toast", "avatar": "https://cdn.discordapp.com/avatars/504369205454307332/5b5bd5a16f5d7eeaf6de4b5ae2851c76.png"}, "point": 356}, {"user": {"uid": 428, "userid": 355, "name": "Mesterlol", "avatar": "https://cdn.discordapp.com/avatars/670641506033467409/a_2f14343df687335c63f7e07780fcddaf.gif"}, "point": 337}, {"user": {"uid": 585, "userid": 469, "name": "Yannis", "avatar": "https://cdn.discordapp.com/avatars/958692090550845520/df39a249414d1cf57d44a196b8dc2b91.png"}, "point": 232}, {"user": {"uid": 456, "userid": 374, "name": "Jaroslavan1", "avatar": "https://static.truckersmp.com/avatarsN/defaultavatar.png"}, "point": 221}, {"user": {"uid": 621, "userid": 499, "name": "apw", "avatar": "https://cdn.discordapp.com/avatars/721204983646912513/04f78bbe5f7084650bd2845c38210d13.png"}, "point": 184}, {"user": {"uid": 655, "userid": 527, "name": "J. Scism", "avatar": "https://cdn.discordapp.com/avatars/854550986496540692/507110adf9bc6324fe36a059f5b2a728.png"}, "point": 155}, {"user": {"uid": 483, "userid": 394, "name": "Xikxzy", "avatar": "https://cdn.discordapp.com/avatars/960949402191683595/1270700e622dfb0e702498378ecf1317.png"}, "point": 98}]}