{"fmd": [{"user": {"uid": 1, "userid": 1, "name": "Chinchulines", "avatar": "https://static.truckersmp.com/avatarsN/5157719.1708998904.png"}, "point": 45558}, {"user": {"uid": 14, "userid": 11, "name": "ELCARLOS.69", "avatar": "https://avatars.steamstatic.com/fef49e7fa7e1997310d705b2a6158ff8dc1cdfeb_full.jpg"}, "point": 31648}, {"user": {"uid": 3, "userid": 2, "name": "el_uruguayop", "avatar": "https://avatars.steamstatic.com/f559eb3f2353a53b1056d03c2968037b59fec846_full.jpg"}, "point": 26776}, {"user": {"uid": 8, "userid": 4, "name": "fruttinicolas", "avatar": "https://avatars.steamstatic.com/5b0cc45fd9b42f0402fee7d8375e115427c8c2dc_full.jpg"}, "point": 20371}, {"user": {"uid": 17, "userid": 13, "name": "XxxDestinxxX", "avatar": "https://avatars.steamstatic.com/fb13c981f47d8ffe3baecc5e0a1d6ac5d927973c_full.jpg"}, "point": 13327}, {"user": {"uid": 12, "userid": 9, "name": "Rakterion", "avatar": "https://avatars.steamstatic.com/c3c2be1c64ebbb22961b3639239f7ce18fccdfac_full.jpg"}, "point": 10081}, {"user": {"uid": 5, "userid": 7, "name": "H. Salamanca", "avatar": "https://avatars.steamstatic.com/13327a4e2eb8f0b61f58ef98f8904599b1d7b16b_full.jpg"}, "point": 8976}, {"user": {"uid": 10, "userid": 6, "name": "lucas avalos", "avatar": "https://avatars.steamstatic.com/fef49e7fa7e1997310d705b2a6158ff8dc1cdfeb_full.jpg"}, "point": 2745}, {"user": {"uid": 9, "userid": 5, "name": "Gabrox300", "avatar": "https://avatars.steamstatic.com/c07fb8ee13cbcf4f88c3f7f9b1d112538ad4c2aa_full.jpg"}, "point": 1247}, {"user": {"uid": 15, "userid": 12, "name": "\ud83d\udd25LeandroG\ud83d\udd25", "avatar": "https://cdn.discordapp.com/avatars/582745971557924864/af9c115fb3aeef08e20222fd441d1ae8.png"}, "point": 881}, {"user": {"uid": 4, "userid": 3, "name": "Fedepronet123", "avatar": "https://avatars.steamstatic.com/09677ae067efa1266a2ca93d1c13db774d16f350_full.jpg"}, "point": 0}], "fma": [{"user": {"uid": 1, "userid": 1, "name": "Chinchulines", "avatar": "https://static.truckersmp.com/avatarsN/5157719.1708998904.png"}, "point": 67632}, {"user": {"uid": 8, "userid": 4, "name": "fruttinicolas", "avatar": "https://avatars.steamstatic.com/5b0cc45fd9b42f0402fee7d8375e115427c8c2dc_full.jpg"}, "point": 59681}, {"user": {"uid": 3, "userid": 2, "name": "el_uruguayop", "avatar": "https://avatars.steamstatic.com/f559eb3f2353a53b1056d03c2968037b59fec846_full.jpg"}, "point": 42987}, {"user": {"uid": 14, "userid": 11, "name": "ELCARLOS.69", "avatar": "https://avatars.steamstatic.com/fef49e7fa7e1997310d705b2a6158ff8dc1cdfeb_full.jpg"}, "point": 35548}, {"user": {"uid": 17, "userid": 13, "name": "XxxDestinxxX", "avatar": "https://avatars.steamstatic.com/fb13c981f47d8ffe3baecc5e0a1d6ac5d927973c_full.jpg"}, "point": 18327}, {"user": {"uid": 5, "userid": 7, "name": "H. Salamanca", "avatar": "https://avatars.steamstatic.com/13327a4e2eb8f0b61f58ef98f8904599b1d7b16b_full.jpg"}, "point": 12976}, {"user": {"uid": 12, "userid": 9, "name": "Rakterion", "avatar": "https://avatars.steamstatic.com/c3c2be1c64ebbb22961b3639239f7ce18fccdfac_full.jpg"}, "point": 11281}, {"user": {"uid": 9, "userid": 5, "name": "Gabrox300", "avatar": "https://avatars.steamstatic.com/c07fb8ee13cbcf4f88c3f7f9b1d112538ad4c2aa_full.jpg"}, "point": 6247}, {"user": {"uid": 10, "userid": 6, "name": "lucas avalos", "avatar": "https://avatars.steamstatic.com/fef49e7fa7e1997310d705b2a6158ff8dc1cdfeb_full.jpg"}, "point": 3745}, {"user": {"uid": 15, "userid": 12, "name": "\ud83d\udd25LeandroG\ud83d\udd25", "avatar": "https://cdn.discordapp.com/avatars/582745971557924864/af9c115fb3aeef08e20222fd441d1ae8.png"}, "point": 881}, {"user": {"uid": 4, "userid": 3, "name": "Fedepronet123", "avatar": "https://avatars.steamstatic.com/09677ae067efa1266a2ca93d1c13db774d16f350_full.jpg"}, "point": 200}]}