{"fmd": [{"user": {"uid": 203, "userid": 173, "name": "(DR) Billy1bob", "avatar": ""}, "point": 242485}, {"user": {"uid": 212, "userid": 182, "name": "Sexual_Bullet", "avatar": "https://avatars.steamstatic.com/13d537e3111e55e43efa7c4d40292ea6ff8d152d_full.jpg"}, "point": 63985}, {"user": {"uid": 210, "userid": 180, "name": "(DRT) Dark_age_gamer (Stuart)", "avatar": "https://cdn.discordapp.com/avatars/952110105028079668/925f4268ce0ee99d5da863af64fba716.png"}, "point": 47216}, {"user": {"uid": 6, "userid": 3, "name": "(Co Owner) Angry Raptor", "avatar": "https://cdn.discordapp.com/avatars/474484979548815360/6347a182410a674dfb6f831275c1b803.png"}, "point": 33966}, {"user": {"uid": 171, "userid": 144, "name": "(DR) P3rran", "avatar": "https://cdn.discordapp.com/avatars/495694046413717524/fac894c68850acc52cd9a5c1e354fa57.png"}, "point": 33333}, {"user": {"uid": 1, "userid": 0, "name": "LOA (Owner) Essex", "avatar": "https://cdn.discordapp.com/avatars/986728515892285461/a_c4301bd78f1d1d60c25f66672af89a9a.gif"}, "point": 29053}, {"user": {"uid": 202, "userid": 172, "name": "(DR) WeeMenace06", "avatar": "https://cdn.discordapp.com/avatars/970355206590181376/76a0b6ef3a5eca2c11e5ca399efa3a52.png"}, "point": 26155}, {"user": {"uid": 192, "userid": 163, "name": "(DR) Diican", "avatar": ""}, "point": 26044}, {"user": {"uid": 28, "userid": 23, "name": "(CEO) Pete (DND)", "avatar": "https://cdn.discordapp.com/avatars/316660255872516106/8a2dca3b679afae90df18edc44b1584c.png"}, "point": 23222}, {"user": {"uid": 13, "userid": 9, "name": "(Co Owner) BRDYVPR", "avatar": "https://cdn.discordapp.com/avatars/760196239022489633/e52474f8d25af8ac2dbffaddb6943c37.png"}, "point": 19897}, {"user": {"uid": 205, "userid": 175, "name": "(DR) Magnusw001", "avatar": "https://cdn.discordapp.com/avatars/813730694869811211/820e80ec325b3958169fe25811a8c668.png"}, "point": 19361}, {"user": {"uid": 128, "userid": 103, "name": "(DR) johnny7610", "avatar": "https://cdn.discordapp.com/avatars/191355230326095878/dc8aefac45d186a6c649ecc1e8efb7ba.png"}, "point": 16907}, {"user": {"uid": 209, "userid": 179, "name": "(DRT) celticcarrots", "avatar": "https://cdn.discordapp.com/avatars/387561475709075466/8a663c0e4edf64e2828bb3ed0de97bf4.png"}, "point": 14768}, {"user": {"uid": 180, "userid": 152, "name": "(DRT) Fredm240i (TeslaTrucker08)", "avatar": "https://cdn.discordapp.com/avatars/862380226965143572/310ea0bf4a810f46994ad13a581aa357.png"}, "point": 10304}, {"user": {"uid": 211, "userid": 181, "name": "(DRT) Contraband", "avatar": "https://cdn.discordapp.com/avatars/1066324227944370196/0df2448f00cae715609f70ac3e2438f4.png"}, "point": 7595}, {"user": {"uid": 173, "userid": 146, "name": "(DR) Liam", "avatar": "https://cdn.discordapp.com/avatars/851490830840889354/5573f1564aacc140704ae8b24f22b114.png"}, "point": 7479}, {"user": {"uid": 147, "userid": 121, "name": "(DR) Bait", "avatar": "https://cdn.discordapp.com/avatars/784933468768305152/bd96fdb7307124edc59dac71d429f36d.png"}, "point": 7029}, {"user": {"uid": 163, "userid": 136, "name": "(DR) Null", "avatar": "https://cdn.discordapp.com/avatars/290431163326005250/07183c9877bfd1af888069f859f26c31.png"}, "point": 6176}, {"user": {"uid": 206, "userid": 176, "name": "(DR) Peezy", "avatar": "https://cdn.discordapp.com/avatars/893533804629749791/1c7acf5f60705a5ee5b0667ebf60f86e.png"}, "point": 3646}, {"user": {"uid": 199, "userid": 169, "name": "(DR) User5029", "avatar": "https://cdn.discordapp.com/avatars/721416593166303352/afa8c7025775e1fe06693b6d84c2c407.png"}, "point": 3276}, {"user": {"uid": 79, "userid": 65, "name": "(DR) Pranto Sarker", "avatar": "https://cdn.discordapp.com/avatars/308254991385231371/aab66cdf57aa340b8439bdcdf609d5fd.png"}, "point": 2889}, {"user": {"uid": 132, "userid": 107, "name": "(DR) ICECASTLEII", "avatar": "https://cdn.discordapp.com/avatars/737992053082030091/3082ba6448a957be5deef0273a3047b4.png"}, "point": 2847}, {"user": {"uid": 5, "userid": 2, "name": "(Founder) Boss \ud835\udcd9\ud835\udcf8\ud835\udcfb\ud835\udced1498", "avatar": "https://cdn.discordapp.com/avatars/613745490646925352/64aef3a50f31a7fbf4deca8ad2915a69.png"}, "point": 2819}, {"user": {"uid": 207, "userid": 177, "name": "(DRT) JT352", "avatar": "https://cdn.discordapp.com/attachments/1120759951913132172/1237889069363761184/New_Logo.png?ex=663d4989&is=663bf809&hm=b7c7bfca0d432fb2ed6d1465f21983a68c1b09099b567c892b318380b0e6bf99&"}, "point": 2650}, {"user": {"uid": 144, "userid": 118, "name": "(DR) Hosso", "avatar": "https://cdn.discordapp.com/avatars/872618725281505321/47ea03b91cd14d27c548bcb8f1da42b5.png"}, "point": 2471}, {"user": {"uid": 159, "userid": 132, "name": "(DR) JMCGPHOTGRAPHY", "avatar": "https://cdn.discordapp.com/avatars/909849031100989450/175672eb7ba5131485de4f8dc0a52d17.png"}, "point": 2155}, {"user": {"uid": 214, "userid": 184, "name": "(DRT) Ryan's Bus Place", "avatar": "https://cdn.discordapp.com/avatars/1150091824124395621/ddc46e21f531d8edea729ec5055a65b0.png"}, "point": 1586}, {"user": {"uid": 137, "userid": 111, "name": "[LOA] (DR) The Fallen", "avatar": "https://cdn.discordapp.com/avatars/365176026872938506/e3a0fb6fc3e046f79a25a0bee6311616.png"}, "point": 1502}, {"user": {"uid": 63, "userid": 50, "name": "(DR) Rubie", "avatar": "https://cdn.discordapp.com/avatars/768527805549641729/35552f09af2efc91cea70391485bb7e2.png"}, "point": 1172}, {"user": {"uid": 213, "userid": 183, "name": "(DRT) jackbilling (neowwwwwwwwm)", "avatar": "https://cdn.discordapp.com/avatars/469877863500218390/7148f4839b4d96df218355f2447deba4.png"}, "point": 925}, {"user": {"uid": 112, "userid": 92, "name": "(DR) Shanny", "avatar": ""}, "point": 796}, {"user": {"uid": 183, "userid": 155, "name": "(DR) Stuart Green", "avatar": "https://cdn.discordapp.com/avatars/561116804685234196/ebd7eac27d7b1caa7af6683903e1ca07.png"}, "point": 740}, {"user": {"uid": 30, "userid": 25, "name": "(DR) joey1984", "avatar": "https://cdn.discordapp.com/avatars/687774792102838354/a_98a5677a253f92bb94481089c846e36e.gif"}, "point": 565}, {"user": {"uid": 208, "userid": 178, "name": "(DRT) hullfc203 (truckingboss90)", "avatar": "https://cdn.discordapp.com/avatars/434696049962254336/a6491b27e31a4418d691d09bbc3b636e.png"}, "point": 242}, {"user": {"uid": 148, "userid": 122, "name": "(DR) DenZo", "avatar": "https://cdn.discordapp.com/avatars/566970132963000320/5726328d7f6569c6fe770efeb59ef791.png"}, "point": 236}, {"user": {"uid": 156, "userid": 129, "name": "(DR) dariuss", "avatar": "https://cdn.discordapp.com/avatars/941518932135776257/58df44b337962ebca7bddc3de0d4f593.png"}, "point": 0}, {"user": {"uid": 196, "userid": 166, "name": "(DR) Luke", "avatar": "https://cdn.discordapp.com/avatars/924745071142780948/99bb4917e766bed414a04777f06a682a.png"}, "point": 0}], "fma": [{"user": {"uid": 203, "userid": 173, "name": "(DR) Billy1bob", "avatar": ""}, "point": 244575}, {"user": {"uid": 212, "userid": 182, "name": "Sexual_Bullet", "avatar": "https://avatars.steamstatic.com/13d537e3111e55e43efa7c4d40292ea6ff8d152d_full.jpg"}, "point": 69005}, {"user": {"uid": 210, "userid": 180, "name": "(DRT) Dark_age_gamer (Stuart)", "avatar": "https://cdn.discordapp.com/avatars/952110105028079668/925f4268ce0ee99d5da863af64fba716.png"}, "point": 47216}, {"user": {"uid": 6, "userid": 3, "name": "(Co Owner) Angry Raptor", "avatar": "https://cdn.discordapp.com/avatars/474484979548815360/6347a182410a674dfb6f831275c1b803.png"}, "point": 46297}, {"user": {"uid": 1, "userid": 0, "name": "LOA (Owner) Essex", "avatar": "https://cdn.discordapp.com/avatars/986728515892285461/a_c4301bd78f1d1d60c25f66672af89a9a.gif"}, "point": 43995}, {"user": {"uid": 171, "userid": 144, "name": "(DR) P3rran", "avatar": "https://cdn.discordapp.com/avatars/495694046413717524/fac894c68850acc52cd9a5c1e354fa57.png"}, "point": 33333}, {"user": {"uid": 202, "userid": 172, "name": "(DR) WeeMenace06", "avatar": "https://cdn.discordapp.com/avatars/970355206590181376/76a0b6ef3a5eca2c11e5ca399efa3a52.png"}, "point": 31285}, {"user": {"uid": 13, "userid": 9, "name": "(Co Owner) BRDYVPR", "avatar": "https://cdn.discordapp.com/avatars/760196239022489633/e52474f8d25af8ac2dbffaddb6943c37.png"}, "point": 28347}, {"user": {"uid": 28, "userid": 23, "name": "(CEO) Pete (DND)", "avatar": "https://cdn.discordapp.com/avatars/316660255872516106/8a2dca3b679afae90df18edc44b1584c.png"}, "point": 28282}, {"user": {"uid": 205, "userid": 175, "name": "(DR) Magnusw001", "avatar": "https://cdn.discordapp.com/avatars/813730694869811211/820e80ec325b3958169fe25811a8c668.png"}, "point": 26301}, {"user": {"uid": 192, "userid": 163, "name": "(DR) Diican", "avatar": ""}, "point": 26064}, {"user": {"uid": 128, "userid": 103, "name": "(DR) johnny7610", "avatar": "https://cdn.discordapp.com/avatars/191355230326095878/dc8aefac45d186a6c649ecc1e8efb7ba.png"}, "point": 16907}, {"user": {"uid": 209, "userid": 179, "name": "(DRT) celticcarrots", "avatar": "https://cdn.discordapp.com/avatars/387561475709075466/8a663c0e4edf64e2828bb3ed0de97bf4.png"}, "point": 14768}, {"user": {"uid": 180, "userid": 152, "name": "(DRT) Fredm240i (TeslaTrucker08)", "avatar": "https://cdn.discordapp.com/avatars/862380226965143572/310ea0bf4a810f46994ad13a581aa357.png"}, "point": 10304}, {"user": {"uid": 5, "userid": 2, "name": "(Founder) Boss \ud835\udcd9\ud835\udcf8\ud835\udcfb\ud835\udced1498", "avatar": "https://cdn.discordapp.com/avatars/613745490646925352/64aef3a50f31a7fbf4deca8ad2915a69.png"}, "point": 9889}, {"user": {"uid": 63, "userid": 50, "name": "(DR) Rubie", "avatar": "https://cdn.discordapp.com/avatars/768527805549641729/35552f09af2efc91cea70391485bb7e2.png"}, "point": 8172}, {"user": {"uid": 211, "userid": 181, "name": "(DRT) Contraband", "avatar": "https://cdn.discordapp.com/avatars/1066324227944370196/0df2448f00cae715609f70ac3e2438f4.png"}, "point": 7595}, {"user": {"uid": 173, "userid": 146, "name": "(DR) Liam", "avatar": "https://cdn.discordapp.com/avatars/851490830840889354/5573f1564aacc140704ae8b24f22b114.png"}, "point": 7479}, {"user": {"uid": 147, "userid": 121, "name": "(DR) Bait", "avatar": "https://cdn.discordapp.com/avatars/784933468768305152/bd96fdb7307124edc59dac71d429f36d.png"}, "point": 7029}, {"user": {"uid": 163, "userid": 136, "name": "(DR) Null", "avatar": "https://cdn.discordapp.com/avatars/290431163326005250/07183c9877bfd1af888069f859f26c31.png"}, "point": 6176}, {"user": {"uid": 199, "userid": 169, "name": "(DR) User5029", "avatar": "https://cdn.discordapp.com/avatars/721416593166303352/afa8c7025775e1fe06693b6d84c2c407.png"}, "point": 5326}, {"user": {"uid": 156, "userid": 129, "name": "(DR) dariuss", "avatar": "https://cdn.discordapp.com/avatars/941518932135776257/58df44b337962ebca7bddc3de0d4f593.png"}, "point": 5000}, {"user": {"uid": 207, "userid": 177, "name": "(DRT) JT352", "avatar": "https://cdn.discordapp.com/attachments/1120759951913132172/1237889069363761184/New_Logo.png?ex=663d4989&is=663bf809&hm=b7c7bfca0d432fb2ed6d1465f21983a68c1b09099b567c892b318380b0e6bf99&"}, "point": 4650}, {"user": {"uid": 206, "userid": 176, "name": "(DR) Peezy", "avatar": "https://cdn.discordapp.com/avatars/893533804629749791/1c7acf5f60705a5ee5b0667ebf60f86e.png"}, "point": 3696}, {"user": {"uid": 79, "userid": 65, "name": "(DR) Pranto Sarker", "avatar": "https://cdn.discordapp.com/avatars/308254991385231371/aab66cdf57aa340b8439bdcdf609d5fd.png"}, "point": 2889}, {"user": {"uid": 132, "userid": 107, "name": "(DR) ICECASTLEII", "avatar": "https://cdn.discordapp.com/avatars/737992053082030091/3082ba6448a957be5deef0273a3047b4.png"}, "point": 2847}, {"user": {"uid": 137, "userid": 111, "name": "[LOA] (DR) The Fallen", "avatar": "https://cdn.discordapp.com/avatars/365176026872938506/e3a0fb6fc3e046f79a25a0bee6311616.png"}, "point": 2522}, {"user": {"uid": 144, "userid": 118, "name": "(DR) Hosso", "avatar": "https://cdn.discordapp.com/avatars/872618725281505321/47ea03b91cd14d27c548bcb8f1da42b5.png"}, "point": 2471}, {"user": {"uid": 208, "userid": 178, "name": "(DRT) hullfc203 (truckingboss90)", "avatar": "https://cdn.discordapp.com/avatars/434696049962254336/a6491b27e31a4418d691d09bbc3b636e.png"}, "point": 2242}, {"user": {"uid": 159, "userid": 132, "name": "(DR) JMCGPHOTGRAPHY", "avatar": "https://cdn.discordapp.com/avatars/909849031100989450/175672eb7ba5131485de4f8dc0a52d17.png"}, "point": 2155}, {"user": {"uid": 214, "userid": 184, "name": "(DRT) Ryan's Bus Place", "avatar": "https://cdn.discordapp.com/avatars/1150091824124395621/ddc46e21f531d8edea729ec5055a65b0.png"}, "point": 1586}, {"user": {"uid": 213, "userid": 183, "name": "(DRT) jackbilling (neowwwwwwwwm)", "avatar": "https://cdn.discordapp.com/avatars/469877863500218390/7148f4839b4d96df218355f2447deba4.png"}, "point": 945}, {"user": {"uid": 112, "userid": 92, "name": "(DR) Shanny", "avatar": ""}, "point": 796}, {"user": {"uid": 183, "userid": 155, "name": "(DR) Stuart Green", "avatar": "https://cdn.discordapp.com/avatars/561116804685234196/ebd7eac27d7b1caa7af6683903e1ca07.png"}, "point": 740}, {"user": {"uid": 30, "userid": 25, "name": "(DR) joey1984", "avatar": "https://cdn.discordapp.com/avatars/687774792102838354/a_98a5677a253f92bb94481089c846e36e.gif"}, "point": 565}, {"user": {"uid": 148, "userid": 122, "name": "(DR) DenZo", "avatar": "https://cdn.discordapp.com/avatars/566970132963000320/5726328d7f6569c6fe770efeb59ef791.png"}, "point": 236}, {"user": {"uid": 196, "userid": 166, "name": "(DR) Luke", "avatar": "https://cdn.discordapp.com/avatars/924745071142780948/99bb4917e766bed414a04777f06a682a.png"}, "point": 0}]}