{"fmd": [{"user": {"uid": 367, "userid": 265, "name": "Big Blazie", "avatar": "https://cdn.discordapp.com/avatars/118134703143387143/88e6d6274c252de8f124b4ad9879b580.png"}, "point": 33206}, {"user": {"uid": 360, "userid": 259, "name": "EisenWolf", "avatar": "https://static.truckersmp.com/avatarsN/4112608.1704752368.jpg"}, "point": 20813}, {"user": {"uid": 366, "userid": 264, "name": "kieran07", "avatar": "https://static.truckersmp.com/avatarsN/defaultavatar.png"}, "point": 19420}, {"user": {"uid": 1, "userid": 0, "name": "Brad", "avatar": "https://cdn.discordapp.com/avatars/507570358782525451/0f8d2ac0cb4d5df4b45d8529b6efe809.png"}, "point": 16939}, {"user": {"uid": 12, "userid": 253, "name": "Arcon_", "avatar": "https://cdn.discordapp.com/avatars/590425598552440833/a0d20b550a1002cce1119d41d50775fd.png"}, "point": 14635}, {"user": {"uid": 351, "userid": 254, "name": "nini", "avatar": "https://cdn.discordapp.com/avatars/288301509396135938/5a66cfa9d77fa21a889e7c0a90733334.png"}, "point": 9826}, {"user": {"uid": 356, "userid": 257, "name": "prince", "avatar": "https://cdn.discordapp.com/avatars/561960385750761472/baa8187f57979991d38812e415d41191.png"}, "point": 7961}, {"user": {"uid": 369, "userid": 266, "name": "KRNBR4N", "avatar": "https://static.truckersmp.com/avatarsN/5311993.1702834926.jpg"}, "point": 7878}, {"user": {"uid": 358, "userid": 258, "name": "KARAMITROS", "avatar": "https://cdn.discordapp.com/avatars/884473658884649011/3527b044612c65be1a2e46dcec9693e4.png"}, "point": 6894}, {"user": {"uid": 352, "userid": 255, "name": "Deilia", "avatar": "https://static.truckersmp.com/avatarsN/5164534.1711935146.png"}, "point": 6815}, {"user": {"uid": 287, "userid": 226, "name": "PRO100WRYJ", "avatar": "https://cdn.discordapp.com/avatars/402794199306600449/399a5fb92a48f415aa8d88afb01f26a2.png"}, "point": 5417}, {"user": {"uid": 370, "userid": 267, "name": "Uhh_Rob", "avatar": "https://cdn.discordapp.com/avatars/920268890976690216/a_19913b6f60ddff70bc667d6288bd3f9e.gif"}, "point": 3349}, {"user": {"uid": 218, "userid": 246, "name": "Jord", "avatar": "https://cdn.discordapp.com/avatars/684027652016832535/fa88b9b0dd673495c894582f075a5a83.png"}, "point": 2819}, {"user": {"uid": 373, "userid": 268, "name": "Jay J", "avatar": "https://cdn.discordapp.com/avatars/430093029299322890/910f8d1f39038ee2dca23b5d856790ea.png"}, "point": 2733}, {"user": {"uid": 363, "userid": 261, "name": "Hen_Saf", "avatar": "https://cdn.discordapp.com/avatars/767735764599439360/7dafddaf3752db3fc0d05dfe2a6ba8cb.png"}, "point": 2717}, {"user": {"uid": 107, "userid": 252, "name": "Super", "avatar": "https://cdn.discordapp.com/avatars/916681745993191425/3f6af4faa223998b3aa36866b11a40a1.png"}, "point": 1829}, {"user": {"uid": 312, "userid": 239, "name": "Two Trappy", "avatar": "https://cdn.discordapp.com/avatars/460444257250181120/e1fe6b34c1ce8b3d86f89e7e210ca57e.png"}, "point": 1437}, {"user": {"uid": 350, "userid": 251, "name": "Charon IV", "avatar": "https://cdn.discordapp.com/avatars/336964513033093130/da18a1808802bdf3485f3b885a65072c.png"}, "point": 1345}, {"user": {"uid": 153, "userid": 186, "name": "LeoM", "avatar": "https://cdn.discordapp.com/avatars/337951742475894786/980a1f3ff23017ee6d2dcd0ce57dbe03.png"}, "point": 821}, {"user": {"uid": 162, "userid": 209, "name": "LATAM001", "avatar": "https://cdn.discordapp.com/avatars/527511788133285898/9b91224f92847573fa760fb444bfb5e7.png"}, "point": 745}, {"user": {"uid": 365, "userid": 262, "name": "Nino", "avatar": "https://cdn.discordapp.com/avatars/400694856827011073/ec52f8c6645244614e85a449413b0b89.png"}, "point": 589}, {"user": {"uid": 284, "userid": 243, "name": "Dent", "avatar": "https://cdn.discordapp.com/avatars/803273884904325135/200c3f7ecc9b2621b1dd5d21ad51cb13.png"}, "point": 0}, {"user": {"uid": 294, "userid": 231, "name": "bojan", "avatar": ""}, "point": 0}], "fma": [{"user": {"uid": 1, "userid": 0, "name": "Brad", "avatar": "https://cdn.discordapp.com/avatars/507570358782525451/0f8d2ac0cb4d5df4b45d8529b6efe809.png"}, "point": 712689}, {"user": {"uid": 312, "userid": 239, "name": "Two Trappy", "avatar": "https://cdn.discordapp.com/avatars/460444257250181120/e1fe6b34c1ce8b3d86f89e7e210ca57e.png"}, "point": 603437}, {"user": {"uid": 356, "userid": 257, "name": "prince", "avatar": "https://cdn.discordapp.com/avatars/561960385750761472/baa8187f57979991d38812e415d41191.png"}, "point": 582961}, {"user": {"uid": 365, "userid": 262, "name": "Nino", "avatar": "https://cdn.discordapp.com/avatars/400694856827011073/ec52f8c6645244614e85a449413b0b89.png"}, "point": 553089}, {"user": {"uid": 218, "userid": 246, "name": "Jord", "avatar": "https://cdn.discordapp.com/avatars/684027652016832535/fa88b9b0dd673495c894582f075a5a83.png"}, "point": 527819}, {"user": {"uid": 367, "userid": 265, "name": "Big Blazie", "avatar": "https://cdn.discordapp.com/avatars/118134703143387143/88e6d6274c252de8f124b4ad9879b580.png"}, "point": 444456}, {"user": {"uid": 360, "userid": 259, "name": "EisenWolf", "avatar": "https://static.truckersmp.com/avatarsN/4112608.1704752368.jpg"}, "point": 207063}, {"user": {"uid": 12, "userid": 253, "name": "Arcon_", "avatar": "https://cdn.discordapp.com/avatars/590425598552440833/a0d20b550a1002cce1119d41d50775fd.png"}, "point": 175885}, {"user": {"uid": 107, "userid": 252, "name": "Super", "avatar": "https://cdn.discordapp.com/avatars/916681745993191425/3f6af4faa223998b3aa36866b11a40a1.png"}, "point": 151829}, {"user": {"uid": 284, "userid": 243, "name": "Dent", "avatar": "https://cdn.discordapp.com/avatars/803273884904325135/200c3f7ecc9b2621b1dd5d21ad51cb13.png"}, "point": 50000}, {"user": {"uid": 364, "userid": 263, "name": "Seal", "avatar": "https://cdn.discordapp.com/avatars/357507868586541056/cb1a534c52f12c22fc1aecdffb2f526b.png"}, "point": 50000}, {"user": {"uid": 369, "userid": 266, "name": "KRNBR4N", "avatar": "https://static.truckersmp.com/avatarsN/5311993.1702834926.jpg"}, "point": 44128}, {"user": {"uid": 351, "userid": 254, "name": "nini", "avatar": "https://cdn.discordapp.com/avatars/288301509396135938/5a66cfa9d77fa21a889e7c0a90733334.png"}, "point": 39826}, {"user": {"uid": 373, "userid": 268, "name": "Jay J", "avatar": "https://cdn.discordapp.com/avatars/430093029299322890/910f8d1f39038ee2dca23b5d856790ea.png"}, "point": 28460}, {"user": {"uid": 370, "userid": 267, "name": "Uhh_Rob", "avatar": "https://cdn.discordapp.com/avatars/920268890976690216/a_19913b6f60ddff70bc667d6288bd3f9e.gif"}, "point": 28349}, {"user": {"uid": 366, "userid": 264, "name": "kieran07", "avatar": "https://static.truckersmp.com/avatarsN/defaultavatar.png"}, "point": 19420}, {"user": {"uid": 358, "userid": 258, "name": "KARAMITROS", "avatar": "https://cdn.discordapp.com/avatars/884473658884649011/3527b044612c65be1a2e46dcec9693e4.png"}, "point": 6894}, {"user": {"uid": 352, "userid": 255, "name": "Deilia", "avatar": "https://static.truckersmp.com/avatarsN/5164534.1711935146.png"}, "point": 6815}, {"user": {"uid": 287, "userid": 226, "name": "PRO100WRYJ", "avatar": "https://cdn.discordapp.com/avatars/402794199306600449/399a5fb92a48f415aa8d88afb01f26a2.png"}, "point": 5417}, {"user": {"uid": 363, "userid": 261, "name": "Hen_Saf", "avatar": "https://cdn.discordapp.com/avatars/767735764599439360/7dafddaf3752db3fc0d05dfe2a6ba8cb.png"}, "point": 2717}, {"user": {"uid": 350, "userid": 251, "name": "Charon IV", "avatar": "https://cdn.discordapp.com/avatars/336964513033093130/da18a1808802bdf3485f3b885a65072c.png"}, "point": 1345}, {"user": {"uid": 153, "userid": 186, "name": "LeoM", "avatar": "https://cdn.discordapp.com/avatars/337951742475894786/980a1f3ff23017ee6d2dcd0ce57dbe03.png"}, "point": 821}, {"user": {"uid": 162, "userid": 209, "name": "LATAM001", "avatar": "https://cdn.discordapp.com/avatars/527511788133285898/9b91224f92847573fa760fb444bfb5e7.png"}, "point": 745}, {"user": {"uid": 294, "userid": 231, "name": "bojan", "avatar": ""}, "point": 0}]}