{"fmd": [{"user": {"uid": 8, "userid": 6, "name": "shipmate", "avatar": "https://avatars.steamstatic.com/3a4bdab4c8b08247c0e12345ba110647e9464041_full.jpg"}, "point": 33347}, {"user": {"uid": 3, "userid": 2, "name": "Orlynsky", "avatar": "https://avatars.steamstatic.com/63a4ac3dfc7c22d71119e814f4f124bde3149941_full.jpg"}, "point": 14547}, {"user": {"uid": 19, "userid": 18, "name": "Tarik", "avatar": "https://avatars.akamai.steamstatic.com/65f26bc666c38e43c0eea2544b64ab1d263eee3c_full.jpg"}, "point": 9931}, {"user": {"uid": 5, "userid": 5, "name": "COO | Raull", "avatar": "https://cdn.discordapp.com/avatars/1045451668709445782/cf44428a080988139cb0995c19ab461b.png"}, "point": 5249}, {"user": {"uid": 13, "userid": 11, "name": "Captain Codpeice", "avatar": "https://avatars.steamstatic.com/542c53aa722f46d9d5214c1ffa794db92238b76f_full.jpg"}, "point": 3625}, {"user": {"uid": 10, "userid": 7, "name": "stanimir103", "avatar": "https://avatars.steamstatic.com/83d87adbf692b7c38710922c890830ce1ae74376_full.jpg"}, "point": 3405}, {"user": {"uid": 11, "userid": 9, "name": "Squizz", "avatar": "https://avatars.steamstatic.com/9a689aca7bdee5662277d426d727fd664132b4e6_full.jpg"}, "point": 813}, {"user": {"uid": 4, "userid": 3, "name": "Midnight", "avatar": "https://avatars.steamstatic.com/ebe36137900783b02c9faaac486d6408fa104ab9_full.jpg"}, "point": 405}, {"user": {"uid": 20, "userid": 16, "name": "roadwarrior134", "avatar": "https://imgur.com/xYz8IAz.png"}, "point": 0}], "fma": [{"user": {"uid": 8, "userid": 6, "name": "shipmate", "avatar": "https://avatars.steamstatic.com/3a4bdab4c8b08247c0e12345ba110647e9464041_full.jpg"}, "point": 33347}, {"user": {"uid": 3, "userid": 2, "name": "Orlynsky", "avatar": "https://avatars.steamstatic.com/63a4ac3dfc7c22d71119e814f4f124bde3149941_full.jpg"}, "point": 14547}, {"user": {"uid": 19, "userid": 18, "name": "Tarik", "avatar": "https://avatars.akamai.steamstatic.com/65f26bc666c38e43c0eea2544b64ab1d263eee3c_full.jpg"}, "point": 9931}, {"user": {"uid": 5, "userid": 5, "name": "COO | Raull", "avatar": "https://cdn.discordapp.com/avatars/1045451668709445782/cf44428a080988139cb0995c19ab461b.png"}, "point": 5249}, {"user": {"uid": 13, "userid": 11, "name": "Captain Codpeice", "avatar": "https://avatars.steamstatic.com/542c53aa722f46d9d5214c1ffa794db92238b76f_full.jpg"}, "point": 3625}, {"user": {"uid": 10, "userid": 7, "name": "stanimir103", "avatar": "https://avatars.steamstatic.com/83d87adbf692b7c38710922c890830ce1ae74376_full.jpg"}, "point": 3405}, {"user": {"uid": 11, "userid": 9, "name": "Squizz", "avatar": "https://avatars.steamstatic.com/9a689aca7bdee5662277d426d727fd664132b4e6_full.jpg"}, "point": 813}, {"user": {"uid": 4, "userid": 3, "name": "Midnight", "avatar": "https://avatars.steamstatic.com/ebe36137900783b02c9faaac486d6408fa104ab9_full.jpg"}, "point": 405}, {"user": {"uid": 20, "userid": 16, "name": "roadwarrior134", "avatar": "https://imgur.com/xYz8IAz.png"}, "point": 0}]}