{"fmd": [{"user": {"uid": 1, "userid": 1, "name": "!itsPeanutttt", "avatar": "https://cdn.discordapp.com/avatars/208757218013609985/a_b8fae2196be237eb9612f9daed82c1e3.gif"}, "point": 79245}, {"user": {"uid": 8, "userid": 6, "name": "ll iScuf ll", "avatar": "https://cdn.discordapp.com/avatars/321795006178525186/a_b79d3e9a2be03b5fc4d9c795da893874.gif"}, "point": 42369}, {"user": {"uid": 173, "userid": 133, "name": "LizzyM#290199", "avatar": ""}, "point": 40482}, {"user": {"uid": 194, "userid": 150, "name": "_W0LFIE_", "avatar": "https://cdn.discordapp.com/avatars/1153533912254009377/a5ed6f2947b1d14be30844cd4e1508cd.png"}, "point": 34345}, {"user": {"uid": 76, "userid": 60, "name": "V8 Gaming", "avatar": "https://cdn.discordapp.com/avatars/793808849404559452/e782ec658aad4569bdf5267052741c37.png"}, "point": 26722}, {"user": {"uid": 15, "userid": 10, "name": "MarlonSkills", "avatar": "https://cdn.discordapp.com/avatars/315956778884005890/9a3d00de17d4e51023e4dc7542353ce7.png"}, "point": 24371}, {"user": {"uid": 100, "userid": 75, "name": "I am KingHeet", "avatar": "https://static.truckersmp.com/avatarsN/3141865.1659238151.jpeg"}, "point": 23102}, {"user": {"uid": 140, "userid": 107, "name": "Ata35", "avatar": "https://cdn.discordapp.com/avatars/320518548046741505/67114a1cf7e0397b1e94fc8af83fd158.png"}, "point": 22704}, {"user": {"uid": 180, "userid": 144, "name": "berokose", "avatar": "https://static.truckersmp.com/avatarsN/defaultavatar.png"}, "point": 19934}, {"user": {"uid": 204, "userid": 155, "name": "Scarry", "avatar": "https://cdn.discordapp.com/avatars/844243311656304640/34337f2ae0ca3d703181973aea9b9aac.png"}, "point": 16382}, {"user": {"uid": 43, "userid": 34, "name": "TigerPlayz302", "avatar": "https://cdn.discordapp.com/avatars/925072966021152798/efc0896809722ff397dd18e15ee8afc3.png"}, "point": 16137}, {"user": {"uid": 306, "userid": 225, "name": "Mohammad_Pouria", "avatar": "https://static.truckersmp.com/avatarsN/5148065.1715490831.jpg"}, "point": 14004}, {"user": {"uid": 213, "userid": 163, "name": "Pirate Craft", "avatar": "https://cdn.discordapp.com/avatars/1019561099177234442/2e358f0abc4c8bc9714d5afedad02ed2.png"}, "point": 13744}, {"user": {"uid": 134, "userid": 104, "name": "Freshmuscl3", "avatar": "https://static.truckersmp.com/avatarsN/5222182.1706276666.png"}, "point": 12156}, {"user": {"uid": 234, "userid": 178, "name": "Saga Virtanen", "avatar": "https://static.truckersmp.com/avatarsN/343160.1685564872.png"}, "point": 10322}, {"user": {"uid": 148, "userid": 114, "name": "olieatspringles", "avatar": "https://cdn.discordapp.com/avatars/262621686929686540/8250778c986f58e084aac164b12242e7.png"}, "point": 9261}, {"user": {"uid": 260, "userid": 198, "name": "TJ2006", "avatar": "https://cdn.discordapp.com/avatars/405456778772480001/929852eed2b7943bbbde706a2a381e14.png"}, "point": 8742}, {"user": {"uid": 273, "userid": 206, "name": "TootsGaming", "avatar": "https://cdn.discordapp.com/avatars/822199520846282793/b0470670f15d8600df10133eee7a2156.png"}, "point": 8708}, {"user": {"uid": 5, "userid": 4, "name": "Dutchkiwi", "avatar": "https://cdn.discordapp.com/avatars/757764740629135380/7db38fb02ba63b040c93e1df3a1fc462.png"}, "point": 8174}, {"user": {"uid": 160, "userid": 125, "name": "mu han", "avatar": "https://cdn.discordapp.com/avatars/1121405880924123219/4fa32749d7c53cc30aa99181c81f851f.png"}, "point": 7951}, {"user": {"uid": 176, "userid": 136, "name": "Para", "avatar": ""}, "point": 7588}, {"user": {"uid": 32, "userid": 21, "name": "NateNZ", "avatar": "https://cdn.discordapp.com/avatars/263779798327885834/54adfd241b87dc24073b7cc175209ad7.png"}, "point": 7481}, {"user": {"uid": 281, "userid": 210, "name": "TravelChimp", "avatar": "https://cdn.discordapp.com/avatars/836310585683083304/a_56b4d9d67d30547bfde32a929488480c.gif"}, "point": 7128}, {"user": {"uid": 144, "userid": 110, "name": "Fizzi_", "avatar": "https://cdn.discordapp.com/avatars/414719910422380554/622dfe5da93fb665169d69c65f113bd8.png"}, "point": 6442}, {"user": {"uid": 307, "userid": 226, "name": "I.unknown", "avatar": "https://cdn.discordapp.com/avatars/561594839150624801/bc140c9f9a5d3666707243401ccb0e44.png"}, "point": 6383}, {"user": {"uid": 54, "userid": 44, "name": "BDaken", "avatar": "https://cdn.discordapp.com/avatars/216786480088088577/2b6f81c3727a628c4806c5a0ece25fcd.png"}, "point": 6216}, {"user": {"uid": 259, "userid": 197, "name": "I3uckfast", "avatar": "https://cdn.discordapp.com/avatars/1004430807357722625/3d5554ddf82b40ee06741800e85afa7a.png"}, "point": 6152}, {"user": {"uid": 28, "userid": 17, "name": "Misty\u3063 \u309b", "avatar": "https://cdn.discordapp.com/avatars/451086562617327616/3a7355e38c7bc476a871faee38e8f1c0.png"}, "point": 5792}, {"user": {"uid": 316, "userid": 234, "name": "Jason Lee Kelk", "avatar": "https://cdn.discordapp.com/avatars/222356394249158666/99d75b5b267802f153f88b4e86aeec96.png"}, "point": 5459}, {"user": {"uid": 112, "userid": 86, "name": "PistonFace08", "avatar": "https://cdn.discordapp.com/avatars/562334030612135968/a2f83155381251c95dc78b28c3ae46c6.png"}, "point": 4924}, {"user": {"uid": 127, "userid": 97, "name": "Gaurav.", "avatar": "https://cdn.discordapp.com/avatars/845983678651826186/3a0f817580092e1c841c31ecb3a19525.png"}, "point": 4677}, {"user": {"uid": 108, "userid": 83, "name": "mth.", "avatar": "https://cdn.discordapp.com/avatars/1048895539606978651/a_ed23bd3b02d03ccafa443faf15ff38ca.gif"}, "point": 4126}, {"user": {"uid": 289, "userid": 214, "name": "realjetro007", "avatar": "https://cdn.discordapp.com/avatars/390698464775766016/77e5c944c3bd4702a3ac3e0ee206d4e9.png"}, "point": 4017}, {"user": {"uid": 261, "userid": 199, "name": "Lucas M", "avatar": "https://cdn.discordapp.com/avatars/1051127166659731467/f493ca1a7a6f64b4735c1773ac210027.png"}, "point": 3592}, {"user": {"uid": 62, "userid": 51, "name": "\u4e1c\u8fbe\u514b\u8482\u592b\u4e39", "avatar": "https://cdn.discordapp.com/avatars/329977583397765121/f9c5e558bf04973f5734efc56c1e5aa8.png"}, "point": 3200}, {"user": {"uid": 205, "userid": 156, "name": "Nam\u0456", "avatar": "https://static.truckersmp.com/avatarsN/860661.1702117181.jpg"}, "point": 3191}, {"user": {"uid": 291, "userid": 215, "name": "Sparkumi", "avatar": "https://cdn.discordapp.com/avatars/258960910515830784/d8a720b6487490b2d73ca1981e5d7700.png"}, "point": 3027}, {"user": {"uid": 283, "userid": 211, "name": "atg.\ud83e\udd86", "avatar": "https://cdn.discordapp.com/avatars/748911314533089422/3cf27c2129325e34b0066145e056116c.png"}, "point": 2974}, {"user": {"uid": 285, "userid": 212, "name": "Tezza", "avatar": "https://cdn.discordapp.com/avatars/847917571759276104/7a3c2c45a40f20eaf892c5ce1fb5f891.png"}, "point": 2617}, {"user": {"uid": 146, "userid": 112, "name": "maxr", "avatar": "https://cdn.discordapp.com/avatars/697145117458301013/8fc3d9c9fcb32f3b81c47ef234d1a62f.png"}, "point": 2588}, {"user": {"uid": 301, "userid": 222, "name": "xectear", "avatar": "https://cdn.discordapp.com/avatars/234611098400063489/b06e020047465ea49394b3bcf05c7c82.png"}, "point": 2446}, {"user": {"uid": 156, "userid": 120, "name": "Bonsa", "avatar": "https://cdn.discordapp.com/avatars/496711398701662218/a1d41e0cf2ae1acd231c2e8b446f05c4.png"}, "point": 2240}, {"user": {"uid": 253, "userid": 193, "name": "Lucien_Schildpad", "avatar": "https://static.truckersmp.com/avatarsN/defaultavatar.png"}, "point": 1977}, {"user": {"uid": 308, "userid": 227, "name": "Ali Fahmi", "avatar": "https://cdn.discordapp.com/avatars/724912335051030538/f060d90c0d181b8479b511109e0e3671.png"}, "point": 1895}, {"user": {"uid": 109, "userid": 84, "name": "bigboytrains", "avatar": "https://static.truckersmp.com/avatarsN/defaultavatar.png"}, "point": 1680}, {"user": {"uid": 29, "userid": 18, "name": "Wesjet", "avatar": "https://cdn.discordapp.com/avatars/680834715388870687/a_b96031e2cba9196dacc295bf0c52b280.gif"}, "point": 1598}, {"user": {"uid": 269, "userid": 204, "name": "Phoenix", "avatar": "https://cdn.discordapp.com/avatars/763003227749875713/7ff7c721d3258dd78a9e4986dce764f8.png"}, "point": 1182}, {"user": {"uid": 65, "userid": 54, "name": "Brett", "avatar": "https://cdn.discordapp.com/avatars/440904971051991070/f7c6456a1565fea12c82374d3560fbd3.png"}, "point": 1158}, {"user": {"uid": 124, "userid": 95, "name": "s  p  a  c  e  .", "avatar": "https://cdn.discordapp.com/avatars/507451917803192331/3c4b20573e7433fcbef8145519cb7646.png"}, "point": 1054}, {"user": {"uid": 163, "userid": 124, "name": "N1CK904", "avatar": "https://cdn.discordapp.com/avatars/1056467542824206346/382880aa0ba504228fe5c5478bda93b2.png"}, "point": 892}, {"user": {"uid": 214, "userid": 164, "name": "hamez", "avatar": ""}, "point": 868}, {"user": {"uid": 14, "userid": 9, "name": "AlfieGMTV", "avatar": "https://cdn.discordapp.com/avatars/573560111868543044/3af88c35b910ef6c5b09046038007475.png"}, "point": 518}, {"user": {"uid": 136, "userid": 103, "name": "Vanish", "avatar": "https://cdn.discordapp.com/avatars/492089034529832980/781fa3356b3c466d1f1deb3e6cffecfe.png"}, "point": 451}, {"user": {"uid": 278, "userid": 207, "name": "DA COOKIE GOD \ud83c\udf6a\ud83c\udf6a\ud83c\udf6a\ud83c\udf6a", "avatar": "https://cdn.discordapp.com/avatars/1189979856440664064/3ca110a3092a62629f101bfde858d678.png"}, "point": 317}, {"user": {"uid": 185, "userid": 142, "name": "Ajai09", "avatar": ""}, "point": 288}, {"user": {"uid": 311, "userid": 230, "name": "TheTrucker3299", "avatar": "https://cdn.discordapp.com/avatars/1161480981895716864/cccfce44a5956f82718d881373b8be1c.png"}, "point": 254}, {"user": {"uid": 16, "userid": 13, "name": "S.C.P.-(09.K.I.A)-ALPHA-01", "avatar": "https://cdn.discordapp.com/avatars/626022532746575873/0c7633f4f143a16184360fd5dc5da8e6.png"}, "point": 106}, {"user": {"uid": 154, "userid": 119, "name": "WhatsAptyp", "avatar": "https://cdn.discordapp.com/avatars/755731783030407199/21bf829739ff5cb6fa0c9f6a11773ec3.png"}, "point": 14}, {"user": {"uid": 312, "userid": 231, "name": "NanNian_TMP", "avatar": "https://cdn.discordapp.com/avatars/1158920820085751880/79409c0acd775fab5e6d6805c147341b.png"}, "point": 3}, {"user": {"uid": 40, "userid": 31, "name": "UNDRDAWG", "avatar": "https://cdn.discordapp.com/avatars/204807541010464768/ece037ed8b020ee2cd15e7b34d168764.png"}, "point": 0}, {"user": {"uid": 58, "userid": 47, "name": "MarcusFrey", "avatar": "https://cdn.discordapp.com/avatars/424530180111859715/e4ac5b8e682d1c3df22f59365a57c23c.png"}, "point": 0}, {"user": {"uid": 206, "userid": 161, "name": "adrie de ovenschaal", "avatar": "https://cdn.discordapp.com/avatars/1028215593716953150/6a2a359fdf5b23bdfd6275e70b910a3b.png"}, "point": 0}, {"user": {"uid": 211, "userid": 160, "name": "Oggy", "avatar": "https://cdn.discordapp.com/avatars/813944061073293372/a3e4d996612ac3bed7b72bbbcc6660bd.png"}, "point": 0}], "fma": [{"user": {"uid": 1, "userid": 1, "name": "!itsPeanutttt", "avatar": "https://cdn.discordapp.com/avatars/208757218013609985/a_b8fae2196be237eb9612f9daed82c1e3.gif"}, "point": 135089}, {"user": {"uid": 32, "userid": 21, "name": "NateNZ", "avatar": "https://cdn.discordapp.com/avatars/263779798327885834/54adfd241b87dc24073b7cc175209ad7.png"}, "point": 81968}, {"user": {"uid": 8, "userid": 6, "name": "ll iScuf ll", "avatar": "https://cdn.discordapp.com/avatars/321795006178525186/a_b79d3e9a2be03b5fc4d9c795da893874.gif"}, "point": 49680}, {"user": {"uid": 173, "userid": 133, "name": "LizzyM#290199", "avatar": ""}, "point": 48882}, {"user": {"uid": 100, "userid": 75, "name": "I am KingHeet", "avatar": "https://static.truckersmp.com/avatarsN/3141865.1659238151.jpeg"}, "point": 48294}, {"user": {"uid": 134, "userid": 104, "name": "Freshmuscl3", "avatar": "https://static.truckersmp.com/avatarsN/5222182.1706276666.png"}, "point": 44948}, {"user": {"uid": 194, "userid": 150, "name": "_W0LFIE_", "avatar": "https://cdn.discordapp.com/avatars/1153533912254009377/a5ed6f2947b1d14be30844cd4e1508cd.png"}, "point": 42732}, {"user": {"uid": 306, "userid": 225, "name": "Mohammad_Pouria", "avatar": "https://static.truckersmp.com/avatarsN/5148065.1715490831.jpg"}, "point": 34180}, {"user": {"uid": 15, "userid": 10, "name": "MarlonSkills", "avatar": "https://cdn.discordapp.com/avatars/315956778884005890/9a3d00de17d4e51023e4dc7542353ce7.png"}, "point": 33370}, {"user": {"uid": 127, "userid": 97, "name": "Gaurav.", "avatar": "https://cdn.discordapp.com/avatars/845983678651826186/3a0f817580092e1c841c31ecb3a19525.png"}, "point": 30719}, {"user": {"uid": 76, "userid": 60, "name": "V8 Gaming", "avatar": "https://cdn.discordapp.com/avatars/793808849404559452/e782ec658aad4569bdf5267052741c37.png"}, "point": 29094}, {"user": {"uid": 140, "userid": 107, "name": "Ata35", "avatar": "https://cdn.discordapp.com/avatars/320518548046741505/67114a1cf7e0397b1e94fc8af83fd158.png"}, "point": 28911}, {"user": {"uid": 160, "userid": 125, "name": "mu han", "avatar": "https://cdn.discordapp.com/avatars/1121405880924123219/4fa32749d7c53cc30aa99181c81f851f.png"}, "point": 25832}, {"user": {"uid": 128, "userid": 98, "name": "repsaj", "avatar": "https://cdn.discordapp.com/avatars/508654072145117186/206047a0b4dee71003ef7e4472eeb89d.png"}, "point": 25000}, {"user": {"uid": 242, "userid": 185, "name": "Itmehokiledu", "avatar": "https://cdn.discordapp.com/avatars/384091675997241344/c8675ddaab83431958ee30dc5605b336.png"}, "point": 25000}, {"user": {"uid": 180, "userid": 144, "name": "berokose", "avatar": "https://static.truckersmp.com/avatarsN/defaultavatar.png"}, "point": 24611}, {"user": {"uid": 204, "userid": 155, "name": "Scarry", "avatar": "https://cdn.discordapp.com/avatars/844243311656304640/34337f2ae0ca3d703181973aea9b9aac.png"}, "point": 23463}, {"user": {"uid": 108, "userid": 83, "name": "mth.", "avatar": "https://cdn.discordapp.com/avatars/1048895539606978651/a_ed23bd3b02d03ccafa443faf15ff38ca.gif"}, "point": 20984}, {"user": {"uid": 43, "userid": 34, "name": "TigerPlayz302", "avatar": "https://cdn.discordapp.com/avatars/925072966021152798/efc0896809722ff397dd18e15ee8afc3.png"}, "point": 20064}, {"user": {"uid": 213, "userid": 163, "name": "Pirate Craft", "avatar": "https://cdn.discordapp.com/avatars/1019561099177234442/2e358f0abc4c8bc9714d5afedad02ed2.png"}, "point": 16139}, {"user": {"uid": 205, "userid": 156, "name": "Nam\u0456", "avatar": "https://static.truckersmp.com/avatarsN/860661.1702117181.jpg"}, "point": 13840}, {"user": {"uid": 234, "userid": 178, "name": "Saga Virtanen", "avatar": "https://static.truckersmp.com/avatarsN/343160.1685564872.png"}, "point": 13271}, {"user": {"uid": 273, "userid": 206, "name": "TootsGaming", "avatar": "https://cdn.discordapp.com/avatars/822199520846282793/b0470670f15d8600df10133eee7a2156.png"}, "point": 12997}, {"user": {"uid": 260, "userid": 198, "name": "TJ2006", "avatar": "https://cdn.discordapp.com/avatars/405456778772480001/929852eed2b7943bbbde706a2a381e14.png"}, "point": 12485}, {"user": {"uid": 148, "userid": 114, "name": "olieatspringles", "avatar": "https://cdn.discordapp.com/avatars/262621686929686540/8250778c986f58e084aac164b12242e7.png"}, "point": 10139}, {"user": {"uid": 176, "userid": 136, "name": "Para", "avatar": ""}, "point": 9360}, {"user": {"uid": 307, "userid": 226, "name": "I.unknown", "avatar": "https://cdn.discordapp.com/avatars/561594839150624801/bc140c9f9a5d3666707243401ccb0e44.png"}, "point": 8423}, {"user": {"uid": 259, "userid": 197, "name": "I3uckfast", "avatar": "https://cdn.discordapp.com/avatars/1004430807357722625/3d5554ddf82b40ee06741800e85afa7a.png"}, "point": 8375}, {"user": {"uid": 5, "userid": 4, "name": "Dutchkiwi", "avatar": "https://cdn.discordapp.com/avatars/757764740629135380/7db38fb02ba63b040c93e1df3a1fc462.png"}, "point": 8320}, {"user": {"uid": 281, "userid": 210, "name": "TravelChimp", "avatar": "https://cdn.discordapp.com/avatars/836310585683083304/a_56b4d9d67d30547bfde32a929488480c.gif"}, "point": 7356}, {"user": {"uid": 316, "userid": 234, "name": "Jason Lee Kelk", "avatar": "https://cdn.discordapp.com/avatars/222356394249158666/99d75b5b267802f153f88b4e86aeec96.png"}, "point": 7339}, {"user": {"uid": 112, "userid": 86, "name": "PistonFace08", "avatar": "https://cdn.discordapp.com/avatars/562334030612135968/a2f83155381251c95dc78b28c3ae46c6.png"}, "point": 7272}, {"user": {"uid": 144, "userid": 110, "name": "Fizzi_", "avatar": "https://cdn.discordapp.com/avatars/414719910422380554/622dfe5da93fb665169d69c65f113bd8.png"}, "point": 7235}, {"user": {"uid": 54, "userid": 44, "name": "BDaken", "avatar": "https://cdn.discordapp.com/avatars/216786480088088577/2b6f81c3727a628c4806c5a0ece25fcd.png"}, "point": 6773}, {"user": {"uid": 28, "userid": 17, "name": "Misty\u3063 \u309b", "avatar": "https://cdn.discordapp.com/avatars/451086562617327616/3a7355e38c7bc476a871faee38e8f1c0.png"}, "point": 6212}, {"user": {"uid": 146, "userid": 112, "name": "maxr", "avatar": "https://cdn.discordapp.com/avatars/697145117458301013/8fc3d9c9fcb32f3b81c47ef234d1a62f.png"}, "point": 5440}, {"user": {"uid": 289, "userid": 214, "name": "realjetro007", "avatar": "https://cdn.discordapp.com/avatars/390698464775766016/77e5c944c3bd4702a3ac3e0ee206d4e9.png"}, "point": 5213}, {"user": {"uid": 261, "userid": 199, "name": "Lucas M", "avatar": "https://cdn.discordapp.com/avatars/1051127166659731467/f493ca1a7a6f64b4735c1773ac210027.png"}, "point": 4271}, {"user": {"uid": 62, "userid": 51, "name": "\u4e1c\u8fbe\u514b\u8482\u592b\u4e39", "avatar": "https://cdn.discordapp.com/avatars/329977583397765121/f9c5e558bf04973f5734efc56c1e5aa8.png"}, "point": 4250}, {"user": {"uid": 291, "userid": 215, "name": "Sparkumi", "avatar": "https://cdn.discordapp.com/avatars/258960910515830784/d8a720b6487490b2d73ca1981e5d7700.png"}, "point": 4084}, {"user": {"uid": 285, "userid": 212, "name": "Tezza", "avatar": "https://cdn.discordapp.com/avatars/847917571759276104/7a3c2c45a40f20eaf892c5ce1fb5f891.png"}, "point": 3459}, {"user": {"uid": 29, "userid": 18, "name": "Wesjet", "avatar": "https://cdn.discordapp.com/avatars/680834715388870687/a_b96031e2cba9196dacc295bf0c52b280.gif"}, "point": 3394}, {"user": {"uid": 308, "userid": 227, "name": "Ali Fahmi", "avatar": "https://cdn.discordapp.com/avatars/724912335051030538/f060d90c0d181b8479b511109e0e3671.png"}, "point": 3277}, {"user": {"uid": 283, "userid": 211, "name": "atg.\ud83e\udd86", "avatar": "https://cdn.discordapp.com/avatars/748911314533089422/3cf27c2129325e34b0066145e056116c.png"}, "point": 3135}, {"user": {"uid": 156, "userid": 120, "name": "Bonsa", "avatar": "https://cdn.discordapp.com/avatars/496711398701662218/a1d41e0cf2ae1acd231c2e8b446f05c4.png"}, "point": 2866}, {"user": {"uid": 301, "userid": 222, "name": "xectear", "avatar": "https://cdn.discordapp.com/avatars/234611098400063489/b06e020047465ea49394b3bcf05c7c82.png"}, "point": 2651}, {"user": {"uid": 109, "userid": 84, "name": "bigboytrains", "avatar": "https://static.truckersmp.com/avatarsN/defaultavatar.png"}, "point": 2462}, {"user": {"uid": 253, "userid": 193, "name": "Lucien_Schildpad", "avatar": "https://static.truckersmp.com/avatarsN/defaultavatar.png"}, "point": 2308}, {"user": {"uid": 269, "userid": 204, "name": "Phoenix", "avatar": "https://cdn.discordapp.com/avatars/763003227749875713/7ff7c721d3258dd78a9e4986dce764f8.png"}, "point": 1788}, {"user": {"uid": 65, "userid": 54, "name": "Brett", "avatar": "https://cdn.discordapp.com/avatars/440904971051991070/f7c6456a1565fea12c82374d3560fbd3.png"}, "point": 1352}, {"user": {"uid": 124, "userid": 95, "name": "s  p  a  c  e  .", "avatar": "https://cdn.discordapp.com/avatars/507451917803192331/3c4b20573e7433fcbef8145519cb7646.png"}, "point": 1349}, {"user": {"uid": 163, "userid": 124, "name": "N1CK904", "avatar": "https://cdn.discordapp.com/avatars/1056467542824206346/382880aa0ba504228fe5c5478bda93b2.png"}, "point": 1283}, {"user": {"uid": 214, "userid": 164, "name": "hamez", "avatar": ""}, "point": 1150}, {"user": {"uid": 14, "userid": 9, "name": "AlfieGMTV", "avatar": "https://cdn.discordapp.com/avatars/573560111868543044/3af88c35b910ef6c5b09046038007475.png"}, "point": 791}, {"user": {"uid": 278, "userid": 207, "name": "DA COOKIE GOD \ud83c\udf6a\ud83c\udf6a\ud83c\udf6a\ud83c\udf6a", "avatar": "https://cdn.discordapp.com/avatars/1189979856440664064/3ca110a3092a62629f101bfde858d678.png"}, "point": 788}, {"user": {"uid": 185, "userid": 142, "name": "Ajai09", "avatar": ""}, "point": 484}, {"user": {"uid": 16, "userid": 13, "name": "S.C.P.-(09.K.I.A)-ALPHA-01", "avatar": "https://cdn.discordapp.com/avatars/626022532746575873/0c7633f4f143a16184360fd5dc5da8e6.png"}, "point": 459}, {"user": {"uid": 136, "userid": 103, "name": "Vanish", "avatar": "https://cdn.discordapp.com/avatars/492089034529832980/781fa3356b3c466d1f1deb3e6cffecfe.png"}, "point": 451}, {"user": {"uid": 311, "userid": 230, "name": "TheTrucker3299", "avatar": "https://cdn.discordapp.com/avatars/1161480981895716864/cccfce44a5956f82718d881373b8be1c.png"}, "point": 254}, {"user": {"uid": 154, "userid": 119, "name": "WhatsAptyp", "avatar": "https://cdn.discordapp.com/avatars/755731783030407199/21bf829739ff5cb6fa0c9f6a11773ec3.png"}, "point": 14}, {"user": {"uid": 312, "userid": 231, "name": "NanNian_TMP", "avatar": "https://cdn.discordapp.com/avatars/1158920820085751880/79409c0acd775fab5e6d6805c147341b.png"}, "point": 3}, {"user": {"uid": 40, "userid": 31, "name": "UNDRDAWG", "avatar": "https://cdn.discordapp.com/avatars/204807541010464768/ece037ed8b020ee2cd15e7b34d168764.png"}, "point": 0}, {"user": {"uid": 58, "userid": 47, "name": "MarcusFrey", "avatar": "https://cdn.discordapp.com/avatars/424530180111859715/e4ac5b8e682d1c3df22f59365a57c23c.png"}, "point": 0}, {"user": {"uid": 206, "userid": 161, "name": "adrie de ovenschaal", "avatar": "https://cdn.discordapp.com/avatars/1028215593716953150/6a2a359fdf5b23bdfd6275e70b910a3b.png"}, "point": 0}, {"user": {"uid": 211, "userid": 160, "name": "Oggy", "avatar": "https://cdn.discordapp.com/avatars/813944061073293372/a3e4d996612ac3bed7b72bbbcc6660bd.png"}, "point": 0}]}