{"fmd": [{"user": {"uid": 136, "userid": 121, "name": "Fuzzi_One", "avatar": "https://avatars.steamstatic.com/80dc5c843904a69c82033fa7600d24e61dc9b370_full.jpg"}, "point": 195656}, {"user": {"uid": 147, "userid": 132, "name": "Der  Opa", "avatar": "https://cdn.discordapp.com/avatars/390841934358249482/5182d95c0600108142ddbca2b09a1bb4.png"}, "point": 127984}, {"user": {"uid": 165, "userid": 147, "name": "Bernd.R", "avatar": "https://avatars.steamstatic.com/1632837e2e6f9bff2970254d35d06bae45d9a395_full.jpg"}, "point": 99418}, {"user": {"uid": 104, "userid": 92, "name": "Mario", "avatar": ""}, "point": 81798}, {"user": {"uid": 31, "userid": 22, "name": "[RSL] Fun_irrenanstalt", "avatar": ""}, "point": 74923}, {"user": {"uid": 222, "userid": 193, "name": "[RSL] Joshua", "avatar": "https://cdn.discordapp.com/avatars/400402081581629450/9fa983d90e5f15b9082e9506057131ef.png"}, "point": 61691}, {"user": {"uid": 192, "userid": 172, "name": "TopsyCret", "avatar": "https://avatars.steamstatic.com/82aecb83684b9c1d29f6f26a4642971416734fcc_full.jpg"}, "point": 48934}, {"user": {"uid": 50, "userid": 43, "name": "Tarial", "avatar": "https://avatars.steamstatic.com/852cd2da47222f03895ad2c285d0980e4f003168_full.jpg"}, "point": 43928}, {"user": {"uid": 176, "userid": 157, "name": "SKELETOR96", "avatar": "https://avatars.steamstatic.com/e2de94aa5b303690fc34a2784287b2ea576b1250_full.jpg"}, "point": 38616}, {"user": {"uid": 223, "userid": 194, "name": "Fidk", "avatar": "https://avatars.steamstatic.com/315a03c038d583b82044d2289104d6b2c6929131_full.jpg"}, "point": 31949}, {"user": {"uid": 153, "userid": 138, "name": "anvo97", "avatar": "https://avatars.steamstatic.com/cb20d4b269536a4a6a6b5ee95d21a8bdc6587639_full.jpg"}, "point": 28587}, {"user": {"uid": 220, "userid": 192, "name": "dennis2982", "avatar": "https://avatars.steamstatic.com/fef49e7fa7e1997310d705b2a6158ff8dc1cdfeb_full.jpg"}, "point": 28336}, {"user": {"uid": 1, "userid": 1, "name": "RSL | Domi", "avatar": "https://cdn.discordapp.com/avatars/208630023626817536/d6b5a101ffa2655e917e9e2ca950025a.png"}, "point": 25689}, {"user": {"uid": 71, "userid": 63, "name": "Ghost_Trix", "avatar": "https://avatars.steamstatic.com/65784cb24ab0fea7698c7d0fd5055e1079d83d63_full.jpg"}, "point": 24616}, {"user": {"uid": 28, "userid": 21, "name": "Lenkradgreifer / Peter", "avatar": "https://avatars.steamstatic.com/acf67207768cdc5be5f09aca6a9f7830bf27d6f7_full.jpg"}, "point": 23965}, {"user": {"uid": 17, "userid": 38, "name": "Julian", "avatar": "https://avatars.steamstatic.com/bba9b676052e67e10f0ce8cec815c138e5c030b8_full.jpg"}, "point": 22975}, {"user": {"uid": 130, "userid": 115, "name": "GhostRiDeR_REAL", "avatar": "https://avatars.steamstatic.com/0f18411149a060051bdafef053969f859dc73196_full.jpg"}, "point": 20761}, {"user": {"uid": 72, "userid": 64, "name": "BoucBrutal", "avatar": "https://avatars.steamstatic.com/3b0d8bbe6bc98d9e4405baafe0d341663e8d5bf1_full.jpg"}, "point": 19835}, {"user": {"uid": 135, "userid": 120, "name": "mschmidi270373", "avatar": "https://avatars.steamstatic.com/d670cb75b7d0055ee9c551ea24f9135512728a93_full.jpg"}, "point": 19207}, {"user": {"uid": 27, "userid": 40, "name": "Odin", "avatar": "https://avatars.steamstatic.com/d85514129aa7b2bd055e58358fea8f36254dbc3b_full.jpg"}, "point": 18883}, {"user": {"uid": 190, "userid": 168, "name": "DWELLER23", "avatar": "https://avatars.steamstatic.com/415e39cd7b3cbe49442ef90b37c5e367980f8124_full.jpg"}, "point": 18770}, {"user": {"uid": 41, "userid": 25, "name": "Marvin", "avatar": "https://avatars.steamstatic.com/52f347986803228f0c1e66e478eea3929969ab42_full.jpg"}, "point": 17913}, {"user": {"uid": 181, "userid": 160, "name": "Edgarianer007", "avatar": "https://avatars.steamstatic.com/de0a5993bd753b89c6b5c132a26d7ddc838e4424_full.jpg"}, "point": 17469}, {"user": {"uid": 3, "userid": 3, "name": "Yglo233", "avatar": "https://avatars.steamstatic.com/31b7c52f47bfc7fdf48a7793bcc63254fbb4d4e0_full.jpg"}, "point": 16980}, {"user": {"uid": 118, "userid": 103, "name": "EinfachnurWolf", "avatar": "https://avatars.steamstatic.com/dcddc28153a03ef589ba9b54c11a1edc4384acdf_full.jpg"}, "point": 16290}, {"user": {"uid": 144, "userid": 129, "name": "Nicx", "avatar": "https://avatars.steamstatic.com/af1cf9cf15be50bc6eda5a5c35bb1698bbf77ecd_full.jpg"}, "point": 15439}, {"user": {"uid": 75, "userid": 67, "name": "GunGamerTV", "avatar": "https://avatars.steamstatic.com/64ae1da41a9c51a5ab44c29f0b054b14123aabe4_full.jpg"}, "point": 14375}, {"user": {"uid": 174, "userid": 163, "name": "matto3_0", "avatar": "https://avatars.steamstatic.com/def847b7a7bffa014ac28f21e9a278648b903f0e_full.jpg"}, "point": 14273}, {"user": {"uid": 212, "userid": 186, "name": "CookerSquid", "avatar": "https://avatars.steamstatic.com/174d7abab445013b954bd515339e811c313bbbf1_full.jpg"}, "point": 13903}, {"user": {"uid": 198, "userid": 175, "name": "SiKe_342", "avatar": "https://avatars.steamstatic.com/1fd7929be85d31c2215352cf1dd62fe4f50f6539_full.jpg"}, "point": 13152}, {"user": {"uid": 145, "userid": 130, "name": "Mr.Korall", "avatar": "https://avatars.steamstatic.com/71c5c5744ad9cda9e24a3cbb14bba2e238bf66af_full.jpg"}, "point": 12916}, {"user": {"uid": 12, "userid": 9, "name": "[RSL] Fabian", "avatar": "https://cdn.discordapp.com/avatars/636590993206149131/a_111fda2bf4727ff3c93f010507ff166c.gif"}, "point": 12834}, {"user": {"uid": 231, "userid": 198, "name": "Hypo", "avatar": "https://cdn.discordapp.com/avatars/400666851022995468/6a162fad7beed5e461df4f3e8581c6fa.png"}, "point": 11981}, {"user": {"uid": 95, "userid": 86, "name": "EnTee", "avatar": "https://avatars.steamstatic.com/3f5e9daea59216d7fe13df4e031d3537580e5e21_full.jpg"}, "point": 11738}, {"user": {"uid": 6, "userid": 6, "name": "Rom77", "avatar": "https://avatars.steamstatic.com/c949ed9e884ddd730097bfe8848bdc3fb152f582_full.jpg"}, "point": 10090}, {"user": {"uid": 5, "userid": 5, "name": "Krokettenkardinal", "avatar": "https://avatars.steamstatic.com/c9b0433b0bb6a868d3a3cc1dcfd7850370116fb0_full.jpg"}, "point": 9736}, {"user": {"uid": 169, "userid": 153, "name": "Ca24", "avatar": "https://avatars.steamstatic.com/fef49e7fa7e1997310d705b2a6158ff8dc1cdfeb_full.jpg"}, "point": 9587}, {"user": {"uid": 227, "userid": 197, "name": "flighttime", "avatar": "https://cdn.discordapp.com/avatars/680800675931619343/f79b46f59970fe2f55d821ed68464bb5.png"}, "point": 9054}, {"user": {"uid": 91, "userid": 82, "name": "Ninja_Kiwi", "avatar": "https://avatars.steamstatic.com/1aaec1ed3f3cd8465fa42665b01eb70d7f701604_full.jpg"}, "point": 8080}, {"user": {"uid": 225, "userid": 195, "name": "max-kruse-ad", "avatar": "https://avatars.steamstatic.com/cc1f5e02a7b42447651f11e4cc9f6d7694eec5ab_full.jpg"}, "point": 8040}, {"user": {"uid": 218, "userid": 190, "name": "_darius.nbg_09", "avatar": "https://avatars.steamstatic.com/e22db4d824e6273db0f64460ff12f2a339ccc91a_full.jpg"}, "point": 7987}, {"user": {"uid": 166, "userid": 148, "name": "Mr. Flamerbob", "avatar": "https://avatars.steamstatic.com/f09c6f0a5e09fe9c72513549759e782358641670_full.jpg"}, "point": 7985}, {"user": {"uid": 64, "userid": 57, "name": "captainbubatz", "avatar": "https://avatars.steamstatic.com/05e287bb68b9dd3798bae459b8e7d4cc59c5e9a5_full.jpg"}, "point": 7720}, {"user": {"uid": 55, "userid": 50, "name": "zogger9000", "avatar": "https://static.truckersmp.com/avatarsN/defaultavatar.png"}, "point": 7653}, {"user": {"uid": 143, "userid": 128, "name": "Tomm82m", "avatar": "https://avatars.steamstatic.com/70845c436d1d1acef2a024c0a46d21d53c13eda5_full.jpg"}, "point": 7040}, {"user": {"uid": 76, "userid": 68, "name": "michaelpl", "avatar": "https://avatars.steamstatic.com/0d6d4c2838992e31b7117875d964c9c064bbeef4_full.jpg"}, "point": 6897}, {"user": {"uid": 7, "userid": 7, "name": "lordyee41", "avatar": "https://avatars.steamstatic.com/0ae81ca7c6209a3391ea86d2da7ff019658732e0_full.jpg"}, "point": 6760}, {"user": {"uid": 57, "userid": 49, "name": "\ud835\udd92\ud835\udd8e\ud835\udd9e\ud835\udd9a\ud835\udd90\ud835\udd8eGHG", "avatar": "https://avatars.steamstatic.com/1aae838e05131383bb631e74e2c982b15bbcaaab_full.jpg"}, "point": 6719}, {"user": {"uid": 171, "userid": 154, "name": "dom_binda", "avatar": "https://avatars.steamstatic.com/850c742b99f1bd3b7e51baab91a51db1ac4e08c8_full.jpg"}, "point": 6265}, {"user": {"uid": 131, "userid": 116, "name": "DnS", "avatar": "https://avatars.steamstatic.com/76b7a1118346ddac8e32198f37f89bdd31a1a9c7_full.jpg"}, "point": 5407}, {"user": {"uid": 141, "userid": 126, "name": "Dome", "avatar": "https://avatars.steamstatic.com/ae55f68b3ccef730e265e45ade565f8eb7719e40_full.jpg"}, "point": 5305}, {"user": {"uid": 114, "userid": 99, "name": "melox030", "avatar": "https://avatars.steamstatic.com/fef49e7fa7e1997310d705b2a6158ff8dc1cdfeb_full.jpg"}, "point": 5255}, {"user": {"uid": 98, "userid": 88, "name": "2710150", "avatar": "https://avatars.steamstatic.com/8b06c487bb6e3cf74c5ac6803b77ba8a7d9de45d_full.jpg"}, "point": 4837}, {"user": {"uid": 99, "userid": 110, "name": "[RSL]Albanr.9", "avatar": "https://avatars.steamstatic.com/b3773af8338e7a36b55ec298e6dee7f4e0cd9aa0_full.jpg"}, "point": 4448}, {"user": {"uid": 29, "userid": 23, "name": "Seitenbacher_Hanf\u00f6l", "avatar": "https://avatars.steamstatic.com/acf67207768cdc5be5f09aca6a9f7830bf27d6f7_full.jpg"}, "point": 4035}, {"user": {"uid": 139, "userid": 124, "name": "felix-menzler", "avatar": "https://avatars.steamstatic.com/92f23da5d9678dfe7c3d530a1c449c98331a0cca_full.jpg"}, "point": 3909}, {"user": {"uid": 119, "userid": 104, "name": "hansenluca06", "avatar": "https://avatars.steamstatic.com/cc744d1a1b593d1fcbda3c00a975f994662815ff_full.jpg"}, "point": 3781}, {"user": {"uid": 205, "userid": 181, "name": "Jakkd", "avatar": "https://avatars.steamstatic.com/97670eff7ffff1bfa68343bab29481e6fb148c75_full.jpg"}, "point": 3453}, {"user": {"uid": 191, "userid": 170, "name": "TheAndy33", "avatar": "https://avatars.steamstatic.com/bf469dff0dd81e52001fff72d1cc373d855c5498_full.jpg"}, "point": 3245}, {"user": {"uid": 194, "userid": 171, "name": "subnayzz", "avatar": "https://avatars.steamstatic.com/541d03601aebfb8436b10da6b9d4d1275ec7edc4_full.jpg"}, "point": 2955}, {"user": {"uid": 236, "userid": 204, "name": "THEniceCARGUY69", "avatar": "https://avatars.steamstatic.com/9a6adc484b00e9de2bd28bd236f3c464eec33fdc_full.jpg"}, "point": 2891}, {"user": {"uid": 183, "userid": 161, "name": "2Lost4Playing", "avatar": "https://avatars.steamstatic.com/a73955f5d746e6e266b5170c2eed3047928ff0b7_full.jpg"}, "point": 2802}, {"user": {"uid": 14, "userid": 12, "name": "taaastyyy", "avatar": "https://avatars.steamstatic.com/d71b2fd5a847a659ec55c28f0693363643794d79_full.jpg"}, "point": 2540}, {"user": {"uid": 70, "userid": 62, "name": "Tr4xe", "avatar": "https://avatars.steamstatic.com/f2113fe4c56a40abf11f5b2ba82a922b9362e305_full.jpg"}, "point": 2493}, {"user": {"uid": 32, "userid": 35, "name": "ChrisHB", "avatar": "https://static.truckersmp.com/avatarsN/1701744.1706334814.jpg"}, "point": 2222}, {"user": {"uid": 234, "userid": 202, "name": "Martin Hans Sonneborn", "avatar": "https://avatars.steamstatic.com/6317911d82a5a9c48d0db3d2e6770cb6769d91cf_full.jpg"}, "point": 2198}, {"user": {"uid": 226, "userid": 196, "name": "Nico[DE]", "avatar": "https://avatars.steamstatic.com/50767cea96889a121066ed45c098873cb258f8f3_full.jpg"}, "point": 2191}, {"user": {"uid": 25, "userid": 19, "name": "Razoraptor", "avatar": "https://avatars.steamstatic.com/411f0a1d08563b0dcd648c344b113688287bfb1f_full.jpg"}, "point": 2189}, {"user": {"uid": 127, "userid": 112, "name": "pappnaas05", "avatar": "https://cdn.discordapp.com/avatars/467693099351801857/e789a6de8444c4ddbc96f54f5eca2073.png"}, "point": 2146}, {"user": {"uid": 77, "userid": 69, "name": "petschu", "avatar": "https://avatars.steamstatic.com/0b25d0c7ae09b25b5b8181b3759231284797f3df_full.jpg"}, "point": 1962}, {"user": {"uid": 49, "userid": 47, "name": "UselessHumanBeing", "avatar": "https://avatars.steamstatic.com/97e463a36f2693f6158631fb69c4074694019c20_full.jpg"}, "point": 1868}, {"user": {"uid": 233, "userid": 200, "name": "[RSL] Leroy", "avatar": "https://cdn.discordapp.com/avatars/1181998617528107149/11ab699a704dbd154f4a3b5e604177ee.png"}, "point": 1789}, {"user": {"uid": 84, "userid": 75, "name": "lolgamer5300", "avatar": "https://avatars.steamstatic.com/76ad51d2c234085fc07dbe1396e3d39331376fd5_full.jpg"}, "point": 1639}, {"user": {"uid": 235, "userid": 203, "name": "Kubixx \u30c4", "avatar": "https://avatars.steamstatic.com/97caee00eb9e2fd9f78eaf034b7f9f4d2fd9210d_full.jpg"}, "point": 1633}, {"user": {"uid": 207, "userid": 182, "name": "j.kempa09", "avatar": "https://avatars.steamstatic.com/fef49e7fa7e1997310d705b2a6158ff8dc1cdfeb_full.jpg"}, "point": 1562}, {"user": {"uid": 232, "userid": 199, "name": "TrainOmsiTV", "avatar": "https://avatars.steamstatic.com/70f516be65073580cfa05c72ba88f67de21f7244_full.jpg"}, "point": 1558}, {"user": {"uid": 115, "userid": 100, "name": "MMBrothers5052", "avatar": "https://avatars.steamstatic.com/a0eaa7260148b199438bda0677a21cc341e4b51c_full.jpg"}, "point": 1509}, {"user": {"uid": 45, "userid": 36, "name": "Der Sachse", "avatar": "https://static.truckersmp.com/avatarsN/3203811.1663180346.gif"}, "point": 1485}, {"user": {"uid": 213, "userid": 187, "name": "[GER] Veteranofdeath", "avatar": "https://avatars.steamstatic.com/151feb581ad7cfedc7a99c7b71450151e7b17f32_full.jpg"}, "point": 1396}, {"user": {"uid": 117, "userid": 102, "name": "LilMiiP :)", "avatar": "https://avatars.steamstatic.com/5f49c38ec606469b6ecae76ea46b312b9fccb77c_full.jpg"}, "point": 1281}, {"user": {"uid": 42, "userid": 45, "name": "xSimogg", "avatar": "https://avatars.steamstatic.com/f0e116a40ac026c80897f3568a6f6b0fd150a4cc_full.jpg"}, "point": 1147}, {"user": {"uid": 137, "userid": 122, "name": "Ollknoll", "avatar": "https://avatars.steamstatic.com/940454d3f8b8075ab35bd2a555be3b529fd8c29f_full.jpg"}, "point": 1093}, {"user": {"uid": 30, "userid": 52, "name": "Marlboro Gold", "avatar": "https://avatars.steamstatic.com/a04fb35aae2d932a8d6fe3d9a9663ab1c39cacea_full.jpg"}, "point": 1062}, {"user": {"uid": 23, "userid": 16, "name": "Darea", "avatar": "https://avatars.steamstatic.com/1c0cb0d9a2a2ad10690718ef6e7ab599426cee06_full.jpg"}, "point": 1056}, {"user": {"uid": 175, "userid": 156, "name": "Hennes", "avatar": "https://avatars.steamstatic.com/95d8f1c00bbdc43e289e494f3dad027a6f930ac4_full.jpg"}, "point": 1043}, {"user": {"uid": 96, "userid": 87, "name": "Nini", "avatar": "https://avatars.steamstatic.com/aa373bb0f4b76fa782a993a554227d3fc6239bc5_full.jpg"}, "point": 1036}, {"user": {"uid": 230, "userid": 201, "name": "DavidRad", "avatar": "https://avatars.steamstatic.com/a573dc6845f12dde449a1e9ab7ef991c12229e28_full.jpg"}, "point": 972}, {"user": {"uid": 4, "userid": 4, "name": "BadLight", "avatar": "https://avatars.steamstatic.com/602988b158f277092346e5efdce01ca3b8af9008_full.jpg"}, "point": 943}, {"user": {"uid": 221, "userid": 191, "name": "Jason27", "avatar": "https://avatars.steamstatic.com/bc6a6ab016bde9b023161edb8a32ac34bd84112d_full.jpg"}, "point": 917}, {"user": {"uid": 112, "userid": 97, "name": "Marko", "avatar": "https://avatars.steamstatic.com/fef49e7fa7e1997310d705b2a6158ff8dc1cdfeb_full.jpg"}, "point": 906}, {"user": {"uid": 48, "userid": 44, "name": "DeeBee", "avatar": "https://avatars.steamstatic.com/dce158ba0978775e46796f95ac009ded8d52693f_full.jpg"}, "point": 777}, {"user": {"uid": 111, "userid": 96, "name": "Paskal97", "avatar": "https://avatars.steamstatic.com/9475263bcb19b71603be31c2d94088614482e784_full.jpg"}, "point": 683}, {"user": {"uid": 128, "userid": 113, "name": "wurmi_", "avatar": "https://avatars.steamstatic.com/2ee8125baec6a10f56f48e04592389f667d1b82c_full.jpg"}, "point": 637}, {"user": {"uid": 116, "userid": 101, "name": "Qiopoto", "avatar": "https://avatars.steamstatic.com/b81d548442ebcbaef1258431da08bd7d985fdc08_full.jpg"}, "point": 618}, {"user": {"uid": 154, "userid": 139, "name": "diedubblebres", "avatar": "https://avatars.steamstatic.com/708b6fa271f19f23714dc247683d820bad1aa579_full.jpg"}, "point": 576}, {"user": {"uid": 46, "userid": 37, "name": "GiiForce", "avatar": "https://avatars.steamstatic.com/345c6ba953d6a7e56e2df6f319cbee50a72bf91d_full.jpg"}, "point": 574}, {"user": {"uid": 2, "userid": 2, "name": "[RSL] Ghost", "avatar": "https://cdn.discordapp.com/avatars/673509646996209676/a_7feeb1df41d09e7ca4d7d962e4c56933.gif"}, "point": 573}, {"user": {"uid": 217, "userid": 189, "name": "ikik-kc", "avatar": "https://avatars.steamstatic.com/fef49e7fa7e1997310d705b2a6158ff8dc1cdfeb_full.jpg"}, "point": 552}, {"user": {"uid": 160, "userid": 143, "name": "D4t", "avatar": "https://avatars.steamstatic.com/eaacbbf3f597bc70d6d767b555ffdf5e9fb8e942_full.jpg"}, "point": 547}, {"user": {"uid": 26, "userid": 33, "name": "[RSL] Mambo", "avatar": "https://cdn.discordapp.com/avatars/768651199607734294/a_ee77029fae0aa73c1dacc5bae7a62aac.gif"}, "point": 447}, {"user": {"uid": 237, "userid": 205, "name": "Maaarius", "avatar": "https://cdn.discordapp.com/avatars/430448490766663692/785589beb79befe4a30c031150fd8041.png"}, "point": 340}, {"user": {"uid": 61, "userid": 54, "name": "Marcel.3101", "avatar": "https://avatars.steamstatic.com/cbfb3b9dd23d1713d1630789bf8ace321f82a154_full.jpg"}, "point": 338}, {"user": {"uid": 199, "userid": 179, "name": "Marv", "avatar": "https://cdn.discordapp.com/avatars/491269024970440704/286a9b0e6df880695d71c4fb52f886c4.png"}, "point": 290}, {"user": {"uid": 134, "userid": 119, "name": "El\u017cbieta Bosak", "avatar": "https://avatars.steamstatic.com/98436fc3a8347140c40b9ae01f75711dfd650102_full.jpg"}, "point": 289}, {"user": {"uid": 132, "userid": 117, "name": "!Pinocchio", "avatar": "https://avatars.steamstatic.com/ad6d05f99b19d6a006f36db6008f93a6b4d5fe3a_full.jpg"}, "point": 238}, {"user": {"uid": 62, "userid": 55, "name": "Uhtred Ragnarson", "avatar": "https://avatars.steamstatic.com/5ac96193edf39f0e7071bf69bf710db4a2352465_full.jpg"}, "point": 165}, {"user": {"uid": 83, "userid": 76, "name": "BobbyLeeJones", "avatar": "https://avatars.steamstatic.com/fef49e7fa7e1997310d705b2a6158ff8dc1cdfeb_full.jpg"}, "point": 149}, {"user": {"uid": 81, "userid": 72, "name": "Wolfssturm1", "avatar": "https://avatars.steamstatic.com/360236e555049f204b12d3a8685a3b9b9764ebfe_full.jpg"}, "point": 126}, {"user": {"uid": 36, "userid": 29, "name": "Mischgu", "avatar": "https://avatars.steamstatic.com/31e5e7937cd647045663fb911d14975423f3a425_full.jpg"}, "point": 119}, {"user": {"uid": 151, "userid": 136, "name": "rosiilein", "avatar": "https://avatars.steamstatic.com/fef49e7fa7e1997310d705b2a6158ff8dc1cdfeb_full.jpg"}, "point": 90}, {"user": {"uid": 167, "userid": 150, "name": "JaPaMoe", "avatar": "https://avatars.steamstatic.com/c7c051daec1b48bfe55b531f6dba3a456de32c96_full.jpg"}, "point": 20}, {"user": {"uid": 187, "userid": 166, "name": "JF 112", "avatar": "https://avatars.steamstatic.com/9338cf14e4e649d883667878f97b756cf1eca742_full.jpg"}, "point": 3}, {"user": {"uid": 239, "userid": 206, "name": "Charlotte", "avatar": "https://avatars.steamstatic.com/a0cdac9566545848ca7a113a63e9603bd210d82e_full.jpg"}, "point": 2}, {"user": {"uid": 121, "userid": 107, "name": "Stoffel", "avatar": "https://avatars.steamstatic.com/f5a053006888d02d791fed0f3b467b0f22a72b75_full.jpg"}, "point": 0}, {"user": {"uid": 155, "userid": 140, "name": "\u1d05\u1d00\u1d20\u1d05\u1d00\u1d1b\u026a\u1d20\u1d07", "avatar": "https://cdn.discordapp.com/avatars/933050296811290684/03bed74c2e0b9e7f5b9e142eb6d4c152.png"}, "point": 0}], "fma": [{"user": {"uid": 136, "userid": 121, "name": "Fuzzi_One", "avatar": "https://avatars.steamstatic.com/80dc5c843904a69c82033fa7600d24e61dc9b370_full.jpg"}, "point": 195656}, {"user": {"uid": 147, "userid": 132, "name": "Der  Opa", "avatar": "https://cdn.discordapp.com/avatars/390841934358249482/5182d95c0600108142ddbca2b09a1bb4.png"}, "point": 127984}, {"user": {"uid": 165, "userid": 147, "name": "Bernd.R", "avatar": "https://avatars.steamstatic.com/1632837e2e6f9bff2970254d35d06bae45d9a395_full.jpg"}, "point": 99418}, {"user": {"uid": 104, "userid": 92, "name": "Mario", "avatar": ""}, "point": 81798}, {"user": {"uid": 31, "userid": 22, "name": "[RSL] Fun_irrenanstalt", "avatar": ""}, "point": 74923}, {"user": {"uid": 222, "userid": 193, "name": "[RSL] Joshua", "avatar": "https://cdn.discordapp.com/avatars/400402081581629450/9fa983d90e5f15b9082e9506057131ef.png"}, "point": 62691}, {"user": {"uid": 192, "userid": 172, "name": "TopsyCret", "avatar": "https://avatars.steamstatic.com/82aecb83684b9c1d29f6f26a4642971416734fcc_full.jpg"}, "point": 48934}, {"user": {"uid": 50, "userid": 43, "name": "Tarial", "avatar": "https://avatars.steamstatic.com/852cd2da47222f03895ad2c285d0980e4f003168_full.jpg"}, "point": 43928}, {"user": {"uid": 176, "userid": 157, "name": "SKELETOR96", "avatar": "https://avatars.steamstatic.com/e2de94aa5b303690fc34a2784287b2ea576b1250_full.jpg"}, "point": 38616}, {"user": {"uid": 223, "userid": 194, "name": "Fidk", "avatar": "https://avatars.steamstatic.com/315a03c038d583b82044d2289104d6b2c6929131_full.jpg"}, "point": 31949}, {"user": {"uid": 153, "userid": 138, "name": "anvo97", "avatar": "https://avatars.steamstatic.com/cb20d4b269536a4a6a6b5ee95d21a8bdc6587639_full.jpg"}, "point": 28587}, {"user": {"uid": 220, "userid": 192, "name": "dennis2982", "avatar": "https://avatars.steamstatic.com/fef49e7fa7e1997310d705b2a6158ff8dc1cdfeb_full.jpg"}, "point": 28336}, {"user": {"uid": 1, "userid": 1, "name": "RSL | Domi", "avatar": "https://cdn.discordapp.com/avatars/208630023626817536/d6b5a101ffa2655e917e9e2ca950025a.png"}, "point": 25689}, {"user": {"uid": 71, "userid": 63, "name": "Ghost_Trix", "avatar": "https://avatars.steamstatic.com/65784cb24ab0fea7698c7d0fd5055e1079d83d63_full.jpg"}, "point": 24616}, {"user": {"uid": 28, "userid": 21, "name": "Lenkradgreifer / Peter", "avatar": "https://avatars.steamstatic.com/acf67207768cdc5be5f09aca6a9f7830bf27d6f7_full.jpg"}, "point": 23965}, {"user": {"uid": 17, "userid": 38, "name": "Julian", "avatar": "https://avatars.steamstatic.com/bba9b676052e67e10f0ce8cec815c138e5c030b8_full.jpg"}, "point": 22975}, {"user": {"uid": 130, "userid": 115, "name": "GhostRiDeR_REAL", "avatar": "https://avatars.steamstatic.com/0f18411149a060051bdafef053969f859dc73196_full.jpg"}, "point": 20761}, {"user": {"uid": 72, "userid": 64, "name": "BoucBrutal", "avatar": "https://avatars.steamstatic.com/3b0d8bbe6bc98d9e4405baafe0d341663e8d5bf1_full.jpg"}, "point": 19835}, {"user": {"uid": 135, "userid": 120, "name": "mschmidi270373", "avatar": "https://avatars.steamstatic.com/d670cb75b7d0055ee9c551ea24f9135512728a93_full.jpg"}, "point": 19207}, {"user": {"uid": 27, "userid": 40, "name": "Odin", "avatar": "https://avatars.steamstatic.com/d85514129aa7b2bd055e58358fea8f36254dbc3b_full.jpg"}, "point": 18883}, {"user": {"uid": 190, "userid": 168, "name": "DWELLER23", "avatar": "https://avatars.steamstatic.com/415e39cd7b3cbe49442ef90b37c5e367980f8124_full.jpg"}, "point": 18770}, {"user": {"uid": 41, "userid": 25, "name": "Marvin", "avatar": "https://avatars.steamstatic.com/52f347986803228f0c1e66e478eea3929969ab42_full.jpg"}, "point": 17913}, {"user": {"uid": 181, "userid": 160, "name": "Edgarianer007", "avatar": "https://avatars.steamstatic.com/de0a5993bd753b89c6b5c132a26d7ddc838e4424_full.jpg"}, "point": 17469}, {"user": {"uid": 3, "userid": 3, "name": "Yglo233", "avatar": "https://avatars.steamstatic.com/31b7c52f47bfc7fdf48a7793bcc63254fbb4d4e0_full.jpg"}, "point": 16980}, {"user": {"uid": 118, "userid": 103, "name": "EinfachnurWolf", "avatar": "https://avatars.steamstatic.com/dcddc28153a03ef589ba9b54c11a1edc4384acdf_full.jpg"}, "point": 16290}, {"user": {"uid": 144, "userid": 129, "name": "Nicx", "avatar": "https://avatars.steamstatic.com/af1cf9cf15be50bc6eda5a5c35bb1698bbf77ecd_full.jpg"}, "point": 15439}, {"user": {"uid": 75, "userid": 67, "name": "GunGamerTV", "avatar": "https://avatars.steamstatic.com/64ae1da41a9c51a5ab44c29f0b054b14123aabe4_full.jpg"}, "point": 14375}, {"user": {"uid": 174, "userid": 163, "name": "matto3_0", "avatar": "https://avatars.steamstatic.com/def847b7a7bffa014ac28f21e9a278648b903f0e_full.jpg"}, "point": 14273}, {"user": {"uid": 212, "userid": 186, "name": "CookerSquid", "avatar": "https://avatars.steamstatic.com/174d7abab445013b954bd515339e811c313bbbf1_full.jpg"}, "point": 13903}, {"user": {"uid": 145, "userid": 130, "name": "Mr.Korall", "avatar": "https://avatars.steamstatic.com/71c5c5744ad9cda9e24a3cbb14bba2e238bf66af_full.jpg"}, "point": 13316}, {"user": {"uid": 198, "userid": 175, "name": "SiKe_342", "avatar": "https://avatars.steamstatic.com/1fd7929be85d31c2215352cf1dd62fe4f50f6539_full.jpg"}, "point": 13152}, {"user": {"uid": 12, "userid": 9, "name": "[RSL] Fabian", "avatar": "https://cdn.discordapp.com/avatars/636590993206149131/a_111fda2bf4727ff3c93f010507ff166c.gif"}, "point": 12834}, {"user": {"uid": 231, "userid": 198, "name": "Hypo", "avatar": "https://cdn.discordapp.com/avatars/400666851022995468/6a162fad7beed5e461df4f3e8581c6fa.png"}, "point": 11981}, {"user": {"uid": 95, "userid": 86, "name": "EnTee", "avatar": "https://avatars.steamstatic.com/3f5e9daea59216d7fe13df4e031d3537580e5e21_full.jpg"}, "point": 11738}, {"user": {"uid": 6, "userid": 6, "name": "Rom77", "avatar": "https://avatars.steamstatic.com/c949ed9e884ddd730097bfe8848bdc3fb152f582_full.jpg"}, "point": 10090}, {"user": {"uid": 5, "userid": 5, "name": "Krokettenkardinal", "avatar": "https://avatars.steamstatic.com/c9b0433b0bb6a868d3a3cc1dcfd7850370116fb0_full.jpg"}, "point": 9936}, {"user": {"uid": 169, "userid": 153, "name": "Ca24", "avatar": "https://avatars.steamstatic.com/fef49e7fa7e1997310d705b2a6158ff8dc1cdfeb_full.jpg"}, "point": 9587}, {"user": {"uid": 227, "userid": 197, "name": "flighttime", "avatar": "https://cdn.discordapp.com/avatars/680800675931619343/f79b46f59970fe2f55d821ed68464bb5.png"}, "point": 9054}, {"user": {"uid": 91, "userid": 82, "name": "Ninja_Kiwi", "avatar": "https://avatars.steamstatic.com/1aaec1ed3f3cd8465fa42665b01eb70d7f701604_full.jpg"}, "point": 8080}, {"user": {"uid": 225, "userid": 195, "name": "max-kruse-ad", "avatar": "https://avatars.steamstatic.com/cc1f5e02a7b42447651f11e4cc9f6d7694eec5ab_full.jpg"}, "point": 8040}, {"user": {"uid": 218, "userid": 190, "name": "_darius.nbg_09", "avatar": "https://avatars.steamstatic.com/e22db4d824e6273db0f64460ff12f2a339ccc91a_full.jpg"}, "point": 7987}, {"user": {"uid": 166, "userid": 148, "name": "Mr. Flamerbob", "avatar": "https://avatars.steamstatic.com/f09c6f0a5e09fe9c72513549759e782358641670_full.jpg"}, "point": 7985}, {"user": {"uid": 64, "userid": 57, "name": "captainbubatz", "avatar": "https://avatars.steamstatic.com/05e287bb68b9dd3798bae459b8e7d4cc59c5e9a5_full.jpg"}, "point": 7720}, {"user": {"uid": 55, "userid": 50, "name": "zogger9000", "avatar": "https://static.truckersmp.com/avatarsN/defaultavatar.png"}, "point": 7653}, {"user": {"uid": 99, "userid": 110, "name": "[RSL]Albanr.9", "avatar": "https://avatars.steamstatic.com/b3773af8338e7a36b55ec298e6dee7f4e0cd9aa0_full.jpg"}, "point": 7648}, {"user": {"uid": 143, "userid": 128, "name": "Tomm82m", "avatar": "https://avatars.steamstatic.com/70845c436d1d1acef2a024c0a46d21d53c13eda5_full.jpg"}, "point": 7040}, {"user": {"uid": 76, "userid": 68, "name": "michaelpl", "avatar": "https://avatars.steamstatic.com/0d6d4c2838992e31b7117875d964c9c064bbeef4_full.jpg"}, "point": 6897}, {"user": {"uid": 7, "userid": 7, "name": "lordyee41", "avatar": "https://avatars.steamstatic.com/0ae81ca7c6209a3391ea86d2da7ff019658732e0_full.jpg"}, "point": 6760}, {"user": {"uid": 57, "userid": 49, "name": "\ud835\udd92\ud835\udd8e\ud835\udd9e\ud835\udd9a\ud835\udd90\ud835\udd8eGHG", "avatar": "https://avatars.steamstatic.com/1aae838e05131383bb631e74e2c982b15bbcaaab_full.jpg"}, "point": 6719}, {"user": {"uid": 171, "userid": 154, "name": "dom_binda", "avatar": "https://avatars.steamstatic.com/850c742b99f1bd3b7e51baab91a51db1ac4e08c8_full.jpg"}, "point": 6265}, {"user": {"uid": 131, "userid": 116, "name": "DnS", "avatar": "https://avatars.steamstatic.com/76b7a1118346ddac8e32198f37f89bdd31a1a9c7_full.jpg"}, "point": 5407}, {"user": {"uid": 141, "userid": 126, "name": "Dome", "avatar": "https://avatars.steamstatic.com/ae55f68b3ccef730e265e45ade565f8eb7719e40_full.jpg"}, "point": 5305}, {"user": {"uid": 114, "userid": 99, "name": "melox030", "avatar": "https://avatars.steamstatic.com/fef49e7fa7e1997310d705b2a6158ff8dc1cdfeb_full.jpg"}, "point": 5255}, {"user": {"uid": 98, "userid": 88, "name": "2710150", "avatar": "https://avatars.steamstatic.com/8b06c487bb6e3cf74c5ac6803b77ba8a7d9de45d_full.jpg"}, "point": 4837}, {"user": {"uid": 29, "userid": 23, "name": "Seitenbacher_Hanf\u00f6l", "avatar": "https://avatars.steamstatic.com/acf67207768cdc5be5f09aca6a9f7830bf27d6f7_full.jpg"}, "point": 4035}, {"user": {"uid": 139, "userid": 124, "name": "felix-menzler", "avatar": "https://avatars.steamstatic.com/92f23da5d9678dfe7c3d530a1c449c98331a0cca_full.jpg"}, "point": 3909}, {"user": {"uid": 119, "userid": 104, "name": "hansenluca06", "avatar": "https://avatars.steamstatic.com/cc744d1a1b593d1fcbda3c00a975f994662815ff_full.jpg"}, "point": 3781}, {"user": {"uid": 205, "userid": 181, "name": "Jakkd", "avatar": "https://avatars.steamstatic.com/97670eff7ffff1bfa68343bab29481e6fb148c75_full.jpg"}, "point": 3453}, {"user": {"uid": 191, "userid": 170, "name": "TheAndy33", "avatar": "https://avatars.steamstatic.com/bf469dff0dd81e52001fff72d1cc373d855c5498_full.jpg"}, "point": 3245}, {"user": {"uid": 194, "userid": 171, "name": "subnayzz", "avatar": "https://avatars.steamstatic.com/541d03601aebfb8436b10da6b9d4d1275ec7edc4_full.jpg"}, "point": 2955}, {"user": {"uid": 236, "userid": 204, "name": "THEniceCARGUY69", "avatar": "https://avatars.steamstatic.com/9a6adc484b00e9de2bd28bd236f3c464eec33fdc_full.jpg"}, "point": 2891}, {"user": {"uid": 183, "userid": 161, "name": "2Lost4Playing", "avatar": "https://avatars.steamstatic.com/a73955f5d746e6e266b5170c2eed3047928ff0b7_full.jpg"}, "point": 2802}, {"user": {"uid": 14, "userid": 12, "name": "taaastyyy", "avatar": "https://avatars.steamstatic.com/d71b2fd5a847a659ec55c28f0693363643794d79_full.jpg"}, "point": 2540}, {"user": {"uid": 70, "userid": 62, "name": "Tr4xe", "avatar": "https://avatars.steamstatic.com/f2113fe4c56a40abf11f5b2ba82a922b9362e305_full.jpg"}, "point": 2493}, {"user": {"uid": 32, "userid": 35, "name": "ChrisHB", "avatar": "https://static.truckersmp.com/avatarsN/1701744.1706334814.jpg"}, "point": 2222}, {"user": {"uid": 234, "userid": 202, "name": "Martin Hans Sonneborn", "avatar": "https://avatars.steamstatic.com/6317911d82a5a9c48d0db3d2e6770cb6769d91cf_full.jpg"}, "point": 2198}, {"user": {"uid": 226, "userid": 196, "name": "Nico[DE]", "avatar": "https://avatars.steamstatic.com/50767cea96889a121066ed45c098873cb258f8f3_full.jpg"}, "point": 2191}, {"user": {"uid": 25, "userid": 19, "name": "Razoraptor", "avatar": "https://avatars.steamstatic.com/411f0a1d08563b0dcd648c344b113688287bfb1f_full.jpg"}, "point": 2189}, {"user": {"uid": 127, "userid": 112, "name": "pappnaas05", "avatar": "https://cdn.discordapp.com/avatars/467693099351801857/e789a6de8444c4ddbc96f54f5eca2073.png"}, "point": 2146}, {"user": {"uid": 77, "userid": 69, "name": "petschu", "avatar": "https://avatars.steamstatic.com/0b25d0c7ae09b25b5b8181b3759231284797f3df_full.jpg"}, "point": 1962}, {"user": {"uid": 49, "userid": 47, "name": "UselessHumanBeing", "avatar": "https://avatars.steamstatic.com/97e463a36f2693f6158631fb69c4074694019c20_full.jpg"}, "point": 1868}, {"user": {"uid": 233, "userid": 200, "name": "[RSL] Leroy", "avatar": "https://cdn.discordapp.com/avatars/1181998617528107149/11ab699a704dbd154f4a3b5e604177ee.png"}, "point": 1789}, {"user": {"uid": 84, "userid": 75, "name": "lolgamer5300", "avatar": "https://avatars.steamstatic.com/76ad51d2c234085fc07dbe1396e3d39331376fd5_full.jpg"}, "point": 1639}, {"user": {"uid": 235, "userid": 203, "name": "Kubixx \u30c4", "avatar": "https://avatars.steamstatic.com/97caee00eb9e2fd9f78eaf034b7f9f4d2fd9210d_full.jpg"}, "point": 1633}, {"user": {"uid": 207, "userid": 182, "name": "j.kempa09", "avatar": "https://avatars.steamstatic.com/fef49e7fa7e1997310d705b2a6158ff8dc1cdfeb_full.jpg"}, "point": 1562}, {"user": {"uid": 232, "userid": 199, "name": "TrainOmsiTV", "avatar": "https://avatars.steamstatic.com/70f516be65073580cfa05c72ba88f67de21f7244_full.jpg"}, "point": 1558}, {"user": {"uid": 115, "userid": 100, "name": "MMBrothers5052", "avatar": "https://avatars.steamstatic.com/a0eaa7260148b199438bda0677a21cc341e4b51c_full.jpg"}, "point": 1509}, {"user": {"uid": 45, "userid": 36, "name": "Der Sachse", "avatar": "https://static.truckersmp.com/avatarsN/3203811.1663180346.gif"}, "point": 1485}, {"user": {"uid": 213, "userid": 187, "name": "[GER] Veteranofdeath", "avatar": "https://avatars.steamstatic.com/151feb581ad7cfedc7a99c7b71450151e7b17f32_full.jpg"}, "point": 1396}, {"user": {"uid": 117, "userid": 102, "name": "LilMiiP :)", "avatar": "https://avatars.steamstatic.com/5f49c38ec606469b6ecae76ea46b312b9fccb77c_full.jpg"}, "point": 1281}, {"user": {"uid": 42, "userid": 45, "name": "xSimogg", "avatar": "https://avatars.steamstatic.com/f0e116a40ac026c80897f3568a6f6b0fd150a4cc_full.jpg"}, "point": 1147}, {"user": {"uid": 137, "userid": 122, "name": "Ollknoll", "avatar": "https://avatars.steamstatic.com/940454d3f8b8075ab35bd2a555be3b529fd8c29f_full.jpg"}, "point": 1093}, {"user": {"uid": 30, "userid": 52, "name": "Marlboro Gold", "avatar": "https://avatars.steamstatic.com/a04fb35aae2d932a8d6fe3d9a9663ab1c39cacea_full.jpg"}, "point": 1062}, {"user": {"uid": 23, "userid": 16, "name": "Darea", "avatar": "https://avatars.steamstatic.com/1c0cb0d9a2a2ad10690718ef6e7ab599426cee06_full.jpg"}, "point": 1056}, {"user": {"uid": 175, "userid": 156, "name": "Hennes", "avatar": "https://avatars.steamstatic.com/95d8f1c00bbdc43e289e494f3dad027a6f930ac4_full.jpg"}, "point": 1043}, {"user": {"uid": 96, "userid": 87, "name": "Nini", "avatar": "https://avatars.steamstatic.com/aa373bb0f4b76fa782a993a554227d3fc6239bc5_full.jpg"}, "point": 1036}, {"user": {"uid": 230, "userid": 201, "name": "DavidRad", "avatar": "https://avatars.steamstatic.com/a573dc6845f12dde449a1e9ab7ef991c12229e28_full.jpg"}, "point": 972}, {"user": {"uid": 4, "userid": 4, "name": "BadLight", "avatar": "https://avatars.steamstatic.com/602988b158f277092346e5efdce01ca3b8af9008_full.jpg"}, "point": 943}, {"user": {"uid": 221, "userid": 191, "name": "Jason27", "avatar": "https://avatars.steamstatic.com/bc6a6ab016bde9b023161edb8a32ac34bd84112d_full.jpg"}, "point": 917}, {"user": {"uid": 112, "userid": 97, "name": "Marko", "avatar": "https://avatars.steamstatic.com/fef49e7fa7e1997310d705b2a6158ff8dc1cdfeb_full.jpg"}, "point": 906}, {"user": {"uid": 48, "userid": 44, "name": "DeeBee", "avatar": "https://avatars.steamstatic.com/dce158ba0978775e46796f95ac009ded8d52693f_full.jpg"}, "point": 777}, {"user": {"uid": 111, "userid": 96, "name": "Paskal97", "avatar": "https://avatars.steamstatic.com/9475263bcb19b71603be31c2d94088614482e784_full.jpg"}, "point": 683}, {"user": {"uid": 128, "userid": 113, "name": "wurmi_", "avatar": "https://avatars.steamstatic.com/2ee8125baec6a10f56f48e04592389f667d1b82c_full.jpg"}, "point": 637}, {"user": {"uid": 116, "userid": 101, "name": "Qiopoto", "avatar": "https://avatars.steamstatic.com/b81d548442ebcbaef1258431da08bd7d985fdc08_full.jpg"}, "point": 618}, {"user": {"uid": 154, "userid": 139, "name": "diedubblebres", "avatar": "https://avatars.steamstatic.com/708b6fa271f19f23714dc247683d820bad1aa579_full.jpg"}, "point": 576}, {"user": {"uid": 46, "userid": 37, "name": "GiiForce", "avatar": "https://avatars.steamstatic.com/345c6ba953d6a7e56e2df6f319cbee50a72bf91d_full.jpg"}, "point": 574}, {"user": {"uid": 2, "userid": 2, "name": "[RSL] Ghost", "avatar": "https://cdn.discordapp.com/avatars/673509646996209676/a_7feeb1df41d09e7ca4d7d962e4c56933.gif"}, "point": 573}, {"user": {"uid": 217, "userid": 189, "name": "ikik-kc", "avatar": "https://avatars.steamstatic.com/fef49e7fa7e1997310d705b2a6158ff8dc1cdfeb_full.jpg"}, "point": 552}, {"user": {"uid": 160, "userid": 143, "name": "D4t", "avatar": "https://avatars.steamstatic.com/eaacbbf3f597bc70d6d767b555ffdf5e9fb8e942_full.jpg"}, "point": 547}, {"user": {"uid": 26, "userid": 33, "name": "[RSL] Mambo", "avatar": "https://cdn.discordapp.com/avatars/768651199607734294/a_ee77029fae0aa73c1dacc5bae7a62aac.gif"}, "point": 447}, {"user": {"uid": 237, "userid": 205, "name": "Maaarius", "avatar": "https://cdn.discordapp.com/avatars/430448490766663692/785589beb79befe4a30c031150fd8041.png"}, "point": 340}, {"user": {"uid": 61, "userid": 54, "name": "Marcel.3101", "avatar": "https://avatars.steamstatic.com/cbfb3b9dd23d1713d1630789bf8ace321f82a154_full.jpg"}, "point": 338}, {"user": {"uid": 199, "userid": 179, "name": "Marv", "avatar": "https://cdn.discordapp.com/avatars/491269024970440704/286a9b0e6df880695d71c4fb52f886c4.png"}, "point": 290}, {"user": {"uid": 134, "userid": 119, "name": "El\u017cbieta Bosak", "avatar": "https://avatars.steamstatic.com/98436fc3a8347140c40b9ae01f75711dfd650102_full.jpg"}, "point": 289}, {"user": {"uid": 132, "userid": 117, "name": "!Pinocchio", "avatar": "https://avatars.steamstatic.com/ad6d05f99b19d6a006f36db6008f93a6b4d5fe3a_full.jpg"}, "point": 238}, {"user": {"uid": 62, "userid": 55, "name": "Uhtred Ragnarson", "avatar": "https://avatars.steamstatic.com/5ac96193edf39f0e7071bf69bf710db4a2352465_full.jpg"}, "point": 165}, {"user": {"uid": 83, "userid": 76, "name": "BobbyLeeJones", "avatar": "https://avatars.steamstatic.com/fef49e7fa7e1997310d705b2a6158ff8dc1cdfeb_full.jpg"}, "point": 149}, {"user": {"uid": 81, "userid": 72, "name": "Wolfssturm1", "avatar": "https://avatars.steamstatic.com/360236e555049f204b12d3a8685a3b9b9764ebfe_full.jpg"}, "point": 126}, {"user": {"uid": 36, "userid": 29, "name": "Mischgu", "avatar": "https://avatars.steamstatic.com/31e5e7937cd647045663fb911d14975423f3a425_full.jpg"}, "point": 119}, {"user": {"uid": 151, "userid": 136, "name": "rosiilein", "avatar": "https://avatars.steamstatic.com/fef49e7fa7e1997310d705b2a6158ff8dc1cdfeb_full.jpg"}, "point": 90}, {"user": {"uid": 167, "userid": 150, "name": "JaPaMoe", "avatar": "https://avatars.steamstatic.com/c7c051daec1b48bfe55b531f6dba3a456de32c96_full.jpg"}, "point": 20}, {"user": {"uid": 187, "userid": 166, "name": "JF 112", "avatar": "https://avatars.steamstatic.com/9338cf14e4e649d883667878f97b756cf1eca742_full.jpg"}, "point": 3}, {"user": {"uid": 239, "userid": 206, "name": "Charlotte", "avatar": "https://avatars.steamstatic.com/a0cdac9566545848ca7a113a63e9603bd210d82e_full.jpg"}, "point": 2}, {"user": {"uid": 121, "userid": 107, "name": "Stoffel", "avatar": "https://avatars.steamstatic.com/f5a053006888d02d791fed0f3b467b0f22a72b75_full.jpg"}, "point": 0}, {"user": {"uid": 155, "userid": 140, "name": "\u1d05\u1d00\u1d20\u1d05\u1d00\u1d1b\u026a\u1d20\u1d07", "avatar": "https://cdn.discordapp.com/avatars/933050296811290684/03bed74c2e0b9e7f5b9e142eb6d4c152.png"}, "point": 0}]}