{"fmd": [{"user": {"uid": 30, "userid": 24, "name": "User_2636041", "avatar": "https://static.truckersmp.com/avatarsN/2636041.1713489251.png"}, "point": 47135}, {"user": {"uid": 48, "userid": 46, "name": "TommyNL", "avatar": "https://avatars.steamstatic.com/566ece5c0f63be2634d91a038b57b1e369f28983_full.jpg"}, "point": 44030}, {"user": {"uid": 62, "userid": 61, "name": "Thomas.", "avatar": "https://cdn.discordapp.com/avatars/1000353949620117514/b42831995cac9fc332f49722a7656a19.png"}, "point": 43394}, {"user": {"uid": 75, "userid": 73, "name": "B\u03b1nks", "avatar": "https://static.truckersmp.com/avatarsN/3536412.1716652589.png"}, "point": 37009}, {"user": {"uid": 14, "userid": 11, "name": "L O R E N Z", "avatar": "https://static.truckersmp.com/avatarsN/4486749.1715514352.png"}, "point": 34817}, {"user": {"uid": 52, "userid": 50, "name": "spanchikus", "avatar": "https://cdn.discordapp.com/avatars/693884881419108432/2e5d58f8fe552e4d7cd49f3f1350966e.png"}, "point": 32709}, {"user": {"uid": 34, "userid": 26, "name": "WiLczuR77", "avatar": "https://cdn.discordapp.com/avatars/786282772255211560/805e88c750ff03f556cc99fdbb7902a4.png"}, "point": 31590}, {"user": {"uid": 38, "userid": 34, "name": "BGwarrior_49", "avatar": "https://cdn.discordapp.com/avatars/588444287843172363/2ed83c8492581aa1c2555ecaa5180e82.png"}, "point": 28084}, {"user": {"uid": 28, "userid": 27, "name": "reissverschlussverfahren", "avatar": "https://avatars.steamstatic.com/7b74c751b8e0bb519b02aa069a2d74d24c2356ae_full.jpg"}, "point": 27244}, {"user": {"uid": 53, "userid": 62, "name": "Black_Dragon33", "avatar": "https://avatars.steamstatic.com/7a98d429d9fb61bb6065773f2005fce7257463a8_full.jpg"}, "point": 27137}, {"user": {"uid": 37, "userid": 33, "name": "TTDTheo", "avatar": "https://cdn.discordapp.com/avatars/1145683091176833114/b5db924ff0fe5de313fb1f3d6c2526cd.png"}, "point": 24122}, {"user": {"uid": 24, "userid": 23, "name": "Gnurken", "avatar": "https://static.truckersmp.com/avatarsN/1166949.1704562524.png"}, "point": 22004}, {"user": {"uid": 12, "userid": 15, "name": "h\u03b1ll\u0454luj\u03b1h", "avatar": "https://cdn.discordapp.com/avatars/489787824397352970/31db3cd9b4e9374d6965e0cbe8f2ebe9.png"}, "point": 18860}, {"user": {"uid": 43, "userid": 39, "name": "ItsRedex", "avatar": "https://avatars.steamstatic.com/88264dee979a39c8e698b5e8c4e6ef33758a26b1_full.jpg"}, "point": 18435}, {"user": {"uid": 19, "userid": 17, "name": "Marcos", "avatar": "https://avatars.steamstatic.com/752eb38c3b0bc6f74708ec2c3d44d00bda41edde_full.jpg"}, "point": 18342}, {"user": {"uid": 3, "userid": 3, "name": "Exotic", "avatar": "https://cdn.discordapp.com/avatars/700374237877239900/e2103021f2b906c8b815549798e095e1.png"}, "point": 17768}, {"user": {"uid": 23, "userid": 22, "name": "Martijn", "avatar": "https://cdn.discordapp.com/avatars/153514855280803840/a_55db952b0b6b1ab551cc2fe7fe823cec.gif"}, "point": 17248}, {"user": {"uid": 104, "userid": 99, "name": "EMP_Orlygur", "avatar": "https://cdn.discordapp.com/avatars/652200559448686602/5da9b900d1b4736a82edfdecb0921f0d.png"}, "point": 17130}, {"user": {"uid": 54, "userid": 53, "name": "nikosenos", "avatar": "https://cdn.discordapp.com/avatars/385849670578077709/89afaee0019e2114289578582d6e7773.png"}, "point": 16764}, {"user": {"uid": 106, "userid": 100, "name": "Mrkrisp", "avatar": "https://avatars.steamstatic.com/da1ac25305264db6b5248d68f8b6612f070ab9ed_full.jpg"}, "point": 15098}, {"user": {"uid": 86, "userid": 84, "name": "\u043c\u03c3\u03c1\u03c1\u0443_\u0442\u043c\u03c1", "avatar": "https://static.truckersmp.com/avatarsN/3916396.1690030869.png"}, "point": 14457}, {"user": {"uid": 94, "userid": 91, "name": "J A N N E S", "avatar": "https://cdn.discordapp.com/avatars/1123967274680856697/caf131b96d413aa3f8d2341a14399f3b.png"}, "point": 14451}, {"user": {"uid": 97, "userid": 93, "name": "NIKLAS(GER)", "avatar": "https://cdn.discordapp.com/avatars/1056647833937256468/7a72e642bd21663baa3294199578cffc.png"}, "point": 13995}, {"user": {"uid": 47, "userid": 44, "name": "FilleeSWE", "avatar": "https://cdn.discordapp.com/avatars/457245258325950494/cbbc432d0792314c51aa7e41d5c5f1eb.png"}, "point": 13244}, {"user": {"uid": 87, "userid": 85, "name": "ExtaZzZ", "avatar": "https://cdn.discordapp.com/avatars/433657630364532737/f747bb2e4dd39bef2a6dd4ce6fc711db.png"}, "point": 12822}, {"user": {"uid": 16, "userid": 13, "name": "chad vectron", "avatar": "https://cdn.discordapp.com/avatars/657613617906057247/81f8851d92f3ac1f80da82575197921f.png"}, "point": 12500}, {"user": {"uid": 39, "userid": 36, "name": "' Jonas.", "avatar": "https://static.truckersmp.com/avatarsN/defaultavatar.png"}, "point": 12467}, {"user": {"uid": 70, "userid": 68, "name": "o\u03b5rrty", "avatar": "https://avatars.steamstatic.com/25300570391d4c1d8604cacae35443fc07a51c9d_full.jpg"}, "point": 11886}, {"user": {"uid": 15, "userid": 12, "name": "Lorenzo br", "avatar": "https://cdn.discordapp.com/avatars/635968015371862082/8ca41d930d87fb4266f4c1666828d3f3.png"}, "point": 11771}, {"user": {"uid": 102, "userid": 97, "name": "\u03b1\u0443\u0443\u0443\u0455\u03c3", "avatar": "https://static.truckersmp.com/avatarsN/5298691.1715900183.png"}, "point": 11541}, {"user": {"uid": 50, "userid": 48, "name": "Strandhult/JackJax", "avatar": "https://cdn.discordapp.com/avatars/422386875597062145/5388b933f0bc01057ab8ae9086dcdd63.png"}, "point": 11294}, {"user": {"uid": 74, "userid": 78, "name": "callum", "avatar": ""}, "point": 11019}, {"user": {"uid": 98, "userid": 94, "name": "\u2115\ud835\udd60\ud835\udd52\ud835\udd59\ud835\udd4b", "avatar": "https://cdn.discordapp.com/avatars/274290854049611776/0e2702edbd4e1083270d25cdee39014a.png"}, "point": 10286}, {"user": {"uid": 64, "userid": 63, "name": "Legacy", "avatar": "https://cdn.discordapp.com/avatars/306808975620440064/0522be58e18dbdf6b47398dddf828943.png"}, "point": 10078}, {"user": {"uid": 113, "userid": 105, "name": "Lz_TMP [UK]", "avatar": "https://cdn.discordapp.com/avatars/523427833159221249/e393473e2f079f4bdf69b75d20b051b4.png"}, "point": 9900}, {"user": {"uid": 93, "userid": 90, "name": "/:\\Matty_00 TMP/:\\", "avatar": "https://cdn.discordapp.com/avatars/966721841068666940/81aedf3e29d962b479f0f35b5d4caa87.png"}, "point": 9427}, {"user": {"uid": 1, "userid": 1, "name": "RageDev", "avatar": "https://cdn.discordapp.com/avatars/461836521335685120/dda93fcefdcfe9188fdda0adc2a5b012.png"}, "point": 8519}, {"user": {"uid": 72, "userid": 71, "name": "MexicanRolex", "avatar": "https://avatars.steamstatic.com/ebf693345528eedeba24efca9cde46658e5dbf3e_full.jpg"}, "point": 7862}, {"user": {"uid": 13, "userid": 9, "name": "n i x a", "avatar": "https://cdn.discordapp.com/avatars/939242048131842149/0c09f59a1fc40944c84193ca10b31063.png"}, "point": 6990}, {"user": {"uid": 55, "userid": 51, "name": "TenStepik_CZ", "avatar": "https://cdn.discordapp.com/avatars/623189470556061706/ec52db3255e72929d85bb705a7d599b6.png"}, "point": 6812}, {"user": {"uid": 81, "userid": 77, "name": "Mr.Scottish", "avatar": "https://cdn.discordapp.com/avatars/797519024707600384/65cfe00c851aa9d7219c1b45d1862ffe.png"}, "point": 6574}, {"user": {"uid": 68, "userid": 67, "name": "dutchies'", "avatar": "https://avatars.steamstatic.com/4b25591de1fed85f440ddc2c13d529ee4a76e7bb_full.jpg"}, "point": 6167}, {"user": {"uid": 92, "userid": 89, "name": "ThePepsiCat", "avatar": "https://static.truckersmp.com/avatarsN/4071303.1715976178.png"}, "point": 6121}, {"user": {"uid": 49, "userid": 47, "name": "90s_s", "avatar": "https://avatars.steamstatic.com/4a0e9b42f2229b905fb58255d76001d0f262d117_full.jpg"}, "point": 6120}, {"user": {"uid": 71, "userid": 70, "name": "-imag3", "avatar": "https://avatars.steamstatic.com/f7218ab2ca998d360f7c89cb32587a99f729344b_full.jpg"}, "point": 5873}, {"user": {"uid": 59, "userid": 60, "name": "LOA | \u043a\u03c3\u0455\u0455\u0432\u03c3\u043d\u044f\u0454\u044f", "avatar": "https://cdn.discordapp.com/avatars/762001263260073996/015ca8b5e55d9f44080d3c411b5eb436.png"}, "point": 5771}, {"user": {"uid": 85, "userid": 83, "name": "SzoferDavid", "avatar": "https://avatars.steamstatic.com/058afec257679c5da35b9f830aa73358028a110a_full.jpg"}, "point": 5371}, {"user": {"uid": 56, "userid": 52, "name": ".Ryota.", "avatar": "https://avatars.steamstatic.com/a0c168a0dddc6c5b0e40ca852e6c440d9f4129cf_full.jpg"}, "point": 4942}, {"user": {"uid": 103, "userid": 98, "name": "JET2471_TMP", "avatar": "https://cdn.discordapp.com/avatars/651436659857948682/3e1d883a3e6287635bcfdd16d6b8dc19.png"}, "point": 4415}, {"user": {"uid": 41, "userid": 45, "name": "Lukas", "avatar": "https://cdn.discordapp.com/avatars/936740740518776873/9cc8fe6180dfdd124a773b4483c298b5.png"}, "point": 4292}, {"user": {"uid": 84, "userid": 82, "name": "! \ud835\udc6e\ud835\udc86\ud835\udc8f0\ud835\udc98\ud835\udc98 \ud83c\udf0a", "avatar": "https://cdn.discordapp.com/avatars/827503076797186060/734173d4aed3b382c070c60045e3fac7.png"}, "point": 4022}, {"user": {"uid": 61, "userid": 57, "name": "[ff0000]Finley24", "avatar": "https://avatars.steamstatic.com/599373ab2992ec4433027c72c173e102109a3aff_full.jpg"}, "point": 3996}, {"user": {"uid": 66, "userid": 66, "name": "Malte", "avatar": "https://cdn.discordapp.com/avatars/919274731662897233/bbd677145e6a56949be1630fe335e6fe.png"}, "point": 3751}, {"user": {"uid": 45, "userid": 43, "name": "idk.philipp", "avatar": "https://static.truckersmp.com/avatarsN/4018160.1671645702.png"}, "point": 3441}, {"user": {"uid": 111, "userid": 109, "name": "\ud83d\ude80Nico0627\ud83d\ude80", "avatar": "https://cdn.discordapp.com/avatars/491665473679785985/09b8109b801d95536c96a28f382ac5dd.png"}, "point": 3152}, {"user": {"uid": 115, "userid": 107, "name": "Leon", "avatar": "https://avatars.steamstatic.com/7ee62c29d262d3d53924b657ed6cd8583509d4ab_full.jpg"}, "point": 2851}, {"user": {"uid": 63, "userid": 59, "name": "Tycho Twist\u2122", "avatar": "https://cdn.discordapp.com/avatars/480420295862255618/b217275d8ede30eacd56d0b6e9cc46ab.png"}, "point": 2790}, {"user": {"uid": 8, "userid": 6, "name": "\ud835\udc12kyH\u03b5ad\u03b5\u044f", "avatar": "https://cdn.discordapp.com/avatars/368478030504525825/0e043adf10e519ea7205a27fc0f2bf23.png"}, "point": 2766}, {"user": {"uid": 31, "userid": 25, "name": "itzadel", "avatar": "https://avatars.steamstatic.com/aca3c56c6009b259e00d373e14bf616065f6de3c_full.jpg"}, "point": 2626}, {"user": {"uid": 58, "userid": 58, "name": "yoro", "avatar": "https://cdn.discordapp.com/avatars/294435902447550464/e402845af66680c7f9285e8fecd5e47b.png"}, "point": 2078}, {"user": {"uid": 110, "userid": 104, "name": "Josh", "avatar": "https://cdn.discordapp.com/avatars/707708504458264607/33233d1ff0f503e76a6bff30ea1afc15.png"}, "point": 1955}, {"user": {"uid": 101, "userid": 96, "name": "maddydawnn", "avatar": "https://avatars.steamstatic.com/cb950d079dbda00801b96b6281a2752605514acc_full.jpg"}, "point": 1700}, {"user": {"uid": 51, "userid": 49, "name": "\ud83d\udea8\u2026AyamE\u2026\ud83d\udea8", "avatar": "https://cdn.discordapp.com/avatars/427077189146640384/ba91aa4f3e7d52221b7ab2f69adc41ed.png"}, "point": 1498}, {"user": {"uid": 20, "userid": 18, "name": "qqzl", "avatar": "https://avatars.steamstatic.com/ffa40ac5080173f294017f44285ec73fdd67054e_full.jpg"}, "point": 1053}, {"user": {"uid": 57, "userid": 55, "name": "Skyzees", "avatar": "https://avatars.steamstatic.com/35f2458727fbc2f433c713925324455b2dff6656_full.jpg"}, "point": 993}, {"user": {"uid": 109, "userid": 103, "name": "Hope", "avatar": "https://cdn.discordapp.com/avatars/730142732139626567/e91f787f0711caad38de503daf6ce52d.png"}, "point": 735}, {"user": {"uid": 83, "userid": 80, "name": "Wiskonsin", "avatar": "https://avatars.steamstatic.com/9bd1ee26613296ed1461f77c994aba877dd3db0b_full.jpg"}, "point": 725}, {"user": {"uid": 9, "userid": 28, "name": "[FR] [Solve] L\u00e9o_55ZZ", "avatar": "https://avatars.steamstatic.com/356b6fa9ec7a6d6bce2fdbf5a87360de441f5f8b_full.jpg"}, "point": 315}, {"user": {"uid": 18, "userid": 16, "name": "\ud835\ude3f\ud835\ude5e\ud835\ude68\ud835\ude58\ud835\ude64 \ud835\ude4e\ud835\ude69\ud835\ude6a", "avatar": "https://cdn.discordapp.com/avatars/767765813797060611/ac21f048f12e41496ab04e023cb027d8.png"}, "point": 251}, {"user": {"uid": 95, "userid": 92, "name": "MegMyers", "avatar": "https://cdn.discordapp.com/avatars/792017895445626910/b9f66ed76633e1ad58480cc18a443bd0.png"}, "point": 214}], "fma": [{"user": {"uid": 42, "userid": 38, "name": "Swift", "avatar": "https://cdn.discordapp.com/avatars/633793745040441374/48903a67b93f395922e572446f995268.png"}, "point": 150200}, {"user": {"uid": 62, "userid": 61, "name": "Thomas.", "avatar": "https://cdn.discordapp.com/avatars/1000353949620117514/b42831995cac9fc332f49722a7656a19.png"}, "point": 135302}, {"user": {"uid": 75, "userid": 73, "name": "B\u03b1nks", "avatar": "https://static.truckersmp.com/avatarsN/3536412.1716652589.png"}, "point": 125561}, {"user": {"uid": 48, "userid": 46, "name": "TommyNL", "avatar": "https://avatars.steamstatic.com/566ece5c0f63be2634d91a038b57b1e369f28983_full.jpg"}, "point": 111130}, {"user": {"uid": 85, "userid": 83, "name": "SzoferDavid", "avatar": "https://avatars.steamstatic.com/058afec257679c5da35b9f830aa73358028a110a_full.jpg"}, "point": 55871}, {"user": {"uid": 30, "userid": 24, "name": "User_2636041", "avatar": "https://static.truckersmp.com/avatarsN/2636041.1713489251.png"}, "point": 47135}, {"user": {"uid": 14, "userid": 11, "name": "L O R E N Z", "avatar": "https://static.truckersmp.com/avatarsN/4486749.1715514352.png"}, "point": 34817}, {"user": {"uid": 52, "userid": 50, "name": "spanchikus", "avatar": "https://cdn.discordapp.com/avatars/693884881419108432/2e5d58f8fe552e4d7cd49f3f1350966e.png"}, "point": 33209}, {"user": {"uid": 34, "userid": 26, "name": "WiLczuR77", "avatar": "https://cdn.discordapp.com/avatars/786282772255211560/805e88c750ff03f556cc99fdbb7902a4.png"}, "point": 31590}, {"user": {"uid": 28, "userid": 27, "name": "reissverschlussverfahren", "avatar": "https://avatars.steamstatic.com/7b74c751b8e0bb519b02aa069a2d74d24c2356ae_full.jpg"}, "point": 29244}, {"user": {"uid": 53, "userid": 62, "name": "Black_Dragon33", "avatar": "https://avatars.steamstatic.com/7a98d429d9fb61bb6065773f2005fce7257463a8_full.jpg"}, "point": 29237}, {"user": {"uid": 54, "userid": 53, "name": "nikosenos", "avatar": "https://cdn.discordapp.com/avatars/385849670578077709/89afaee0019e2114289578582d6e7773.png"}, "point": 28786}, {"user": {"uid": 38, "userid": 34, "name": "BGwarrior_49", "avatar": "https://cdn.discordapp.com/avatars/588444287843172363/2ed83c8492581aa1c2555ecaa5180e82.png"}, "point": 28284}, {"user": {"uid": 37, "userid": 33, "name": "TTDTheo", "avatar": "https://cdn.discordapp.com/avatars/1145683091176833114/b5db924ff0fe5de313fb1f3d6c2526cd.png"}, "point": 24622}, {"user": {"uid": 24, "userid": 23, "name": "Gnurken", "avatar": "https://static.truckersmp.com/avatarsN/1166949.1704562524.png"}, "point": 22504}, {"user": {"uid": 12, "userid": 15, "name": "h\u03b1ll\u0454luj\u03b1h", "avatar": "https://cdn.discordapp.com/avatars/489787824397352970/31db3cd9b4e9374d6965e0cbe8f2ebe9.png"}, "point": 19360}, {"user": {"uid": 43, "userid": 39, "name": "ItsRedex", "avatar": "https://avatars.steamstatic.com/88264dee979a39c8e698b5e8c4e6ef33758a26b1_full.jpg"}, "point": 18935}, {"user": {"uid": 3, "userid": 3, "name": "Exotic", "avatar": "https://cdn.discordapp.com/avatars/700374237877239900/e2103021f2b906c8b815549798e095e1.png"}, "point": 18768}, {"user": {"uid": 19, "userid": 17, "name": "Marcos", "avatar": "https://avatars.steamstatic.com/752eb38c3b0bc6f74708ec2c3d44d00bda41edde_full.jpg"}, "point": 18342}, {"user": {"uid": 23, "userid": 22, "name": "Martijn", "avatar": "https://cdn.discordapp.com/avatars/153514855280803840/a_55db952b0b6b1ab551cc2fe7fe823cec.gif"}, "point": 17248}, {"user": {"uid": 104, "userid": 99, "name": "EMP_Orlygur", "avatar": "https://cdn.discordapp.com/avatars/652200559448686602/5da9b900d1b4736a82edfdecb0921f0d.png"}, "point": 17130}, {"user": {"uid": 106, "userid": 100, "name": "Mrkrisp", "avatar": "https://avatars.steamstatic.com/da1ac25305264db6b5248d68f8b6612f070ab9ed_full.jpg"}, "point": 15098}, {"user": {"uid": 86, "userid": 84, "name": "\u043c\u03c3\u03c1\u03c1\u0443_\u0442\u043c\u03c1", "avatar": "https://static.truckersmp.com/avatarsN/3916396.1690030869.png"}, "point": 14457}, {"user": {"uid": 94, "userid": 91, "name": "J A N N E S", "avatar": "https://cdn.discordapp.com/avatars/1123967274680856697/caf131b96d413aa3f8d2341a14399f3b.png"}, "point": 14451}, {"user": {"uid": 63, "userid": 59, "name": "Tycho Twist\u2122", "avatar": "https://cdn.discordapp.com/avatars/480420295862255618/b217275d8ede30eacd56d0b6e9cc46ab.png"}, "point": 14302}, {"user": {"uid": 97, "userid": 93, "name": "NIKLAS(GER)", "avatar": "https://cdn.discordapp.com/avatars/1056647833937256468/7a72e642bd21663baa3294199578cffc.png"}, "point": 13995}, {"user": {"uid": 47, "userid": 44, "name": "FilleeSWE", "avatar": "https://cdn.discordapp.com/avatars/457245258325950494/cbbc432d0792314c51aa7e41d5c5f1eb.png"}, "point": 13744}, {"user": {"uid": 39, "userid": 36, "name": "' Jonas.", "avatar": "https://static.truckersmp.com/avatarsN/defaultavatar.png"}, "point": 13067}, {"user": {"uid": 87, "userid": 85, "name": "ExtaZzZ", "avatar": "https://cdn.discordapp.com/avatars/433657630364532737/f747bb2e4dd39bef2a6dd4ce6fc711db.png"}, "point": 12822}, {"user": {"uid": 16, "userid": 13, "name": "chad vectron", "avatar": "https://cdn.discordapp.com/avatars/657613617906057247/81f8851d92f3ac1f80da82575197921f.png"}, "point": 12500}, {"user": {"uid": 70, "userid": 68, "name": "o\u03b5rrty", "avatar": "https://avatars.steamstatic.com/25300570391d4c1d8604cacae35443fc07a51c9d_full.jpg"}, "point": 11886}, {"user": {"uid": 15, "userid": 12, "name": "Lorenzo br", "avatar": "https://cdn.discordapp.com/avatars/635968015371862082/8ca41d930d87fb4266f4c1666828d3f3.png"}, "point": 11771}, {"user": {"uid": 102, "userid": 97, "name": "\u03b1\u0443\u0443\u0443\u0455\u03c3", "avatar": "https://static.truckersmp.com/avatarsN/5298691.1715900183.png"}, "point": 11541}, {"user": {"uid": 1, "userid": 1, "name": "RageDev", "avatar": "https://cdn.discordapp.com/avatars/461836521335685120/dda93fcefdcfe9188fdda0adc2a5b012.png"}, "point": 11319}, {"user": {"uid": 50, "userid": 48, "name": "Strandhult/JackJax", "avatar": "https://cdn.discordapp.com/avatars/422386875597062145/5388b933f0bc01057ab8ae9086dcdd63.png"}, "point": 11294}, {"user": {"uid": 74, "userid": 78, "name": "callum", "avatar": ""}, "point": 11019}, {"user": {"uid": 98, "userid": 94, "name": "\u2115\ud835\udd60\ud835\udd52\ud835\udd59\ud835\udd4b", "avatar": "https://cdn.discordapp.com/avatars/274290854049611776/0e2702edbd4e1083270d25cdee39014a.png"}, "point": 10286}, {"user": {"uid": 64, "userid": 63, "name": "Legacy", "avatar": "https://cdn.discordapp.com/avatars/306808975620440064/0522be58e18dbdf6b47398dddf828943.png"}, "point": 10078}, {"user": {"uid": 113, "userid": 105, "name": "Lz_TMP [UK]", "avatar": "https://cdn.discordapp.com/avatars/523427833159221249/e393473e2f079f4bdf69b75d20b051b4.png"}, "point": 9900}, {"user": {"uid": 93, "userid": 90, "name": "/:\\Matty_00 TMP/:\\", "avatar": "https://cdn.discordapp.com/avatars/966721841068666940/81aedf3e29d962b479f0f35b5d4caa87.png"}, "point": 9427}, {"user": {"uid": 46, "userid": 42, "name": "'ZEUS", "avatar": "https://avatars.steamstatic.com/ee5e7250f27ef852ba6efd56dae8d4a224741c0f_full.jpg"}, "point": 7978}, {"user": {"uid": 72, "userid": 71, "name": "MexicanRolex", "avatar": "https://avatars.steamstatic.com/ebf693345528eedeba24efca9cde46658e5dbf3e_full.jpg"}, "point": 7862}, {"user": {"uid": 13, "userid": 9, "name": "n i x a", "avatar": "https://cdn.discordapp.com/avatars/939242048131842149/0c09f59a1fc40944c84193ca10b31063.png"}, "point": 6990}, {"user": {"uid": 55, "userid": 51, "name": "TenStepik_CZ", "avatar": "https://cdn.discordapp.com/avatars/623189470556061706/ec52db3255e72929d85bb705a7d599b6.png"}, "point": 6812}, {"user": {"uid": 81, "userid": 77, "name": "Mr.Scottish", "avatar": "https://cdn.discordapp.com/avatars/797519024707600384/65cfe00c851aa9d7219c1b45d1862ffe.png"}, "point": 6574}, {"user": {"uid": 68, "userid": 67, "name": "dutchies'", "avatar": "https://avatars.steamstatic.com/4b25591de1fed85f440ddc2c13d529ee4a76e7bb_full.jpg"}, "point": 6167}, {"user": {"uid": 92, "userid": 89, "name": "ThePepsiCat", "avatar": "https://static.truckersmp.com/avatarsN/4071303.1715976178.png"}, "point": 6121}, {"user": {"uid": 49, "userid": 47, "name": "90s_s", "avatar": "https://avatars.steamstatic.com/4a0e9b42f2229b905fb58255d76001d0f262d117_full.jpg"}, "point": 6120}, {"user": {"uid": 71, "userid": 70, "name": "-imag3", "avatar": "https://avatars.steamstatic.com/f7218ab2ca998d360f7c89cb32587a99f729344b_full.jpg"}, "point": 5873}, {"user": {"uid": 59, "userid": 60, "name": "LOA | \u043a\u03c3\u0455\u0455\u0432\u03c3\u043d\u044f\u0454\u044f", "avatar": "https://cdn.discordapp.com/avatars/762001263260073996/015ca8b5e55d9f44080d3c411b5eb436.png"}, "point": 5771}, {"user": {"uid": 56, "userid": 52, "name": ".Ryota.", "avatar": "https://avatars.steamstatic.com/a0c168a0dddc6c5b0e40ca852e6c440d9f4129cf_full.jpg"}, "point": 4942}, {"user": {"uid": 103, "userid": 98, "name": "JET2471_TMP", "avatar": "https://cdn.discordapp.com/avatars/651436659857948682/3e1d883a3e6287635bcfdd16d6b8dc19.png"}, "point": 4415}, {"user": {"uid": 41, "userid": 45, "name": "Lukas", "avatar": "https://cdn.discordapp.com/avatars/936740740518776873/9cc8fe6180dfdd124a773b4483c298b5.png"}, "point": 4292}, {"user": {"uid": 84, "userid": 82, "name": "! \ud835\udc6e\ud835\udc86\ud835\udc8f0\ud835\udc98\ud835\udc98 \ud83c\udf0a", "avatar": "https://cdn.discordapp.com/avatars/827503076797186060/734173d4aed3b382c070c60045e3fac7.png"}, "point": 4022}, {"user": {"uid": 61, "userid": 57, "name": "[ff0000]Finley24", "avatar": "https://avatars.steamstatic.com/599373ab2992ec4433027c72c173e102109a3aff_full.jpg"}, "point": 3996}, {"user": {"uid": 66, "userid": 66, "name": "Malte", "avatar": "https://cdn.discordapp.com/avatars/919274731662897233/bbd677145e6a56949be1630fe335e6fe.png"}, "point": 3751}, {"user": {"uid": 45, "userid": 43, "name": "idk.philipp", "avatar": "https://static.truckersmp.com/avatarsN/4018160.1671645702.png"}, "point": 3441}, {"user": {"uid": 111, "userid": 109, "name": "\ud83d\ude80Nico0627\ud83d\ude80", "avatar": "https://cdn.discordapp.com/avatars/491665473679785985/09b8109b801d95536c96a28f382ac5dd.png"}, "point": 3152}, {"user": {"uid": 8, "userid": 6, "name": "\ud835\udc12kyH\u03b5ad\u03b5\u044f", "avatar": "https://cdn.discordapp.com/avatars/368478030504525825/0e043adf10e519ea7205a27fc0f2bf23.png"}, "point": 2866}, {"user": {"uid": 115, "userid": 107, "name": "Leon", "avatar": "https://avatars.steamstatic.com/7ee62c29d262d3d53924b657ed6cd8583509d4ab_full.jpg"}, "point": 2851}, {"user": {"uid": 31, "userid": 25, "name": "itzadel", "avatar": "https://avatars.steamstatic.com/aca3c56c6009b259e00d373e14bf616065f6de3c_full.jpg"}, "point": 2626}, {"user": {"uid": 58, "userid": 58, "name": "yoro", "avatar": "https://cdn.discordapp.com/avatars/294435902447550464/e402845af66680c7f9285e8fecd5e47b.png"}, "point": 2078}, {"user": {"uid": 110, "userid": 104, "name": "Josh", "avatar": "https://cdn.discordapp.com/avatars/707708504458264607/33233d1ff0f503e76a6bff30ea1afc15.png"}, "point": 1955}, {"user": {"uid": 101, "userid": 96, "name": "maddydawnn", "avatar": "https://avatars.steamstatic.com/cb950d079dbda00801b96b6281a2752605514acc_full.jpg"}, "point": 1700}, {"user": {"uid": 51, "userid": 49, "name": "\ud83d\udea8\u2026AyamE\u2026\ud83d\udea8", "avatar": "https://cdn.discordapp.com/avatars/427077189146640384/ba91aa4f3e7d52221b7ab2f69adc41ed.png"}, "point": 1498}, {"user": {"uid": 20, "userid": 18, "name": "qqzl", "avatar": "https://avatars.steamstatic.com/ffa40ac5080173f294017f44285ec73fdd67054e_full.jpg"}, "point": 1053}, {"user": {"uid": 44, "userid": 40, "name": "M\u03b9\u2113\u043a\u0455\u043d\u03b1\u043a\u0454", "avatar": "https://cdn.discordapp.com/avatars/688104706781872311/60e828510640b08b57f5a68138ae4f64.png"}, "point": 1000}, {"user": {"uid": 57, "userid": 55, "name": "Skyzees", "avatar": "https://avatars.steamstatic.com/35f2458727fbc2f433c713925324455b2dff6656_full.jpg"}, "point": 993}, {"user": {"uid": 109, "userid": 103, "name": "Hope", "avatar": "https://cdn.discordapp.com/avatars/730142732139626567/e91f787f0711caad38de503daf6ce52d.png"}, "point": 735}, {"user": {"uid": 83, "userid": 80, "name": "Wiskonsin", "avatar": "https://avatars.steamstatic.com/9bd1ee26613296ed1461f77c994aba877dd3db0b_full.jpg"}, "point": 725}, {"user": {"uid": 36, "userid": 41, "name": "\u00b4\ud835\udd6d\ud835\udd9a\ud835\udd99\ud835\udd99\ud835\udd8a\ud835\udd97\ud835\udd87\ud835\udd8e\ud835\udd97\ud835\udd93\ud835\udd8a \u2122", "avatar": "https://cdn.discordapp.com/avatars/739880406580461721/8e3728279de0d66bcc5165935e796c59.png"}, "point": 500}, {"user": {"uid": 9, "userid": 28, "name": "[FR] [Solve] L\u00e9o_55ZZ", "avatar": "https://avatars.steamstatic.com/356b6fa9ec7a6d6bce2fdbf5a87360de441f5f8b_full.jpg"}, "point": 315}, {"user": {"uid": 18, "userid": 16, "name": "\ud835\ude3f\ud835\ude5e\ud835\ude68\ud835\ude58\ud835\ude64 \ud835\ude4e\ud835\ude69\ud835\ude6a", "avatar": "https://cdn.discordapp.com/avatars/767765813797060611/ac21f048f12e41496ab04e023cb027d8.png"}, "point": 251}, {"user": {"uid": 95, "userid": 92, "name": "MegMyers", "avatar": "https://cdn.discordapp.com/avatars/792017895445626910/b9f66ed76633e1ad58480cc18a443bd0.png"}, "point": 214}]}