{"fmd": [{"user": {"uid": 21, "userid": 20, "name": "Howling Rex", "avatar": "https://cdn.discordapp.com/avatars/337293473260634113/a_0f39025b731d0a2a283e3f8b7074ba4b.gif"}, "point": 12091}, {"user": {"uid": 8, "userid": 8, "name": "I Love Chlorine", "avatar": "https://cdn.discordapp.com/avatars/313259967195119618/262ec9e36ebbca8c8fc859e56bb4e0ab.png"}, "point": 2749}, {"user": {"uid": 4, "userid": 4, "name": "Gustavo 126", "avatar": "https://cdn.discordapp.com/avatars/326420487045513217/9f1f7ebabacd7486223fc7338307d68f.png"}, "point": 755}, {"user": {"uid": 29, "userid": 23, "name": "Tyler23", "avatar": "https://cdn.discordapp.com/avatars/376484356820303872/ac68e90848524f7fdba22362300a9b63.png"}, "point": 490}, {"user": {"uid": 18, "userid": 17, "name": "Jamiered", "avatar": "https://cdn.discordapp.com/avatars/1147262697226915871/736b8bad0e21b87c29e53f6259d84554.png"}, "point": 116}], "fma": [{"user": {"uid": 21, "userid": 20, "name": "Howling Rex", "avatar": "https://cdn.discordapp.com/avatars/337293473260634113/a_0f39025b731d0a2a283e3f8b7074ba4b.gif"}, "point": 12196}, {"user": {"uid": 8, "userid": 8, "name": "I Love Chlorine", "avatar": "https://cdn.discordapp.com/avatars/313259967195119618/262ec9e36ebbca8c8fc859e56bb4e0ab.png"}, "point": 2776}, {"user": {"uid": 4, "userid": 4, "name": "Gustavo 126", "avatar": "https://cdn.discordapp.com/avatars/326420487045513217/9f1f7ebabacd7486223fc7338307d68f.png"}, "point": 755}, {"user": {"uid": 29, "userid": 23, "name": "Tyler23", "avatar": "https://cdn.discordapp.com/avatars/376484356820303872/ac68e90848524f7fdba22362300a9b63.png"}, "point": 495}, {"user": {"uid": 18, "userid": 17, "name": "Jamiered", "avatar": "https://cdn.discordapp.com/avatars/1147262697226915871/736b8bad0e21b87c29e53f6259d84554.png"}, "point": 116}]}