{"fmd": [{"user": {"uid": 46, "userid": 37, "name": "WHT Dir HR | MysticalKief", "avatar": "https://cdn.discordapp.com/avatars/498659512081973248/15c947ebb3b550bee883b0c47337c7ac.png"}, "point": 51820}, {"user": {"uid": 69, "userid": 58, "name": "WH | Cougar", "avatar": ""}, "point": 46109}, {"user": {"uid": 56, "userid": 45, "name": "WH | jbica", "avatar": "https://cdn.discordapp.com/avatars/394272398930739212/488d03490a2359e57a3622544f8bbba2.png"}, "point": 40618}, {"user": {"uid": 8, "userid": 6, "name": "WHT Dir Recruiter| Murdernova256", "avatar": "https://cdn.discordapp.com/avatars/549931745584349185/9647aabac5de7bc6ca63f26696871246.png"}, "point": 35074}, {"user": {"uid": 73, "userid": 60, "name": "WH | ONDAROAD2", "avatar": "https://cdn.discordapp.com/avatars/383806148010049557/1962b816d972b64542031cc025361b36.png"}, "point": 28145}, {"user": {"uid": 42, "userid": 35, "name": "WH | Kazuhira", "avatar": "https://cdn.discordapp.com/avatars/225785171977175051/48c9493c48aa2f43ad6a6c4fd44812e1.png"}, "point": 27635}, {"user": {"uid": 1, "userid": 1, "name": "WHT CEO | Chappy1225", "avatar": "https://cdn.discordapp.com/avatars/480244047311667201/b51db2fc9e7e314933519021bee4ae3e.png"}, "point": 26027}, {"user": {"uid": 76, "userid": 62, "name": "WH | KaiDarkmoon", "avatar": "https://cdn.discordapp.com/avatars/315297650641731584/5c864015c3ed86cf32302fb0adac5796.png"}, "point": 22808}, {"user": {"uid": 9, "userid": 7, "name": "WH | TACOMAN", "avatar": "https://cdn.discordapp.com/avatars/935175174700040252/2d6dbed1ba891f242274b7e80e50a9ae.png"}, "point": 20045}, {"user": {"uid": 6, "userid": 4, "name": "WH | xBoss Hogx", "avatar": "https://cdn.discordapp.com/avatars/395641245973741570/1d2f3aa509dfa1d50abcd99dc298bcf2.png"}, "point": 17857}, {"user": {"uid": 77, "userid": 63, "name": "WH | MyztikGecko", "avatar": "https://cdn.discordapp.com/avatars/1242261625449353266/fc9fc26777d5540f7b44a0c805708300.png"}, "point": 15097}, {"user": {"uid": 38, "userid": 31, "name": "WH | chronic gaming", "avatar": "https://cdn.discordapp.com/avatars/670035018197893130/624b6243ea981dd691772d9105160de3.png"}, "point": 11911}, {"user": {"uid": 57, "userid": 46, "name": "WH | Brick", "avatar": "https://cdn.discordapp.com/avatars/190198403420913674/d24dcb5b9b430174de2be0ce99c595e6.png"}, "point": 11352}, {"user": {"uid": 24, "userid": 20, "name": "WH | Trucking Nomad", "avatar": "https://cdn.discordapp.com/avatars/591719957339963402/57759d8fd45c7243b6434bee544c69ea.png"}, "point": 11028}, {"user": {"uid": 7, "userid": 5, "name": "WH | Jacket", "avatar": "https://cdn.discordapp.com/avatars/111638504500408320/880678f246665808c2165f5f693b72cd.png"}, "point": 10564}, {"user": {"uid": 4, "userid": 2, "name": "WH | A1 Canadian", "avatar": "https://cdn.discordapp.com/avatars/212943181858209792/8ae2deba5c05a595e3f4f725cf0a110c.png"}, "point": 8357}, {"user": {"uid": 28, "userid": 24, "name": "WH | Dziada", "avatar": "https://cdn.discordapp.com/avatars/202464597158920192/5a7655808568a1fe03d208c6eddf2d72.png"}, "point": 8337}, {"user": {"uid": 5, "userid": 3, "name": "WH | Dennisthe8th", "avatar": "https://cdn.discordapp.com/avatars/575015095894016014/f82a49a712115c380af8ff8f7fbb32cb.png"}, "point": 8225}, {"user": {"uid": 11, "userid": 9, "name": "WH | Maciek", "avatar": "https://cdn.discordapp.com/avatars/282728597209481216/cc91713475ae575649772cee951992ba.png"}, "point": 7946}, {"user": {"uid": 68, "userid": 57, "name": "WH | ethansick101", "avatar": "https://cdn.discordapp.com/avatars/536776529565319179/07d66746a195f5fc4c5d5de87274e9f2.png"}, "point": 6656}, {"user": {"uid": 18, "userid": 14, "name": "WH | Gamerman", "avatar": "https://cdn.discordapp.com/avatars/573630780778086410/a_674628635bbdee5ef172597209a914dd.gif"}, "point": 6599}, {"user": {"uid": 70, "userid": 59, "name": "WH | luffydelian", "avatar": "https://cdn.discordapp.com/avatars/368966792384872457/1ba6cada00ab23e5423b412610f4952d.png"}, "point": 4010}, {"user": {"uid": 78, "userid": 64, "name": "WHT | sailorsaway07", "avatar": "https://avatars.steamstatic.com/fef49e7fa7e1997310d705b2a6158ff8dc1cdfeb_full.jpg"}, "point": 3662}, {"user": {"uid": 32, "userid": 26, "name": "WH | Chiswick", "avatar": "https://cdn.discordapp.com/avatars/521497748118437890/71010943e064ff3f787cf2964aeca2ea.png"}, "point": 3577}, {"user": {"uid": 63, "userid": 52, "name": "WH | noble", "avatar": ""}, "point": 2539}, {"user": {"uid": 12, "userid": 10, "name": "WH | soulsmasher6666", "avatar": "https://cdn.discordapp.com/avatars/1158045973369593856/b2645d6cde0a401682204bea2d404c0d.png"}, "point": 985}, {"user": {"uid": 67, "userid": 56, "name": "LOA | WH | IzzyBearLove", "avatar": "https://cdn.discordapp.com/avatars/1205856832032346185/97660d566efeadf9f972c2e2b0a4ce73.png"}, "point": 851}, {"user": {"uid": 31, "userid": 25, "name": "WH | Obi", "avatar": "https://cdn.discordapp.com/avatars/385913418781294592/979ad9ca3be1aec90cf55695c9e34f68.png"}, "point": 605}, {"user": {"uid": 79, "userid": 65, "name": "WHT | TACOMAN", "avatar": "https://cdn.discordapp.com/avatars/935175174700040252/2d6dbed1ba891f242274b7e80e50a9ae.png"}, "point": 345}], "fma": [{"user": {"uid": 69, "userid": 58, "name": "WH | Cougar", "avatar": ""}, "point": 58609}, {"user": {"uid": 46, "userid": 37, "name": "WHT Dir HR | MysticalKief", "avatar": "https://cdn.discordapp.com/avatars/498659512081973248/15c947ebb3b550bee883b0c47337c7ac.png"}, "point": 56533}, {"user": {"uid": 56, "userid": 45, "name": "WH | jbica", "avatar": "https://cdn.discordapp.com/avatars/394272398930739212/488d03490a2359e57a3622544f8bbba2.png"}, "point": 47421}, {"user": {"uid": 8, "userid": 6, "name": "WHT Dir Recruiter| Murdernova256", "avatar": "https://cdn.discordapp.com/avatars/549931745584349185/9647aabac5de7bc6ca63f26696871246.png"}, "point": 36257}, {"user": {"uid": 1, "userid": 1, "name": "WHT CEO | Chappy1225", "avatar": "https://cdn.discordapp.com/avatars/480244047311667201/b51db2fc9e7e314933519021bee4ae3e.png"}, "point": 32828}, {"user": {"uid": 42, "userid": 35, "name": "WH | Kazuhira", "avatar": "https://cdn.discordapp.com/avatars/225785171977175051/48c9493c48aa2f43ad6a6c4fd44812e1.png"}, "point": 31685}, {"user": {"uid": 73, "userid": 60, "name": "WH | ONDAROAD2", "avatar": "https://cdn.discordapp.com/avatars/383806148010049557/1962b816d972b64542031cc025361b36.png"}, "point": 28646}, {"user": {"uid": 7, "userid": 5, "name": "WHT FOUNDER Jacket", "avatar": "https://cdn.discordapp.com/avatars/111638504500408320/880678f246665808c2165f5f693b72cd.png"}, "point": 28524}, {"user": {"uid": 76, "userid": 62, "name": "WH | KaiDarkmoon", "avatar": "https://cdn.discordapp.com/avatars/315297650641731584/5c864015c3ed86cf32302fb0adac5796.png"}, "point": 26308}, {"user": {"uid": 5, "userid": 3, "name": "WH | Dennisthe8th", "avatar": "https://cdn.discordapp.com/avatars/575015095894016014/f82a49a712115c380af8ff8f7fbb32cb.png"}, "point": 21639}, {"user": {"uid": 6, "userid": 4, "name": "WH | xBoss Hogx", "avatar": "https://cdn.discordapp.com/avatars/395641245973741570/1d2f3aa509dfa1d50abcd99dc298bcf2.png"}, "point": 20858}, {"user": {"uid": 9, "userid": 7, "name": "WH | TACOMAN", "avatar": "https://cdn.discordapp.com/avatars/935175174700040252/2d6dbed1ba891f242274b7e80e50a9ae.png"}, "point": 20146}, {"user": {"uid": 77, "userid": 63, "name": "WH | MyztikGecko", "avatar": "https://cdn.discordapp.com/avatars/1242261625449353266/fc9fc26777d5540f7b44a0c805708300.png"}, "point": 16597}, {"user": {"uid": 24, "userid": 20, "name": "WH | Trucking Nomad", "avatar": "https://cdn.discordapp.com/avatars/591719957339963402/57759d8fd45c7243b6434bee544c69ea.png"}, "point": 12528}, {"user": {"uid": 38, "userid": 31, "name": "WH | chronic gaming", "avatar": "https://cdn.discordapp.com/avatars/670035018197893130/624b6243ea981dd691772d9105160de3.png"}, "point": 12411}, {"user": {"uid": 57, "userid": 46, "name": "WH | Brick", "avatar": "https://cdn.discordapp.com/avatars/190198403420913674/d24dcb5b9b430174de2be0ce99c595e6.png"}, "point": 11633}, {"user": {"uid": 4, "userid": 2, "name": "WH | A1 Canadian", "avatar": "https://cdn.discordapp.com/avatars/212943181858209792/8ae2deba5c05a595e3f4f725cf0a110c.png"}, "point": 9159}, {"user": {"uid": 11, "userid": 9, "name": "WH | Maciek", "avatar": "https://cdn.discordapp.com/avatars/282728597209481216/cc91713475ae575649772cee951992ba.png"}, "point": 8948}, {"user": {"uid": 28, "userid": 24, "name": "WH | Dziada", "avatar": "https://cdn.discordapp.com/avatars/202464597158920192/5a7655808568a1fe03d208c6eddf2d72.png"}, "point": 8837}, {"user": {"uid": 68, "userid": 57, "name": "WH | ethansick101", "avatar": "https://cdn.discordapp.com/avatars/536776529565319179/07d66746a195f5fc4c5d5de87274e9f2.png"}, "point": 7156}, {"user": {"uid": 18, "userid": 14, "name": "WH | Gamerman", "avatar": "https://cdn.discordapp.com/avatars/573630780778086410/a_674628635bbdee5ef172597209a914dd.gif"}, "point": 7099}, {"user": {"uid": 70, "userid": 59, "name": "WH | luffydelian", "avatar": "https://cdn.discordapp.com/avatars/368966792384872457/1ba6cada00ab23e5423b412610f4952d.png"}, "point": 4511}, {"user": {"uid": 78, "userid": 64, "name": "WHT | sailorsaway07", "avatar": "https://avatars.steamstatic.com/fef49e7fa7e1997310d705b2a6158ff8dc1cdfeb_full.jpg"}, "point": 4162}, {"user": {"uid": 32, "userid": 26, "name": "WH | Chiswick", "avatar": "https://cdn.discordapp.com/avatars/521497748118437890/71010943e064ff3f787cf2964aeca2ea.png"}, "point": 3577}, {"user": {"uid": 63, "userid": 52, "name": "WH | noble", "avatar": ""}, "point": 3039}, {"user": {"uid": 67, "userid": 56, "name": "LOA | WH | IzzyBearLove", "avatar": "https://cdn.discordapp.com/avatars/1205856832032346185/97660d566efeadf9f972c2e2b0a4ce73.png"}, "point": 1033}, {"user": {"uid": 12, "userid": 10, "name": "WH | soulsmasher6666", "avatar": "https://cdn.discordapp.com/avatars/1158045973369593856/b2645d6cde0a401682204bea2d404c0d.png"}, "point": 985}, {"user": {"uid": 31, "userid": 25, "name": "WH | Obi", "avatar": "https://cdn.discordapp.com/avatars/385913418781294592/979ad9ca3be1aec90cf55695c9e34f68.png"}, "point": 605}, {"user": {"uid": 79, "userid": 65, "name": "WHT | TACOMAN", "avatar": "https://cdn.discordapp.com/avatars/935175174700040252/2d6dbed1ba891f242274b7e80e50a9ae.png"}, "point": 345}]}